entity_type,primary_condition,condition_name,target_demographic,definition,symptoms,causes,diagnosis,treatments,complications,outlook,life_expectancy,prevention,living_with,risk_factors,categories,related_conditions,is_contagious
primary,Pulmonary Nodule,Pulmonary Nodule,General,"A spot on the lung, smaller than 3 centimeters (or less than 30 millimeters), that looks different from surrounding normal lung tissue on imaging tests.",Small lung nodules rarely cause symptoms; Chest pain; Shortness of breath (dyspnea) or wheezing; Chronic cough or coughing up blood; Fatigue; Hoarseness; Loss of appetite and unexplained weight loss; Recurring respiratory infections like bronchitis or pneumonia,Infections; Inhaled particles; Inflammatory conditions; Scarring (fibrosis); Cancer,"Chest X-rays; CT scan (including active surveillance every 6 to 12 months); PET scan; Blood tests (to look for infections or other causes); Sputum tests (to look for infections or other causes); Tissue sample (biopsy) including Bronchoscopy, Thoracoscopy, Video-assisted thoracic surgery (VATS), and Needle biopsy; Removing the entire nodule","Small, noncancerous lung nodules usually don't require treatment; Active surveillance with additional imaging in 6 to 12 months; Medications for infection-caused nodules (antibiotics or antifungal medications); Surgery (if the nodule grows, causes symptoms, or blocks an airway)",Small possibility of being cancerous; Pressing against or blocking an airway (rare for noncancerous nodules),Most lung nodules are benign (not cancerous); Benign nodules will usually stay the same size or go away on their own; Nodules staying the same size during a two-year surveillance period are unlikely to be cancer; Nodules smaller than 0.6 cm and those with smooth edges are less likely to be cancerous; Nodules <5 mm have a <1% chance of being cancerous; Nodules 5 mm to 10 mm have up to a 28% chance of being cancerous; Nodules >2 cm (approaching lung mass size) have a 64% to 82% chance of malignancy; Nodules can sometimes begin to grow,"Most pulmonary nodules aren't harmful and don't affect survival; If cancerous, survival rate depends on cancer type and stage",Not much can be done to prevent benign nodules; Quitting smoking to keep lungs healthy,"Follow up with healthcare provider for additional tests or surveillance; Monitor for symptoms like shortness of breath or chronic cough; Seek ER/911 for chest pain, difficulty breathing, or coughing up blood","Smoking or past history of smoking; Age older than 65; Family history or personal history of cancer; Past radiation therapy to the chest; Exposure to asbestos, radon, or secondhand smoke",,,
subtype,Pulmonary Nodule,Infectious Granulomas,General,Clusters of immune cells; the most common kind of benign nodules.,Small lung nodules rarely cause symptoms; Chest pain; Shortness of breath (dyspnea) or wheezing; Chronic cough or coughing up blood; Fatigue; Hoarseness; Loss of appetite and unexplained weight loss; Recurring respiratory infections like bronchitis or pneumonia,Infections; Inhaled particles; Inflammatory conditions; Scarring (fibrosis); Cancer,"Chest X-rays; CT scan (including active surveillance every 6 to 12 months); PET scan; Blood tests (to look for infections or other causes); Sputum tests (to look for infections or other causes); Tissue sample (biopsy) including Bronchoscopy, Thoracoscopy, Video-assisted thoracic surgery (VATS), and Needle biopsy; Removing the entire nodule","Small, noncancerous lung nodules usually don't require treatment; Active surveillance with additional imaging in 6 to 12 months; Medications for infection-caused nodules (antibiotics or antifungal medications); Surgery (if the nodule grows, causes symptoms, or blocks an airway)",Small possibility of being cancerous; Pressing against or blocking an airway (rare for noncancerous nodules),Most lung nodules are benign (not cancerous); Benign nodules will usually stay the same size or go away on their own; Nodules staying the same size during a two-year surveillance period are unlikely to be cancer; Nodules smaller than 0.6 cm and those with smooth edges are less likely to be cancerous; Nodules <5 mm have a <1% chance of being cancerous; Nodules 5 mm to 10 mm have up to a 28% chance of being cancerous; Nodules >2 cm (approaching lung mass size) have a 64% to 82% chance of malignancy; Nodules can sometimes begin to grow,"Most pulmonary nodules aren't harmful and don't affect survival; If cancerous, survival rate depends on cancer type and stage",Not much can be done to prevent benign nodules; Quitting smoking to keep lungs healthy,"Follow up with healthcare provider for additional tests or surveillance; Monitor for symptoms like shortness of breath or chronic cough; Seek ER/911 for chest pain, difficulty breathing, or coughing up blood","Smoking or past history of smoking; Age older than 65; Family history or personal history of cancer; Past radiation therapy to the chest; Exposure to asbestos, radon, or secondhand smoke",,,
subtype,Pulmonary Nodule,Noninfectious Granulomas,General,Noninfectious nodule formations caused by autoimmune conditions.,Small lung nodules rarely cause symptoms; Chest pain; Shortness of breath (dyspnea) or wheezing; Chronic cough or coughing up blood; Fatigue; Hoarseness; Loss of appetite and unexplained weight loss; Recurring respiratory infections like bronchitis or pneumonia,Infections; Inhaled particles; Inflammatory conditions; Scarring (fibrosis); Cancer,"Chest X-rays; CT scan (including active surveillance every 6 to 12 months); PET scan; Blood tests (to look for infections or other causes); Sputum tests (to look for infections or other causes); Tissue sample (biopsy) including Bronchoscopy, Thoracoscopy, Video-assisted thoracic surgery (VATS), and Needle biopsy; Removing the entire nodule","Small, noncancerous lung nodules usually don't require treatment; Active surveillance with additional imaging in 6 to 12 months; Medications for infection-caused nodules (antibiotics or antifungal medications); Surgery (if the nodule grows, causes symptoms, or blocks an airway)",Small possibility of being cancerous; Pressing against or blocking an airway (rare for noncancerous nodules),Most lung nodules are benign (not cancerous); Benign nodules will usually stay the same size or go away on their own; Nodules staying the same size during a two-year surveillance period are unlikely to be cancer; Nodules smaller than 0.6 cm and those with smooth edges are less likely to be cancerous; Nodules <5 mm have a <1% chance of being cancerous; Nodules 5 mm to 10 mm have up to a 28% chance of being cancerous; Nodules >2 cm (approaching lung mass size) have a 64% to 82% chance of malignancy; Nodules can sometimes begin to grow,"Most pulmonary nodules aren't harmful and don't affect survival; If cancerous, survival rate depends on cancer type and stage",Not much can be done to prevent benign nodules; Quitting smoking to keep lungs healthy,"Follow up with healthcare provider for additional tests or surveillance; Monitor for symptoms like shortness of breath or chronic cough; Seek ER/911 for chest pain, difficulty breathing, or coughing up blood","Smoking or past history of smoking; Age older than 65; Family history or personal history of cancer; Past radiation therapy to the chest; Exposure to asbestos, radon, or secondhand smoke",,,
subtype,Pulmonary Nodule,Benign Tumors,General,"A subtype, category, or etiology of Pulmonary Nodule.",Small lung nodules rarely cause symptoms; Chest pain; Shortness of breath (dyspnea) or wheezing; Chronic cough or coughing up blood; Fatigue; Hoarseness; Loss of appetite and unexplained weight loss; Recurring respiratory infections like bronchitis or pneumonia,Infections; Inhaled particles; Inflammatory conditions; Scarring (fibrosis); Cancer,"Chest X-rays; CT scan (including active surveillance every 6 to 12 months); PET scan; Blood tests (to look for infections or other causes); Sputum tests (to look for infections or other causes); Tissue sample (biopsy) including Bronchoscopy, Thoracoscopy, Video-assisted thoracic surgery (VATS), and Needle biopsy; Removing the entire nodule","Small, noncancerous lung nodules usually don't require treatment; Active surveillance with additional imaging in 6 to 12 months; Medications for infection-caused nodules (antibiotics or antifungal medications); Surgery (if the nodule grows, causes symptoms, or blocks an airway)",Small possibility of being cancerous; Pressing against or blocking an airway (rare for noncancerous nodules),Most lung nodules are benign (not cancerous); Benign nodules will usually stay the same size or go away on their own; Nodules staying the same size during a two-year surveillance period are unlikely to be cancer; Nodules smaller than 0.6 cm and those with smooth edges are less likely to be cancerous; Nodules <5 mm have a <1% chance of being cancerous; Nodules 5 mm to 10 mm have up to a 28% chance of being cancerous; Nodules >2 cm (approaching lung mass size) have a 64% to 82% chance of malignancy; Nodules can sometimes begin to grow,"Most pulmonary nodules aren't harmful and don't affect survival; If cancerous, survival rate depends on cancer type and stage",Not much can be done to prevent benign nodules; Quitting smoking to keep lungs healthy,"Follow up with healthcare provider for additional tests or surveillance; Monitor for symptoms like shortness of breath or chronic cough; Seek ER/911 for chest pain, difficulty breathing, or coughing up blood","Smoking or past history of smoking; Age older than 65; Family history or personal history of cancer; Past radiation therapy to the chest; Exposure to asbestos, radon, or secondhand smoke",,,
subtype,Pulmonary Nodule,Pre-cancerous Conditions,General,"A subtype, category, or etiology of Pulmonary Nodule.",Small lung nodules rarely cause symptoms; Chest pain; Shortness of breath (dyspnea) or wheezing; Chronic cough or coughing up blood; Fatigue; Hoarseness; Loss of appetite and unexplained weight loss; Recurring respiratory infections like bronchitis or pneumonia,Infections; Inhaled particles; Inflammatory conditions; Scarring (fibrosis); Cancer,"Chest X-rays; CT scan (including active surveillance every 6 to 12 months); PET scan; Blood tests (to look for infections or other causes); Sputum tests (to look for infections or other causes); Tissue sample (biopsy) including Bronchoscopy, Thoracoscopy, Video-assisted thoracic surgery (VATS), and Needle biopsy; Removing the entire nodule","Small, noncancerous lung nodules usually don't require treatment; Active surveillance with additional imaging in 6 to 12 months; Medications for infection-caused nodules (antibiotics or antifungal medications); Surgery (if the nodule grows, causes symptoms, or blocks an airway)",Small possibility of being cancerous; Pressing against or blocking an airway (rare for noncancerous nodules),Most lung nodules are benign (not cancerous); Benign nodules will usually stay the same size or go away on their own; Nodules staying the same size during a two-year surveillance period are unlikely to be cancer; Nodules smaller than 0.6 cm and those with smooth edges are less likely to be cancerous; Nodules <5 mm have a <1% chance of being cancerous; Nodules 5 mm to 10 mm have up to a 28% chance of being cancerous; Nodules >2 cm (approaching lung mass size) have a 64% to 82% chance of malignancy; Nodules can sometimes begin to grow,"Most pulmonary nodules aren't harmful and don't affect survival; If cancerous, survival rate depends on cancer type and stage",Not much can be done to prevent benign nodules; Quitting smoking to keep lungs healthy,"Follow up with healthcare provider for additional tests or surveillance; Monitor for symptoms like shortness of breath or chronic cough; Seek ER/911 for chest pain, difficulty breathing, or coughing up blood","Smoking or past history of smoking; Age older than 65; Family history or personal history of cancer; Past radiation therapy to the chest; Exposure to asbestos, radon, or secondhand smoke",,,
subtype,Pulmonary Nodule,Cancerous Tumors,General,"A subtype, category, or etiology of Pulmonary Nodule.",Small lung nodules rarely cause symptoms; Chest pain; Shortness of breath (dyspnea) or wheezing; Chronic cough or coughing up blood; Fatigue; Hoarseness; Loss of appetite and unexplained weight loss; Recurring respiratory infections like bronchitis or pneumonia,Infections; Inhaled particles; Inflammatory conditions; Scarring (fibrosis); Cancer,"Chest X-rays; CT scan (including active surveillance every 6 to 12 months); PET scan; Blood tests (to look for infections or other causes); Sputum tests (to look for infections or other causes); Tissue sample (biopsy) including Bronchoscopy, Thoracoscopy, Video-assisted thoracic surgery (VATS), and Needle biopsy; Removing the entire nodule","Small, noncancerous lung nodules usually don't require treatment; Active surveillance with additional imaging in 6 to 12 months; Medications for infection-caused nodules (antibiotics or antifungal medications); Surgery (if the nodule grows, causes symptoms, or blocks an airway)",Small possibility of being cancerous; Pressing against or blocking an airway (rare for noncancerous nodules),Most lung nodules are benign (not cancerous); Benign nodules will usually stay the same size or go away on their own; Nodules staying the same size during a two-year surveillance period are unlikely to be cancer; Nodules smaller than 0.6 cm and those with smooth edges are less likely to be cancerous; Nodules <5 mm have a <1% chance of being cancerous; Nodules 5 mm to 10 mm have up to a 28% chance of being cancerous; Nodules >2 cm (approaching lung mass size) have a 64% to 82% chance of malignancy; Nodules can sometimes begin to grow,"Most pulmonary nodules aren't harmful and don't affect survival; If cancerous, survival rate depends on cancer type and stage",Not much can be done to prevent benign nodules; Quitting smoking to keep lungs healthy,"Follow up with healthcare provider for additional tests or surveillance; Monitor for symptoms like shortness of breath or chronic cough; Seek ER/911 for chest pain, difficulty breathing, or coughing up blood","Smoking or past history of smoking; Age older than 65; Family history or personal history of cancer; Past radiation therapy to the chest; Exposure to asbestos, radon, or secondhand smoke",,,
subtype,Pulmonary Nodule,Scarring (Fibrosis),General,"A subtype, category, or etiology of Pulmonary Nodule.",Small lung nodules rarely cause symptoms; Chest pain; Shortness of breath (dyspnea) or wheezing; Chronic cough or coughing up blood; Fatigue; Hoarseness; Loss of appetite and unexplained weight loss; Recurring respiratory infections like bronchitis or pneumonia,Infections; Inhaled particles; Inflammatory conditions; Scarring (fibrosis); Cancer,"Chest X-rays; CT scan (including active surveillance every 6 to 12 months); PET scan; Blood tests (to look for infections or other causes); Sputum tests (to look for infections or other causes); Tissue sample (biopsy) including Bronchoscopy, Thoracoscopy, Video-assisted thoracic surgery (VATS), and Needle biopsy; Removing the entire nodule","Small, noncancerous lung nodules usually don't require treatment; Active surveillance with additional imaging in 6 to 12 months; Medications for infection-caused nodules (antibiotics or antifungal medications); Surgery (if the nodule grows, causes symptoms, or blocks an airway)",Small possibility of being cancerous; Pressing against or blocking an airway (rare for noncancerous nodules),Most lung nodules are benign (not cancerous); Benign nodules will usually stay the same size or go away on their own; Nodules staying the same size during a two-year surveillance period are unlikely to be cancer; Nodules smaller than 0.6 cm and those with smooth edges are less likely to be cancerous; Nodules <5 mm have a <1% chance of being cancerous; Nodules 5 mm to 10 mm have up to a 28% chance of being cancerous; Nodules >2 cm (approaching lung mass size) have a 64% to 82% chance of malignancy; Nodules can sometimes begin to grow,"Most pulmonary nodules aren't harmful and don't affect survival; If cancerous, survival rate depends on cancer type and stage",Not much can be done to prevent benign nodules; Quitting smoking to keep lungs healthy,"Follow up with healthcare provider for additional tests or surveillance; Monitor for symptoms like shortness of breath or chronic cough; Seek ER/911 for chest pain, difficulty breathing, or coughing up blood","Smoking or past history of smoking; Age older than 65; Family history or personal history of cancer; Past radiation therapy to the chest; Exposure to asbestos, radon, or secondhand smoke",,,
subtype,Pulmonary Nodule,Ground glass opacity,General,Area is hazy and structures underneath remain visible.,Small lung nodules rarely cause symptoms; Chest pain; Shortness of breath (dyspnea) or wheezing; Chronic cough or coughing up blood; Fatigue; Hoarseness; Loss of appetite and unexplained weight loss; Recurring respiratory infections like bronchitis or pneumonia,Infections; Inhaled particles; Inflammatory conditions; Scarring (fibrosis); Cancer,"Chest X-rays; CT scan (including active surveillance every 6 to 12 months); PET scan; Blood tests (to look for infections or other causes); Sputum tests (to look for infections or other causes); Tissue sample (biopsy) including Bronchoscopy, Thoracoscopy, Video-assisted thoracic surgery (VATS), and Needle biopsy; Removing the entire nodule","Small, noncancerous lung nodules usually don't require treatment; Active surveillance with additional imaging in 6 to 12 months; Medications for infection-caused nodules (antibiotics or antifungal medications); Surgery (if the nodule grows, causes symptoms, or blocks an airway)",Small possibility of being cancerous; Pressing against or blocking an airway (rare for noncancerous nodules),Most lung nodules are benign (not cancerous); Benign nodules will usually stay the same size or go away on their own; Nodules staying the same size during a two-year surveillance period are unlikely to be cancer; Nodules smaller than 0.6 cm and those with smooth edges are less likely to be cancerous; Nodules <5 mm have a <1% chance of being cancerous; Nodules 5 mm to 10 mm have up to a 28% chance of being cancerous; Nodules >2 cm (approaching lung mass size) have a 64% to 82% chance of malignancy; Nodules can sometimes begin to grow,"Most pulmonary nodules aren't harmful and don't affect survival; If cancerous, survival rate depends on cancer type and stage",Not much can be done to prevent benign nodules; Quitting smoking to keep lungs healthy,"Follow up with healthcare provider for additional tests or surveillance; Monitor for symptoms like shortness of breath or chronic cough; Seek ER/911 for chest pain, difficulty breathing, or coughing up blood","Smoking or past history of smoking; Age older than 65; Family history or personal history of cancer; Past radiation therapy to the chest; Exposure to asbestos, radon, or secondhand smoke",,,
subtype,Pulmonary Nodule,Solid,General,Blocks underlying structures from view.,Small lung nodules rarely cause symptoms; Chest pain; Shortness of breath (dyspnea) or wheezing; Chronic cough or coughing up blood; Fatigue; Hoarseness; Loss of appetite and unexplained weight loss; Recurring respiratory infections like bronchitis or pneumonia,Infections; Inhaled particles; Inflammatory conditions; Scarring (fibrosis); Cancer,"Chest X-rays; CT scan (including active surveillance every 6 to 12 months); PET scan; Blood tests (to look for infections or other causes); Sputum tests (to look for infections or other causes); Tissue sample (biopsy) including Bronchoscopy, Thoracoscopy, Video-assisted thoracic surgery (VATS), and Needle biopsy; Removing the entire nodule","Small, noncancerous lung nodules usually don't require treatment; Active surveillance with additional imaging in 6 to 12 months; Medications for infection-caused nodules (antibiotics or antifungal medications); Surgery (if the nodule grows, causes symptoms, or blocks an airway)",Small possibility of being cancerous; Pressing against or blocking an airway (rare for noncancerous nodules),Most lung nodules are benign (not cancerous); Benign nodules will usually stay the same size or go away on their own; Nodules staying the same size during a two-year surveillance period are unlikely to be cancer; Nodules smaller than 0.6 cm and those with smooth edges are less likely to be cancerous; Nodules <5 mm have a <1% chance of being cancerous; Nodules 5 mm to 10 mm have up to a 28% chance of being cancerous; Nodules >2 cm (approaching lung mass size) have a 64% to 82% chance of malignancy; Nodules can sometimes begin to grow,"Most pulmonary nodules aren't harmful and don't affect survival; If cancerous, survival rate depends on cancer type and stage",Not much can be done to prevent benign nodules; Quitting smoking to keep lungs healthy,"Follow up with healthcare provider for additional tests or surveillance; Monitor for symptoms like shortness of breath or chronic cough; Seek ER/911 for chest pain, difficulty breathing, or coughing up blood","Smoking or past history of smoking; Age older than 65; Family history or personal history of cancer; Past radiation therapy to the chest; Exposure to asbestos, radon, or secondhand smoke",,,
subtype,Pulmonary Nodule,Mix,General,Combination of solid and ground-glass opacity.,Small lung nodules rarely cause symptoms; Chest pain; Shortness of breath (dyspnea) or wheezing; Chronic cough or coughing up blood; Fatigue; Hoarseness; Loss of appetite and unexplained weight loss; Recurring respiratory infections like bronchitis or pneumonia,Infections; Inhaled particles; Inflammatory conditions; Scarring (fibrosis); Cancer,"Chest X-rays; CT scan (including active surveillance every 6 to 12 months); PET scan; Blood tests (to look for infections or other causes); Sputum tests (to look for infections or other causes); Tissue sample (biopsy) including Bronchoscopy, Thoracoscopy, Video-assisted thoracic surgery (VATS), and Needle biopsy; Removing the entire nodule","Small, noncancerous lung nodules usually don't require treatment; Active surveillance with additional imaging in 6 to 12 months; Medications for infection-caused nodules (antibiotics or antifungal medications); Surgery (if the nodule grows, causes symptoms, or blocks an airway)",Small possibility of being cancerous; Pressing against or blocking an airway (rare for noncancerous nodules),Most lung nodules are benign (not cancerous); Benign nodules will usually stay the same size or go away on their own; Nodules staying the same size during a two-year surveillance period are unlikely to be cancer; Nodules smaller than 0.6 cm and those with smooth edges are less likely to be cancerous; Nodules <5 mm have a <1% chance of being cancerous; Nodules 5 mm to 10 mm have up to a 28% chance of being cancerous; Nodules >2 cm (approaching lung mass size) have a 64% to 82% chance of malignancy; Nodules can sometimes begin to grow,"Most pulmonary nodules aren't harmful and don't affect survival; If cancerous, survival rate depends on cancer type and stage",Not much can be done to prevent benign nodules; Quitting smoking to keep lungs healthy,"Follow up with healthcare provider for additional tests or surveillance; Monitor for symptoms like shortness of breath or chronic cough; Seek ER/911 for chest pain, difficulty breathing, or coughing up blood","Smoking or past history of smoking; Age older than 65; Family history or personal history of cancer; Past radiation therapy to the chest; Exposure to asbestos, radon, or secondhand smoke",,,
primary,Lung Mass,Lung Mass,General,An abnormal area in the lungs larger than 3 centimeters (about 1.5 inches). More likely to be malignant compared to a lung nodule.,Chronic cough; Chest pain; Blood-tinged sputum / coughing up blood; Shortness of breath; Lung pain; Shoulder pain; Back pain; Unexplained weight loss,"Primary lung cancer; Metastatic cancer from other body parts (breast, colon, bladder cancer); Benign lung tumors; Lung abscesses; AV malformations; Lipoid pneumonia; Pulmonary artery aneurysms; Amyloidosis; Fungal infections; Parasitic infections",Medical history and physical examination; Chest X-ray; CT scan; MRI scan; PET scan (detects increased metabolic activity); Bronchoscopy (with or without Endobronchial ultrasound for central mass near large airways); Fine needle biopsy (for mass in outer lung regions); Thoracic surgery / Lung surgery (Video-assisted thoracoscopic surgery [VATS] or traditional thoracotomy),"Surgery; Chemotherapy; Radiation therapy; Immunotherapy; Treatments specific to non-cancerous causes (e.g., for infections based on specific diagnosis)",Some benign causes can cause serious health complications; Malignancy / cancer spread,"Most often diagnosed as lung cancer (especially with a history of smoking); More concerning if described as 'ground glass' on imaging; Typically benign if stable for two years; Benign tumors are more likely if showing calcifications, fat, or cavitary shapes",Advances in treatment have extended survival times in recent years,,,"Smoking history; Age; Genetics; Environmental/occupational exposure to cancer-causing agents (e.g., radon, asbestos, wood dust in carpenters)",,,
subtype,Lung Mass,Malignant / Cancerous Causes,General,"A subtype, category, or etiology of Lung Mass.",Chronic cough; Chest pain; Blood-tinged sputum / coughing up blood; Shortness of breath; Lung pain; Shoulder pain; Back pain; Unexplained weight loss,"Primary lung cancer; Metastatic cancer from other body parts (breast, colon, bladder cancer); Benign lung tumors; Lung abscesses; AV malformations; Lipoid pneumonia; Pulmonary artery aneurysms; Amyloidosis; Fungal infections; Parasitic infections",Medical history and physical examination; Chest X-ray; CT scan; MRI scan; PET scan (detects increased metabolic activity); Bronchoscopy (with or without Endobronchial ultrasound for central mass near large airways); Fine needle biopsy (for mass in outer lung regions); Thoracic surgery / Lung surgery (Video-assisted thoracoscopic surgery [VATS] or traditional thoracotomy),"Surgery; Chemotherapy; Radiation therapy; Immunotherapy; Treatments specific to non-cancerous causes (e.g., for infections based on specific diagnosis)",Some benign causes can cause serious health complications; Malignancy / cancer spread,"Most often diagnosed as lung cancer (especially with a history of smoking); More concerning if described as 'ground glass' on imaging; Typically benign if stable for two years; Benign tumors are more likely if showing calcifications, fat, or cavitary shapes",Advances in treatment have extended survival times in recent years,,,"Smoking history; Age; Genetics; Environmental/occupational exposure to cancer-causing agents (e.g., radon, asbestos, wood dust in carpenters)",,,
subtype,Lung Mass,Primary Lung Cancer (Malignant / Cancerous Causes),General,A specific form under Malignant / Cancerous Causes.,Chronic cough; Chest pain; Blood-tinged sputum / coughing up blood; Shortness of breath; Lung pain; Shoulder pain; Back pain; Unexplained weight loss,"Primary lung cancer; Metastatic cancer from other body parts (breast, colon, bladder cancer); Benign lung tumors; Lung abscesses; AV malformations; Lipoid pneumonia; Pulmonary artery aneurysms; Amyloidosis; Fungal infections; Parasitic infections",Medical history and physical examination; Chest X-ray; CT scan; MRI scan; PET scan (detects increased metabolic activity); Bronchoscopy (with or without Endobronchial ultrasound for central mass near large airways); Fine needle biopsy (for mass in outer lung regions); Thoracic surgery / Lung surgery (Video-assisted thoracoscopic surgery [VATS] or traditional thoracotomy),"Surgery; Chemotherapy; Radiation therapy; Immunotherapy; Treatments specific to non-cancerous causes (e.g., for infections based on specific diagnosis)",Some benign causes can cause serious health complications; Malignancy / cancer spread,"Most often diagnosed as lung cancer (especially with a history of smoking); More concerning if described as 'ground glass' on imaging; Typically benign if stable for two years; Benign tumors are more likely if showing calcifications, fat, or cavitary shapes",Advances in treatment have extended survival times in recent years,,,"Smoking history; Age; Genetics; Environmental/occupational exposure to cancer-causing agents (e.g., radon, asbestos, wood dust in carpenters)",,,
subtype,Lung Mass,Metastatic Cancers (Spread to lungs) (Malignant / Cancerous Causes),General,A specific form under Malignant / Cancerous Causes.,Chronic cough; Chest pain; Blood-tinged sputum / coughing up blood; Shortness of breath; Lung pain; Shoulder pain; Back pain; Unexplained weight loss,"Primary lung cancer; Metastatic cancer from other body parts (breast, colon, bladder cancer); Benign lung tumors; Lung abscesses; AV malformations; Lipoid pneumonia; Pulmonary artery aneurysms; Amyloidosis; Fungal infections; Parasitic infections",Medical history and physical examination; Chest X-ray; CT scan; MRI scan; PET scan (detects increased metabolic activity); Bronchoscopy (with or without Endobronchial ultrasound for central mass near large airways); Fine needle biopsy (for mass in outer lung regions); Thoracic surgery / Lung surgery (Video-assisted thoracoscopic surgery [VATS] or traditional thoracotomy),"Surgery; Chemotherapy; Radiation therapy; Immunotherapy; Treatments specific to non-cancerous causes (e.g., for infections based on specific diagnosis)",Some benign causes can cause serious health complications; Malignancy / cancer spread,"Most often diagnosed as lung cancer (especially with a history of smoking); More concerning if described as 'ground glass' on imaging; Typically benign if stable for two years; Benign tumors are more likely if showing calcifications, fat, or cavitary shapes",Advances in treatment have extended survival times in recent years,,,"Smoking history; Age; Genetics; Environmental/occupational exposure to cancer-causing agents (e.g., radon, asbestos, wood dust in carpenters)",,,
subtype,Lung Mass,Benign / Noncancerous Causes,General,"A subtype, category, or etiology of Lung Mass.",Chronic cough; Chest pain; Blood-tinged sputum / coughing up blood; Shortness of breath; Lung pain; Shoulder pain; Back pain; Unexplained weight loss,"Primary lung cancer; Metastatic cancer from other body parts (breast, colon, bladder cancer); Benign lung tumors; Lung abscesses; AV malformations; Lipoid pneumonia; Pulmonary artery aneurysms; Amyloidosis; Fungal infections; Parasitic infections",Medical history and physical examination; Chest X-ray; CT scan; MRI scan; PET scan (detects increased metabolic activity); Bronchoscopy (with or without Endobronchial ultrasound for central mass near large airways); Fine needle biopsy (for mass in outer lung regions); Thoracic surgery / Lung surgery (Video-assisted thoracoscopic surgery [VATS] or traditional thoracotomy),"Surgery; Chemotherapy; Radiation therapy; Immunotherapy; Treatments specific to non-cancerous causes (e.g., for infections based on specific diagnosis)",Some benign causes can cause serious health complications; Malignancy / cancer spread,"Most often diagnosed as lung cancer (especially with a history of smoking); More concerning if described as 'ground glass' on imaging; Typically benign if stable for two years; Benign tumors are more likely if showing calcifications, fat, or cavitary shapes",Advances in treatment have extended survival times in recent years,,,"Smoking history; Age; Genetics; Environmental/occupational exposure to cancer-causing agents (e.g., radon, asbestos, wood dust in carpenters)",,,
subtype,Lung Mass,Benign lung tumors (Benign / Noncancerous Causes),General,Includes hamartoma (most common type). People with Cowden syndrome have greater risk.,Chronic cough; Chest pain; Blood-tinged sputum / coughing up blood; Shortness of breath; Lung pain; Shoulder pain; Back pain; Unexplained weight loss,"Primary lung cancer; Metastatic cancer from other body parts (breast, colon, bladder cancer); Benign lung tumors; Lung abscesses; AV malformations; Lipoid pneumonia; Pulmonary artery aneurysms; Amyloidosis; Fungal infections; Parasitic infections",Medical history and physical examination; Chest X-ray; CT scan; MRI scan; PET scan (detects increased metabolic activity); Bronchoscopy (with or without Endobronchial ultrasound for central mass near large airways); Fine needle biopsy (for mass in outer lung regions); Thoracic surgery / Lung surgery (Video-assisted thoracoscopic surgery [VATS] or traditional thoracotomy),"Surgery; Chemotherapy; Radiation therapy; Immunotherapy; Treatments specific to non-cancerous causes (e.g., for infections based on specific diagnosis)",Some benign causes can cause serious health complications; Malignancy / cancer spread,"Most often diagnosed as lung cancer (especially with a history of smoking); More concerning if described as 'ground glass' on imaging; Typically benign if stable for two years; Benign tumors are more likely if showing calcifications, fat, or cavitary shapes",Advances in treatment have extended survival times in recent years,,,"Smoking history; Age; Genetics; Environmental/occupational exposure to cancer-causing agents (e.g., radon, asbestos, wood dust in carpenters)",,,
subtype,Lung Mass,Lung abscesses (Benign / Noncancerous Causes),General,Infections walled off and contained by the body.,Chronic cough; Chest pain; Blood-tinged sputum / coughing up blood; Shortness of breath; Lung pain; Shoulder pain; Back pain; Unexplained weight loss,"Primary lung cancer; Metastatic cancer from other body parts (breast, colon, bladder cancer); Benign lung tumors; Lung abscesses; AV malformations; Lipoid pneumonia; Pulmonary artery aneurysms; Amyloidosis; Fungal infections; Parasitic infections",Medical history and physical examination; Chest X-ray; CT scan; MRI scan; PET scan (detects increased metabolic activity); Bronchoscopy (with or without Endobronchial ultrasound for central mass near large airways); Fine needle biopsy (for mass in outer lung regions); Thoracic surgery / Lung surgery (Video-assisted thoracoscopic surgery [VATS] or traditional thoracotomy),"Surgery; Chemotherapy; Radiation therapy; Immunotherapy; Treatments specific to non-cancerous causes (e.g., for infections based on specific diagnosis)",Some benign causes can cause serious health complications; Malignancy / cancer spread,"Most often diagnosed as lung cancer (especially with a history of smoking); More concerning if described as 'ground glass' on imaging; Typically benign if stable for two years; Benign tumors are more likely if showing calcifications, fat, or cavitary shapes",Advances in treatment have extended survival times in recent years,,,"Smoking history; Age; Genetics; Environmental/occupational exposure to cancer-causing agents (e.g., radon, asbestos, wood dust in carpenters)",,,
subtype,Lung Mass,AV malformations (Benign / Noncancerous Causes),General,Abnormal connection between arteries and veins usually present from birth.,Chronic cough; Chest pain; Blood-tinged sputum / coughing up blood; Shortness of breath; Lung pain; Shoulder pain; Back pain; Unexplained weight loss,"Primary lung cancer; Metastatic cancer from other body parts (breast, colon, bladder cancer); Benign lung tumors; Lung abscesses; AV malformations; Lipoid pneumonia; Pulmonary artery aneurysms; Amyloidosis; Fungal infections; Parasitic infections",Medical history and physical examination; Chest X-ray; CT scan; MRI scan; PET scan (detects increased metabolic activity); Bronchoscopy (with or without Endobronchial ultrasound for central mass near large airways); Fine needle biopsy (for mass in outer lung regions); Thoracic surgery / Lung surgery (Video-assisted thoracoscopic surgery [VATS] or traditional thoracotomy),"Surgery; Chemotherapy; Radiation therapy; Immunotherapy; Treatments specific to non-cancerous causes (e.g., for infections based on specific diagnosis)",Some benign causes can cause serious health complications; Malignancy / cancer spread,"Most often diagnosed as lung cancer (especially with a history of smoking); More concerning if described as 'ground glass' on imaging; Typically benign if stable for two years; Benign tumors are more likely if showing calcifications, fat, or cavitary shapes",Advances in treatment have extended survival times in recent years,,,"Smoking history; Age; Genetics; Environmental/occupational exposure to cancer-causing agents (e.g., radon, asbestos, wood dust in carpenters)",,,
subtype,Lung Mass,Lipoid pneumonia (Benign / Noncancerous Causes),General,A specific form under Benign / Noncancerous Causes.,Chronic cough; Chest pain; Blood-tinged sputum / coughing up blood; Shortness of breath; Lung pain; Shoulder pain; Back pain; Unexplained weight loss,"Primary lung cancer; Metastatic cancer from other body parts (breast, colon, bladder cancer); Benign lung tumors; Lung abscesses; AV malformations; Lipoid pneumonia; Pulmonary artery aneurysms; Amyloidosis; Fungal infections; Parasitic infections",Medical history and physical examination; Chest X-ray; CT scan; MRI scan; PET scan (detects increased metabolic activity); Bronchoscopy (with or without Endobronchial ultrasound for central mass near large airways); Fine needle biopsy (for mass in outer lung regions); Thoracic surgery / Lung surgery (Video-assisted thoracoscopic surgery [VATS] or traditional thoracotomy),"Surgery; Chemotherapy; Radiation therapy; Immunotherapy; Treatments specific to non-cancerous causes (e.g., for infections based on specific diagnosis)",Some benign causes can cause serious health complications; Malignancy / cancer spread,"Most often diagnosed as lung cancer (especially with a history of smoking); More concerning if described as 'ground glass' on imaging; Typically benign if stable for two years; Benign tumors are more likely if showing calcifications, fat, or cavitary shapes",Advances in treatment have extended survival times in recent years,,,"Smoking history; Age; Genetics; Environmental/occupational exposure to cancer-causing agents (e.g., radon, asbestos, wood dust in carpenters)",,,
subtype,Lung Mass,Pulmonary artery aneurysms (Benign / Noncancerous Causes),General,Outpouching in arteries traveling from heart to lungs.,Chronic cough; Chest pain; Blood-tinged sputum / coughing up blood; Shortness of breath; Lung pain; Shoulder pain; Back pain; Unexplained weight loss,"Primary lung cancer; Metastatic cancer from other body parts (breast, colon, bladder cancer); Benign lung tumors; Lung abscesses; AV malformations; Lipoid pneumonia; Pulmonary artery aneurysms; Amyloidosis; Fungal infections; Parasitic infections",Medical history and physical examination; Chest X-ray; CT scan; MRI scan; PET scan (detects increased metabolic activity); Bronchoscopy (with or without Endobronchial ultrasound for central mass near large airways); Fine needle biopsy (for mass in outer lung regions); Thoracic surgery / Lung surgery (Video-assisted thoracoscopic surgery [VATS] or traditional thoracotomy),"Surgery; Chemotherapy; Radiation therapy; Immunotherapy; Treatments specific to non-cancerous causes (e.g., for infections based on specific diagnosis)",Some benign causes can cause serious health complications; Malignancy / cancer spread,"Most often diagnosed as lung cancer (especially with a history of smoking); More concerning if described as 'ground glass' on imaging; Typically benign if stable for two years; Benign tumors are more likely if showing calcifications, fat, or cavitary shapes",Advances in treatment have extended survival times in recent years,,,"Smoking history; Age; Genetics; Environmental/occupational exposure to cancer-causing agents (e.g., radon, asbestos, wood dust in carpenters)",,,
subtype,Lung Mass,Amyloidosis (Benign / Noncancerous Causes),General,Build-up of abnormal proteins forming a mass.,Chronic cough; Chest pain; Blood-tinged sputum / coughing up blood; Shortness of breath; Lung pain; Shoulder pain; Back pain; Unexplained weight loss,"Primary lung cancer; Metastatic cancer from other body parts (breast, colon, bladder cancer); Benign lung tumors; Lung abscesses; AV malformations; Lipoid pneumonia; Pulmonary artery aneurysms; Amyloidosis; Fungal infections; Parasitic infections",Medical history and physical examination; Chest X-ray; CT scan; MRI scan; PET scan (detects increased metabolic activity); Bronchoscopy (with or without Endobronchial ultrasound for central mass near large airways); Fine needle biopsy (for mass in outer lung regions); Thoracic surgery / Lung surgery (Video-assisted thoracoscopic surgery [VATS] or traditional thoracotomy),"Surgery; Chemotherapy; Radiation therapy; Immunotherapy; Treatments specific to non-cancerous causes (e.g., for infections based on specific diagnosis)",Some benign causes can cause serious health complications; Malignancy / cancer spread,"Most often diagnosed as lung cancer (especially with a history of smoking); More concerning if described as 'ground glass' on imaging; Typically benign if stable for two years; Benign tumors are more likely if showing calcifications, fat, or cavitary shapes",Advances in treatment have extended survival times in recent years,,,"Smoking history; Age; Genetics; Environmental/occupational exposure to cancer-causing agents (e.g., radon, asbestos, wood dust in carpenters)",,,
subtype,Lung Mass,Infections (Benign / Noncancerous Causes),General,Fungal and parasitic infections.,Chronic cough; Chest pain; Blood-tinged sputum / coughing up blood; Shortness of breath; Lung pain; Shoulder pain; Back pain; Unexplained weight loss,"Primary lung cancer; Metastatic cancer from other body parts (breast, colon, bladder cancer); Benign lung tumors; Lung abscesses; AV malformations; Lipoid pneumonia; Pulmonary artery aneurysms; Amyloidosis; Fungal infections; Parasitic infections",Medical history and physical examination; Chest X-ray; CT scan; MRI scan; PET scan (detects increased metabolic activity); Bronchoscopy (with or without Endobronchial ultrasound for central mass near large airways); Fine needle biopsy (for mass in outer lung regions); Thoracic surgery / Lung surgery (Video-assisted thoracoscopic surgery [VATS] or traditional thoracotomy),"Surgery; Chemotherapy; Radiation therapy; Immunotherapy; Treatments specific to non-cancerous causes (e.g., for infections based on specific diagnosis)",Some benign causes can cause serious health complications; Malignancy / cancer spread,"Most often diagnosed as lung cancer (especially with a history of smoking); More concerning if described as 'ground glass' on imaging; Typically benign if stable for two years; Benign tumors are more likely if showing calcifications, fat, or cavitary shapes",Advances in treatment have extended survival times in recent years,,,"Smoking history; Age; Genetics; Environmental/occupational exposure to cancer-causing agents (e.g., radon, asbestos, wood dust in carpenters)",,,
primary,Cardiomegaly,Cardiomegaly,General,"Enlarged heart; a heart that's bigger than what's typical. The heart may be unusually thick or dilated (stretched), short-term or permanent, and can affect the whole heart or just parts of it.","Might not cause any symptoms; Shortness of breath; Tiredness; Low energy; Chest pain; Dizziness; Fainting; Swelling, especially in your legs, feet or belly; Heart fluttering",Any disease that makes your heart work harder,"Discussing symptoms, biological family health history, and physical activity; Physical exam (listening with stethoscope for heart murmur, checking for signs of heart failure like leg swelling, crackles in lungs, engorged neck veins); Chest X-ray; Cardiac CT scan; Echocardiogram; Electrocardiogram (EKG); Exercise stress test; Heart MRI; Genetic testing","Lifestyle changes (reduce salt intake, avoid tobacco use, eat heart-healthy foods, regular physical activity, stay at healthy weight, reduce alcohol intake, manage fluid intake); Antiarrhythmics; Angiotensin-converting enzyme (ACE) inhibitors; Angiotensin II receptor blockers (ARBs); Anticoagulants; Beta-blockers; Diuretics (salt pills or water pills); Implanting a pacemaker; Placing an implantable cardioverter defibrillator (ICD); Repairing or replacing a damaged heart valve; Placing a stent or performing coronary artery bypass surgery","Blood clots (can lead to heart attack, stroke, or pulmonary embolism); Heart failure (if left side is enlarged/left ventricular hypertrophy or dilated); Heart murmur; Sudden cardiac death (from deadly abnormal heart rhythms)","Can be short-term or permanent depending on the cause; Can be serious or mild depending on the underlying condition; If caused by a short-term factor (like pregnancy or an infection), the heart returns to its usual size after treatment; If caused by a chronic condition, it usually won't go away and requires ongoing medication/treatment to manage symptoms; Some complications can be fatal; Many people effectively manage symptoms; Early treatment can stop the condition from getting worse; earlier care gives better chances for a good outcome",,"Eating heart-healthy foods; Being physically active for 150 minutes per week (30 minutes 5 times per week); Managing blood pressure, blood sugar, and cholesterol; Maintaining a weight that's healthy for you; Avoiding use of tobacco products and other addictive substances; Sleeping eight hours each night; Drinking alcohol in moderation",,History of the condition in biological family; Heavy alcohol use or substance use disorder; Tobacco use; High blood pressure; Personal or family history of heart attacks; Little to no physical activity,,,
underlying_cause,Cardiomegaly,Coronary artery disease causing Cardiomegaly,General,Most common cause of cardiomegaly,,Coronary artery disease,"Discussing symptoms, biological family health history, and physical activity; Physical exam (listening with stethoscope for heart murmur, checking for signs of heart failure like leg swelling, crackles in lungs, engorged neck veins); Chest X-ray; Cardiac CT scan; Echocardiogram; Electrocardiogram (EKG); Exercise stress test; Heart MRI; Genetic testing","Lifestyle changes (reduce salt intake, avoid tobacco use, eat heart-healthy foods, regular physical activity, stay at healthy weight, reduce alcohol intake, manage fluid intake); Antiarrhythmics; Angiotensin-converting enzyme (ACE) inhibitors; Angiotensin II receptor blockers (ARBs); Anticoagulants; Beta-blockers; Diuretics (salt pills or water pills); Implanting a pacemaker; Placing an implantable cardioverter defibrillator (ICD); Repairing or replacing a damaged heart valve; Placing a stent or performing coronary artery bypass surgery","Blood clots (can lead to heart attack, stroke, or pulmonary embolism); Heart failure (if left side is enlarged/left ventricular hypertrophy or dilated); Heart murmur; Sudden cardiac death (from deadly abnormal heart rhythms)","Can be short-term or permanent depending on the cause; Can be serious or mild depending on the underlying condition; If caused by a short-term factor (like pregnancy or an infection), the heart returns to its usual size after treatment; If caused by a chronic condition, it usually won't go away and requires ongoing medication/treatment to manage symptoms; Some complications can be fatal; Many people effectively manage symptoms; Early treatment can stop the condition from getting worse; earlier care gives better chances for a good outcome",,"Eating heart-healthy foods; Being physically active for 150 minutes per week (30 minutes 5 times per week); Managing blood pressure, blood sugar, and cholesterol; Maintaining a weight that's healthy for you; Avoiding use of tobacco products and other addictive substances; Sleeping eight hours each night; Drinking alcohol in moderation",,History of the condition in biological family; Heavy alcohol use or substance use disorder; Tobacco use; High blood pressure; Personal or family history of heart attacks; Little to no physical activity,,,
underlying_cause,Cardiomegaly,Rheumatoid arthritis causing Cardiomegaly,General,Can cause inflammation in your heart muscle,,Rheumatoid arthritis,"Discussing symptoms, biological family health history, and physical activity; Physical exam (listening with stethoscope for heart murmur, checking for signs of heart failure like leg swelling, crackles in lungs, engorged neck veins); Chest X-ray; Cardiac CT scan; Echocardiogram; Electrocardiogram (EKG); Exercise stress test; Heart MRI; Genetic testing","Lifestyle changes (reduce salt intake, avoid tobacco use, eat heart-healthy foods, regular physical activity, stay at healthy weight, reduce alcohol intake, manage fluid intake); Antiarrhythmics; Angiotensin-converting enzyme (ACE) inhibitors; Angiotensin II receptor blockers (ARBs); Anticoagulants; Beta-blockers; Diuretics (salt pills or water pills); Implanting a pacemaker; Placing an implantable cardioverter defibrillator (ICD); Repairing or replacing a damaged heart valve; Placing a stent or performing coronary artery bypass surgery","Blood clots (can lead to heart attack, stroke, or pulmonary embolism); Heart failure (if left side is enlarged/left ventricular hypertrophy or dilated); Heart murmur; Sudden cardiac death (from deadly abnormal heart rhythms)","Can be short-term or permanent depending on the cause; Can be serious or mild depending on the underlying condition; If caused by a short-term factor (like pregnancy or an infection), the heart returns to its usual size after treatment; If caused by a chronic condition, it usually won't go away and requires ongoing medication/treatment to manage symptoms; Some complications can be fatal; Many people effectively manage symptoms; Early treatment can stop the condition from getting worse; earlier care gives better chances for a good outcome",,"Eating heart-healthy foods; Being physically active for 150 minutes per week (30 minutes 5 times per week); Managing blood pressure, blood sugar, and cholesterol; Maintaining a weight that's healthy for you; Avoiding use of tobacco products and other addictive substances; Sleeping eight hours each night; Drinking alcohol in moderation",,History of the condition in biological family; Heavy alcohol use or substance use disorder; Tobacco use; High blood pressure; Personal or family history of heart attacks; Little to no physical activity,,,
underlying_cause,Cardiomegaly,Arrhythmia causing Cardiomegaly,General,Abnormal heart rhythms,,atrial fibrillation; atrial flutter,"Discussing symptoms, biological family health history, and physical activity; Physical exam (listening with stethoscope for heart murmur, checking for signs of heart failure like leg swelling, crackles in lungs, engorged neck veins); Chest X-ray; Cardiac CT scan; Echocardiogram; Electrocardiogram (EKG); Exercise stress test; Heart MRI; Genetic testing","Lifestyle changes (reduce salt intake, avoid tobacco use, eat heart-healthy foods, regular physical activity, stay at healthy weight, reduce alcohol intake, manage fluid intake); Antiarrhythmics; Angiotensin-converting enzyme (ACE) inhibitors; Angiotensin II receptor blockers (ARBs); Anticoagulants; Beta-blockers; Diuretics (salt pills or water pills); Implanting a pacemaker; Placing an implantable cardioverter defibrillator (ICD); Repairing or replacing a damaged heart valve; Placing a stent or performing coronary artery bypass surgery","Blood clots (can lead to heart attack, stroke, or pulmonary embolism); Heart failure (if left side is enlarged/left ventricular hypertrophy or dilated); Heart murmur; Sudden cardiac death (from deadly abnormal heart rhythms)","Can be short-term or permanent depending on the cause; Can be serious or mild depending on the underlying condition; If caused by a short-term factor (like pregnancy or an infection), the heart returns to its usual size after treatment; If caused by a chronic condition, it usually won't go away and requires ongoing medication/treatment to manage symptoms; Some complications can be fatal; Many people effectively manage symptoms; Early treatment can stop the condition from getting worse; earlier care gives better chances for a good outcome",,"Eating heart-healthy foods; Being physically active for 150 minutes per week (30 minutes 5 times per week); Managing blood pressure, blood sugar, and cholesterol; Maintaining a weight that's healthy for you; Avoiding use of tobacco products and other addictive substances; Sleeping eight hours each night; Drinking alcohol in moderation",,History of the condition in biological family; Heavy alcohol use or substance use disorder; Tobacco use; High blood pressure; Personal or family history of heart attacks; Little to no physical activity,,,
underlying_cause,Cardiomegaly,Infiltrative diseases causing Cardiomegaly,General,Conditions that deposit substances in your heart,,sarcoidosis; amyloidosis; hypothyroidism,"Discussing symptoms, biological family health history, and physical activity; Physical exam (listening with stethoscope for heart murmur, checking for signs of heart failure like leg swelling, crackles in lungs, engorged neck veins); Chest X-ray; Cardiac CT scan; Echocardiogram; Electrocardiogram (EKG); Exercise stress test; Heart MRI; Genetic testing","Lifestyle changes (reduce salt intake, avoid tobacco use, eat heart-healthy foods, regular physical activity, stay at healthy weight, reduce alcohol intake, manage fluid intake); Antiarrhythmics; Angiotensin-converting enzyme (ACE) inhibitors; Angiotensin II receptor blockers (ARBs); Anticoagulants; Beta-blockers; Diuretics (salt pills or water pills); Implanting a pacemaker; Placing an implantable cardioverter defibrillator (ICD); Repairing or replacing a damaged heart valve; Placing a stent or performing coronary artery bypass surgery","Blood clots (can lead to heart attack, stroke, or pulmonary embolism); Heart failure (if left side is enlarged/left ventricular hypertrophy or dilated); Heart murmur; Sudden cardiac death (from deadly abnormal heart rhythms)","Can be short-term or permanent depending on the cause; Can be serious or mild depending on the underlying condition; If caused by a short-term factor (like pregnancy or an infection), the heart returns to its usual size after treatment; If caused by a chronic condition, it usually won't go away and requires ongoing medication/treatment to manage symptoms; Some complications can be fatal; Many people effectively manage symptoms; Early treatment can stop the condition from getting worse; earlier care gives better chances for a good outcome",,"Eating heart-healthy foods; Being physically active for 150 minutes per week (30 minutes 5 times per week); Managing blood pressure, blood sugar, and cholesterol; Maintaining a weight that's healthy for you; Avoiding use of tobacco products and other addictive substances; Sleeping eight hours each night; Drinking alcohol in moderation",,History of the condition in biological family; Heavy alcohol use or substance use disorder; Tobacco use; High blood pressure; Personal or family history of heart attacks; Little to no physical activity,,,
underlying_cause,Cardiomegaly,Diseases that make your heart pump a lot of blood causing Cardiomegaly,General,,,anemia; hyperthyroidism,"Discussing symptoms, biological family health history, and physical activity; Physical exam (listening with stethoscope for heart murmur, checking for signs of heart failure like leg swelling, crackles in lungs, engorged neck veins); Chest X-ray; Cardiac CT scan; Echocardiogram; Electrocardiogram (EKG); Exercise stress test; Heart MRI; Genetic testing","Lifestyle changes (reduce salt intake, avoid tobacco use, eat heart-healthy foods, regular physical activity, stay at healthy weight, reduce alcohol intake, manage fluid intake); Antiarrhythmics; Angiotensin-converting enzyme (ACE) inhibitors; Angiotensin II receptor blockers (ARBs); Anticoagulants; Beta-blockers; Diuretics (salt pills or water pills); Implanting a pacemaker; Placing an implantable cardioverter defibrillator (ICD); Repairing or replacing a damaged heart valve; Placing a stent or performing coronary artery bypass surgery","Blood clots (can lead to heart attack, stroke, or pulmonary embolism); Heart failure (if left side is enlarged/left ventricular hypertrophy or dilated); Heart murmur; Sudden cardiac death (from deadly abnormal heart rhythms)","Can be short-term or permanent depending on the cause; Can be serious or mild depending on the underlying condition; If caused by a short-term factor (like pregnancy or an infection), the heart returns to its usual size after treatment; If caused by a chronic condition, it usually won't go away and requires ongoing medication/treatment to manage symptoms; Some complications can be fatal; Many people effectively manage symptoms; Early treatment can stop the condition from getting worse; earlier care gives better chances for a good outcome",,"Eating heart-healthy foods; Being physically active for 150 minutes per week (30 minutes 5 times per week); Managing blood pressure, blood sugar, and cholesterol; Maintaining a weight that's healthy for you; Avoiding use of tobacco products and other addictive substances; Sleeping eight hours each night; Drinking alcohol in moderation",,History of the condition in biological family; Heavy alcohol use or substance use disorder; Tobacco use; High blood pressure; Personal or family history of heart attacks; Little to no physical activity,,,
underlying_cause,Cardiomegaly,Cardiomyopathy causing Cardiomegaly,General,Heart muscle problems,,Cardiomyopathy,"Discussing symptoms, biological family health history, and physical activity; Physical exam (listening with stethoscope for heart murmur, checking for signs of heart failure like leg swelling, crackles in lungs, engorged neck veins); Chest X-ray; Cardiac CT scan; Echocardiogram; Electrocardiogram (EKG); Exercise stress test; Heart MRI; Genetic testing","Lifestyle changes (reduce salt intake, avoid tobacco use, eat heart-healthy foods, regular physical activity, stay at healthy weight, reduce alcohol intake, manage fluid intake); Antiarrhythmics; Angiotensin-converting enzyme (ACE) inhibitors; Angiotensin II receptor blockers (ARBs); Anticoagulants; Beta-blockers; Diuretics (salt pills or water pills); Implanting a pacemaker; Placing an implantable cardioverter defibrillator (ICD); Repairing or replacing a damaged heart valve; Placing a stent or performing coronary artery bypass surgery","Blood clots (can lead to heart attack, stroke, or pulmonary embolism); Heart failure (if left side is enlarged/left ventricular hypertrophy or dilated); Heart murmur; Sudden cardiac death (from deadly abnormal heart rhythms)","Can be short-term or permanent depending on the cause; Can be serious or mild depending on the underlying condition; If caused by a short-term factor (like pregnancy or an infection), the heart returns to its usual size after treatment; If caused by a chronic condition, it usually won't go away and requires ongoing medication/treatment to manage symptoms; Some complications can be fatal; Many people effectively manage symptoms; Early treatment can stop the condition from getting worse; earlier care gives better chances for a good outcome",,"Eating heart-healthy foods; Being physically active for 150 minutes per week (30 minutes 5 times per week); Managing blood pressure, blood sugar, and cholesterol; Maintaining a weight that's healthy for you; Avoiding use of tobacco products and other addictive substances; Sleeping eight hours each night; Drinking alcohol in moderation",,History of the condition in biological family; Heavy alcohol use or substance use disorder; Tobacco use; High blood pressure; Personal or family history of heart attacks; Little to no physical activity,,,
underlying_cause,Cardiomegaly,Congenital heart disease causing Cardiomegaly,General,Heart problems you're born with,,valve issues; hole in the wall between the left and right sides,"Discussing symptoms, biological family health history, and physical activity; Physical exam (listening with stethoscope for heart murmur, checking for signs of heart failure like leg swelling, crackles in lungs, engorged neck veins); Chest X-ray; Cardiac CT scan; Echocardiogram; Electrocardiogram (EKG); Exercise stress test; Heart MRI; Genetic testing","Lifestyle changes (reduce salt intake, avoid tobacco use, eat heart-healthy foods, regular physical activity, stay at healthy weight, reduce alcohol intake, manage fluid intake); Antiarrhythmics; Angiotensin-converting enzyme (ACE) inhibitors; Angiotensin II receptor blockers (ARBs); Anticoagulants; Beta-blockers; Diuretics (salt pills or water pills); Implanting a pacemaker; Placing an implantable cardioverter defibrillator (ICD); Repairing or replacing a damaged heart valve; Placing a stent or performing coronary artery bypass surgery","Blood clots (can lead to heart attack, stroke, or pulmonary embolism); Heart failure (if left side is enlarged/left ventricular hypertrophy or dilated); Heart murmur; Sudden cardiac death (from deadly abnormal heart rhythms)","Can be short-term or permanent depending on the cause; Can be serious or mild depending on the underlying condition; If caused by a short-term factor (like pregnancy or an infection), the heart returns to its usual size after treatment; If caused by a chronic condition, it usually won't go away and requires ongoing medication/treatment to manage symptoms; Some complications can be fatal; Many people effectively manage symptoms; Early treatment can stop the condition from getting worse; earlier care gives better chances for a good outcome",,"Eating heart-healthy foods; Being physically active for 150 minutes per week (30 minutes 5 times per week); Managing blood pressure, blood sugar, and cholesterol; Maintaining a weight that's healthy for you; Avoiding use of tobacco products and other addictive substances; Sleeping eight hours each night; Drinking alcohol in moderation",,History of the condition in biological family; Heavy alcohol use or substance use disorder; Tobacco use; High blood pressure; Personal or family history of heart attacks; Little to no physical activity,,,
underlying_cause,Cardiomegaly,Hypertensive heart disease causing Cardiomegaly,General,"Damage in your heart from unmanaged, long-term high blood pressure",,Hypertensive heart disease,"Discussing symptoms, biological family health history, and physical activity; Physical exam (listening with stethoscope for heart murmur, checking for signs of heart failure like leg swelling, crackles in lungs, engorged neck veins); Chest X-ray; Cardiac CT scan; Echocardiogram; Electrocardiogram (EKG); Exercise stress test; Heart MRI; Genetic testing","Lifestyle changes (reduce salt intake, avoid tobacco use, eat heart-healthy foods, regular physical activity, stay at healthy weight, reduce alcohol intake, manage fluid intake); Antiarrhythmics; Angiotensin-converting enzyme (ACE) inhibitors; Angiotensin II receptor blockers (ARBs); Anticoagulants; Beta-blockers; Diuretics (salt pills or water pills); Implanting a pacemaker; Placing an implantable cardioverter defibrillator (ICD); Repairing or replacing a damaged heart valve; Placing a stent or performing coronary artery bypass surgery","Blood clots (can lead to heart attack, stroke, or pulmonary embolism); Heart failure (if left side is enlarged/left ventricular hypertrophy or dilated); Heart murmur; Sudden cardiac death (from deadly abnormal heart rhythms)","Can be short-term or permanent depending on the cause; Can be serious or mild depending on the underlying condition; If caused by a short-term factor (like pregnancy or an infection), the heart returns to its usual size after treatment; If caused by a chronic condition, it usually won't go away and requires ongoing medication/treatment to manage symptoms; Some complications can be fatal; Many people effectively manage symptoms; Early treatment can stop the condition from getting worse; earlier care gives better chances for a good outcome",,"Eating heart-healthy foods; Being physically active for 150 minutes per week (30 minutes 5 times per week); Managing blood pressure, blood sugar, and cholesterol; Maintaining a weight that's healthy for you; Avoiding use of tobacco products and other addictive substances; Sleeping eight hours each night; Drinking alcohol in moderation",,History of the condition in biological family; Heavy alcohol use or substance use disorder; Tobacco use; High blood pressure; Personal or family history of heart attacks; Little to no physical activity,,,
underlying_cause,Cardiomegaly,Kidney failure causing Cardiomegaly,General,"Causes fluid buildup, forcing heart to pump more fluid",,Kidney failure,"Discussing symptoms, biological family health history, and physical activity; Physical exam (listening with stethoscope for heart murmur, checking for signs of heart failure like leg swelling, crackles in lungs, engorged neck veins); Chest X-ray; Cardiac CT scan; Echocardiogram; Electrocardiogram (EKG); Exercise stress test; Heart MRI; Genetic testing","Lifestyle changes (reduce salt intake, avoid tobacco use, eat heart-healthy foods, regular physical activity, stay at healthy weight, reduce alcohol intake, manage fluid intake); Antiarrhythmics; Angiotensin-converting enzyme (ACE) inhibitors; Angiotensin II receptor blockers (ARBs); Anticoagulants; Beta-blockers; Diuretics (salt pills or water pills); Implanting a pacemaker; Placing an implantable cardioverter defibrillator (ICD); Repairing or replacing a damaged heart valve; Placing a stent or performing coronary artery bypass surgery","Blood clots (can lead to heart attack, stroke, or pulmonary embolism); Heart failure (if left side is enlarged/left ventricular hypertrophy or dilated); Heart murmur; Sudden cardiac death (from deadly abnormal heart rhythms)","Can be short-term or permanent depending on the cause; Can be serious or mild depending on the underlying condition; If caused by a short-term factor (like pregnancy or an infection), the heart returns to its usual size after treatment; If caused by a chronic condition, it usually won't go away and requires ongoing medication/treatment to manage symptoms; Some complications can be fatal; Many people effectively manage symptoms; Early treatment can stop the condition from getting worse; earlier care gives better chances for a good outcome",,"Eating heart-healthy foods; Being physically active for 150 minutes per week (30 minutes 5 times per week); Managing blood pressure, blood sugar, and cholesterol; Maintaining a weight that's healthy for you; Avoiding use of tobacco products and other addictive substances; Sleeping eight hours each night; Drinking alcohol in moderation",,History of the condition in biological family; Heavy alcohol use or substance use disorder; Tobacco use; High blood pressure; Personal or family history of heart attacks; Little to no physical activity,,,
underlying_cause,Cardiomegaly,Heart valve disease causing Cardiomegaly,General,Narrow or leaky valves keeping blood from flowing normally,,Heart valve disease,"Discussing symptoms, biological family health history, and physical activity; Physical exam (listening with stethoscope for heart murmur, checking for signs of heart failure like leg swelling, crackles in lungs, engorged neck veins); Chest X-ray; Cardiac CT scan; Echocardiogram; Electrocardiogram (EKG); Exercise stress test; Heart MRI; Genetic testing","Lifestyle changes (reduce salt intake, avoid tobacco use, eat heart-healthy foods, regular physical activity, stay at healthy weight, reduce alcohol intake, manage fluid intake); Antiarrhythmics; Angiotensin-converting enzyme (ACE) inhibitors; Angiotensin II receptor blockers (ARBs); Anticoagulants; Beta-blockers; Diuretics (salt pills or water pills); Implanting a pacemaker; Placing an implantable cardioverter defibrillator (ICD); Repairing or replacing a damaged heart valve; Placing a stent or performing coronary artery bypass surgery","Blood clots (can lead to heart attack, stroke, or pulmonary embolism); Heart failure (if left side is enlarged/left ventricular hypertrophy or dilated); Heart murmur; Sudden cardiac death (from deadly abnormal heart rhythms)","Can be short-term or permanent depending on the cause; Can be serious or mild depending on the underlying condition; If caused by a short-term factor (like pregnancy or an infection), the heart returns to its usual size after treatment; If caused by a chronic condition, it usually won't go away and requires ongoing medication/treatment to manage symptoms; Some complications can be fatal; Many people effectively manage symptoms; Early treatment can stop the condition from getting worse; earlier care gives better chances for a good outcome",,"Eating heart-healthy foods; Being physically active for 150 minutes per week (30 minutes 5 times per week); Managing blood pressure, blood sugar, and cholesterol; Maintaining a weight that's healthy for you; Avoiding use of tobacco products and other addictive substances; Sleeping eight hours each night; Drinking alcohol in moderation",,History of the condition in biological family; Heavy alcohol use or substance use disorder; Tobacco use; High blood pressure; Personal or family history of heart attacks; Little to no physical activity,,,
underlying_cause,Cardiomegaly,Lung diseases causing Cardiomegaly,General,,,COPD; pulmonary hypertension; other problems restricting breathing,"Discussing symptoms, biological family health history, and physical activity; Physical exam (listening with stethoscope for heart murmur, checking for signs of heart failure like leg swelling, crackles in lungs, engorged neck veins); Chest X-ray; Cardiac CT scan; Echocardiogram; Electrocardiogram (EKG); Exercise stress test; Heart MRI; Genetic testing","Lifestyle changes (reduce salt intake, avoid tobacco use, eat heart-healthy foods, regular physical activity, stay at healthy weight, reduce alcohol intake, manage fluid intake); Antiarrhythmics; Angiotensin-converting enzyme (ACE) inhibitors; Angiotensin II receptor blockers (ARBs); Anticoagulants; Beta-blockers; Diuretics (salt pills or water pills); Implanting a pacemaker; Placing an implantable cardioverter defibrillator (ICD); Repairing or replacing a damaged heart valve; Placing a stent or performing coronary artery bypass surgery","Blood clots (can lead to heart attack, stroke, or pulmonary embolism); Heart failure (if left side is enlarged/left ventricular hypertrophy or dilated); Heart murmur; Sudden cardiac death (from deadly abnormal heart rhythms)","Can be short-term or permanent depending on the cause; Can be serious or mild depending on the underlying condition; If caused by a short-term factor (like pregnancy or an infection), the heart returns to its usual size after treatment; If caused by a chronic condition, it usually won't go away and requires ongoing medication/treatment to manage symptoms; Some complications can be fatal; Many people effectively manage symptoms; Early treatment can stop the condition from getting worse; earlier care gives better chances for a good outcome",,"Eating heart-healthy foods; Being physically active for 150 minutes per week (30 minutes 5 times per week); Managing blood pressure, blood sugar, and cholesterol; Maintaining a weight that's healthy for you; Avoiding use of tobacco products and other addictive substances; Sleeping eight hours each night; Drinking alcohol in moderation",,History of the condition in biological family; Heavy alcohol use or substance use disorder; Tobacco use; High blood pressure; Personal or family history of heart attacks; Little to no physical activity,,,
underlying_cause,Cardiomegaly,Repeated exertion in elite athletes causing Cardiomegaly,General,,,Repeated exertion in elite athletes,"Discussing symptoms, biological family health history, and physical activity; Physical exam (listening with stethoscope for heart murmur, checking for signs of heart failure like leg swelling, crackles in lungs, engorged neck veins); Chest X-ray; Cardiac CT scan; Echocardiogram; Electrocardiogram (EKG); Exercise stress test; Heart MRI; Genetic testing","Lifestyle changes (reduce salt intake, avoid tobacco use, eat heart-healthy foods, regular physical activity, stay at healthy weight, reduce alcohol intake, manage fluid intake); Antiarrhythmics; Angiotensin-converting enzyme (ACE) inhibitors; Angiotensin II receptor blockers (ARBs); Anticoagulants; Beta-blockers; Diuretics (salt pills or water pills); Implanting a pacemaker; Placing an implantable cardioverter defibrillator (ICD); Repairing or replacing a damaged heart valve; Placing a stent or performing coronary artery bypass surgery","Blood clots (can lead to heart attack, stroke, or pulmonary embolism); Heart failure (if left side is enlarged/left ventricular hypertrophy or dilated); Heart murmur; Sudden cardiac death (from deadly abnormal heart rhythms)","Can be short-term or permanent depending on the cause; Can be serious or mild depending on the underlying condition; If caused by a short-term factor (like pregnancy or an infection), the heart returns to its usual size after treatment; If caused by a chronic condition, it usually won't go away and requires ongoing medication/treatment to manage symptoms; Some complications can be fatal; Many people effectively manage symptoms; Early treatment can stop the condition from getting worse; earlier care gives better chances for a good outcome",,"Eating heart-healthy foods; Being physically active for 150 minutes per week (30 minutes 5 times per week); Managing blood pressure, blood sugar, and cholesterol; Maintaining a weight that's healthy for you; Avoiding use of tobacco products and other addictive substances; Sleeping eight hours each night; Drinking alcohol in moderation",,History of the condition in biological family; Heavy alcohol use or substance use disorder; Tobacco use; High blood pressure; Personal or family history of heart attacks; Little to no physical activity,,,
underlying_cause,Cardiomegaly,Short-term factors causing Cardiomegaly,General,,,pregnancy; infection,"Discussing symptoms, biological family health history, and physical activity; Physical exam (listening with stethoscope for heart murmur, checking for signs of heart failure like leg swelling, crackles in lungs, engorged neck veins); Chest X-ray; Cardiac CT scan; Echocardiogram; Electrocardiogram (EKG); Exercise stress test; Heart MRI; Genetic testing","Lifestyle changes (reduce salt intake, avoid tobacco use, eat heart-healthy foods, regular physical activity, stay at healthy weight, reduce alcohol intake, manage fluid intake); Antiarrhythmics; Angiotensin-converting enzyme (ACE) inhibitors; Angiotensin II receptor blockers (ARBs); Anticoagulants; Beta-blockers; Diuretics (salt pills or water pills); Implanting a pacemaker; Placing an implantable cardioverter defibrillator (ICD); Repairing or replacing a damaged heart valve; Placing a stent or performing coronary artery bypass surgery","Blood clots (can lead to heart attack, stroke, or pulmonary embolism); Heart failure (if left side is enlarged/left ventricular hypertrophy or dilated); Heart murmur; Sudden cardiac death (from deadly abnormal heart rhythms)","Can be short-term or permanent depending on the cause; Can be serious or mild depending on the underlying condition; If caused by a short-term factor (like pregnancy or an infection), the heart returns to its usual size after treatment; If caused by a chronic condition, it usually won't go away and requires ongoing medication/treatment to manage symptoms; Some complications can be fatal; Many people effectively manage symptoms; Early treatment can stop the condition from getting worse; earlier care gives better chances for a good outcome",,"Eating heart-healthy foods; Being physically active for 150 minutes per week (30 minutes 5 times per week); Managing blood pressure, blood sugar, and cholesterol; Maintaining a weight that's healthy for you; Avoiding use of tobacco products and other addictive substances; Sleeping eight hours each night; Drinking alcohol in moderation",,History of the condition in biological family; Heavy alcohol use or substance use disorder; Tobacco use; High blood pressure; Personal or family history of heart attacks; Little to no physical activity,,,
primary,Bullous emphysema,Bullous emphysema,General,N/A,Shortness of breath; Chest pain or pressure; A cough that’s often worse in the morning; Fatigue; Loss of appetite; Nausea; Trouble breathing; A barrel-shaped chest; Clubbed fingers; A loud heartbeat sound due to pulmonary hypertension; Swelling (edema); Wheezing,"Chronic obstructive pulmonary disease (COPD); Cigarette smoking; Crack cocaine or marijuana smoking; Intravenous (through your vein) drug use; Genetic conditions including Alpha-1 antitrypsin deficiency, Ehlers-Danlos syndrome, and Marfan syndrome; Having human immunodeficiency virus (HIV)","Asking about symptoms, health history, and family medical history; Physical exam; Pulmonary function testing; Spirometry; Chest X-ray; CT scan; Blood tests (checking for acidic blood/respiratory acidosis or low oxygen levels); Complete blood count (CBC); Electrocardiogram (EKG); Blood tests to test for alpha-1 antitrypsin deficiency",Bronchodilators; Antibiotics; Corticosteroids; Supplemental oxygen therapy; Bullectomy (open surgery or video-assisted thoracic surgery); Bronchoscopic lung volume reduction (BLVR); Lung volume reduction surgery (LVRS); Lung transplant,Vanishing lung syndrome; Lung shrinkage; Permanent damage to your lungs; Collapsed lung (pneumothorax); Coughing up blood (hemoptysis); Lung infection,"Treatment can help you manage the condition and increase your lifespan; Bullous emphysema is a lifelong health condition; Once your lungs become damaged, they won’t heal; The sooner you start treating BE, the sooner you can help stop it from becoming worse",,Not smoking or quitting smoking,"Managing your symptoms; Finding treatments that work for you; Talk with your healthcare provider about what vaccines you might need, including flu, COVID and pneumococcus",,,,
primary,Pleural Thickening,Pleural Thickening,General,A condition developing when scar tissue thickens the delicate lining around the lungs (the pleura).,"Often asymptomatic in early stages; Chest pain; Cough; Difficulty catching your breath; Difficulty or inability to take a deep breath; Fatigue; Fever; Pain when exhaling or inhaling; Shortness of breath (dyspnea), especially after or during exertion; Breathlessness during physical activity","Asbestos exposure; Empyema (buildup of pus in the pleural cavity); Hemothorax (excess blood in the pleural cavity); Infection, including tuberculosis or pneumonia; Inflammation; Injury to the ribs or chest; Lung cancer; Medications (e.g., cyclophosphamides); Pleural effusions; Pulmonary embolism; Tumors (benign or malignant)","Chest X-ray; CT scan; Magnetic resonance imaging (MRI); Physical examination (checking for physical symptoms, such as altered breathing sounds); Positron emission tomography (PET scan); Ultrasound; Biopsies; Respiratory function tests (analyzing diffusing capacity and testing lung volume)","Many cases do not require treatment; Treatment for the underlying cause; Pulmonary rehabilitation; Cessation of smoking; Exercising regularly; Improving diet and nutrition; Learning breathing strategies; Learning how to conserve energy; Pleurectomy and decortication (P/D) surgical procedure (in rare, serious cases); Regular respiratory function tests",Limited lung function; Impaired breathing; Severe lung restriction (in rare cases),"Progressive disease; symptoms often become more severe over time; Not always serious; Long-term effects are fairly mild in most cases; Can be benign (typically will not impede normal lung functioning unless advanced); Cannot be cured, but treatment can help manage symptoms; Not documented to be fatal on its own; Prognosis may depend on underlying condition (like lung disease or mesothelioma)","On its own, pleural thickening usually doesn't impact life expectancy",Cessation of smoking,Regularly exercising; Improving diet and nutrition; Learning breathing strategies; Learning how to conserve energy,Smoking (or past smoking history); Asbestos exposure in workers,,,
subtype,Pleural Thickening,By Distribution,General,"A subtype, category, or etiology of Pleural Thickening.","Often asymptomatic in early stages; Chest pain; Cough; Difficulty catching your breath; Difficulty or inability to take a deep breath; Fatigue; Fever; Pain when exhaling or inhaling; Shortness of breath (dyspnea), especially after or during exertion; Breathlessness during physical activity","Asbestos exposure; Empyema (buildup of pus in the pleural cavity); Hemothorax (excess blood in the pleural cavity); Infection, including tuberculosis or pneumonia; Inflammation; Injury to the ribs or chest; Lung cancer; Medications (e.g., cyclophosphamides); Pleural effusions; Pulmonary embolism; Tumors (benign or malignant)","Chest X-ray; CT scan; Magnetic resonance imaging (MRI); Physical examination (checking for physical symptoms, such as altered breathing sounds); Positron emission tomography (PET scan); Ultrasound; Biopsies; Respiratory function tests (analyzing diffusing capacity and testing lung volume)","Many cases do not require treatment; Treatment for the underlying cause; Pulmonary rehabilitation; Cessation of smoking; Exercising regularly; Improving diet and nutrition; Learning breathing strategies; Learning how to conserve energy; Pleurectomy and decortication (P/D) surgical procedure (in rare, serious cases); Regular respiratory function tests",Limited lung function; Impaired breathing; Severe lung restriction (in rare cases),"Progressive disease; symptoms often become more severe over time; Not always serious; Long-term effects are fairly mild in most cases; Can be benign (typically will not impede normal lung functioning unless advanced); Cannot be cured, but treatment can help manage symptoms; Not documented to be fatal on its own; Prognosis may depend on underlying condition (like lung disease or mesothelioma)","On its own, pleural thickening usually doesn't impact life expectancy",Cessation of smoking,Regularly exercising; Improving diet and nutrition; Learning breathing strategies; Learning how to conserve energy,Smoking (or past smoking history); Asbestos exposure in workers,,,
subtype,Pleural Thickening,Diffuse Pleural Thickening (DPT) (By Distribution),General,"Thickening of 50% or more of either the left or right pleura, or thickening of 25% or more of both pleurae.","Often asymptomatic in early stages; Chest pain; Cough; Difficulty catching your breath; Difficulty or inability to take a deep breath; Fatigue; Fever; Pain when exhaling or inhaling; Shortness of breath (dyspnea), especially after or during exertion; Breathlessness during physical activity","Asbestos exposure; Empyema (buildup of pus in the pleural cavity); Hemothorax (excess blood in the pleural cavity); Infection, including tuberculosis or pneumonia; Inflammation; Injury to the ribs or chest; Lung cancer; Medications (e.g., cyclophosphamides); Pleural effusions; Pulmonary embolism; Tumors (benign or malignant)","Chest X-ray; CT scan; Magnetic resonance imaging (MRI); Physical examination (checking for physical symptoms, such as altered breathing sounds); Positron emission tomography (PET scan); Ultrasound; Biopsies; Respiratory function tests (analyzing diffusing capacity and testing lung volume)","Many cases do not require treatment; Treatment for the underlying cause; Pulmonary rehabilitation; Cessation of smoking; Exercising regularly; Improving diet and nutrition; Learning breathing strategies; Learning how to conserve energy; Pleurectomy and decortication (P/D) surgical procedure (in rare, serious cases); Regular respiratory function tests",Limited lung function; Impaired breathing; Severe lung restriction (in rare cases),"Progressive disease; symptoms often become more severe over time; Not always serious; Long-term effects are fairly mild in most cases; Can be benign (typically will not impede normal lung functioning unless advanced); Cannot be cured, but treatment can help manage symptoms; Not documented to be fatal on its own; Prognosis may depend on underlying condition (like lung disease or mesothelioma)","On its own, pleural thickening usually doesn't impact life expectancy",Cessation of smoking,Regularly exercising; Improving diet and nutrition; Learning breathing strategies; Learning how to conserve energy,Smoking (or past smoking history); Asbestos exposure in workers,,,
subtype,Pleural Thickening,Mesothelioma-specific diffuse pleural thickening (Diffuse Pleural Thickening (DPT)),General,"Thickening and scarring of the visceral pleura, which can lead to the collapse of the pleural space.","Often asymptomatic in early stages; Chest pain; Cough; Difficulty catching your breath; Difficulty or inability to take a deep breath; Fatigue; Fever; Pain when exhaling or inhaling; Shortness of breath (dyspnea), especially after or during exertion; Breathlessness during physical activity","Asbestos exposure; Empyema (buildup of pus in the pleural cavity); Hemothorax (excess blood in the pleural cavity); Infection, including tuberculosis or pneumonia; Inflammation; Injury to the ribs or chest; Lung cancer; Medications (e.g., cyclophosphamides); Pleural effusions; Pulmonary embolism; Tumors (benign or malignant)","Chest X-ray; CT scan; Magnetic resonance imaging (MRI); Physical examination (checking for physical symptoms, such as altered breathing sounds); Positron emission tomography (PET scan); Ultrasound; Biopsies; Respiratory function tests (analyzing diffusing capacity and testing lung volume)","Many cases do not require treatment; Treatment for the underlying cause; Pulmonary rehabilitation; Cessation of smoking; Exercising regularly; Improving diet and nutrition; Learning breathing strategies; Learning how to conserve energy; Pleurectomy and decortication (P/D) surgical procedure (in rare, serious cases); Regular respiratory function tests",Limited lung function; Impaired breathing; Severe lung restriction (in rare cases),"Progressive disease; symptoms often become more severe over time; Not always serious; Long-term effects are fairly mild in most cases; Can be benign (typically will not impede normal lung functioning unless advanced); Cannot be cured, but treatment can help manage symptoms; Not documented to be fatal on its own; Prognosis may depend on underlying condition (like lung disease or mesothelioma)","On its own, pleural thickening usually doesn't impact life expectancy",Cessation of smoking,Regularly exercising; Improving diet and nutrition; Learning breathing strategies; Learning how to conserve energy,Smoking (or past smoking history); Asbestos exposure in workers,,,
subtype,Pleural Thickening,Focal Pleural Thickening (By Distribution),General,Thickening confined to one or more specific areas of the pleura.,"Often asymptomatic in early stages; Chest pain; Cough; Difficulty catching your breath; Difficulty or inability to take a deep breath; Fatigue; Fever; Pain when exhaling or inhaling; Shortness of breath (dyspnea), especially after or during exertion; Breathlessness during physical activity","Asbestos exposure; Empyema (buildup of pus in the pleural cavity); Hemothorax (excess blood in the pleural cavity); Infection, including tuberculosis or pneumonia; Inflammation; Injury to the ribs or chest; Lung cancer; Medications (e.g., cyclophosphamides); Pleural effusions; Pulmonary embolism; Tumors (benign or malignant)","Chest X-ray; CT scan; Magnetic resonance imaging (MRI); Physical examination (checking for physical symptoms, such as altered breathing sounds); Positron emission tomography (PET scan); Ultrasound; Biopsies; Respiratory function tests (analyzing diffusing capacity and testing lung volume)","Many cases do not require treatment; Treatment for the underlying cause; Pulmonary rehabilitation; Cessation of smoking; Exercising regularly; Improving diet and nutrition; Learning breathing strategies; Learning how to conserve energy; Pleurectomy and decortication (P/D) surgical procedure (in rare, serious cases); Regular respiratory function tests",Limited lung function; Impaired breathing; Severe lung restriction (in rare cases),"Progressive disease; symptoms often become more severe over time; Not always serious; Long-term effects are fairly mild in most cases; Can be benign (typically will not impede normal lung functioning unless advanced); Cannot be cured, but treatment can help manage symptoms; Not documented to be fatal on its own; Prognosis may depend on underlying condition (like lung disease or mesothelioma)","On its own, pleural thickening usually doesn't impact life expectancy",Cessation of smoking,Regularly exercising; Improving diet and nutrition; Learning breathing strategies; Learning how to conserve energy,Smoking (or past smoking history); Asbestos exposure in workers,,,
subtype,Pleural Thickening,By Laterality,General,"A subtype, category, or etiology of Pleural Thickening.","Often asymptomatic in early stages; Chest pain; Cough; Difficulty catching your breath; Difficulty or inability to take a deep breath; Fatigue; Fever; Pain when exhaling or inhaling; Shortness of breath (dyspnea), especially after or during exertion; Breathlessness during physical activity","Asbestos exposure; Empyema (buildup of pus in the pleural cavity); Hemothorax (excess blood in the pleural cavity); Infection, including tuberculosis or pneumonia; Inflammation; Injury to the ribs or chest; Lung cancer; Medications (e.g., cyclophosphamides); Pleural effusions; Pulmonary embolism; Tumors (benign or malignant)","Chest X-ray; CT scan; Magnetic resonance imaging (MRI); Physical examination (checking for physical symptoms, such as altered breathing sounds); Positron emission tomography (PET scan); Ultrasound; Biopsies; Respiratory function tests (analyzing diffusing capacity and testing lung volume)","Many cases do not require treatment; Treatment for the underlying cause; Pulmonary rehabilitation; Cessation of smoking; Exercising regularly; Improving diet and nutrition; Learning breathing strategies; Learning how to conserve energy; Pleurectomy and decortication (P/D) surgical procedure (in rare, serious cases); Regular respiratory function tests",Limited lung function; Impaired breathing; Severe lung restriction (in rare cases),"Progressive disease; symptoms often become more severe over time; Not always serious; Long-term effects are fairly mild in most cases; Can be benign (typically will not impede normal lung functioning unless advanced); Cannot be cured, but treatment can help manage symptoms; Not documented to be fatal on its own; Prognosis may depend on underlying condition (like lung disease or mesothelioma)","On its own, pleural thickening usually doesn't impact life expectancy",Cessation of smoking,Regularly exercising; Improving diet and nutrition; Learning breathing strategies; Learning how to conserve energy,Smoking (or past smoking history); Asbestos exposure in workers,,,
subtype,Pleural Thickening,Unilateral Pleural Thickening (By Laterality),General,Affects the pleura of one lung.,"Often asymptomatic in early stages; Chest pain; Cough; Difficulty catching your breath; Difficulty or inability to take a deep breath; Fatigue; Fever; Pain when exhaling or inhaling; Shortness of breath (dyspnea), especially after or during exertion; Breathlessness during physical activity","Asbestos exposure; Empyema (buildup of pus in the pleural cavity); Hemothorax (excess blood in the pleural cavity); Infection, including tuberculosis or pneumonia; Inflammation; Injury to the ribs or chest; Lung cancer; Medications (e.g., cyclophosphamides); Pleural effusions; Pulmonary embolism; Tumors (benign or malignant)","Chest X-ray; CT scan; Magnetic resonance imaging (MRI); Physical examination (checking for physical symptoms, such as altered breathing sounds); Positron emission tomography (PET scan); Ultrasound; Biopsies; Respiratory function tests (analyzing diffusing capacity and testing lung volume)","Many cases do not require treatment; Treatment for the underlying cause; Pulmonary rehabilitation; Cessation of smoking; Exercising regularly; Improving diet and nutrition; Learning breathing strategies; Learning how to conserve energy; Pleurectomy and decortication (P/D) surgical procedure (in rare, serious cases); Regular respiratory function tests",Limited lung function; Impaired breathing; Severe lung restriction (in rare cases),"Progressive disease; symptoms often become more severe over time; Not always serious; Long-term effects are fairly mild in most cases; Can be benign (typically will not impede normal lung functioning unless advanced); Cannot be cured, but treatment can help manage symptoms; Not documented to be fatal on its own; Prognosis may depend on underlying condition (like lung disease or mesothelioma)","On its own, pleural thickening usually doesn't impact life expectancy",Cessation of smoking,Regularly exercising; Improving diet and nutrition; Learning breathing strategies; Learning how to conserve energy,Smoking (or past smoking history); Asbestos exposure in workers,,,
subtype,Pleural Thickening,Bilateral Pleural Thickening (By Laterality),General,Affects the pleura of both lungs.,"Often asymptomatic in early stages; Chest pain; Cough; Difficulty catching your breath; Difficulty or inability to take a deep breath; Fatigue; Fever; Pain when exhaling or inhaling; Shortness of breath (dyspnea), especially after or during exertion; Breathlessness during physical activity","Asbestos exposure; Empyema (buildup of pus in the pleural cavity); Hemothorax (excess blood in the pleural cavity); Infection, including tuberculosis or pneumonia; Inflammation; Injury to the ribs or chest; Lung cancer; Medications (e.g., cyclophosphamides); Pleural effusions; Pulmonary embolism; Tumors (benign or malignant)","Chest X-ray; CT scan; Magnetic resonance imaging (MRI); Physical examination (checking for physical symptoms, such as altered breathing sounds); Positron emission tomography (PET scan); Ultrasound; Biopsies; Respiratory function tests (analyzing diffusing capacity and testing lung volume)","Many cases do not require treatment; Treatment for the underlying cause; Pulmonary rehabilitation; Cessation of smoking; Exercising regularly; Improving diet and nutrition; Learning breathing strategies; Learning how to conserve energy; Pleurectomy and decortication (P/D) surgical procedure (in rare, serious cases); Regular respiratory function tests",Limited lung function; Impaired breathing; Severe lung restriction (in rare cases),"Progressive disease; symptoms often become more severe over time; Not always serious; Long-term effects are fairly mild in most cases; Can be benign (typically will not impede normal lung functioning unless advanced); Cannot be cured, but treatment can help manage symptoms; Not documented to be fatal on its own; Prognosis may depend on underlying condition (like lung disease or mesothelioma)","On its own, pleural thickening usually doesn't impact life expectancy",Cessation of smoking,Regularly exercising; Improving diet and nutrition; Learning breathing strategies; Learning how to conserve energy,Smoking (or past smoking history); Asbestos exposure in workers,,,
subtype,Pleural Thickening,By Anatomical Location,General,"A subtype, category, or etiology of Pleural Thickening.","Often asymptomatic in early stages; Chest pain; Cough; Difficulty catching your breath; Difficulty or inability to take a deep breath; Fatigue; Fever; Pain when exhaling or inhaling; Shortness of breath (dyspnea), especially after or during exertion; Breathlessness during physical activity","Asbestos exposure; Empyema (buildup of pus in the pleural cavity); Hemothorax (excess blood in the pleural cavity); Infection, including tuberculosis or pneumonia; Inflammation; Injury to the ribs or chest; Lung cancer; Medications (e.g., cyclophosphamides); Pleural effusions; Pulmonary embolism; Tumors (benign or malignant)","Chest X-ray; CT scan; Magnetic resonance imaging (MRI); Physical examination (checking for physical symptoms, such as altered breathing sounds); Positron emission tomography (PET scan); Ultrasound; Biopsies; Respiratory function tests (analyzing diffusing capacity and testing lung volume)","Many cases do not require treatment; Treatment for the underlying cause; Pulmonary rehabilitation; Cessation of smoking; Exercising regularly; Improving diet and nutrition; Learning breathing strategies; Learning how to conserve energy; Pleurectomy and decortication (P/D) surgical procedure (in rare, serious cases); Regular respiratory function tests",Limited lung function; Impaired breathing; Severe lung restriction (in rare cases),"Progressive disease; symptoms often become more severe over time; Not always serious; Long-term effects are fairly mild in most cases; Can be benign (typically will not impede normal lung functioning unless advanced); Cannot be cured, but treatment can help manage symptoms; Not documented to be fatal on its own; Prognosis may depend on underlying condition (like lung disease or mesothelioma)","On its own, pleural thickening usually doesn't impact life expectancy",Cessation of smoking,Regularly exercising; Improving diet and nutrition; Learning breathing strategies; Learning how to conserve energy,Smoking (or past smoking history); Asbestos exposure in workers,,,
subtype,Pleural Thickening,Parietal Pleura (By Anatomical Location),General,The outer membrane of the lung attached to the chest wall.,"Often asymptomatic in early stages; Chest pain; Cough; Difficulty catching your breath; Difficulty or inability to take a deep breath; Fatigue; Fever; Pain when exhaling or inhaling; Shortness of breath (dyspnea), especially after or during exertion; Breathlessness during physical activity","Asbestos exposure; Empyema (buildup of pus in the pleural cavity); Hemothorax (excess blood in the pleural cavity); Infection, including tuberculosis or pneumonia; Inflammation; Injury to the ribs or chest; Lung cancer; Medications (e.g., cyclophosphamides); Pleural effusions; Pulmonary embolism; Tumors (benign or malignant)","Chest X-ray; CT scan; Magnetic resonance imaging (MRI); Physical examination (checking for physical symptoms, such as altered breathing sounds); Positron emission tomography (PET scan); Ultrasound; Biopsies; Respiratory function tests (analyzing diffusing capacity and testing lung volume)","Many cases do not require treatment; Treatment for the underlying cause; Pulmonary rehabilitation; Cessation of smoking; Exercising regularly; Improving diet and nutrition; Learning breathing strategies; Learning how to conserve energy; Pleurectomy and decortication (P/D) surgical procedure (in rare, serious cases); Regular respiratory function tests",Limited lung function; Impaired breathing; Severe lung restriction (in rare cases),"Progressive disease; symptoms often become more severe over time; Not always serious; Long-term effects are fairly mild in most cases; Can be benign (typically will not impede normal lung functioning unless advanced); Cannot be cured, but treatment can help manage symptoms; Not documented to be fatal on its own; Prognosis may depend on underlying condition (like lung disease or mesothelioma)","On its own, pleural thickening usually doesn't impact life expectancy",Cessation of smoking,Regularly exercising; Improving diet and nutrition; Learning breathing strategies; Learning how to conserve energy,Smoking (or past smoking history); Asbestos exposure in workers,,,
subtype,Pleural Thickening,Visceral Pleura (By Anatomical Location),General,The inner membrane directly covering the lung tissue.,"Often asymptomatic in early stages; Chest pain; Cough; Difficulty catching your breath; Difficulty or inability to take a deep breath; Fatigue; Fever; Pain when exhaling or inhaling; Shortness of breath (dyspnea), especially after or during exertion; Breathlessness during physical activity","Asbestos exposure; Empyema (buildup of pus in the pleural cavity); Hemothorax (excess blood in the pleural cavity); Infection, including tuberculosis or pneumonia; Inflammation; Injury to the ribs or chest; Lung cancer; Medications (e.g., cyclophosphamides); Pleural effusions; Pulmonary embolism; Tumors (benign or malignant)","Chest X-ray; CT scan; Magnetic resonance imaging (MRI); Physical examination (checking for physical symptoms, such as altered breathing sounds); Positron emission tomography (PET scan); Ultrasound; Biopsies; Respiratory function tests (analyzing diffusing capacity and testing lung volume)","Many cases do not require treatment; Treatment for the underlying cause; Pulmonary rehabilitation; Cessation of smoking; Exercising regularly; Improving diet and nutrition; Learning breathing strategies; Learning how to conserve energy; Pleurectomy and decortication (P/D) surgical procedure (in rare, serious cases); Regular respiratory function tests",Limited lung function; Impaired breathing; Severe lung restriction (in rare cases),"Progressive disease; symptoms often become more severe over time; Not always serious; Long-term effects are fairly mild in most cases; Can be benign (typically will not impede normal lung functioning unless advanced); Cannot be cured, but treatment can help manage symptoms; Not documented to be fatal on its own; Prognosis may depend on underlying condition (like lung disease or mesothelioma)","On its own, pleural thickening usually doesn't impact life expectancy",Cessation of smoking,Regularly exercising; Improving diet and nutrition; Learning breathing strategies; Learning how to conserve energy,Smoking (or past smoking history); Asbestos exposure in workers,,,
subtype,Pleural Thickening,Pleural Space (By Anatomical Location),General,The inner space between the visceral and parietal pleura.,"Often asymptomatic in early stages; Chest pain; Cough; Difficulty catching your breath; Difficulty or inability to take a deep breath; Fatigue; Fever; Pain when exhaling or inhaling; Shortness of breath (dyspnea), especially after or during exertion; Breathlessness during physical activity","Asbestos exposure; Empyema (buildup of pus in the pleural cavity); Hemothorax (excess blood in the pleural cavity); Infection, including tuberculosis or pneumonia; Inflammation; Injury to the ribs or chest; Lung cancer; Medications (e.g., cyclophosphamides); Pleural effusions; Pulmonary embolism; Tumors (benign or malignant)","Chest X-ray; CT scan; Magnetic resonance imaging (MRI); Physical examination (checking for physical symptoms, such as altered breathing sounds); Positron emission tomography (PET scan); Ultrasound; Biopsies; Respiratory function tests (analyzing diffusing capacity and testing lung volume)","Many cases do not require treatment; Treatment for the underlying cause; Pulmonary rehabilitation; Cessation of smoking; Exercising regularly; Improving diet and nutrition; Learning breathing strategies; Learning how to conserve energy; Pleurectomy and decortication (P/D) surgical procedure (in rare, serious cases); Regular respiratory function tests",Limited lung function; Impaired breathing; Severe lung restriction (in rare cases),"Progressive disease; symptoms often become more severe over time; Not always serious; Long-term effects are fairly mild in most cases; Can be benign (typically will not impede normal lung functioning unless advanced); Cannot be cured, but treatment can help manage symptoms; Not documented to be fatal on its own; Prognosis may depend on underlying condition (like lung disease or mesothelioma)","On its own, pleural thickening usually doesn't impact life expectancy",Cessation of smoking,Regularly exercising; Improving diet and nutrition; Learning breathing strategies; Learning how to conserve energy,Smoking (or past smoking history); Asbestos exposure in workers,,,
underlying_cause,Pleural Thickening,Malignant Pleural Mesothelioma causing Pleural Thickening,General,"Inhaled or ingested asbestos fibers get trapped in the pleura, cause chronic inflammation, severe fibrosis/scarring, and accumulating scar tissue preventing lungs from fully expanding.",,Malignant Pleural Mesothelioma,"Chest X-ray; CT scan; Magnetic resonance imaging (MRI); Physical examination (checking for physical symptoms, such as altered breathing sounds); Positron emission tomography (PET scan); Ultrasound; Biopsies; Respiratory function tests (analyzing diffusing capacity and testing lung volume)","Many cases do not require treatment; Treatment for the underlying cause; Pulmonary rehabilitation; Cessation of smoking; Exercising regularly; Improving diet and nutrition; Learning breathing strategies; Learning how to conserve energy; Pleurectomy and decortication (P/D) surgical procedure (in rare, serious cases); Regular respiratory function tests",Limited lung function; Impaired breathing; Severe lung restriction (in rare cases),"Progressive disease; symptoms often become more severe over time; Not always serious; Long-term effects are fairly mild in most cases; Can be benign (typically will not impede normal lung functioning unless advanced); Cannot be cured, but treatment can help manage symptoms; Not documented to be fatal on its own; Prognosis may depend on underlying condition (like lung disease or mesothelioma)","On its own, pleural thickening usually doesn't impact life expectancy",Cessation of smoking,Regularly exercising; Improving diet and nutrition; Learning breathing strategies; Learning how to conserve energy,Smoking (or past smoking history); Asbestos exposure in workers,,,
underlying_cause,Pleural Thickening,Pleural Effusion causing Pleural Thickening,General,Buildup of fluid between the pleurae; can cause pleural thickening or develop alongside it.,,Pleural Effusion,"Chest X-ray; CT scan; Magnetic resonance imaging (MRI); Physical examination (checking for physical symptoms, such as altered breathing sounds); Positron emission tomography (PET scan); Ultrasound; Biopsies; Respiratory function tests (analyzing diffusing capacity and testing lung volume)","Many cases do not require treatment; Treatment for the underlying cause; Pulmonary rehabilitation; Cessation of smoking; Exercising regularly; Improving diet and nutrition; Learning breathing strategies; Learning how to conserve energy; Pleurectomy and decortication (P/D) surgical procedure (in rare, serious cases); Regular respiratory function tests",Limited lung function; Impaired breathing; Severe lung restriction (in rare cases),"Progressive disease; symptoms often become more severe over time; Not always serious; Long-term effects are fairly mild in most cases; Can be benign (typically will not impede normal lung functioning unless advanced); Cannot be cured, but treatment can help manage symptoms; Not documented to be fatal on its own; Prognosis may depend on underlying condition (like lung disease or mesothelioma)","On its own, pleural thickening usually doesn't impact life expectancy",Cessation of smoking,Regularly exercising; Improving diet and nutrition; Learning breathing strategies; Learning how to conserve energy,Smoking (or past smoking history); Asbestos exposure in workers,,,
underlying_cause,Pleural Thickening,Pleural Plaques causing Pleural Thickening,General,"Buildup of gray/white tissue on the pleura and areas of benign thickening, most commonly in parietal pleura; distinct from pleural thickening.",,Pleural Plaques,"Chest X-ray; CT scan; Magnetic resonance imaging (MRI); Physical examination (checking for physical symptoms, such as altered breathing sounds); Positron emission tomography (PET scan); Ultrasound; Biopsies; Respiratory function tests (analyzing diffusing capacity and testing lung volume)","Many cases do not require treatment; Treatment for the underlying cause; Pulmonary rehabilitation; Cessation of smoking; Exercising regularly; Improving diet and nutrition; Learning breathing strategies; Learning how to conserve energy; Pleurectomy and decortication (P/D) surgical procedure (in rare, serious cases); Regular respiratory function tests",Limited lung function; Impaired breathing; Severe lung restriction (in rare cases),"Progressive disease; symptoms often become more severe over time; Not always serious; Long-term effects are fairly mild in most cases; Can be benign (typically will not impede normal lung functioning unless advanced); Cannot be cured, but treatment can help manage symptoms; Not documented to be fatal on its own; Prognosis may depend on underlying condition (like lung disease or mesothelioma)","On its own, pleural thickening usually doesn't impact life expectancy",Cessation of smoking,Regularly exercising; Improving diet and nutrition; Learning breathing strategies; Learning how to conserve energy,Smoking (or past smoking history); Asbestos exposure in workers,,,
underlying_cause,Pleural Thickening,Lung Cancer causing Pleural Thickening,General,Underlying condition that can cause pleural thickening.,,Lung Cancer,"Chest X-ray; CT scan; Magnetic resonance imaging (MRI); Physical examination (checking for physical symptoms, such as altered breathing sounds); Positron emission tomography (PET scan); Ultrasound; Biopsies; Respiratory function tests (analyzing diffusing capacity and testing lung volume)","Many cases do not require treatment; Treatment for the underlying cause; Pulmonary rehabilitation; Cessation of smoking; Exercising regularly; Improving diet and nutrition; Learning breathing strategies; Learning how to conserve energy; Pleurectomy and decortication (P/D) surgical procedure (in rare, serious cases); Regular respiratory function tests",Limited lung function; Impaired breathing; Severe lung restriction (in rare cases),"Progressive disease; symptoms often become more severe over time; Not always serious; Long-term effects are fairly mild in most cases; Can be benign (typically will not impede normal lung functioning unless advanced); Cannot be cured, but treatment can help manage symptoms; Not documented to be fatal on its own; Prognosis may depend on underlying condition (like lung disease or mesothelioma)","On its own, pleural thickening usually doesn't impact life expectancy",Cessation of smoking,Regularly exercising; Improving diet and nutrition; Learning breathing strategies; Learning how to conserve energy,Smoking (or past smoking history); Asbestos exposure in workers,,,
underlying_cause,Pleural Thickening,Tuberculosis causing Pleural Thickening,General,Infectious cause of pleural thickening.,,Tuberculosis,"Chest X-ray; CT scan; Magnetic resonance imaging (MRI); Physical examination (checking for physical symptoms, such as altered breathing sounds); Positron emission tomography (PET scan); Ultrasound; Biopsies; Respiratory function tests (analyzing diffusing capacity and testing lung volume)","Many cases do not require treatment; Treatment for the underlying cause; Pulmonary rehabilitation; Cessation of smoking; Exercising regularly; Improving diet and nutrition; Learning breathing strategies; Learning how to conserve energy; Pleurectomy and decortication (P/D) surgical procedure (in rare, serious cases); Regular respiratory function tests",Limited lung function; Impaired breathing; Severe lung restriction (in rare cases),"Progressive disease; symptoms often become more severe over time; Not always serious; Long-term effects are fairly mild in most cases; Can be benign (typically will not impede normal lung functioning unless advanced); Cannot be cured, but treatment can help manage symptoms; Not documented to be fatal on its own; Prognosis may depend on underlying condition (like lung disease or mesothelioma)","On its own, pleural thickening usually doesn't impact life expectancy",Cessation of smoking,Regularly exercising; Improving diet and nutrition; Learning breathing strategies; Learning how to conserve energy,Smoking (or past smoking history); Asbestos exposure in workers,,,
underlying_cause,Pleural Thickening,Pneumonia causing Pleural Thickening,General,Infectious cause of pleural thickening.,,Pneumonia,"Chest X-ray; CT scan; Magnetic resonance imaging (MRI); Physical examination (checking for physical symptoms, such as altered breathing sounds); Positron emission tomography (PET scan); Ultrasound; Biopsies; Respiratory function tests (analyzing diffusing capacity and testing lung volume)","Many cases do not require treatment; Treatment for the underlying cause; Pulmonary rehabilitation; Cessation of smoking; Exercising regularly; Improving diet and nutrition; Learning breathing strategies; Learning how to conserve energy; Pleurectomy and decortication (P/D) surgical procedure (in rare, serious cases); Regular respiratory function tests",Limited lung function; Impaired breathing; Severe lung restriction (in rare cases),"Progressive disease; symptoms often become more severe over time; Not always serious; Long-term effects are fairly mild in most cases; Can be benign (typically will not impede normal lung functioning unless advanced); Cannot be cured, but treatment can help manage symptoms; Not documented to be fatal on its own; Prognosis may depend on underlying condition (like lung disease or mesothelioma)","On its own, pleural thickening usually doesn't impact life expectancy",Cessation of smoking,Regularly exercising; Improving diet and nutrition; Learning breathing strategies; Learning how to conserve energy,Smoking (or past smoking history); Asbestos exposure in workers,,,
primary,Hernia,Hernia,General,A condition occurring when an internal organ or tissue pushes through a weakness or preexisting opening in surrounding muscle or connective tissue.,Visible lump or bulge that appears during certain activities or in certain physical positions and goes back in at other times; Pressure; Dull ache; Pinching when the hernia comes out; Sharp pain when the hernia comes through the opening; Irritability in babies,Gradual occurrence as you get older and regular wear and tear on your muscles begins to add up; Injury / traumatic injury; Surgery; Birth disorder / preexisting opening; Weakness or a preexisting opening in your muscle or connective tissue; Repetitive stress injury; Years of pressure or exertion,"Simple physical exam; Asking you to cough or adjust your position; Physically reducing it; Soft tissue imaging, such as a CT scan",Wait-and-watch approach; Surgical repair (pushing herniated tissue back into place and reinforcing the barrier with stitches or surgical mesh); Minimally-invasive methods (laparoscopic surgery or robotic surgery); Traditional open surgery,"Incarceration (hernia getting stuck in the hole and unable to go back in); Strangulation (tissue cut off from blood supply); Necrosis (tissue death); Gangrene; Bowel obstruction; Fever; Nausea; Vomiting; Surgical complications: excessive bleeding, wound infection, reactions to anesthesia, short-term difficulty urinating","Most aren’t serious, but they can be and can become more serious over time; Tend to worsen over time, most will need surgical repair sooner or later; Small hernia may never bother you much, but hernias tend to grow bigger over time; Surgery is usually a simple outpatient procedure with a short recovery; Surgery is almost always successful, but there is a 10% chance of the hernia returning sometime later",,,Adjust habits or the nature of work to avoid straining the hernia; Wearing a special restraining belt to hold it in during certain activities; Pay attention to symptoms and any changes experienced,,,,
subtype,Hernia,Inguinal Hernia,General,"A subtype, category, or etiology of Hernia.",Visible scrotal swelling in people with testicles,Gradual occurrence as you get older and regular wear and tear on your muscles begins to add up; Injury / traumatic injury; Surgery; Birth disorder / preexisting opening; Weakness or a preexisting opening in your muscle or connective tissue; Repetitive stress injury; Years of pressure or exertion,"Simple physical exam; Asking you to cough or adjust your position; Physically reducing it; Soft tissue imaging, such as a CT scan",Wait-and-watch approach; Surgical repair (pushing herniated tissue back into place and reinforcing the barrier with stitches or surgical mesh); Minimally-invasive methods (laparoscopic surgery or robotic surgery); Traditional open surgery,Chronic groin pain after inguinal hernia repair,"Most aren’t serious, but they can be and can become more serious over time; Tend to worsen over time, most will need surgical repair sooner or later; Small hernia may never bother you much, but hernias tend to grow bigger over time; Surgery is usually a simple outpatient procedure with a short recovery; Surgery is almost always successful, but there is a 10% chance of the hernia returning sometime later",,,Adjust habits or the nature of work to avoid straining the hernia; Wearing a special restraining belt to hold it in during certain activities; Pay attention to symptoms and any changes experienced,,,,
subtype,Hernia,Femoral Hernia,General,"A subtype, category, or etiology of Hernia.","Invisible, unexplained groin pain",Gradual occurrence as you get older and regular wear and tear on your muscles begins to add up; Injury / traumatic injury; Surgery; Birth disorder / preexisting opening; Weakness or a preexisting opening in your muscle or connective tissue; Repetitive stress injury; Years of pressure or exertion,"Simple physical exam; Asking you to cough or adjust your position; Physically reducing it; Soft tissue imaging, such as a CT scan",Wait-and-watch approach; Surgical repair (pushing herniated tissue back into place and reinforcing the barrier with stitches or surgical mesh); Minimally-invasive methods (laparoscopic surgery or robotic surgery); Traditional open surgery,"Incarceration (hernia getting stuck in the hole and unable to go back in); Strangulation (tissue cut off from blood supply); Necrosis (tissue death); Gangrene; Bowel obstruction; Fever; Nausea; Vomiting; Surgical complications: excessive bleeding, wound infection, reactions to anesthesia, short-term difficulty urinating","Most aren’t serious, but they can be and can become more serious over time; Tend to worsen over time, most will need surgical repair sooner or later; Small hernia may never bother you much, but hernias tend to grow bigger over time; Surgery is usually a simple outpatient procedure with a short recovery; Surgery is almost always successful, but there is a 10% chance of the hernia returning sometime later",,,Adjust habits or the nature of work to avoid straining the hernia; Wearing a special restraining belt to hold it in during certain activities; Pay attention to symptoms and any changes experienced,,,,
subtype,Hernia,Hiatal Hernia,General,"A subtype, category, or etiology of Hernia.",Chronic acid reflux; Heartburn; Indigestion,Gradual occurrence as you get older and regular wear and tear on your muscles begins to add up; Injury / traumatic injury; Surgery; Birth disorder / preexisting opening; Weakness or a preexisting opening in your muscle or connective tissue; Repetitive stress injury; Years of pressure or exertion,"Simple physical exam; Asking you to cough or adjust your position; Physically reducing it; Soft tissue imaging, such as a CT scan",Nissen fundoplication,Chronic acid reflux,Often won't need repair,,,Adjust habits or the nature of work to avoid straining the hernia; Wearing a special restraining belt to hold it in during certain activities; Pay attention to symptoms and any changes experienced,,,,
subtype,Hernia,Congenital Diaphragmatic Hernia,General,"A subtype, category, or etiology of Hernia.",Visible lump or bulge that appears during certain activities or in certain physical positions and goes back in at other times; Pressure; Dull ache; Pinching when the hernia comes out; Sharp pain when the hernia comes through the opening; Irritability in babies,Gradual occurrence as you get older and regular wear and tear on your muscles begins to add up; Injury / traumatic injury; Surgery; Birth disorder / preexisting opening; Weakness or a preexisting opening in your muscle or connective tissue; Repetitive stress injury; Years of pressure or exertion,"Simple physical exam; Asking you to cough or adjust your position; Physically reducing it; Soft tissue imaging, such as a CT scan",Intensive care for babies,Abdominal organs slipping up into the chest cavity and crowding the lungs; Affecting how fetal organs develop; Causing babies to be critically ill,"Most aren’t serious, but they can be and can become more serious over time; Tend to worsen over time, most will need surgical repair sooner or later; Small hernia may never bother you much, but hernias tend to grow bigger over time; Surgery is usually a simple outpatient procedure with a short recovery; Surgery is almost always successful, but there is a 10% chance of the hernia returning sometime later",,,Adjust habits or the nature of work to avoid straining the hernia; Wearing a special restraining belt to hold it in during certain activities; Pay attention to symptoms and any changes experienced,,,,
subtype,Hernia,Incisional Hernia,General,"A subtype, category, or etiology of Hernia.",Visible lump or bulge that appears during certain activities or in certain physical positions and goes back in at other times; Pressure; Dull ache; Pinching when the hernia comes out; Sharp pain when the hernia comes through the opening; Irritability in babies,Gradual occurrence as you get older and regular wear and tear on your muscles begins to add up; Injury / traumatic injury; Surgery; Birth disorder / preexisting opening; Weakness or a preexisting opening in your muscle or connective tissue; Repetitive stress injury; Years of pressure or exertion,"Simple physical exam; Asking you to cough or adjust your position; Physically reducing it; Soft tissue imaging, such as a CT scan",Wait-and-watch approach; Surgical repair (pushing herniated tissue back into place and reinforcing the barrier with stitches or surgical mesh); Minimally-invasive methods (laparoscopic surgery or robotic surgery); Traditional open surgery,"Incarceration (hernia getting stuck in the hole and unable to go back in); Strangulation (tissue cut off from blood supply); Necrosis (tissue death); Gangrene; Bowel obstruction; Fever; Nausea; Vomiting; Surgical complications: excessive bleeding, wound infection, reactions to anesthesia, short-term difficulty urinating","Most aren’t serious, but they can be and can become more serious over time; Tend to worsen over time, most will need surgical repair sooner or later; Small hernia may never bother you much, but hernias tend to grow bigger over time; Surgery is usually a simple outpatient procedure with a short recovery; Surgery is almost always successful, but there is a 10% chance of the hernia returning sometime later",,,Adjust habits or the nature of work to avoid straining the hernia; Wearing a special restraining belt to hold it in during certain activities; Pay attention to symptoms and any changes experienced,,,,
subtype,Hernia,Umbilical Hernia,General,"A subtype, category, or etiology of Hernia.",Visible lump or bulge that appears during certain activities or in certain physical positions and goes back in at other times; Pressure; Dull ache; Pinching when the hernia comes out; Sharp pain when the hernia comes through the opening; Irritability in babies,Gradual occurrence as you get older and regular wear and tear on your muscles begins to add up; Injury / traumatic injury; Surgery; Birth disorder / preexisting opening; Weakness or a preexisting opening in your muscle or connective tissue; Repetitive stress injury; Years of pressure or exertion,"Simple physical exam; Asking you to cough or adjust your position; Physically reducing it; Soft tissue imaging, such as a CT scan",Umbilical hernia repair,"Incarceration (hernia getting stuck in the hole and unable to go back in); Strangulation (tissue cut off from blood supply); Necrosis (tissue death); Gangrene; Bowel obstruction; Fever; Nausea; Vomiting; Surgical complications: excessive bleeding, wound infection, reactions to anesthesia, short-term difficulty urinating",Often closes on its own as your child grows,,,Adjust habits or the nature of work to avoid straining the hernia; Wearing a special restraining belt to hold it in during certain activities; Pay attention to symptoms and any changes experienced,,,,
subtype,Hernia,Ventral Hernia,General,"A subtype, category, or etiology of Hernia.",Visible lump or bulge that appears during certain activities or in certain physical positions and goes back in at other times; Pressure; Dull ache; Pinching when the hernia comes out; Sharp pain when the hernia comes through the opening; Irritability in babies,Gradual occurrence as you get older and regular wear and tear on your muscles begins to add up; Injury / traumatic injury; Surgery; Birth disorder / preexisting opening; Weakness or a preexisting opening in your muscle or connective tissue; Repetitive stress injury; Years of pressure or exertion,"Simple physical exam; Asking you to cough or adjust your position; Physically reducing it; Soft tissue imaging, such as a CT scan",Wait-and-watch approach; Surgical repair (pushing herniated tissue back into place and reinforcing the barrier with stitches or surgical mesh); Minimally-invasive methods (laparoscopic surgery or robotic surgery); Traditional open surgery,"Incarceration (hernia getting stuck in the hole and unable to go back in); Strangulation (tissue cut off from blood supply); Necrosis (tissue death); Gangrene; Bowel obstruction; Fever; Nausea; Vomiting; Surgical complications: excessive bleeding, wound infection, reactions to anesthesia, short-term difficulty urinating","Most aren’t serious, but they can be and can become more serious over time; Tend to worsen over time, most will need surgical repair sooner or later; Small hernia may never bother you much, but hernias tend to grow bigger over time; Surgery is usually a simple outpatient procedure with a short recovery; Surgery is almost always successful, but there is a 10% chance of the hernia returning sometime later",,,Adjust habits or the nature of work to avoid straining the hernia; Wearing a special restraining belt to hold it in during certain activities; Pay attention to symptoms and any changes experienced,,,,
subtype,Hernia,Perineal Hernia,General,"A subtype, category, or etiology of Hernia.",Visible lump or bulge that appears during certain activities or in certain physical positions and goes back in at other times; Pressure; Dull ache; Pinching when the hernia comes out; Sharp pain when the hernia comes through the opening; Irritability in babies,Gradual occurrence as you get older and regular wear and tear on your muscles begins to add up; Injury / traumatic injury; Surgery; Birth disorder / preexisting opening; Weakness or a preexisting opening in your muscle or connective tissue; Repetitive stress injury; Years of pressure or exertion,"Simple physical exam; Asking you to cough or adjust your position; Physically reducing it; Soft tissue imaging, such as a CT scan",Wait-and-watch approach; Surgical repair (pushing herniated tissue back into place and reinforcing the barrier with stitches or surgical mesh); Minimally-invasive methods (laparoscopic surgery or robotic surgery); Traditional open surgery,"Incarceration (hernia getting stuck in the hole and unable to go back in); Strangulation (tissue cut off from blood supply); Necrosis (tissue death); Gangrene; Bowel obstruction; Fever; Nausea; Vomiting; Surgical complications: excessive bleeding, wound infection, reactions to anesthesia, short-term difficulty urinating","Most aren’t serious, but they can be and can become more serious over time; Tend to worsen over time, most will need surgical repair sooner or later; Small hernia may never bother you much, but hernias tend to grow bigger over time; Surgery is usually a simple outpatient procedure with a short recovery; Surgery is almost always successful, but there is a 10% chance of the hernia returning sometime later",,,Adjust habits or the nature of work to avoid straining the hernia; Wearing a special restraining belt to hold it in during certain activities; Pay attention to symptoms and any changes experienced,,,,
primary,Pleural effusion,Pleural effusion,General,N/A,"Chest pain (made worse by coughing or deep breathing); Dyspnea (shortness of breath, or difficult, labored breathing); Orthopnea (the inability to breathe easily unless you're sitting up straight or standing up straight); No symptoms","Body producing too much fluid or not absorbing enough fluid; Transudative causes (increase in pressure from fluid): Heart failure, Cirrhosis, Nephrotic syndrome; Exudative causes (fluid getting through smallest blood vessels or lymphatic system not draining enough): Pneumonia, Cancer (lung cancer, breast cancer or lymphoma), Kidney disease, Inflammatory disease, Post open-heart surgery; Pulmonary embolism (PE); Tuberculosis; Autoimmune disease; Bleeding from chest trauma; Chylothorax (chyle from lymphatic system after trauma); Rare chest and abdominal infections; Exposure to asbestos; Esophageal rupture; Pancreatitis; Meig's syndrome (from a benign ovarian tumor); Ovarian hyperstimulation syndrome; Certain medications; Abdominal surgery; Radiation therapy; Malignant (cancerous) cells in fluid; Direct result of chemotherapy","Medical history; Physical exam (listening to lungs); Chest X-ray; Computed tomography (CT) scan of chest; Ultrasound of chest; Thoracentesis or biopsy; Pleural fluid analysis; Thoracoscopy (video-assisted thoracic surgery, or VATS)","Diuretics; Other heart failure medications; Antibiotics; Chemotherapy; Radiation therapy; Medication infusion within chest; Therapeutic thoracentesis; Chest tube; Sclerosing agent (pleural sclerosis / fibrosis); Surgery; Video-assisted thoracoscopic surgery (VATS) (with optional insertion of sterile talc or an antibiotic); Thoracotomy (traditional, 'open' thoracic surgery)",An infection that becomes an abscess; Scarring around the lungs; Damage to lungs,"Varies depending on what caused it and what other conditions you have; For some people, treatment is successful, but effusions can happen again; Outlook isn't good when caused by cancer; Outlook isn't good without treatment",,Avoiding tobacco products; Avoiding asbestos; Sticking to low-salt meals if instructed; Taking prescribed diuretics (water pills); Limiting fluid intake if instructed,Stick to treatment plan for chronic condition; Go to all follow-up appointments to manage chronic condition; Get immediate help if having trouble breathing,,,,
primary,Pulmonary Fibrosis,Pulmonary Fibrosis,General,"A progressive disease characterized by lung scarring, stiffness, and impaired healing from damage or inflammation.","Shortness of breath, especially during or soon after exertion; Breathing in short, shallow spurts; Dry cough that doesn’t go away; Fatigue; Unexplained weight loss; Clubbed fingers; Bluish, gray or white skin around your lips, eyes or nails (cyanosis)","Lungs not healing properly from damage or inflammation; Connective tissue disease (rheumatoid arthritis (RA), lupus, scleroderma); Environmental exposures (asbestos, silica, beryllium, hypersensitivity pneumonitis from certain molds, bacteria, or bits of bird feathers/droppings); Granulomatous disease (sarcoidosis, Langerhans cell histiocytosis); Medications or treatments (amiodarone, nitrofurantoin, methotrexate, radiation therapy); Smoking; Unknown cause (Idiopathic pulmonary fibrosis)","Listening to lungs; Pulmonary (lung) function tests; Ruling out other conditions that affect heart and lungs; Chest X-ray; High-resolution CT (HRCT) scan; Blood tests, including an arterial blood gas; Bronchoscopy; Biopsy; Echocardiogram","Antifibrotic medications (Nintedanib / OFEV®, pirfenidone / Esbriet®); Corticosteroids; Oxygen therapy; Pulmonary rehabilitation; Lung transplant; Clinical trials; Medications to treat underlying causes (like autoimmune disease) or conditions that make scarring worse (like GERD)",Low oxygen in your blood (hypoxemia) and tissues (hypoxia); High blood pressure in your lungs (pulmonary hypertension); Collapsed lung; Lung infections; Respiratory failure; Heart failure,Permanent and usually gets progressively worse over time; Lung scarring is nearly always permanent (unless caused by a medication and caught early); Healthcare providers can't easily predict how it will progress; symptoms may get worse very slowly over years or lead to severe symptoms quickly over months,,"Avoiding substances that can harm your lungs (asbestos, metal dust, chemicals) and wearing a respirator mask if working with them; Avoiding things that can cause chronic allergic reactions (hay, grain, bird droppings, feathers, heating/cooling systems) and wearing a respirator mask if working with them; Not smoking or quitting smoking","Washing hands frequently, disinfecting surfaces, and avoiding crowded places; Getting recommended vaccinations (pneumonia, flu, RSV, COVID)",,,,
subtype,Pulmonary Fibrosis,Idiopathic Pulmonary Fibrosis (IPF),General,Form of pulmonary fibrosis with an unknown cause.,"Shortness of breath, especially during or soon after exertion; Breathing in short, shallow spurts; Dry cough that doesn’t go away; Fatigue; Unexplained weight loss; Clubbed fingers; Bluish, gray or white skin around your lips, eyes or nails (cyanosis)","Lungs not healing properly from damage or inflammation; Connective tissue disease (rheumatoid arthritis (RA), lupus, scleroderma); Environmental exposures (asbestos, silica, beryllium, hypersensitivity pneumonitis from certain molds, bacteria, or bits of bird feathers/droppings); Granulomatous disease (sarcoidosis, Langerhans cell histiocytosis); Medications or treatments (amiodarone, nitrofurantoin, methotrexate, radiation therapy); Smoking; Unknown cause (Idiopathic pulmonary fibrosis)",,"Antifibrotic medications (Nintedanib / OFEV®, pirfenidone / Esbriet®); Corticosteroids; Oxygen therapy; Pulmonary rehabilitation; Lung transplant; Clinical trials; Medications to treat underlying causes (like autoimmune disease) or conditions that make scarring worse (like GERD)",,,Three to five years for idiopathic pulmonary fibrosis (though life expectancies have been getting longer in recent years),,,,,,
subtype,Pulmonary Fibrosis,Autoimmune / Connective Tissue Disease-Associated,General,"A subtype, category, or etiology of Pulmonary Fibrosis.","Shortness of breath, especially during or soon after exertion; Breathing in short, shallow spurts; Dry cough that doesn’t go away; Fatigue; Unexplained weight loss; Clubbed fingers; Bluish, gray or white skin around your lips, eyes or nails (cyanosis)","Lungs not healing properly from damage or inflammation; Connective tissue disease (rheumatoid arthritis (RA), lupus, scleroderma); Environmental exposures (asbestos, silica, beryllium, hypersensitivity pneumonitis from certain molds, bacteria, or bits of bird feathers/droppings); Granulomatous disease (sarcoidosis, Langerhans cell histiocytosis); Medications or treatments (amiodarone, nitrofurantoin, methotrexate, radiation therapy); Smoking; Unknown cause (Idiopathic pulmonary fibrosis)","Listening to lungs; Pulmonary (lung) function tests; Ruling out other conditions that affect heart and lungs; Chest X-ray; High-resolution CT (HRCT) scan; Blood tests, including an arterial blood gas; Bronchoscopy; Biopsy; Echocardiogram","Antifibrotic medications (Nintedanib / OFEV®, pirfenidone / Esbriet®); Corticosteroids; Oxygen therapy; Pulmonary rehabilitation; Lung transplant; Clinical trials; Medications to treat underlying causes (like autoimmune disease) or conditions that make scarring worse (like GERD)",Low oxygen in your blood (hypoxemia) and tissues (hypoxia); High blood pressure in your lungs (pulmonary hypertension); Collapsed lung; Lung infections; Respiratory failure; Heart failure,Permanent and usually gets progressively worse over time; Lung scarring is nearly always permanent (unless caused by a medication and caught early); Healthcare providers can't easily predict how it will progress; symptoms may get worse very slowly over years or lead to severe symptoms quickly over months,,"Avoiding substances that can harm your lungs (asbestos, metal dust, chemicals) and wearing a respirator mask if working with them; Avoiding things that can cause chronic allergic reactions (hay, grain, bird droppings, feathers, heating/cooling systems) and wearing a respirator mask if working with them; Not smoking or quitting smoking","Washing hands frequently, disinfecting surfaces, and avoiding crowded places; Getting recommended vaccinations (pneumonia, flu, RSV, COVID)",,,,
subtype,Pulmonary Fibrosis,Environmental & Occupational Exposure-Associated,General,"A subtype, category, or etiology of Pulmonary Fibrosis.","Shortness of breath, especially during or soon after exertion; Breathing in short, shallow spurts; Dry cough that doesn’t go away; Fatigue; Unexplained weight loss; Clubbed fingers; Bluish, gray or white skin around your lips, eyes or nails (cyanosis)","Lungs not healing properly from damage or inflammation; Connective tissue disease (rheumatoid arthritis (RA), lupus, scleroderma); Environmental exposures (asbestos, silica, beryllium, hypersensitivity pneumonitis from certain molds, bacteria, or bits of bird feathers/droppings); Granulomatous disease (sarcoidosis, Langerhans cell histiocytosis); Medications or treatments (amiodarone, nitrofurantoin, methotrexate, radiation therapy); Smoking; Unknown cause (Idiopathic pulmonary fibrosis)","Listening to lungs; Pulmonary (lung) function tests; Ruling out other conditions that affect heart and lungs; Chest X-ray; High-resolution CT (HRCT) scan; Blood tests, including an arterial blood gas; Bronchoscopy; Biopsy; Echocardiogram","Antifibrotic medications (Nintedanib / OFEV®, pirfenidone / Esbriet®); Corticosteroids; Oxygen therapy; Pulmonary rehabilitation; Lung transplant; Clinical trials; Medications to treat underlying causes (like autoimmune disease) or conditions that make scarring worse (like GERD)",Low oxygen in your blood (hypoxemia) and tissues (hypoxia); High blood pressure in your lungs (pulmonary hypertension); Collapsed lung; Lung infections; Respiratory failure; Heart failure,Permanent and usually gets progressively worse over time; Lung scarring is nearly always permanent (unless caused by a medication and caught early); Healthcare providers can't easily predict how it will progress; symptoms may get worse very slowly over years or lead to severe symptoms quickly over months,,"Avoiding substances that can harm your lungs (asbestos, metal dust, chemicals) and wearing a respirator mask if working with them; Avoiding things that can cause chronic allergic reactions (hay, grain, bird droppings, feathers, heating/cooling systems) and wearing a respirator mask if working with them; Not smoking or quitting smoking","Washing hands frequently, disinfecting surfaces, and avoiding crowded places; Getting recommended vaccinations (pneumonia, flu, RSV, COVID)",,,,
subtype,Pulmonary Fibrosis,Granulomatous Disease-Associated,General,"A subtype, category, or etiology of Pulmonary Fibrosis.","Shortness of breath, especially during or soon after exertion; Breathing in short, shallow spurts; Dry cough that doesn’t go away; Fatigue; Unexplained weight loss; Clubbed fingers; Bluish, gray or white skin around your lips, eyes or nails (cyanosis)","Lungs not healing properly from damage or inflammation; Connective tissue disease (rheumatoid arthritis (RA), lupus, scleroderma); Environmental exposures (asbestos, silica, beryllium, hypersensitivity pneumonitis from certain molds, bacteria, or bits of bird feathers/droppings); Granulomatous disease (sarcoidosis, Langerhans cell histiocytosis); Medications or treatments (amiodarone, nitrofurantoin, methotrexate, radiation therapy); Smoking; Unknown cause (Idiopathic pulmonary fibrosis)","Listening to lungs; Pulmonary (lung) function tests; Ruling out other conditions that affect heart and lungs; Chest X-ray; High-resolution CT (HRCT) scan; Blood tests, including an arterial blood gas; Bronchoscopy; Biopsy; Echocardiogram","Antifibrotic medications (Nintedanib / OFEV®, pirfenidone / Esbriet®); Corticosteroids; Oxygen therapy; Pulmonary rehabilitation; Lung transplant; Clinical trials; Medications to treat underlying causes (like autoimmune disease) or conditions that make scarring worse (like GERD)",Low oxygen in your blood (hypoxemia) and tissues (hypoxia); High blood pressure in your lungs (pulmonary hypertension); Collapsed lung; Lung infections; Respiratory failure; Heart failure,Permanent and usually gets progressively worse over time; Lung scarring is nearly always permanent (unless caused by a medication and caught early); Healthcare providers can't easily predict how it will progress; symptoms may get worse very slowly over years or lead to severe symptoms quickly over months,,"Avoiding substances that can harm your lungs (asbestos, metal dust, chemicals) and wearing a respirator mask if working with them; Avoiding things that can cause chronic allergic reactions (hay, grain, bird droppings, feathers, heating/cooling systems) and wearing a respirator mask if working with them; Not smoking or quitting smoking","Washing hands frequently, disinfecting surfaces, and avoiding crowded places; Getting recommended vaccinations (pneumonia, flu, RSV, COVID)",,,,
subtype,Pulmonary Fibrosis,Drug & Treatment-Induced,General,"A subtype, category, or etiology of Pulmonary Fibrosis.","Shortness of breath, especially during or soon after exertion; Breathing in short, shallow spurts; Dry cough that doesn’t go away; Fatigue; Unexplained weight loss; Clubbed fingers; Bluish, gray or white skin around your lips, eyes or nails (cyanosis)","Lungs not healing properly from damage or inflammation; Connective tissue disease (rheumatoid arthritis (RA), lupus, scleroderma); Environmental exposures (asbestos, silica, beryllium, hypersensitivity pneumonitis from certain molds, bacteria, or bits of bird feathers/droppings); Granulomatous disease (sarcoidosis, Langerhans cell histiocytosis); Medications or treatments (amiodarone, nitrofurantoin, methotrexate, radiation therapy); Smoking; Unknown cause (Idiopathic pulmonary fibrosis)","Listening to lungs; Pulmonary (lung) function tests; Ruling out other conditions that affect heart and lungs; Chest X-ray; High-resolution CT (HRCT) scan; Blood tests, including an arterial blood gas; Bronchoscopy; Biopsy; Echocardiogram","Antifibrotic medications (Nintedanib / OFEV®, pirfenidone / Esbriet®); Corticosteroids; Oxygen therapy; Pulmonary rehabilitation; Lung transplant; Clinical trials; Medications to treat underlying causes (like autoimmune disease) or conditions that make scarring worse (like GERD)",Low oxygen in your blood (hypoxemia) and tissues (hypoxia); High blood pressure in your lungs (pulmonary hypertension); Collapsed lung; Lung infections; Respiratory failure; Heart failure,Permanent and usually gets progressively worse over time; Lung scarring is nearly always permanent (unless caused by a medication and caught early); Healthcare providers can't easily predict how it will progress; symptoms may get worse very slowly over years or lead to severe symptoms quickly over months,,"Avoiding substances that can harm your lungs (asbestos, metal dust, chemicals) and wearing a respirator mask if working with them; Avoiding things that can cause chronic allergic reactions (hay, grain, bird droppings, feathers, heating/cooling systems) and wearing a respirator mask if working with them; Not smoking or quitting smoking","Washing hands frequently, disinfecting surfaces, and avoiding crowded places; Getting recommended vaccinations (pneumonia, flu, RSV, COVID)",,,,
primary,Emphysema,Emphysema,General,N/A,"tiredness; worsening shortness of breath; Shortness of breath, especially during physical activity or exertion; Fatigue; Long-term cough; Cough with a lot of mucus; Wheezing (noises when you breathe); Constant feeling of not being able to get enough air; Frequent respiratory infections or bronchitis; Chest tightness",Smoking; Anything that causes long-term inflammation in your lungs; Cigarette smoke; Exposure to cigar and marijuana smoke; Exposure to dirty air; Exposure to dust or chemical fumes from your job or hobbies; Exposure to secondhand smoke; Exposure to smoke from campfires or wood-burning stoves; Long-term or recurrent lung infections; Alpha-1 antitrypsin deficiency (Alpha-1),"Asking about symptoms; Listening to heart and lungs; Tapping on chest to listen for hollow sounds; Chest X-rays; CT scans; Pulmonary function testing; Arterial blood gas (ABG) test; Blood tests, including genetic testing to diagnose Alpha-1 antitrypsin deficiency",quitting smoking; Bronchodilators to open your airways; Inhaled corticosteroids to reduce airway inflammation; Oral corticosteroids to treat symptom flare-ups (exacerbations); Antibiotics to treat bacterial infections; Oxygen therapy to get more oxygen to your lungs; Lung volume reduction surgery (LVRS) to remove damaged parts of your lungs; Bronchoscopic lung volume reduction to place valves in your lungs that release and prevent trapped air; lung transplant,"Frequent pneumonia; High levels of carbon dioxide in your blood (hypercapnia); Low levels of oxygen in your blood (hypoxemia); High blood pressure in your lungs; Collapsed lung; Polycythemia vera, when your body makes too many red blood cells; Respiratory failure; Right-sided heart failure","What to expect depends on the severity of the disease when you’re diagnosed; People who are diagnosed earlier tend to have better outcomes; If you quit smoking and avoid other lung irritants, you can slow down the progression of emphysema and reduce your risk of new damage; The existing damage is permanent and can get worse over time; With treatment, many people manage their symptoms and improve their quality of life","Depends on your age; Depends on your lung function and the severity of symptoms at diagnosis; Depends on whether or not you smoke or used to smoke; Depends on whether you have Alpha-1 antitrypsin deficiency; If you have limited damage and it’s not progressing, you may have a normal life expectancy; If emphysema is in the later stages at diagnosis, it can shorten your life by six to nine years",Avoid smoking; Ask a healthcare provider for resources to help you quit if you currently smoke; Avoid secondhand smoke; Avoid chemical fumes; Avoid dust and toxins in the air; Wear a respirator mask if you need to be around things that can irritate your lungs; Getting recommended vaccinations; Washing your hands frequently; Wearing a mask when you’re around others who could be sick,,,,,
primary,Pneumonia,Pneumonia,General,"An infection that inflames the air sacs (alveoli) in one or both lungs, which may fill with fluid or pus.","High fever (up to 105 degrees Fahrenheit or 40 degrees Celsius); Cough with yellow, green or bloody mucus; Dry cough; Tiredness (fatigue) or weakness; Rapid breathing or shortness of breath; Rapid heart rate; Sweating or chills; Chest pain and/or abdominal pain, especially with coughing or deep breathing; Loss of appetite; Bluish skin, lips or nails (cyanosis); Confusion or altered mental state; Headache; Muscle pain",,Health history and physical examination (listening to lungs with a stethoscope); Chest X-ray; CT scan; Blood tests; Sputum test; Pulse oximetry; Pleural fluid culture; Arterial blood gas test; Bronchoscopy,Antibiotics; Antifungal medications; Antiviral medications; Oxygen therapy; IV fluids; Draining fluids (done with a catheter or surgery); Pain relievers and fever reducers (like ibuprofen and acetaminophen); Breathing treatments and exercises; Humidifiers; Cough suppressants,"Fluid around your lungs (pleural effusion); Bacteria in your bloodstream, which can lead to sepsis and organ failure; Lung abscess; Acute respiratory distress syndrome (ARDS) and respiratory failure","Viral pneumonia often gets better on its own; Most symptoms of bacterial pneumonia usually start to get better within a day or two after starting treatment; Some symptoms, like cough and fatigue, may linger for several weeks; It may take six to eight weeks to feel back to normal if you’ve been hospitalized; May have lingering health issues after recovery, such as trouble with physical activity (shortness of breath or reduced stamina), worsening of cardiovascular disease, or general decline in quality of life; Children who’ve recovered from pneumonia have an increased risk of chronic lung diseases; Can be life-threatening if left untreated",,"Getting vaccinated (Pneumococcal vaccines, COVID-19, flu, childhood vaccinations); Quitting smoking and avoiding secondhand smoke; Not vaping; Washing hands with soap and water or using alcohol-based hand sanitizer; Avoiding close contact and sharing items with other people if either of you has a contagious disease; Asking healthcare providers about reducing infection risk during hospital stays; Getting treated for other infections or health conditions; Avoiding excessive alcohol consumption",Follow up with your healthcare provider if you have ongoing health concerns after recovering,,,,
subtype,Pneumonia,Bacterial Pneumonia,General,"A subtype, category, or etiology of Pneumonia.","High fever (up to 105 degrees Fahrenheit or 40 degrees Celsius); Cough with yellow, green or bloody mucus; Dry cough; Tiredness (fatigue) or weakness; Rapid breathing or shortness of breath; Rapid heart rate; Sweating or chills; Chest pain and/or abdominal pain, especially with coughing or deep breathing; Loss of appetite; Bluish skin, lips or nails (cyanosis); Confusion or altered mental state; Headache; Muscle pain",,Health history and physical examination (listening to lungs with a stethoscope); Chest X-ray; CT scan; Blood tests; Sputum test; Pulse oximetry; Pleural fluid culture; Arterial blood gas test; Bronchoscopy,Antibiotics; Antifungal medications; Antiviral medications; Oxygen therapy; IV fluids; Draining fluids (done with a catheter or surgery); Pain relievers and fever reducers (like ibuprofen and acetaminophen); Breathing treatments and exercises; Humidifiers; Cough suppressants,"Fluid around your lungs (pleural effusion); Bacteria in your bloodstream, which can lead to sepsis and organ failure; Lung abscess; Acute respiratory distress syndrome (ARDS) and respiratory failure","Viral pneumonia often gets better on its own; Most symptoms of bacterial pneumonia usually start to get better within a day or two after starting treatment; Some symptoms, like cough and fatigue, may linger for several weeks; It may take six to eight weeks to feel back to normal if you’ve been hospitalized; May have lingering health issues after recovery, such as trouble with physical activity (shortness of breath or reduced stamina), worsening of cardiovascular disease, or general decline in quality of life; Children who’ve recovered from pneumonia have an increased risk of chronic lung diseases; Can be life-threatening if left untreated",,"Getting vaccinated (Pneumococcal vaccines, COVID-19, flu, childhood vaccinations); Quitting smoking and avoiding secondhand smoke; Not vaping; Washing hands with soap and water or using alcohol-based hand sanitizer; Avoiding close contact and sharing items with other people if either of you has a contagious disease; Asking healthcare providers about reducing infection risk during hospital stays; Getting treated for other infections or health conditions; Avoiding excessive alcohol consumption",Follow up with your healthcare provider if you have ongoing health concerns after recovering,,,,
subtype,Pneumonia,Viral Pneumonia,General,"A subtype, category, or etiology of Pneumonia.","High fever (up to 105 degrees Fahrenheit or 40 degrees Celsius); Cough with yellow, green or bloody mucus; Dry cough; Tiredness (fatigue) or weakness; Rapid breathing or shortness of breath; Rapid heart rate; Sweating or chills; Chest pain and/or abdominal pain, especially with coughing or deep breathing; Loss of appetite; Bluish skin, lips or nails (cyanosis); Confusion or altered mental state; Headache; Muscle pain",,Health history and physical examination (listening to lungs with a stethoscope); Chest X-ray; CT scan; Blood tests; Sputum test; Pulse oximetry; Pleural fluid culture; Arterial blood gas test; Bronchoscopy,Antibiotics; Antifungal medications; Antiviral medications; Oxygen therapy; IV fluids; Draining fluids (done with a catheter or surgery); Pain relievers and fever reducers (like ibuprofen and acetaminophen); Breathing treatments and exercises; Humidifiers; Cough suppressants,"Fluid around your lungs (pleural effusion); Bacteria in your bloodstream, which can lead to sepsis and organ failure; Lung abscess; Acute respiratory distress syndrome (ARDS) and respiratory failure","Viral pneumonia often gets better on its own; Most symptoms of bacterial pneumonia usually start to get better within a day or two after starting treatment; Some symptoms, like cough and fatigue, may linger for several weeks; It may take six to eight weeks to feel back to normal if you’ve been hospitalized; May have lingering health issues after recovery, such as trouble with physical activity (shortness of breath or reduced stamina), worsening of cardiovascular disease, or general decline in quality of life; Children who’ve recovered from pneumonia have an increased risk of chronic lung diseases; Can be life-threatening if left untreated",,"Getting vaccinated (Pneumococcal vaccines, COVID-19, flu, childhood vaccinations); Quitting smoking and avoiding secondhand smoke; Not vaping; Washing hands with soap and water or using alcohol-based hand sanitizer; Avoiding close contact and sharing items with other people if either of you has a contagious disease; Asking healthcare providers about reducing infection risk during hospital stays; Getting treated for other infections or health conditions; Avoiding excessive alcohol consumption",Follow up with your healthcare provider if you have ongoing health concerns after recovering,,,,
subtype,Pneumonia,Fungal & Parasitic Pneumonia,General,"A subtype, category, or etiology of Pneumonia.","High fever (up to 105 degrees Fahrenheit or 40 degrees Celsius); Cough with yellow, green or bloody mucus; Dry cough; Tiredness (fatigue) or weakness; Rapid breathing or shortness of breath; Rapid heart rate; Sweating or chills; Chest pain and/or abdominal pain, especially with coughing or deep breathing; Loss of appetite; Bluish skin, lips or nails (cyanosis); Confusion or altered mental state; Headache; Muscle pain",,Health history and physical examination (listening to lungs with a stethoscope); Chest X-ray; CT scan; Blood tests; Sputum test; Pulse oximetry; Pleural fluid culture; Arterial blood gas test; Bronchoscopy,Antibiotics; Antifungal medications; Antiviral medications; Oxygen therapy; IV fluids; Draining fluids (done with a catheter or surgery); Pain relievers and fever reducers (like ibuprofen and acetaminophen); Breathing treatments and exercises; Humidifiers; Cough suppressants,"Fluid around your lungs (pleural effusion); Bacteria in your bloodstream, which can lead to sepsis and organ failure; Lung abscess; Acute respiratory distress syndrome (ARDS) and respiratory failure","Viral pneumonia often gets better on its own; Most symptoms of bacterial pneumonia usually start to get better within a day or two after starting treatment; Some symptoms, like cough and fatigue, may linger for several weeks; It may take six to eight weeks to feel back to normal if you’ve been hospitalized; May have lingering health issues after recovery, such as trouble with physical activity (shortness of breath or reduced stamina), worsening of cardiovascular disease, or general decline in quality of life; Children who’ve recovered from pneumonia have an increased risk of chronic lung diseases; Can be life-threatening if left untreated",,"Getting vaccinated (Pneumococcal vaccines, COVID-19, flu, childhood vaccinations); Quitting smoking and avoiding secondhand smoke; Not vaping; Washing hands with soap and water or using alcohol-based hand sanitizer; Avoiding close contact and sharing items with other people if either of you has a contagious disease; Asking healthcare providers about reducing infection risk during hospital stays; Getting treated for other infections or health conditions; Avoiding excessive alcohol consumption",Follow up with your healthcare provider if you have ongoing health concerns after recovering,,,,
subtype,Pneumonia,Non-Infectious / Aspiration Pneumonia,General,"A subtype, category, or etiology of Pneumonia.","High fever (up to 105 degrees Fahrenheit or 40 degrees Celsius); Cough with yellow, green or bloody mucus; Dry cough; Tiredness (fatigue) or weakness; Rapid breathing or shortness of breath; Rapid heart rate; Sweating or chills; Chest pain and/or abdominal pain, especially with coughing or deep breathing; Loss of appetite; Bluish skin, lips or nails (cyanosis); Confusion or altered mental state; Headache; Muscle pain",,Health history and physical examination (listening to lungs with a stethoscope); Chest X-ray; CT scan; Blood tests; Sputum test; Pulse oximetry; Pleural fluid culture; Arterial blood gas test; Bronchoscopy,Antibiotics; Antifungal medications; Antiviral medications; Oxygen therapy; IV fluids; Draining fluids (done with a catheter or surgery); Pain relievers and fever reducers (like ibuprofen and acetaminophen); Breathing treatments and exercises; Humidifiers; Cough suppressants,"Fluid around your lungs (pleural effusion); Bacteria in your bloodstream, which can lead to sepsis and organ failure; Lung abscess; Acute respiratory distress syndrome (ARDS) and respiratory failure","Viral pneumonia often gets better on its own; Most symptoms of bacterial pneumonia usually start to get better within a day or two after starting treatment; Some symptoms, like cough and fatigue, may linger for several weeks; It may take six to eight weeks to feel back to normal if you’ve been hospitalized; May have lingering health issues after recovery, such as trouble with physical activity (shortness of breath or reduced stamina), worsening of cardiovascular disease, or general decline in quality of life; Children who’ve recovered from pneumonia have an increased risk of chronic lung diseases; Can be life-threatening if left untreated",,"Getting vaccinated (Pneumococcal vaccines, COVID-19, flu, childhood vaccinations); Quitting smoking and avoiding secondhand smoke; Not vaping; Washing hands with soap and water or using alcohol-based hand sanitizer; Avoiding close contact and sharing items with other people if either of you has a contagious disease; Asking healthcare providers about reducing infection risk during hospital stays; Getting treated for other infections or health conditions; Avoiding excessive alcohol consumption",Follow up with your healthcare provider if you have ongoing health concerns after recovering,,,,
subtype,Pneumonia,Pneumonia in Children,Pediatric,"Pneumonia presenting in pediatric populations, often showing distinct clinical signs and requiring age-specific monitoring.","Faster breathing (tachypnea); Increased work of breathing (retractions / skin between ribs pulling inward with each breath); Fever or low body temperature (hypothermia); Grunting; Irritability; Not wanting to feed or drink; Lethargy or listlessness; Low muscle tone (making them feel more 'floppy'); Pauses in breathing (apnea); Belly aches or pain; Cough; Painful breathing; Wheezing (stridor); Vomiting; Seesaw breathing; Head bobbing; Flaring (nostril openings widening noticeably); Cyanosis (bluish/pale light skin, gray/whitish dark skin)",,"Physical exam (listening to breathing with a stethoscope); Pulse oximetry; Lab tests for viruses and bacteria, electrolytes, and blood gas levels; Ultrasound; X-ray; CT scan","Antibiotics (IV, pill, or liquid form); Medications for other symptoms (fever, pain, inflammation); Oxygen therapy; Life support (ventilator or ECMO); IV fluids and electrolytes",Sepsis; Needing to stay in a hospital; Needing breathing support like mechanical ventilation; Damage that affects lung development; Follow-up infections while immune system is weak; Higher risk of having pneumonia or other respiratory diseases in the future,"Outlook is generally good, especially with timely diagnosis and treatment; About 1 in 5 children with pneumonia need to stay in the hospital; Most children who need to stay in the hospital are under 2 years old; Recovery time for children with pneumonia varies widely",,Getting child vaccinated; Parents/caregivers getting vaccinated; Limiting exposure to others who are ill; Washing hands,Follow up with your healthcare provider if you have ongoing health concerns after recovering,,,,
primary,pulmonary infiltration,pulmonary infiltration,General,N/A,worsening gas exchange,immigration of inflammatory cells or Tumor cells in the lung tissue,Physical examination; increased peripheral breath sounds (Bronchial breathing); rattling noises (RG); Positive Vocal fremitus; Reinforced Bronchophony,,,,,,,,,,
primary,Atelectasis,Atelectasis,General,A condition where part or all of your lung deflates or collapses due to air sacs (alveoli) losing air.,"Usually doesn't cause symptoms; Shortness of breath (dyspnea); Coughing; Chest pain; Rapid breathing (tachypnea); Blue or gray skin, lips or nails (cyanosis)","Chest or belly surgery; A blocked airway (obstruction); A chest injury; Being in bed sick and not taking deep breaths, especially when mucus accumulates in your airways; Anesthesia during surgery (not breathing deeply enough or coughing to clear mucus); Taking shallow breaths due to chest pain; Lying in bed with belly pushing up against lungs; Buildup of mucus in airways (mucus plug) after surgery, during severe asthma attacks, or due to infection; Breathing in a foreign object (food, small toy parts); Fluid around lungs; Air around lungs; Cancerous tumors; Noncancerous (benign) growths; Lung scarring; Underlying illnesses (COPD, bronchiectasis, ARDS, COVID-19, pneumonia)",Health history review; Physical exam; Chest X-rays; CT scan; Pulse oximetry; Ultrasound; Bronchoscopy,"Monitoring/regular appointments (mild cases often go away without treatment); Incentive spirometry; Bronchoscopy to remove a blockage; Pulmonary toilet to clear mucus; Physical therapy; Bronchodilators; Chemotherapy or radiation therapy (to treat a tumor); Walking around, breathing exercises (especially for post-surgery)",Low blood oxygen levels (hypoxemia); Pneumonia; Respiratory failure,"Often goes away on its own; In most cases, with proper diagnosis and treatment, outlook is good; Often reversible once cause is determined; Recovery is usually quick without serious lasting effects; Atelectasis after surgery usually goes away after 24 hours; Further treatment may be needed if caused by a long-lasting condition",,,,,,,
subtype,Atelectasis,Compressive atelectasis,General,Something around the lung pushes against it causing it to collapse.,"Usually doesn't cause symptoms; Shortness of breath (dyspnea); Coughing; Chest pain; Rapid breathing (tachypnea); Blue or gray skin, lips or nails (cyanosis)","Chest or belly surgery; A blocked airway (obstruction); A chest injury; Being in bed sick and not taking deep breaths, especially when mucus accumulates in your airways; Anesthesia during surgery (not breathing deeply enough or coughing to clear mucus); Taking shallow breaths due to chest pain; Lying in bed with belly pushing up against lungs; Buildup of mucus in airways (mucus plug) after surgery, during severe asthma attacks, or due to infection; Breathing in a foreign object (food, small toy parts); Fluid around lungs; Air around lungs; Cancerous tumors; Noncancerous (benign) growths; Lung scarring; Underlying illnesses (COPD, bronchiectasis, ARDS, COVID-19, pneumonia)",Health history review; Physical exam; Chest X-rays; CT scan; Pulse oximetry; Ultrasound; Bronchoscopy,"Monitoring/regular appointments (mild cases often go away without treatment); Incentive spirometry; Bronchoscopy to remove a blockage; Pulmonary toilet to clear mucus; Physical therapy; Bronchodilators; Chemotherapy or radiation therapy (to treat a tumor); Walking around, breathing exercises (especially for post-surgery)",Low blood oxygen levels (hypoxemia); Pneumonia; Respiratory failure,"Often goes away on its own; In most cases, with proper diagnosis and treatment, outlook is good; Often reversible once cause is determined; Recovery is usually quick without serious lasting effects; Atelectasis after surgery usually goes away after 24 hours; Further treatment may be needed if caused by a long-lasting condition",,,,,,,
subtype,Atelectasis,Resorptive/obstructive atelectasis,General,"A blockage prevents air from filling alveoli; air enters bloodstream without new air coming in, causing alveoli to collapse.","Usually doesn't cause symptoms; Shortness of breath (dyspnea); Coughing; Chest pain; Rapid breathing (tachypnea); Blue or gray skin, lips or nails (cyanosis)","Chest or belly surgery; A blocked airway (obstruction); A chest injury; Being in bed sick and not taking deep breaths, especially when mucus accumulates in your airways; Anesthesia during surgery (not breathing deeply enough or coughing to clear mucus); Taking shallow breaths due to chest pain; Lying in bed with belly pushing up against lungs; Buildup of mucus in airways (mucus plug) after surgery, during severe asthma attacks, or due to infection; Breathing in a foreign object (food, small toy parts); Fluid around lungs; Air around lungs; Cancerous tumors; Noncancerous (benign) growths; Lung scarring; Underlying illnesses (COPD, bronchiectasis, ARDS, COVID-19, pneumonia)",Health history review; Physical exam; Chest X-rays; CT scan; Pulse oximetry; Ultrasound; Bronchoscopy,"Monitoring/regular appointments (mild cases often go away without treatment); Incentive spirometry; Bronchoscopy to remove a blockage; Pulmonary toilet to clear mucus; Physical therapy; Bronchodilators; Chemotherapy or radiation therapy (to treat a tumor); Walking around, breathing exercises (especially for post-surgery)",Low blood oxygen levels (hypoxemia); Pneumonia; Respiratory failure,"Often goes away on its own; In most cases, with proper diagnosis and treatment, outlook is good; Often reversible once cause is determined; Recovery is usually quick without serious lasting effects; Atelectasis after surgery usually goes away after 24 hours; Further treatment may be needed if caused by a long-lasting condition",,,,,,,
subtype,Atelectasis,Microatelectasis,General,Lack of surfactant (layer of lipids and proteins lining alveoli that protect lungs from collapsing).,"Usually doesn't cause symptoms; Shortness of breath (dyspnea); Coughing; Chest pain; Rapid breathing (tachypnea); Blue or gray skin, lips or nails (cyanosis)","Chest or belly surgery; A blocked airway (obstruction); A chest injury; Being in bed sick and not taking deep breaths, especially when mucus accumulates in your airways; Anesthesia during surgery (not breathing deeply enough or coughing to clear mucus); Taking shallow breaths due to chest pain; Lying in bed with belly pushing up against lungs; Buildup of mucus in airways (mucus plug) after surgery, during severe asthma attacks, or due to infection; Breathing in a foreign object (food, small toy parts); Fluid around lungs; Air around lungs; Cancerous tumors; Noncancerous (benign) growths; Lung scarring; Underlying illnesses (COPD, bronchiectasis, ARDS, COVID-19, pneumonia)",Health history review; Physical exam; Chest X-rays; CT scan; Pulse oximetry; Ultrasound; Bronchoscopy,"Monitoring/regular appointments (mild cases often go away without treatment); Incentive spirometry; Bronchoscopy to remove a blockage; Pulmonary toilet to clear mucus; Physical therapy; Bronchodilators; Chemotherapy or radiation therapy (to treat a tumor); Walking around, breathing exercises (especially for post-surgery)",Low blood oxygen levels (hypoxemia); Pneumonia; Respiratory failure,"Often goes away on its own; In most cases, with proper diagnosis and treatment, outlook is good; Often reversible once cause is determined; Recovery is usually quick without serious lasting effects; Atelectasis after surgery usually goes away after 24 hours; Further treatment may be needed if caused by a long-lasting condition",,,,,,,
subtype,Atelectasis,Contraction atelectasis,General,Alveoli kept from opening properly.,"Usually doesn't cause symptoms; Shortness of breath (dyspnea); Coughing; Chest pain; Rapid breathing (tachypnea); Blue or gray skin, lips or nails (cyanosis)","Chest or belly surgery; A blocked airway (obstruction); A chest injury; Being in bed sick and not taking deep breaths, especially when mucus accumulates in your airways; Anesthesia during surgery (not breathing deeply enough or coughing to clear mucus); Taking shallow breaths due to chest pain; Lying in bed with belly pushing up against lungs; Buildup of mucus in airways (mucus plug) after surgery, during severe asthma attacks, or due to infection; Breathing in a foreign object (food, small toy parts); Fluid around lungs; Air around lungs; Cancerous tumors; Noncancerous (benign) growths; Lung scarring; Underlying illnesses (COPD, bronchiectasis, ARDS, COVID-19, pneumonia)",Health history review; Physical exam; Chest X-rays; CT scan; Pulse oximetry; Ultrasound; Bronchoscopy,"Monitoring/regular appointments (mild cases often go away without treatment); Incentive spirometry; Bronchoscopy to remove a blockage; Pulmonary toilet to clear mucus; Physical therapy; Bronchodilators; Chemotherapy or radiation therapy (to treat a tumor); Walking around, breathing exercises (especially for post-surgery)",Low blood oxygen levels (hypoxemia); Pneumonia; Respiratory failure,"Often goes away on its own; In most cases, with proper diagnosis and treatment, outlook is good; Often reversible once cause is determined; Recovery is usually quick without serious lasting effects; Atelectasis after surgery usually goes away after 24 hours; Further treatment may be needed if caused by a long-lasting condition",,,,,,,
subtype,Atelectasis,Bibasilar atelectasis,General,Partial collapse of the lower part of the lungs.,"Usually doesn't cause symptoms; Shortness of breath (dyspnea); Coughing; Chest pain; Rapid breathing (tachypnea); Blue or gray skin, lips or nails (cyanosis)","Chest or belly surgery; A blocked airway (obstruction); A chest injury; Being in bed sick and not taking deep breaths, especially when mucus accumulates in your airways; Anesthesia during surgery (not breathing deeply enough or coughing to clear mucus); Taking shallow breaths due to chest pain; Lying in bed with belly pushing up against lungs; Buildup of mucus in airways (mucus plug) after surgery, during severe asthma attacks, or due to infection; Breathing in a foreign object (food, small toy parts); Fluid around lungs; Air around lungs; Cancerous tumors; Noncancerous (benign) growths; Lung scarring; Underlying illnesses (COPD, bronchiectasis, ARDS, COVID-19, pneumonia)",Health history review; Physical exam; Chest X-rays; CT scan; Pulse oximetry; Ultrasound; Bronchoscopy,"Monitoring/regular appointments (mild cases often go away without treatment); Incentive spirometry; Bronchoscopy to remove a blockage; Pulmonary toilet to clear mucus; Physical therapy; Bronchodilators; Chemotherapy or radiation therapy (to treat a tumor); Walking around, breathing exercises (especially for post-surgery)",Low blood oxygen levels (hypoxemia); Pneumonia; Respiratory failure,"Often goes away on its own; In most cases, with proper diagnosis and treatment, outlook is good; Often reversible once cause is determined; Recovery is usually quick without serious lasting effects; Atelectasis after surgery usually goes away after 24 hours; Further treatment may be needed if caused by a long-lasting condition",,,,,,,
subtype,Atelectasis,Rounded atelectasis,General,The pleura folds and causes lung to collapse.,"Usually doesn't cause symptoms; Shortness of breath (dyspnea); Coughing; Chest pain; Rapid breathing (tachypnea); Blue or gray skin, lips or nails (cyanosis)","Chest or belly surgery; A blocked airway (obstruction); A chest injury; Being in bed sick and not taking deep breaths, especially when mucus accumulates in your airways; Anesthesia during surgery (not breathing deeply enough or coughing to clear mucus); Taking shallow breaths due to chest pain; Lying in bed with belly pushing up against lungs; Buildup of mucus in airways (mucus plug) after surgery, during severe asthma attacks, or due to infection; Breathing in a foreign object (food, small toy parts); Fluid around lungs; Air around lungs; Cancerous tumors; Noncancerous (benign) growths; Lung scarring; Underlying illnesses (COPD, bronchiectasis, ARDS, COVID-19, pneumonia)",Health history review; Physical exam; Chest X-rays; CT scan; Pulse oximetry; Ultrasound; Bronchoscopy,"Monitoring/regular appointments (mild cases often go away without treatment); Incentive spirometry; Bronchoscopy to remove a blockage; Pulmonary toilet to clear mucus; Physical therapy; Bronchodilators; Chemotherapy or radiation therapy (to treat a tumor); Walking around, breathing exercises (especially for post-surgery)",Low blood oxygen levels (hypoxemia); Pneumonia; Respiratory failure,"Often goes away on its own; In most cases, with proper diagnosis and treatment, outlook is good; Often reversible once cause is determined; Recovery is usually quick without serious lasting effects; Atelectasis after surgery usually goes away after 24 hours; Further treatment may be needed if caused by a long-lasting condition",,,,,,,
subtype,Atelectasis,Gravity-dependent atelectasis,General,Gravity causes the lowest parts of lungs to deflate.,"Usually doesn't cause symptoms; Shortness of breath (dyspnea); Coughing; Chest pain; Rapid breathing (tachypnea); Blue or gray skin, lips or nails (cyanosis)","Chest or belly surgery; A blocked airway (obstruction); A chest injury; Being in bed sick and not taking deep breaths, especially when mucus accumulates in your airways; Anesthesia during surgery (not breathing deeply enough or coughing to clear mucus); Taking shallow breaths due to chest pain; Lying in bed with belly pushing up against lungs; Buildup of mucus in airways (mucus plug) after surgery, during severe asthma attacks, or due to infection; Breathing in a foreign object (food, small toy parts); Fluid around lungs; Air around lungs; Cancerous tumors; Noncancerous (benign) growths; Lung scarring; Underlying illnesses (COPD, bronchiectasis, ARDS, COVID-19, pneumonia)",Health history review; Physical exam; Chest X-rays; CT scan; Pulse oximetry; Ultrasound; Bronchoscopy,"Monitoring/regular appointments (mild cases often go away without treatment); Incentive spirometry; Bronchoscopy to remove a blockage; Pulmonary toilet to clear mucus; Physical therapy; Bronchodilators; Chemotherapy or radiation therapy (to treat a tumor); Walking around, breathing exercises (especially for post-surgery)",Low blood oxygen levels (hypoxemia); Pneumonia; Respiratory failure,"Often goes away on its own; In most cases, with proper diagnosis and treatment, outlook is good; Often reversible once cause is determined; Recovery is usually quick without serious lasting effects; Atelectasis after surgery usually goes away after 24 hours; Further treatment may be needed if caused by a long-lasting condition",,,,,,,
subtype,Atelectasis,Subsegmental atelectasis,General,Mildest form of atelectasis; usually doesn't cause symptoms and goes away quickly.,"Usually doesn't cause symptoms; Shortness of breath (dyspnea); Coughing; Chest pain; Rapid breathing (tachypnea); Blue or gray skin, lips or nails (cyanosis)","Chest or belly surgery; A blocked airway (obstruction); A chest injury; Being in bed sick and not taking deep breaths, especially when mucus accumulates in your airways; Anesthesia during surgery (not breathing deeply enough or coughing to clear mucus); Taking shallow breaths due to chest pain; Lying in bed with belly pushing up against lungs; Buildup of mucus in airways (mucus plug) after surgery, during severe asthma attacks, or due to infection; Breathing in a foreign object (food, small toy parts); Fluid around lungs; Air around lungs; Cancerous tumors; Noncancerous (benign) growths; Lung scarring; Underlying illnesses (COPD, bronchiectasis, ARDS, COVID-19, pneumonia)",Health history review; Physical exam; Chest X-rays; CT scan; Pulse oximetry; Ultrasound; Bronchoscopy,"Monitoring/regular appointments (mild cases often go away without treatment); Incentive spirometry; Bronchoscopy to remove a blockage; Pulmonary toilet to clear mucus; Physical therapy; Bronchodilators; Chemotherapy or radiation therapy (to treat a tumor); Walking around, breathing exercises (especially for post-surgery)",Low blood oxygen levels (hypoxemia); Pneumonia; Respiratory failure,"Often goes away on its own; In most cases, with proper diagnosis and treatment, outlook is good; Often reversible once cause is determined; Recovery is usually quick without serious lasting effects; Atelectasis after surgery usually goes away after 24 hours; Further treatment may be needed if caused by a long-lasting condition",,,,,,,
primary,Subcutaneous emphysema,Subcutaneous emphysema,General,N/A,Skin swelling (edema) in the affected area; Crepitus (a crackling sound that happens when you press on your skin in the affected area); Trouble breathing; Difficulty swallowing (dysphagia); Sore throat; Neck pain; Gas (bloating),"Infections, especially those with flesh-eating bacteria (like necrotizing fasciitis); Injuries, especially those that affect your chest, face or sinuses; Surgical traumas; Barotrauma, which can occur when there’s a sudden shift in air or water pressure (common in scuba divers); Collapsed lung (pneumothorax); Medical or surgical traumas, like accidental injuries from equipment issues or placing medical devices; Bag-mask ventilation during CPR; Feeding tube insertion; Holes in your digestive tract (gastrointestinal perforations); Intubation; Mechanical ventilation malfunction; No known reason",Bronchoscopy; CT (computed tomography) scan; Ultrasound; X-rays,"Addressing the underlying cause; Oxygen concentrators; Inserting a chest tube (thoracostomy); Making two incisions below each clavicle bone; Using needles, catheters (hollow tubes) or incisions to remove air in other parts of your body; Surgery; Placing drains to remove excess air; Pain medications (analgesics); An abdominal binder (a compression garment to wear around your belly); Concentrated oxygen",Collapsed lung (pneumothorax); Compartment syndrome; Pacemaker failure; Poor blood circulation to your brain; Respiratory issues; Tracheal compression; Acute respiratory distress syndrome (ARDS); Coma (persistent vegetative state); Delirium; Kidney failure; Necrosis (tissue death); Sepsis,"The outlook is positive with treatment; With treatment, most people with subcutaneous emphysema recover in about two weeks (10 to 14 days; average 16 days in severe cases); Prompt treatment can ease symptoms and reduce the risk of serious complications",,There’s nothing you can do to keep it from happening,Visit your healthcare provider right away if you notice worrisome symptoms like bulging or crackling sounds when you press on your skin,,,,
primary,Pneumothorax,Pneumothorax,General,"A condition (also called collapsed lung or punctured lung) where air fills the space between your lung and chest wall (pleural space), pressing against the lung and causing it to partially or fully collapse.","Chest pain on one side, especially when taking breaths; Cough; Fast breathing; Fast heart rate; Fatigue; Shortness of breath (dyspnea); Bluish skin, lips or nails (cyanosis)",,"Listening to lungs with a stethoscope; Imaging (chest X-rays, CT scans, lung ultrasound); Arterial blood gas test; History of lung disease and physical exam; Diagnosis based on symptoms (for specific severe types like tension pneumothorax)","Observation; Oxygen therapy; Thoracentesis; Chest tube drainage; Chemical pleurodesis (using doxycycline or talcum powder); Surgery (for persistent leaks, non-expanding lung, recurrent collapsed lung, or traumatic injuries)",Re-expansion pulmonary edema; Damage or infection caused by treatment; Respiratory failure; Heart failure,Can be a medical emergency / life-threatening; Most of the time heals in a few days to two weeks; Most people heal without major treatment; Chance of recurrence,,"Don't smoke; Avoid or limit activities with drastic changes in air pressure (scuba diving, flying) or follow precautions; See provider regularly to monitor underlying lung conditions",,"Family history of pneumothorax; Pregnancy; Tall, thin body type (especially in men); Marfan syndrome; Drug use (especially inhaled drugs); Smoking; Flying involving drastic air pressure changes; Scuba or deep-sea diving",,,
subtype,Pneumothorax,Spontaneous Pneumothorax,General,Occurs without an injury.,"Chest pain on one side, especially when taking breaths; Cough; Fast breathing; Fast heart rate; Fatigue; Shortness of breath (dyspnea); Bluish skin, lips or nails (cyanosis)",,"Listening to lungs with a stethoscope; Imaging (chest X-rays, CT scans, lung ultrasound); Arterial blood gas test; History of lung disease and physical exam; Diagnosis based on symptoms (for specific severe types like tension pneumothorax)","Observation; Oxygen therapy; Thoracentesis; Chest tube drainage; Chemical pleurodesis (using doxycycline or talcum powder); Surgery (for persistent leaks, non-expanding lung, recurrent collapsed lung, or traumatic injuries)",Re-expansion pulmonary edema; Damage or infection caused by treatment; Respiratory failure; Heart failure,Can be a medical emergency / life-threatening; Most of the time heals in a few days to two weeks; Most people heal without major treatment; Chance of recurrence,,"Don't smoke; Avoid or limit activities with drastic changes in air pressure (scuba diving, flying) or follow precautions; See provider regularly to monitor underlying lung conditions",,"Family history of pneumothorax; Pregnancy; Tall, thin body type (especially in men); Marfan syndrome; Drug use (especially inhaled drugs); Smoking; Flying involving drastic air pressure changes; Scuba or deep-sea diving",,,
subtype,Pneumothorax,Primary Spontaneous Pneumothorax (Spontaneous Pneumothorax),General,A specific form under Spontaneous Pneumothorax.,"Chest pain on one side, especially when taking breaths; Cough; Fast breathing; Fast heart rate; Fatigue; Shortness of breath (dyspnea); Bluish skin, lips or nails (cyanosis)",Abnormal air pockets in lung (blebs) breaking apart without underlying health conditions,"Listening to lungs with a stethoscope; Imaging (chest X-rays, CT scans, lung ultrasound); Arterial blood gas test; History of lung disease and physical exam; Diagnosis based on symptoms (for specific severe types like tension pneumothorax)","Observation; Oxygen therapy; Thoracentesis; Chest tube drainage; Chemical pleurodesis (using doxycycline or talcum powder); Surgery (for persistent leaks, non-expanding lung, recurrent collapsed lung, or traumatic injuries)",Re-expansion pulmonary edema; Damage or infection caused by treatment; Respiratory failure; Heart failure,Can be a medical emergency / life-threatening; Most of the time heals in a few days to two weeks; Most people heal without major treatment; Chance of recurrence,,"Don't smoke; Avoid or limit activities with drastic changes in air pressure (scuba diving, flying) or follow precautions; See provider regularly to monitor underlying lung conditions",,"Family history of pneumothorax; Pregnancy; Tall, thin body type (especially in men); Marfan syndrome; Drug use (especially inhaled drugs); Smoking; Flying involving drastic air pressure changes; Scuba or deep-sea diving",,,
subtype,Pneumothorax,Secondary Spontaneous Pneumothorax (Spontaneous Pneumothorax),General,A specific form under Spontaneous Pneumothorax.,"Chest pain on one side, especially when taking breaths; Cough; Fast breathing; Fast heart rate; Fatigue; Shortness of breath (dyspnea); Bluish skin, lips or nails (cyanosis)",Underlying lung diseases causing blocked lungs and bursting bulges (bullae); Asthma; Pneumonia; Chronic obstructive pulmonary disease (COPD); Collagen vascular disease; Cystic fibrosis; Emphysema; Idiopathic pulmonary fibrosis; Lung cancer; Lymphangioleiomyomatosis; Tuberculosis; Acute respiratory distress syndrome (ARDS),"Listening to lungs with a stethoscope; Imaging (chest X-rays, CT scans, lung ultrasound); Arterial blood gas test; History of lung disease and physical exam; Diagnosis based on symptoms (for specific severe types like tension pneumothorax)","Observation; Oxygen therapy; Thoracentesis; Chest tube drainage; Chemical pleurodesis (using doxycycline or talcum powder); Surgery (for persistent leaks, non-expanding lung, recurrent collapsed lung, or traumatic injuries)",Re-expansion pulmonary edema; Damage or infection caused by treatment; Respiratory failure; Heart failure,Can be a medical emergency / life-threatening; Most of the time heals in a few days to two weeks; Most people heal without major treatment; Chance of recurrence,,"Don't smoke; Avoid or limit activities with drastic changes in air pressure (scuba diving, flying) or follow precautions; See provider regularly to monitor underlying lung conditions",,"Family history of pneumothorax; Pregnancy; Tall, thin body type (especially in men); Marfan syndrome; Drug use (especially inhaled drugs); Smoking; Flying involving drastic air pressure changes; Scuba or deep-sea diving",,,
subtype,Pneumothorax,Traumatic Pneumothorax,General,Caused by physical injuries or medical procedures.,"Chest pain on one side, especially when taking breaths; Cough; Fast breathing; Fast heart rate; Fatigue; Shortness of breath (dyspnea); Bluish skin, lips or nails (cyanosis)",,"Listening to lungs with a stethoscope; Imaging (chest X-rays, CT scans, lung ultrasound); Arterial blood gas test; History of lung disease and physical exam; Diagnosis based on symptoms (for specific severe types like tension pneumothorax)","Observation; Oxygen therapy; Thoracentesis; Chest tube drainage; Chemical pleurodesis (using doxycycline or talcum powder); Surgery (for persistent leaks, non-expanding lung, recurrent collapsed lung, or traumatic injuries)",Re-expansion pulmonary edema; Damage or infection caused by treatment; Respiratory failure; Heart failure,Can be a medical emergency / life-threatening; Most of the time heals in a few days to two weeks; Most people heal without major treatment; Chance of recurrence,,"Don't smoke; Avoid or limit activities with drastic changes in air pressure (scuba diving, flying) or follow precautions; See provider regularly to monitor underlying lung conditions",,"Family history of pneumothorax; Pregnancy; Tall, thin body type (especially in men); Marfan syndrome; Drug use (especially inhaled drugs); Smoking; Flying involving drastic air pressure changes; Scuba or deep-sea diving",,,
subtype,Pneumothorax,Injury-related Pneumothorax (Traumatic Pneumothorax),General,A specific form under Traumatic Pneumothorax.,"Chest pain on one side, especially when taking breaths; Cough; Fast breathing; Fast heart rate; Fatigue; Shortness of breath (dyspnea); Bluish skin, lips or nails (cyanosis)",Blunt force trauma; Gunshot wound; Stab wound / knife wound; Fractured rib,"Listening to lungs with a stethoscope; Imaging (chest X-rays, CT scans, lung ultrasound); Arterial blood gas test; History of lung disease and physical exam; Diagnosis based on symptoms (for specific severe types like tension pneumothorax)","Observation; Oxygen therapy; Thoracentesis; Chest tube drainage; Chemical pleurodesis (using doxycycline or talcum powder); Surgery (for persistent leaks, non-expanding lung, recurrent collapsed lung, or traumatic injuries)",Re-expansion pulmonary edema; Damage or infection caused by treatment; Respiratory failure; Heart failure,Can be a medical emergency / life-threatening; Most of the time heals in a few days to two weeks; Most people heal without major treatment; Chance of recurrence,,"Don't smoke; Avoid or limit activities with drastic changes in air pressure (scuba diving, flying) or follow precautions; See provider regularly to monitor underlying lung conditions",,"Family history of pneumothorax; Pregnancy; Tall, thin body type (especially in men); Marfan syndrome; Drug use (especially inhaled drugs); Smoking; Flying involving drastic air pressure changes; Scuba or deep-sea diving",,,
subtype,Pneumothorax,Iatrogenic Pneumothorax (Traumatic Pneumothorax),General,A specific form under Traumatic Pneumothorax.,"Chest pain on one side, especially when taking breaths; Cough; Fast breathing; Fast heart rate; Fatigue; Shortness of breath (dyspnea); Bluish skin, lips or nails (cyanosis)","Medical procedures (nerve block, lung biopsy, central venous line placement/insertion, mechanical ventilation)","Listening to lungs with a stethoscope; Imaging (chest X-rays, CT scans, lung ultrasound); Arterial blood gas test; History of lung disease and physical exam; Diagnosis based on symptoms (for specific severe types like tension pneumothorax)","Observation; Oxygen therapy; Thoracentesis; Chest tube drainage; Chemical pleurodesis (using doxycycline or talcum powder); Surgery (for persistent leaks, non-expanding lung, recurrent collapsed lung, or traumatic injuries)",Re-expansion pulmonary edema; Damage or infection caused by treatment; Respiratory failure; Heart failure,Can be a medical emergency / life-threatening; Most of the time heals in a few days to two weeks; Most people heal without major treatment; Chance of recurrence,,"Don't smoke; Avoid or limit activities with drastic changes in air pressure (scuba diving, flying) or follow precautions; See provider regularly to monitor underlying lung conditions",,"Family history of pneumothorax; Pregnancy; Tall, thin body type (especially in men); Marfan syndrome; Drug use (especially inhaled drugs); Smoking; Flying involving drastic air pressure changes; Scuba or deep-sea diving",,,
subtype,Pneumothorax,Catamenial Pneumothorax,General,"A rare type occurring around the time of menstruation (period) in females who ovulate, mostly affecting the right lung.","Chest pain; Difficulty breathing; Cough; Coughing up blood (hemoptysis); Fast breathing or heart rate; Bluish skin, lips or nails (cyanosis); Symptoms starting within a few days before or after the start of period",,"Listening to lungs with a stethoscope; Imaging (chest X-rays, CT scans, lung ultrasound); Arterial blood gas test; History of lung disease and physical exam; Diagnosis based on symptoms (for specific severe types like tension pneumothorax)","Thoracentesis or chest tube; Video-assisted thoracoscopy (VATS) to remove endometrial tissue, fix diaphragm, or close blebs; Hormone-regulating medications (oral contraceptives, GnRH agonists, danazol); Pleurodesis (attaching lung to chest wall chemically or by scraping pleura); Hysterectomy with bilateral oophorectomy (removes uterus and ovaries to stop ovulation)",Re-expansion pulmonary edema; Damage or infection caused by treatment; Respiratory failure; Heart failure,Usually not life-threatening; Often keeps coming back without treatment; Requires multiple treatment types (surgery and medications),,"Don't smoke; Avoid or limit activities with drastic changes in air pressure (scuba diving, flying) or follow precautions; See provider regularly to monitor underlying lung conditions",,"Family history of pneumothorax; Pregnancy; Tall, thin body type (especially in men); Marfan syndrome; Drug use (especially inhaled drugs); Smoking; Flying involving drastic air pressure changes; Scuba or deep-sea diving",,,
subtype,Pneumothorax,Tension Pneumothorax,General,"Air enters lungs/pleural space but cannot get out, creating a one-way valve effect that causes dangerous pressure buildup.","Chest pain on one side, especially when taking breaths; Cough; Fast breathing; Fast heart rate; Fatigue; Shortness of breath (dyspnea); Bluish skin, lips or nails (cyanosis)",,Diagnosed primarily based on physical symptoms,"Observation; Oxygen therapy; Thoracentesis; Chest tube drainage; Chemical pleurodesis (using doxycycline or talcum powder); Surgery (for persistent leaks, non-expanding lung, recurrent collapsed lung, or traumatic injuries)",Re-expansion pulmonary edema; Damage or infection caused by treatment; Respiratory failure; Heart failure,Serious form of pneumothorax that is a medical emergency,,"Don't smoke; Avoid or limit activities with drastic changes in air pressure (scuba diving, flying) or follow precautions; See provider regularly to monitor underlying lung conditions",,"Family history of pneumothorax; Pregnancy; Tall, thin body type (especially in men); Marfan syndrome; Drug use (especially inhaled drugs); Smoking; Flying involving drastic air pressure changes; Scuba or deep-sea diving",,,
primary,COVID-19 (SARS-CoV-2 Infection),COVID-19 (SARS-CoV-2 Infection),General,Infectious disease caused by the Severe Acute Respiratory Syndrome Coronavirus 2 (SARS-CoV-2).,,"SARS-CoV-2 virus infection; Breathing in respiratory droplets from an infected person; Close contact (touching, shaking hands) with an infected person and then touching the face; Touching a contaminated surface and then touching the face",,,,,,"Getting vaccinated against COVID-19 and the flu; Getting vaccinated against pneumococcal disease; Washing hands frequently with soap and water (or using hand sanitizer); Wearing a multilayer, snug-fitting mask (like N95 or KN95) in indoor public spaces or around others; Avoiding close contact and sharing items with sick or exposed people; Maintaining distance / limiting exposure to large indoor gatherings or high-risk events; Disinfecting high-touch surfaces frequently; Cough etiquette; Quitting smoking and avoiding secondhand smoke; Getting treated for underlying health conditions that increase risk",,,,,True
subtype,COVID-19 (SARS-CoV-2 Infection),COVID in Children,Pediatric,"SARS-CoV-2 infection occurring in pediatric populations (infants, children, and adolescents).",Fever; Cough; Shortness of breath; Sore throat; Headache; Muscle pain; Fatigue; Congestion; Runny nose; Nausea; Vomiting; Diarrhea; Uninterested in feeding (in infants); Asymptomatic,"SARS-CoV-2 virus infection; Breathing in respiratory droplets from an infected person; Close contact (touching, shaking hands) with an infected person and then touching the face; Touching a contaminated surface and then touching the face",Laboratory test (saliva sample or swab from nose or throat); At-home test,At-home care; Staying hydrated with plenty of fluids; Fever-reducing medication; Rest; Running a humidifier; Antiviral medications (select high-risk cases); Care at a hospital or ICU; Intravenous (IV) fluids; Supplemental oxygen,Croup; Bronchiolitis; Acute respiratory distress syndrome; Myocarditis; Acute kidney failure; Multisystem inflammatory syndrome in children (MIS-C); Post-COVID conditions / long COVID,Most kids get better within one to two weeks; Children who develop complications may need longer to recover; Most kids recover and bounce back just fine; Some children develop post-COVID conditions (long COVID),,"Getting vaccinated against COVID-19 and the flu; Getting vaccinated against pneumococcal disease; Washing hands frequently with soap and water (or using hand sanitizer); Wearing a multilayer, snug-fitting mask (like N95 or KN95) in indoor public spaces or around others; Avoiding close contact and sharing items with sick or exposed people; Maintaining distance / limiting exposure to large indoor gatherings or high-risk events; Disinfecting high-touch surfaces frequently; Cough etiquette; Quitting smoking and avoiding secondhand smoke; Getting treated for underlying health conditions that increase risk",Follow healthcare provider's and school/daycare's advice about returning to school; Tell pediatrician if child has lingering or new symptoms,,,,True
subtype,COVID-19 (SARS-CoV-2 Infection),COVID-19 during Pregnancy,Pregnancy,"SARS-CoV-2 infection occurring during pregnancy, posing unique risks to both maternal and fetal health.","Fever; Severe fever (higher than 103 degrees Fahrenheit or 39 degrees Celsius); Chills; Cough and nasal congestion; Headache and body aches; Tiredness; Lethargy or having trouble staying awake; New loss of taste or smell; Trouble breathing; Pain or pressure in your chest; Disorientation or confusion / inability to wake up; Diarrhea and vomiting; Blue-, gray- or white-tinged lips (cyanosis)","SARS-CoV-2 virus infection; Breathing in respiratory droplets from an infected person; Close contact (touching, shaking hands) with an infected person and then touching the face; Touching a contaminated surface and then touching the face",Diagnosis based on symptoms and likelihood of exposure; At-home COVID-19 test; Laboratory test involving swabbing nasal fluid,Ritonavir-boosted nirmatrelvir (Paxlovid®); Resting; Drinking extra fluids; Taking acetaminophen for pain relief; Using a humidifier to relieve congestion; Taking over-the-counter medication containing dextromethorphan to reduce coughing; Treatment in a hospital for severe symptoms,Blood clotting disorders; Fetal growth restriction; Gestational diabetes; Heavy bleeding right after giving birth (postpartum hemorrhage); Low birth weight; Preeclampsia; Preterm birth; Stillbirth; Inflammatory responses in the developing fetus; Vertical transmission (spreading of virus from pregnant woman to fetus),Most pregnant women who get COVID-19 experience mild symptoms and fully recover; Birth defects due to COVID-19 are rare,,"Getting vaccinated against COVID-19 and the flu; Getting vaccinated against pneumococcal disease; Washing hands frequently with soap and water (or using hand sanitizer); Wearing a multilayer, snug-fitting mask (like N95 or KN95) in indoor public spaces or around others; Avoiding close contact and sharing items with sick or exposed people; Maintaining distance / limiting exposure to large indoor gatherings or high-risk events; Disinfecting high-touch surfaces frequently; Cough etiquette; Quitting smoking and avoiding secondhand smoke; Getting treated for underlying health conditions that increase risk",Rest plenty and drink a lot of water; Isolate from others living with you until feeling better; Communicate with healthcare provider and follow their advice; Attend prenatal appointments,,,,True
subtype,COVID-19 (SARS-CoV-2 Infection),COVID Pneumonia,General,A severe lung complication of COVID-19 where the virus causes inflammation and fluid leakage into the alveoli.,"Shortness of breath or trouble breathing; Confusion; Extreme fatigue/tiredness; Cough; Fever; Chest pain or tightness; Bluish lips, skin or nails (cyanosis)","SARS-CoV-2 virus infection; Breathing in respiratory droplets from an infected person; Close contact (touching, shaking hands) with an infected person and then touching the face; Touching a contaminated surface and then touching the face",Asking about symptoms and physical examination; Nasal swab; Pulse oximetry; Chest X-ray; CT scan; Blood tests; Sputum test; Pleural fluid culture; Arterial blood gas test; Bronchoscopy,"Hospitalization; Antiviral medications (remdesivir, Paxlovid™); Antibiotics; Supplemental oxygen; IV fluids; Draining of fluids with a catheter or surgery; Corticosteroids (dexamethasone); Anticoagulants; Monoclonal antibodies (tocilizumab); Mechanical ventilation; Extracorporeal membrane oxygenation (ECMO)",Acute respiratory distress syndrome (ARDS); Blood clot in your lungs; Lung scarring,"Can cause life-threatening illness; Can last longer and cause damage in more places than other types of pneumonia; Probably need to stay in the hospital for a week or longer to recover; How soon you feel better depends on age, severity of pneumonia, and other health conditions or complications; Might still be more tired than usual or have other symptoms for weeks or months after going home; Mortality rates range from 3% to 5% for hospital patients not in ICU, 30% to 40% for people in the ICU, and 50% to 80% for those on a respirator; Age is usually the biggest factor in surviving COVID pneumonia",,"Getting vaccinated against COVID-19 and the flu; Getting vaccinated against pneumococcal disease; Washing hands frequently with soap and water (or using hand sanitizer); Wearing a multilayer, snug-fitting mask (like N95 or KN95) in indoor public spaces or around others; Avoiding close contact and sharing items with sick or exposed people; Maintaining distance / limiting exposure to large indoor gatherings or high-risk events; Disinfecting high-touch surfaces frequently; Cough etiquette; Quitting smoking and avoiding secondhand smoke; Getting treated for underlying health conditions that increase risk",Follow up with your healthcare provider if you have ongoing health concerns after being treated,,,,True
subtype,COVID-19 (SARS-CoV-2 Infection),Long COVID (Post-COVID Conditions),General,"A post-acute sequela characterized by persistent, returning, or new health problems occurring weeks or months after an initial SARS-CoV-2 infection.",Fatigue (lack of energy); Shortness of breath; Loss of or altered sense of smell or taste (anosmia or dysgeusia); Trouble thinking or focusing — 'brain fog'; Chronic cough; Headaches; Difficulty sleeping or insomnia; Depression; Anxiety; Chest pain; Heart palpitations; Diarrhea,"SARS-CoV-2 virus infection; Breathing in respiratory droplets from an infected person; Close contact (touching, shaking hands) with an infected person and then touching the face; Touching a contaminated surface and then touching the face",Listening to symptoms and health history; Blood tests; Chest X-rays or other imaging; CT scans; Lung (pulmonary) function tests; Electrocardiogram (EKG/ECG); Echocardiogram (Echo),"Medication (for cough, headaches, anxiety, depression, or underlying causes like blood clots); Stellate ganglion block; Olfactory retraining; Physical therapy; Pulmonary rehabilitation; Counseling",,"Symptoms may come and go, change or get worse over time; Many long-haulers do eventually get better, though how long that takes is different for each person; Most people with long COVID start to feel better within 12 to 18 months",,Antiviral medications (nirmatrelvir / Paxlovid® within five days of a positive COVID test or symptom start); Vaccination against COVID-19; Avoiding initial infection,See a primary care provider (PCP) and one or more specialists or a long COVID clinic; Be persistent and patient while trying treatments; Allow yourself more time for normal tasks and take more breaks; Take extended time off work or school if needed,,,,True
primary,Lung Consolidation,Lung Consolidation,General,"A condition where air in the small airways of the lungs is replaced with fluid, solid, or other material (pus, blood, water, stomach contents, or cells).",difficult to breathe; short of breath; skin look pale or bluish; coughing up thick green or bloody sputum; coughing up blood; a dry cough; breathing that sounds funny or is noisy; chest pain or heaviness; rapid breathing; fever; fatigue,,chest X-ray (consolidated parts look white/opaque); Blood tests; Sputum culture; CT scan; Bronchoscopy,,,"With appropriate treatment, consolidation usually goes away and air returns; The underlying illness can be serious, but many can be easily treated and cured; Starting treatment early in your illness usually gives you a better outcome",,,,,,,
underlying_cause,Lung Consolidation,Pneumonia causing Lung Consolidation,General,"Infection in the lung causes white blood cells to build up dead cells and debris, creating pus that fills the small airways.",cough; chest pain; fever,bacteria; virus; fungus or other unusual organisms; Aspiration of food,chest X-ray (consolidated parts look white/opaque); Blood tests; Sputum culture; CT scan; Bronchoscopy,"Medication targeted to the specific organism (antibiotics, antivirals, or antifungals); Medication to control cough, chest pain, or fever",,"With appropriate treatment, consolidation usually goes away and air returns; The underlying illness can be serious, but many can be easily treated and cured; Starting treatment early in your illness usually gives you a better outcome",,,,,,,
underlying_cause,Lung Consolidation,Pulmonary edema causing Lung Consolidation,General,"Increased pressure pushes fluid from lung blood vessels into small airways, or fluid enters airways from outside the body.",,"Congestive heart failure (heart can’t pump hard enough, backing up blood into lung vessels); Near-drowning (fluid entering airways from outside body)",chest X-ray (consolidated parts look white/opaque); Blood tests; Sputum culture; CT scan; Bronchoscopy,Medication to remove extra fluid; Medication to lower blood vessel pressure; Medication to make the heart pump better,,"With appropriate treatment, consolidation usually goes away and air returns; The underlying illness can be serious, but many can be easily treated and cured; Starting treatment early in your illness usually gives you a better outcome",,,,,,,
underlying_cause,Lung Consolidation,Pulmonary hemorrhage causing Lung Consolidation,General,Bleeding in the lungs caused by inflammation of blood vessels making them weak and leaky.,bleeding in lungs,Vasculitis,chest X-ray (consolidated parts look white/opaque); Blood tests; Sputum culture; CT scan; Bronchoscopy,Steroids; Immunosuppressants,,"With appropriate treatment, consolidation usually goes away and air returns; The underlying illness can be serious, but many can be easily treated and cured; Starting treatment early in your illness usually gives you a better outcome",,,,,,,
underlying_cause,Lung Consolidation,Aspiration causing Lung Consolidation,General,Breathing food particles or stomach contents into the lungs.,,Swallowing issues; Decreased level of consciousness (increases risk for pneumonitis),chest X-ray (consolidated parts look white/opaque); Blood tests; Sputum culture; CT scan; Bronchoscopy,,"{'condition': 'Aspiration pneumonia', 'targeted_treatment': ['Strong antibiotics', 'Evaluation and treatment for swallowing problems']}; {'condition': 'Pneumonitis', 'mechanism': 'Stomach acid and chemicals cause non-infectious inflammation/injury to lungs.', 'targeted_treatment': ['Steroids (if very sick)', 'Supportive care while the body heals']}","With appropriate treatment, consolidation usually goes away and air returns; The underlying illness can be serious, but many can be easily treated and cured; Starting treatment early in your illness usually gives you a better outcome",,,,,,,
underlying_cause,Lung Consolidation,Lung cancer causing Lung Consolidation,General,Tumor cells occupying or blocking lung space.,,Smoking,chest X-ray (consolidated parts look white/opaque); Blood tests; Sputum culture; CT scan; Bronchoscopy,"Surgery (removing the tumor, if possible); Symptom management treatment (if cancer has spread)",,"Hard to treat; Takes more lives each year than prostate, colon, and breast cancer combined; Uncurable once it starts to spread",,,,,,,
differential_diagnosis,Lung Consolidation,Differential Diagnosis: Pleural effusion vs Lung Consolidation,General,"Key Difference: Fluid accumulates in the pleural space outside the lung (moves with gravity), whereas consolidation is fluid inside the lung tissue (does not move with position changes).",difficult to breathe; short of breath; skin look pale or bluish; coughing up thick green or bloody sputum; coughing up blood; a dry cough; breathing that sounds funny or is noisy; chest pain or heaviness; rapid breathing; fever; fatigue,Congestive heart failure; Pneumonia; Lung cancer,chest X-ray (consolidated parts look white/opaque); Blood tests; Sputum culture; CT scan; Bronchoscopy,,,"With appropriate treatment, consolidation usually goes away and air returns; The underlying illness can be serious, but many can be easily treated and cured; Starting treatment early in your illness usually gives you a better outcome",,,,,,,
primary,Pulmonary Edema,Pulmonary Edema,General,"A condition caused by excess fluid in the lungs, making breathing difficult.","Shortness of breath (dyspnea), especially during movement or lying down; Shortness of breath when lying flat; Feeling of breathlessness that awakens you; Gasping for air / feeling like you're suffocating; Difficulty breathing; Coughing up of foam and loose mucus; Coughing up blood or frothy mucus; Wheezing; Chest tightness; Chest pain; Swelling in your legs; Tiredness; Dizziness or weakness; Rapid heartbeat; Anxiety or restlessness; Bluish or grayish skin; Excessive sweating",,Physical exam (listening to heart and lungs with a stethoscope); Checking for increased or decreased heart rate or blood pressure; Checking for increased respiratory rate; Checking for abnormal heart sounds; Checking for crackling sounds or wheezing/whistling sounds in lungs; Checking for swelling of body; Checking for gray or bluish skin; Complete blood count (CBC); Blood chemistries; Pulse oximetry; Chest X-ray; Echocardiogram; Electrocardiogram (EKG); Cardiac catheterization,Oxygen delivered through prongs in your nose; Machines that blow air into your lungs through a mask on your face; Ventilators or respirators that blow in air through a tube inserted into your windpipe; Medications that cause you to urinate more and get rid of fluid; Medications that strengthen your heart; Antibiotics; Steroids,,Can be life-threatening and requires immediate medical treatment; Survival rates depend on the cause of the condition and how quickly you receive treatment; Severe cases can be life-threatening if you don't receive treatment right away,,Take medications as directed if you have a heart condition; Get routine vaccinations; See your healthcare provider regularly and if you have problems breathing; Eat a healthy diet low in salt; Don't smoke; Maintain a healthy weight; Talk to your provider if you're planning activities (such as mountain climbing) that can cause pulmonary edema,,,,,
subtype,Pulmonary Edema,Cardiogenic Causes (Heart Problems),General,"A subtype, category, or etiology of Pulmonary Edema.","Shortness of breath (dyspnea), especially during movement or lying down; Shortness of breath when lying flat; Feeling of breathlessness that awakens you; Gasping for air / feeling like you're suffocating; Difficulty breathing; Coughing up of foam and loose mucus; Coughing up blood or frothy mucus; Wheezing; Chest tightness; Chest pain; Swelling in your legs; Tiredness; Dizziness or weakness; Rapid heartbeat; Anxiety or restlessness; Bluish or grayish skin; Excessive sweating",,Physical exam (listening to heart and lungs with a stethoscope); Checking for increased or decreased heart rate or blood pressure; Checking for increased respiratory rate; Checking for abnormal heart sounds; Checking for crackling sounds or wheezing/whistling sounds in lungs; Checking for swelling of body; Checking for gray or bluish skin; Complete blood count (CBC); Blood chemistries; Pulse oximetry; Chest X-ray; Echocardiogram; Electrocardiogram (EKG); Cardiac catheterization,Oxygen delivered through prongs in your nose; Machines that blow air into your lungs through a mask on your face; Ventilators or respirators that blow in air through a tube inserted into your windpipe; Medications that cause you to urinate more and get rid of fluid; Medications that strengthen your heart; Antibiotics; Steroids,,Can be life-threatening and requires immediate medical treatment; Survival rates depend on the cause of the condition and how quickly you receive treatment; Severe cases can be life-threatening if you don't receive treatment right away,,Take medications as directed if you have a heart condition; Get routine vaccinations; See your healthcare provider regularly and if you have problems breathing; Eat a healthy diet low in salt; Don't smoke; Maintain a healthy weight; Talk to your provider if you're planning activities (such as mountain climbing) that can cause pulmonary edema,,,,,
subtype,Pulmonary Edema,Noncardiogenic Causes (Inflammation or Injury to Blood Vessels in Lungs),General,"A subtype, category, or etiology of Pulmonary Edema.","Shortness of breath (dyspnea), especially during movement or lying down; Shortness of breath when lying flat; Feeling of breathlessness that awakens you; Gasping for air / feeling like you're suffocating; Difficulty breathing; Coughing up of foam and loose mucus; Coughing up blood or frothy mucus; Wheezing; Chest tightness; Chest pain; Swelling in your legs; Tiredness; Dizziness or weakness; Rapid heartbeat; Anxiety or restlessness; Bluish or grayish skin; Excessive sweating",,Physical exam (listening to heart and lungs with a stethoscope); Checking for increased or decreased heart rate or blood pressure; Checking for increased respiratory rate; Checking for abnormal heart sounds; Checking for crackling sounds or wheezing/whistling sounds in lungs; Checking for swelling of body; Checking for gray or bluish skin; Complete blood count (CBC); Blood chemistries; Pulse oximetry; Chest X-ray; Echocardiogram; Electrocardiogram (EKG); Cardiac catheterization,Oxygen delivered through prongs in your nose; Machines that blow air into your lungs through a mask on your face; Ventilators or respirators that blow in air through a tube inserted into your windpipe; Medications that cause you to urinate more and get rid of fluid; Medications that strengthen your heart; Antibiotics; Steroids,,Can be life-threatening and requires immediate medical treatment; Survival rates depend on the cause of the condition and how quickly you receive treatment; Severe cases can be life-threatening if you don't receive treatment right away,,Take medications as directed if you have a heart condition; Get routine vaccinations; See your healthcare provider regularly and if you have problems breathing; Eat a healthy diet low in salt; Don't smoke; Maintain a healthy weight; Talk to your provider if you're planning activities (such as mountain climbing) that can cause pulmonary edema,,,,,
subtype,Pulmonary Edema,High Altitude Pulmonary Edema (HAPE) (Noncardiogenic Causes (Inflammation or Injury to Blood Vessels in Lungs)),General,A noncardiogenic form of pulmonary edema occurring at high elevations due to reduced oxygen pressure.,Tiredness; Weakness; Aches; Shortness of breath; Coughing; Chest tightness,Being at high altitudes or rapidly going up (ascending) a mountain; Lower oxygen levels at higher altitudes; Pulmonary blood vessels constricting and becoming leaky,Physical exam (listening to heart and lungs with a stethoscope); Checking for increased or decreased heart rate or blood pressure; Checking for increased respiratory rate; Checking for abnormal heart sounds; Checking for crackling sounds or wheezing/whistling sounds in lungs; Checking for swelling of body; Checking for gray or bluish skin; Complete blood count (CBC); Blood chemistries; Pulse oximetry; Chest X-ray; Echocardiogram; Electrocardiogram (EKG); Cardiac catheterization,Descending (going down) immediately; Medical treatment,,Medical emergency and can be life-threatening,,Take medications as directed if you have a heart condition; Get routine vaccinations; See your healthcare provider regularly and if you have problems breathing; Eat a healthy diet low in salt; Don't smoke; Maintain a healthy weight; Talk to your provider if you're planning activities (such as mountain climbing) that can cause pulmonary edema,,,,,
subtype,Pulmonary Edema,Swimming-Induced Pulmonary Edema (Immersion Pulmonary Edema) (Noncardiogenic Causes (Inflammation or Injury to Blood Vessels in Lungs)),General,A form of noncardiogenic pulmonary edema triggered by immersion in water during swimming or diving.,"Shortness of breath (dyspnea), especially during movement or lying down; Shortness of breath when lying flat; Feeling of breathlessness that awakens you; Gasping for air / feeling like you're suffocating; Difficulty breathing; Coughing up of foam and loose mucus; Coughing up blood or frothy mucus; Wheezing; Chest tightness; Chest pain; Swelling in your legs; Tiredness; Dizziness or weakness; Rapid heartbeat; Anxiety or restlessness; Bluish or grayish skin; Excessive sweating","Capillaries bursting during competitive swimming and diving; Blood sent to lungs from legs and abdomen during diving, increasing pressure in lung blood vessels and causing fluid to leak into air sacs",Physical exam (listening to heart and lungs with a stethoscope); Checking for increased or decreased heart rate or blood pressure; Checking for increased respiratory rate; Checking for abnormal heart sounds; Checking for crackling sounds or wheezing/whistling sounds in lungs; Checking for swelling of body; Checking for gray or bluish skin; Complete blood count (CBC); Blood chemistries; Pulse oximetry; Chest X-ray; Echocardiogram; Electrocardiogram (EKG); Cardiac catheterization,Oxygen delivered through prongs in your nose; Machines that blow air into your lungs through a mask on your face; Ventilators or respirators that blow in air through a tube inserted into your windpipe; Medications that cause you to urinate more and get rid of fluid; Medications that strengthen your heart; Antibiotics; Steroids,,Can be life-threatening and requires immediate medical treatment; Survival rates depend on the cause of the condition and how quickly you receive treatment; Severe cases can be life-threatening if you don't receive treatment right away,,Take medications as directed if you have a heart condition; Get routine vaccinations; See your healthcare provider regularly and if you have problems breathing; Eat a healthy diet low in salt; Don't smoke; Maintain a healthy weight; Talk to your provider if you're planning activities (such as mountain climbing) that can cause pulmonary edema,,,,,
subtype,Pulmonary Edema,Neurogenic Pulmonary Edema (Noncardiogenic Causes (Inflammation or Injury to Blood Vessels in Lungs)),General,A specific form under Noncardiogenic Causes (Inflammation or Injury to Blood Vessels in Lungs).,"Shortness of breath (dyspnea), especially during movement or lying down; Shortness of breath when lying flat; Feeling of breathlessness that awakens you; Gasping for air / feeling like you're suffocating; Difficulty breathing; Coughing up of foam and loose mucus; Coughing up blood or frothy mucus; Wheezing; Chest tightness; Chest pain; Swelling in your legs; Tiredness; Dizziness or weakness; Rapid heartbeat; Anxiety or restlessness; Bluish or grayish skin; Excessive sweating",Bleeding or swelling in your brain,Physical exam (listening to heart and lungs with a stethoscope); Checking for increased or decreased heart rate or blood pressure; Checking for increased respiratory rate; Checking for abnormal heart sounds; Checking for crackling sounds or wheezing/whistling sounds in lungs; Checking for swelling of body; Checking for gray or bluish skin; Complete blood count (CBC); Blood chemistries; Pulse oximetry; Chest X-ray; Echocardiogram; Electrocardiogram (EKG); Cardiac catheterization,Oxygen delivered through prongs in your nose; Machines that blow air into your lungs through a mask on your face; Ventilators or respirators that blow in air through a tube inserted into your windpipe; Medications that cause you to urinate more and get rid of fluid; Medications that strengthen your heart; Antibiotics; Steroids,,Can be life-threatening and requires immediate medical treatment; Survival rates depend on the cause of the condition and how quickly you receive treatment; Severe cases can be life-threatening if you don't receive treatment right away,,Take medications as directed if you have a heart condition; Get routine vaccinations; See your healthcare provider regularly and if you have problems breathing; Eat a healthy diet low in salt; Don't smoke; Maintain a healthy weight; Talk to your provider if you're planning activities (such as mountain climbing) that can cause pulmonary edema,,,,,
subtype,Pulmonary Edema,Negative Pressure Pulmonary Edema (Noncardiogenic Causes (Inflammation or Injury to Blood Vessels in Lungs)),General,A specific form under Noncardiogenic Causes (Inflammation or Injury to Blood Vessels in Lungs).,"Shortness of breath (dyspnea), especially during movement or lying down; Shortness of breath when lying flat; Feeling of breathlessness that awakens you; Gasping for air / feeling like you're suffocating; Difficulty breathing; Coughing up of foam and loose mucus; Coughing up blood or frothy mucus; Wheezing; Chest tightness; Chest pain; Swelling in your legs; Tiredness; Dizziness or weakness; Rapid heartbeat; Anxiety or restlessness; Bluish or grayish skin; Excessive sweating",Blockage in upper airway and straining to breathe,Physical exam (listening to heart and lungs with a stethoscope); Checking for increased or decreased heart rate or blood pressure; Checking for increased respiratory rate; Checking for abnormal heart sounds; Checking for crackling sounds or wheezing/whistling sounds in lungs; Checking for swelling of body; Checking for gray or bluish skin; Complete blood count (CBC); Blood chemistries; Pulse oximetry; Chest X-ray; Echocardiogram; Electrocardiogram (EKG); Cardiac catheterization,Oxygen delivered through prongs in your nose; Machines that blow air into your lungs through a mask on your face; Ventilators or respirators that blow in air through a tube inserted into your windpipe; Medications that cause you to urinate more and get rid of fluid; Medications that strengthen your heart; Antibiotics; Steroids,,Can be life-threatening and requires immediate medical treatment; Survival rates depend on the cause of the condition and how quickly you receive treatment; Severe cases can be life-threatening if you don't receive treatment right away,,Take medications as directed if you have a heart condition; Get routine vaccinations; See your healthcare provider regularly and if you have problems breathing; Eat a healthy diet low in salt; Don't smoke; Maintain a healthy weight; Talk to your provider if you're planning activities (such as mountain climbing) that can cause pulmonary edema,,,,,
