type,id,project_id,submitter_id,data_category,data_format,data_type,file_name,file_size,md5sum,acquisition_type,case_ids,contrast_bolus_agent,convolution_kernel,exposure_modulation_type,image_data_modification_method,image_data_modification_name,image_data_modified,image_type,lossy_image_compression,manufacturer,manufacturer_model_name,modality,number_of_instances,object_id,patient_position,pixel_spacing,series_description,series_uid,slice_thickness,spacing_between_slices,core_metadata_collections.id,core_metadata_collections.submitter_id,imaging_studies.id,imaging_studies.submitter_id,case_ids_clean,submitter_id_case,covid19_positive,sex,age_at_index,race,icu_indicator,ventilator_indicator,effusion,covid,pneumonia,fibrosis,emphysema,atelectasis,opacity,ct_series_files.submitter_id,class_covid19_pneumonia,airspace_disease_grading,midrc_mRALE_score,normal,n_anomalies
ct_series_file,e18fb2e6-abeb-446f-83b1-cbcce5c77c8c,Open-A1,2.16.840.1.114274.1818.52515991782807024714106562402686589574,CT,DCM,DICOM,10041569-NSEL0dEU50iSJEeE7kzpPQ/2.16.840.1.114274.1818.56749787320645874132503072663578901162/2.16.840.1.114274.1818.52515991782807024714106562402686589574.zip,26278042,dff37f4e933cccbf5080a91cc60e1d1a,,10041569-NSEL0dEU50iSJEeE7kzpPQ,,"Br51f_2,Br51f",XYZ_EC,,,False,"DERIVED_PRIMARY_LOCALIZER_CT_SOM5 MPR,DERIVED_PRIMARY_AXIAL_CT_SOM5 MPR",,SIEMENS,SOMATOM Definition Edge,CT,,dg.MD1R/53819759-d588-4c3e-8991-1e2baa1300f2,HFS,"1.14453125,0.56031128404669",LUNG_SAG_CHEST_+C_3.0,2.16.840.1.114274.1818.52515991782807024714106562402686589574,3.0,,4fd56c15-6e2d-4b23-9089-796f313124bb,ACR_20250901,809ba20a-ce92-41c3-9b49-d8954c0ab9c6,2.16.840.1.114274.1818.56749787320645874132503072663578901162,10041569-NSEL0dEU50iSJEeE7kzpPQ,10041569-NSEL0dEU50iSJEeE7kzpPQ,Yes,Male,58.0,White,False,True,1,1,1,1,0,0,1,,,,,0,5
ct_series_file,d70db13a-f50d-4e3b-a3c9-09fbbc6faabc,Open-A1,2.16.840.1.114274.1818.575566338798670765617625185867140704402,CT,DCM,DICOM,10041569-hGXklXiglkyibymE05GqA/2.16.840.1.114274.1818.514908066596353024015995849626850039189/2.16.840.1.114274.1818.575566338798670765617625185867140704402.zip,130826880,a977bc6b5f37ee67eec5d0d90339f2c7,,10041569-hGXklXiglkyibymE05GqA,,"Br51f_2,Br51f",XYZ_EC,,,False,"DERIVED_PRIMARY_LOCALIZER_CT_SOM5 MPR,DERIVED_PRIMARY_AXIAL_CT_SOM5 MPR",,SIEMENS,Mirada Registration Server,CT,,dg.MD1R/f22afde8-d19f-4e77-9e46-923ef47e99af,FFS,"1.181640625,0.52569750367107",LUNG_SAG_CHEST_1.0,2.16.840.1.114274.1818.575566338798670765617625185867140704402,1.0,,4fd56c15-6e2d-4b23-9089-796f313124bb,ACR_20250901,25e914b0-cd18-40ed-a664-38821a352ca0,2.16.840.1.114274.1818.514908066596353024015995849626850039189,10041569-hGXklXiglkyibymE05GqA,10041569-hGXklXiglkyibymE05GqA,Yes,Male,49.0,White,False,True,1,1,1,0,0,1,1,,,,,0,5
ct_series_file,114339df-75dd-4200-94ce-135792a69021,Open-A1,2.16.840.1.114274.1818.54984347006838467108250330797604909696,CT,DCM,DICOM,10041569-c7w6HYO4oU7uSiC4lcZiA/2.16.840.1.114274.1818.545419882860540676114273843422259529647/2.16.840.1.114274.1818.54984347006838467108250330797604909696.zip,52784236,5b11663e45e973c5a0f1bd0f067dc3ef,,10041569-c7w6HYO4oU7uSiC4lcZiA,,"Br38f,Br38f_3",XYZ_EC,,,False,"DERIVED_PRIMARY_LOCALIZER_CT_SOM5 MPR,DERIVED_PRIMARY_AXIAL_CT_SOM5 MPR",,SIEMENS,SOMATOM Definition Flash,CT,,dg.MD1R/5ce2248c-a4a2-4097-bfd3-165e4f62dbab,FFS,"0.48837209302326,1.017578125",ST_SAG_CHEST_2.0,2.16.840.1.114274.1818.54984347006838467108250330797604909696,2.0,,4fd56c15-6e2d-4b23-9089-796f313124bb,ACR_20250901,7170facb-9786-48f0-a7ef-dd6f72759e48,2.16.840.1.114274.1818.545419882860540676114273843422259529647,10041569-c7w6HYO4oU7uSiC4lcZiA,10041569-c7w6HYO4oU7uSiC4lcZiA,Yes,Male,66.0,White,False,True,1,1,1,1,1,1,1,,,,,0,7
ct_series_file,af27aa64-fa65-49c7-ac8e-b82fb8ea1a56,Open-A1,2.16.840.1.114274.1818.561392384528043913511103660637422517934,CT,DCM,DICOM,10041569-KTJisivBEW8eG11h3OmCQ/2.16.840.1.114274.1818.512419069153944780610277813753729629073/2.16.840.1.114274.1818.561392384528043913511103660637422517934.zip,25881188,086624c1ff8bbe3ec6ac9dd2ec04a340,,10041569-KTJisivBEW8eG11h3OmCQ,,Br49d_2,Z_EC,,,False,DERIVED_PRIMARY_AXIAL_CT_SOM5 MPR_STD_SNRG_DET_AB,,SIEMENS,SOMATOM Force,CT,,dg.MD1R/50d63902-cd22-41b5-a77e-562b065ab358,FFS,0.67578125,LUNG_COR_CHEST_3.0,2.16.840.1.114274.1818.561392384528043913511103660637422517934,3.0,,4fd56c15-6e2d-4b23-9089-796f313124bb,ACR_20250901,fc9dfc85-75ec-45e1-97ca-24bbc5a66651,2.16.840.1.114274.1818.512419069153944780610277813753729629073,10041569-KTJisivBEW8eG11h3OmCQ,10041569-KTJisivBEW8eG11h3OmCQ,Yes,Male,36.0,Not Reported,False,True,1,1,1,0,0,1,1,,,,,0,5
ct_series_file,11f6f93b-fc65-4616-9d8b-b34a4dc19699,Open-A1,2.16.840.1.114274.1818.50171210022626044089698331742891222456,CT,DCM,DICOM,10041569-YwgotNEPQUS9rTCEmYfvGg/2.16.840.1.114274.1818.51152122845279465655602857339666777254/2.16.840.1.114274.1818.50171210022626044089698331742891222456.zip,31332394,aca46e35ae733c76e5be8a46410b1cc9,,10041569-YwgotNEPQUS9rTCEmYfvGg,,I31f_3,XYZ_EC,,,False,ORIGINAL_PRIMARY_AXIAL_CT_SOM5 SPI,,SIEMENS,SOMATOM Definition AS+,CT,,dg.MD1R/bb4fa5b6-240d-4b61-a954-70d63cc14d61,HFS,0.82421875,ST_AX_THICK_+C_2.0,2.16.840.1.114274.1818.50171210022626044089698331742891222456,2.0,,4fd56c15-6e2d-4b23-9089-796f313124bb,ACR_20250901,0e9e7880-567d-4f05-b1d9-32c5958cd01b,2.16.840.1.114274.1818.51152122845279465655602857339666777254,10041569-YwgotNEPQUS9rTCEmYfvGg,10041569-YwgotNEPQUS9rTCEmYfvGg,Yes,Male,43.0,Not Reported,False,True,1,1,1,1,0,1,1,,,,,0,6
ct_series_file,cbf4cf78-b871-4e76-9632-98d64f04d7ae,Open-A1,2.16.840.1.114274.1818.488655118344165192314381970583341873809,CT,DCM,DICOM,10041569-hGXklXiglkyibymE05GqA/2.16.840.1.114274.1818.531341274525390498714461490575260664760/2.16.840.1.114274.1818.488655118344165192314381970583341873809.zip,21718112,ff70819c8679cdaf37c7d6500142f61b,,10041569-hGXklXiglkyibymE05GqA,,Br43s,XYZ_EC,,,False,"DERIVED_PRIMARY_LOCALIZER_CT_SOM5 MPR,DERIVED_PRIMARY_AXIAL_CT_SOM5 MPR",,SIEMENS,SOMATOM Definition Edge,CT,,dg.MD1R/85e6a5d9-e15c-4a1c-b4eb-753dfbcedfed,FFS,"0.52733686067019,1.080078125",ST_SAG_TSP,2.16.840.1.114274.1818.488655118344165192314381970583341873809,2.0,,4fd56c15-6e2d-4b23-9089-796f313124bb,ACR_20250901,00946003-f9ab-4d88-b2a7-2329ba25304a,2.16.840.1.114274.1818.531341274525390498714461490575260664760,10041569-hGXklXiglkyibymE05GqA,10041569-hGXklXiglkyibymE05GqA,Yes,Male,49.0,White,False,True,1,1,1,0,0,1,1,,,,,0,5
ct_series_file,6fd5fe1f-c881-4103-a593-903fef912e22,Open-A1,2.16.840.1.114274.1818.50793766625864136815875756601246012063,CT,DCM,DICOM,10041569-c7w6HYO4oU7uSiC4lcZiA/2.16.840.1.114274.1818.539374782057443449414133618129572386957/2.16.840.1.114274.1818.50793766625864136815875756601246012063.zip,185700,6ed2e78ac4bce0c5c61165dc02270a1d,,10041569-c7w6HYO4oU7uSiC4lcZiA,,Tr20f,NONE,,,False,ORIGINAL_PRIMARY_LOCALIZER_CT_SOM5 TOP,,SIEMENS,SOMATOM Definition Flash,CT,,dg.MD1R/91377f70-5bc8-4f11-bdb6-f4bf7dbd0939,FFS,2.0,AP SCOUT  1.0  Tr20,2.16.840.1.114274.1818.50793766625864136815875756601246012063,,,4fd56c15-6e2d-4b23-9089-796f313124bb,ACR_20250901,42058cf6-8f57-4b4d-9972-1b230f5a6a75,2.16.840.1.114274.1818.539374782057443449414133618129572386957,10041569-c7w6HYO4oU7uSiC4lcZiA,10041569-c7w6HYO4oU7uSiC4lcZiA,Yes,Male,66.0,White,False,True,1,1,1,1,1,1,1,,,,,0,7
ct_series_file,9c94977e-b42b-4b5b-a034-ea93493abaec,Open-A1,2.16.840.1.114274.1818.524422334027963982515823400192083846306,CT,DCM,DICOM,10041569-YwgotNEPQUS9rTCEmYfvGg/2.16.840.1.114274.1818.572057649757037972315924528491279030175/2.16.840.1.114274.1818.524422334027963982515823400192083846306.zip,8381374,0694235de94c4f50f90b109650ee852e,,10041569-YwgotNEPQUS9rTCEmYfvGg,,Br40f_3,XYZ_EC,,,False,ORIGINAL_PRIMARY_AXIAL_CT_SOM5 SPI,,SIEMENS,SOMATOM Drive,CT,,dg.MD1R/e4726ddd-e474-4b79-bf42-0e86c38b95e4,FFS,0.783203125,INSPIRATION  2.0  Br40  3,2.16.840.1.114274.1818.524422334027963982515823400192083846306,2.0,,4fd56c15-6e2d-4b23-9089-796f313124bb,ACR_20250901,a006c919-e484-4b52-879a-a27845f7784f,2.16.840.1.114274.1818.572057649757037972315924528491279030175,10041569-YwgotNEPQUS9rTCEmYfvGg,10041569-YwgotNEPQUS9rTCEmYfvGg,Yes,Male,43.0,Not Reported,False,True,1,1,1,1,0,1,1,,,,,0,6
ct_series_file,d2f3d5ed-885a-4f45-8c95-7dfca0a283f6,Open-A1,2.16.840.1.114362.1.12046989.25391884018.615731753.667.75,CT,DCM,DICOM,10000364-6303877/2.16.840.1.114274.1818.536968047396698367512337420052820514487/2.16.840.1.114362.1.12046989.25391884018.615731753.667.75.zip,6423126,bd160eb975b93f14580613c5eabe92de,,10000364-6303877,,J70h,,Skull-stripping,2.0,True,DERIVED_PRIMARY_AXIAL,,SIEMENS / MIM Software,SOMATOM Definition AS,CT,73.0,dg.MD1R/a2458c8f-74eb-4450-841f-612beb49ee4b,HFS,0.43359381,BrainSegmentation,2.16.840.1.114362.1.12046989.25391884018.615731753.667.75,1.981495619,,f3a84a57-f61e-4953-af27-23f850bc857a,ACR_20230415,d7613a97-9ccb-4a2f-90e5-2cd29f6d7d68,2.16.840.1.114274.1818.536968047396698367512337420052820514487,10000364-6303877,10000364-6303877,Yes,Female,64.0,White,True,False,1,1,1,0,0,0,0,,,,,0,3
ct_series_file,914bd158-341f-4019-901a-7f0b5a21edb3,Open-A1,2.16.840.1.114274.1818.49043239229215174215857907402000217242,CT,DCM,DICOM,10041569-g7BegS168EGCpgRylILjoA/2.16.840.1.114274.1818.531705552272522870615982623405522797441/2.16.840.1.114274.1818.49043239229215174215857907402000217242.zip,33738604,04744ff10167a431805f450265b4ffbd,,10041569-g7BegS168EGCpgRylILjoA,,"Br49f_3,Br49f",Z_EC,,,False,"DERIVED_PRIMARY_LOCALIZER_CT_SOM5 MPR_STD_SNRG_DET_AB,DERIVED_PRIMARY_AXIAL_CT_SOM5 MPR_STD_SNRG_DET_AB",,SIEMENS,SOMATOM Drive,CT,,dg.MD1R/b028ba74-02f7-4aed-8380-29d0ec394272,FFS,"0.61694915254237,0.83203125",LUNG_SAG_CHEST_3.0,2.16.840.1.114274.1818.49043239229215174215857907402000217242,3.0,,4fd56c15-6e2d-4b23-9089-796f313124bb,ACR_20250901,c0c1b40a-cab1-4bcd-9c20-192f7b5c194d,2.16.840.1.114274.1818.531705552272522870615982623405522797441,10041569-g7BegS168EGCpgRylILjoA,10041569-g7BegS168EGCpgRylILjoA,Yes,Female,63.0,White,False,True,1,1,1,1,0,1,1,,,,,0,6
ct_series_file,118268ab-a83e-4eca-93d7-e53d494470c5,Open-A1,2.16.840.1.114274.1818.56694967341485270901400349717703061408,CT,DCM,DICOM,10041569-g7BegS168EGCpgRylILjoA/2.16.840.1.114274.1818.51949992674445653363779016573323848074/2.16.840.1.114274.1818.56694967341485270901400349717703061408.zip,58453424,dceb35cdc0f7a5fd94c62d71cb414ab3,,10041569-g7BegS168EGCpgRylILjoA,APPLIED,Bf40d_4,XYZ_EC,,,False,DERIVED_PRIMARY_AXIAL_CT_SOM5 MPR,,SIEMENS,SOMATOM Force,CT,,dg.MD1R/5dbdc34e-08e5-498c-b41d-eefd3b3e2199,FFS,0.578125,ST_COR_PE_1.0,2.16.840.1.114274.1818.56694967341485270901400349717703061408,1.0,,4fd56c15-6e2d-4b23-9089-796f313124bb,ACR_20250901,ed40c453-9586-4b7c-9ad6-ba6bff076273,2.16.840.1.114274.1818.51949992674445653363779016573323848074,10041569-g7BegS168EGCpgRylILjoA,10041569-g7BegS168EGCpgRylILjoA,Yes,Female,63.0,White,False,True,1,1,1,1,0,1,1,,,,,0,6
ct_series_file,5b26ed22-07fa-4789-be13-61c5861fa0b1,Open-A1,2.16.840.1.114362.1.12359305.25874454649.713298751.951.1118,CT,DCM,DICOM,10041569-hGXklXiglkyibymE05GqA/2.16.840.1.114274.1818.475204921906476425414726222156848852905/2.16.840.1.114362.1.12359305.25874454649.713298751.951.1118.zip,11991098,7e9fa926b0aff9ece4338f60d4c84dbd,,10041569-hGXklXiglkyibymE05GqA,,B30f,,Skull-stripping,,True,DERIVED_PRIMARY_AXIAL,1.0,SIEMENS / MIM Software,,CT,,dg.MD1R/9ebc4790-3734-4dff-83be-87fafa85963b,HFS,1.5234375,BrainSegmentation,2.16.840.1.114362.1.12359305.25874454649.713298751.951.1118,3.0,,4fd56c15-6e2d-4b23-9089-796f313124bb,ACR_20250901,9fa5063a-5d89-4b52-ba34-1ea935453e1a,2.16.840.1.114274.1818.475204921906476425414726222156848852905,10041569-hGXklXiglkyibymE05GqA,10041569-hGXklXiglkyibymE05GqA,Yes,Male,49.0,White,False,True,1,1,1,0,0,1,1,,,,,0,5
ct_series_file,d121b9d5-fd33-40b1-8313-597c41ccfd08,Open-A1,2.16.840.1.114274.1818.55227917755542373009939286119952871863,CT,DCM,DICOM,10041569-YIon3HGGUa4N81uJEoWmg/2.16.840.1.114274.1818.49252408960383494347352526721023077508/2.16.840.1.114274.1818.55227917755542373009939286119952871863.zip,150882,2d8172949106814d52033a56e39f5983,,10041569-YIon3HGGUa4N81uJEoWmg,,Tr20f,NONE,,,False,ORIGINAL_PRIMARY_LOCALIZER_CT_SOM5 TOP,,SIEMENS,SOMATOM Definition Edge,CT,,dg.MD1R/6f32450e-820c-44ba-85e8-d13976fb422a,FFS,1.0,Topogram  1.0  Tr20,2.16.840.1.114274.1818.55227917755542373009939286119952871863,,,4fd56c15-6e2d-4b23-9089-796f313124bb,ACR_20250901,cc660938-8f8b-4b74-be11-b18bb9fa2569,2.16.840.1.114274.1818.49252408960383494347352526721023077508,10041569-YIon3HGGUa4N81uJEoWmg,10041569-YIon3HGGUa4N81uJEoWmg,Yes,Male,84.0,Black or African American,False,False,1,1,1,1,0,1,1,,,,,0,6
ct_series_file,12392a08-5fe6-404d-91c2-8208b173f302,Open-A1,2.16.840.1.114274.1818.539031113944877635216839004490030181504,CT,DCM,DICOM,10041569-NSEL0dEU50iSJEeE7kzpPQ/2.16.840.1.114274.1818.535607652748261191315360557496548986295/2.16.840.1.114274.1818.539031113944877635216839004490030181504.zip,25820642,c269180b77e4cae57af2da7f29e30d12,,10041569-NSEL0dEU50iSJEeE7kzpPQ,,STANDARD,,,,False,ORIGINAL_PRIMARY_AXIAL,,GE MEDICAL SYSTEMS,Optima CT660,CT,,dg.MD1R/5adf21fb-b574-4501-9763-b1c37399024a,FFS,0.695312,AXIAL,2.16.840.1.114274.1818.539031113944877635216839004490030181504,2.5,2.5,4fd56c15-6e2d-4b23-9089-796f313124bb,ACR_20250901,5c498085-2d39-4d15-95e1-2f6a8742853a,2.16.840.1.114274.1818.535607652748261191315360557496548986295,10041569-NSEL0dEU50iSJEeE7kzpPQ,10041569-NSEL0dEU50iSJEeE7kzpPQ,Yes,Male,58.0,White,False,True,1,1,1,1,0,0,1,,,,,0,5
ct_series_file,6974911d-f7be-432f-afad-577e52c46c51,Open-A1,2.16.840.1.114274.1818.543638505379704370012797497527732551818,CT,DCM,DICOM,10041569-YwgotNEPQUS9rTCEmYfvGg/2.16.840.1.114274.1818.572057649757037972315924528491279030175/2.16.840.1.114274.1818.543638505379704370012797497527732551818.zip,29772034,0e34660c0cdddaed1887ed0d163a2eb6,,10041569-YwgotNEPQUS9rTCEmYfvGg,,Br40f_3,XYZ_EC,,,False,ORIGINAL_PRIMARY_AXIAL_CT_SOM5 SPI,,SIEMENS,SOMATOM Drive,CT,,dg.MD1R/f17e7dc7-2986-4239-b2b1-6ef36b3b3f5e,FFP,0.962890625,INSPIRATION  2.0  Br40  3,2.16.840.1.114274.1818.543638505379704370012797497527732551818,2.0,,4fd56c15-6e2d-4b23-9089-796f313124bb,ACR_20250901,a006c919-e484-4b52-879a-a27845f7784f,2.16.840.1.114274.1818.572057649757037972315924528491279030175,10041569-YwgotNEPQUS9rTCEmYfvGg,10041569-YwgotNEPQUS9rTCEmYfvGg,Yes,Male,43.0,Not Reported,False,True,1,1,1,1,0,1,1,,,,,0,6
ct_series_file,7ebc6978-fdec-42fd-a513-65b2834ab125,Open-A1,2.16.840.1.114274.1818.556126333562356031813684581680038502072,CT,DCM,DICOM,10041569-PM8BrEOGvEyWPkLhhZ94XQ/2.16.840.1.114274.1818.566346791447878366516589046907380085950/2.16.840.1.114274.1818.556126333562356031813684581680038502072.zip,37866792,b3b4ef850820b6262560a0b205362fac,,10041569-PM8BrEOGvEyWPkLhhZ94XQ,APPLIED,B30f,XYZ_EC,,,False,"DERIVED_PRIMARY_AXIAL_CT_SOM5 SPO,DERIVED_PRIMARY_LOCALIZER_CT_SOM5 SPO",,SIEMENS,Sensation 16 with Akron Q tube,CT,,dg.MD1R/ca1bbe66-d9cb-4634-892a-69443d800369,FFS,"0.9765625,0.85185185185185",Abd delays  2.0  coronal,2.16.840.1.114274.1818.556126333562356031813684581680038502072,2.0,,4fd56c15-6e2d-4b23-9089-796f313124bb,ACR_20250901,40246be9-fee5-48b4-8cd1-4f3c9df124cf,2.16.840.1.114274.1818.566346791447878366516589046907380085950,10041569-PM8BrEOGvEyWPkLhhZ94XQ,10041569-PM8BrEOGvEyWPkLhhZ94XQ,Yes,Male,66.0,Black or African American,False,True,1,1,1,0,0,1,1,,,,,0,5
ct_series_file,4dea4d59-e97a-4e56-8b62-99cf88bf3d73,Open-A1,2.16.840.1.114274.1818.462580684774425009511488690177479185849,CT,DCM,DICOM,2.16.840.1.114274.1818.47139983139055301842325310534663283645/2.16.840.1.114274.1818.462580684774425009511488690177479185849.zip,42689374,1873132de7c03bfa7ac9d6646d6f72bb,,10000364-6303877,OMNIPAQUE,,,,,,,,SIEMENS,SOMATOM Definition AS,CT,146.0,dg.MD1R/6042153e-eee5-426c-b6a6-c4964c16e4a5,,,Lungs,2.16.840.1.114274.1818.462580684774425009511488690177479185849,,,da2db6a3-93f5-4066-90b2-f8dd8afadd2c,ACR_20211115,0f6409e9-ae9a-4476-bf36-62eef7ea5f42,2.16.840.1.114274.1818.47139983139055301842325310534663283645,10000364-6303877,10000364-6303877,Yes,Female,64.0,White,True,False,1,1,1,0,0,0,0,,,,,0,3
ct_series_file,7b01aa3a-f79d-4035-91ae-0dd0aa892ce7,Open-A1,2.16.840.1.114274.1818.534045122396886652712689009237089855669,CT,DCM,DICOM,10041569-YwgotNEPQUS9rTCEmYfvGg/2.16.840.1.114274.1818.50134359029082275648585618139493214907/2.16.840.1.114274.1818.534045122396886652712689009237089855669.zip,31805786,f4d5d61f230adeabc0f94bdad157ed0e,,10041569-YwgotNEPQUS9rTCEmYfvGg,,"I31f_3,B40f",XYZ_EC,,,False,"DERIVED_PRIMARY_LOCALIZER_CT_SOM5 MPR,DERIVED_PRIMARY_AXIAL_CT_SOM5 MPR",,SIEMENS,SOMATOM Definition Flash,CT,,dg.MD1R/4b5197df-1d6d-466c-b289-75b76d626653,FFS,"0.58984375,1.048828125",ST_COR_CHEST_3.0,2.16.840.1.114274.1818.534045122396886652712689009237089855669,3.0,,4fd56c15-6e2d-4b23-9089-796f313124bb,ACR_20250901,08f28b2c-eaad-4658-a879-f2ae5e6c1d59,2.16.840.1.114274.1818.50134359029082275648585618139493214907,10041569-YwgotNEPQUS9rTCEmYfvGg,10041569-YwgotNEPQUS9rTCEmYfvGg,Yes,Male,43.0,Not Reported,False,True,1,1,1,1,0,1,1,,,,,0,6
ct_series_file,c703f630-b211-4e7e-ab78-96e9a52f3d4d,Open-A1,2.16.840.1.114274.1818.53250246470819748921553307060135848337,CT,DCM,DICOM,10041569-NCqDv8OEUyQItLOWlNToA/2.16.840.1.114274.1818.524385318960602205715145798214768718213/2.16.840.1.114274.1818.53250246470819748921553307060135848337.zip,67162678,44c8146a2055cb75aff60d8c0da890dc,,10041569-NCqDv8OEUyQItLOWlNToA,Isovue,"B40f,I31f_4",XYZ_EC,,,False,"DERIVED_PRIMARY_LOCALIZER_CT_SOM5 MPR,DERIVED_PRIMARY_AXIAL_CT_SOM5 MPR",,SIEMENS,SOMATOM Definition Flash,CT,,dg.MD1R/89874700-7c4d-43c9-aada-96eb85a0aabf,FFS,"0.9765625,0.701171875",PE   1.0  cor,2.16.840.1.114274.1818.53250246470819748921553307060135848337,1.0,,4fd56c15-6e2d-4b23-9089-796f313124bb,ACR_20250901,821dee77-801f-4455-9711-2be9f1be8f17,2.16.840.1.114274.1818.524385318960602205715145798214768718213,10041569-NCqDv8OEUyQItLOWlNToA,10041569-NCqDv8OEUyQItLOWlNToA,Yes,Female,61.0,White,False,True,1,1,0,0,0,1,1,,,,,0,4
ct_series_file,ac462d8e-8ca1-4efe-be18-37a4da390e2c,Open-A1,2.16.840.1.114362.1.12359305.25874454649.712512290.942.946,CT,DCM,DICOM,10041569-0MlpwvpeqkmKqEG4iMez6g/2.16.840.1.114274.1818.516287239119536037111226113971135270787/2.16.840.1.114362.1.12359305.25874454649.712512290.942.946.zip,3420098,bcc455e735e91a4c7e0f660a48b7b291,,10041569-0MlpwvpeqkmKqEG4iMez6g,,H32s,,Skull-stripping,,True,DERIVED_PRIMARY_AXIAL,,SIEMENS / MIM Software,SOMATOM Definition AS+,CT,,dg.MD1R/0ab902f7-0573-4ee9-9e04-8d617d017cdf,HFS,0.34375,BrainSegmentation,2.16.840.1.114362.1.12359305.25874454649.712512290.942.946,3.0,,4fd56c15-6e2d-4b23-9089-796f313124bb,ACR_20250901,f247003e-b590-4d01-ac53-f0d85b7bbcef,2.16.840.1.114274.1818.516287239119536037111226113971135270787,10041569-0MlpwvpeqkmKqEG4iMez6g,10041569-0MlpwvpeqkmKqEG4iMez6g,Yes,Male,54.0,White,False,True,1,1,1,0,0,0,1,,,,,0,4
ct_series_file,d4e887c0-56aa-47a5-b4cb-2dc5089304a6,Open-A1,2.16.840.1.114274.1818.48667814914665683012118954394406020490,CT,DCM,DICOM,10041569-KTJisivBEW8eG11h3OmCQ/2.16.840.1.114274.1818.512419069153944780610277813753729629073/2.16.840.1.114274.1818.48667814914665683012118954394406020490.zip,34712796,6b6da4dd4f4b4b49e345d3f4509978ee,,10041569-KTJisivBEW8eG11h3OmCQ,,Br49d_2,Z_EC,,,False,DERIVED_PRIMARY_AXIAL_CT_SOM5 MPR_STD_SNRG_DET_AB,,SIEMENS,SOMATOM Force,CT,,dg.MD1R/57f0ee64-c040-454a-8f89-5c885785fc4e,FFS,0.628828829,LUNG_SAG_CHEST_3.0,2.16.840.1.114274.1818.48667814914665683012118954394406020490,3.0,,4fd56c15-6e2d-4b23-9089-796f313124bb,ACR_20250901,fc9dfc85-75ec-45e1-97ca-24bbc5a66651,2.16.840.1.114274.1818.512419069153944780610277813753729629073,10041569-KTJisivBEW8eG11h3OmCQ,10041569-KTJisivBEW8eG11h3OmCQ,Yes,Male,36.0,Not Reported,False,True,1,1,1,0,0,1,1,,,,,0,5
ct_series_file,ae3f881f-72c3-4f96-ab8d-14126a488eac,Open-A1,2.16.840.1.114274.1818.511490281647167131716280177940766028442,CT,DCM,DICOM,10041569-NSEL0dEU50iSJEeE7kzpPQ/2.16.840.1.114274.1818.56749787320645874132503072663578901162/2.16.840.1.114274.1818.511490281647167131716280177940766028442.zip,64605342,15bf8fedb8dde33833e28d50c8bc465b,,10041569-NSEL0dEU50iSJEeE7kzpPQ,,Bf37f_3,XYZ_EC,,,False,ORIGINAL_PRIMARY_AXIAL_CT_SOM5 SPI,,SIEMENS,SOMATOM Definition Edge,CT,,dg.MD1R/10a6bd06-e7b2-44d9-a5ce-edd78e8bbbb7,HFS,0.828125,ST_AX_THIN_+C_1.0,2.16.840.1.114274.1818.511490281647167131716280177940766028442,1.0,,4fd56c15-6e2d-4b23-9089-796f313124bb,ACR_20250901,809ba20a-ce92-41c3-9b49-d8954c0ab9c6,2.16.840.1.114274.1818.56749787320645874132503072663578901162,10041569-NSEL0dEU50iSJEeE7kzpPQ,10041569-NSEL0dEU50iSJEeE7kzpPQ,Yes,Male,58.0,White,False,True,1,1,1,1,0,0,1,,,,,0,5
ct_series_file,cc692740-1ce9-4161-b040-0e4d974c806f,Open-A1,2.16.840.1.114274.1818.552608458346747427316472705668838016183,CT,DCM,DICOM,10041569-g7BegS168EGCpgRylILjoA/2.16.840.1.114274.1818.48308814719584810156436643307300641687/2.16.840.1.114274.1818.552608458346747427316472705668838016183.zip,63497360,7b8651a4f7980a4e6644925bfb5a8d9e,,10041569-g7BegS168EGCpgRylILjoA,APPLIED,"B40f,I31f_4",XYZ_EC,,,False,"DERIVED_PRIMARY_LOCALIZER_CT_SOM5 MPR,DERIVED_PRIMARY_AXIAL_CT_SOM5 MPR",,SIEMENS,SOMATOM Definition AS+,CT,,dg.MD1R/0902a2d4-6cd0-481d-8ccd-3a846e17bf16,FFS,"0.9765625,0.62890625",ST_COR_PE_1.0,2.16.840.1.114274.1818.552608458346747427316472705668838016183,1.0,,4fd56c15-6e2d-4b23-9089-796f313124bb,ACR_20250901,0551808d-9101-47ec-9e1f-679bc4edcfc1,2.16.840.1.114274.1818.48308814719584810156436643307300641687,10041569-g7BegS168EGCpgRylILjoA,10041569-g7BegS168EGCpgRylILjoA,Yes,Female,63.0,White,False,True,1,1,1,1,0,1,1,,,,,0,6
ct_series_file,e9944c80-5c0f-499a-9f81-62d57e3fe6cd,Open-A1,2.16.840.1.114274.1818.51109856063997207107618911679314818944,CT,DCM,DICOM,10041569-kgAvx7uJ10ONCduLyMtlg/2.16.840.1.114274.1818.49415118777765554993301028092098434236/2.16.840.1.114274.1818.51109856063997207107618911679314818944.zip,106960850,4a5199143b9693ac10246f841212e4a0,,10041569-kgAvx7uJ10ONCduLyMtlg,,Br40f_2,XYZ_EC,,,False,ORIGINAL_PRIMARY_AXIAL_CT_SOM5 SPI,,SIEMENS,SOMATOM Definition AS+,CT,,dg.MD1R/c81ec2d5-388c-45cc-b50c-90e43851a499,FFS,0.75,Abd/Pel  1.0  Br40  2,2.16.840.1.114274.1818.51109856063997207107618911679314818944,1.0,,4fd56c15-6e2d-4b23-9089-796f313124bb,ACR_20250901,aa7b1834-6eb0-4c21-b5c8-f97a151037a5,2.16.840.1.114274.1818.49415118777765554993301028092098434236,10041569-kgAvx7uJ10ONCduLyMtlg,10041569-kgAvx7uJ10ONCduLyMtlg,No,Male,52.0,White,False,True,1,1,0,0,0,1,1,,,,,0,4
ct_series_file,74d152a9-0e5b-4750-9ad6-e13e774406c5,Open-A1,2.16.840.1.114274.1818.480514885328058998110398048653912139652,CT,DCM,DICOM,10041569-g7BegS168EGCpgRylILjoA/2.16.840.1.114274.1818.48308814719584810156436643307300641687/2.16.840.1.114274.1818.480514885328058998110398048653912139652.zip,903050,ef1030bef7988756d12712910a9f1c2e,,10041569-g7BegS168EGCpgRylILjoA,APPLIED,B31f,NONE,,,False,ORIGINAL_PRIMARY_AXIAL_CT_SOM5 MON,,SIEMENS,SOMATOM Definition AS+,CT,,dg.MD1R/4f6672e8-651e-4219-b171-cd5fb481e246,FFS,0.5859375,Monitoring  10.0  B31f,2.16.840.1.114274.1818.480514885328058998110398048653912139652,10.0,,4fd56c15-6e2d-4b23-9089-796f313124bb,ACR_20250901,0551808d-9101-47ec-9e1f-679bc4edcfc1,2.16.840.1.114274.1818.48308814719584810156436643307300641687,10041569-g7BegS168EGCpgRylILjoA,10041569-g7BegS168EGCpgRylILjoA,Yes,Female,63.0,White,False,True,1,1,1,1,0,1,1,,,,,0,6
ct_series_file,094f91bf-7304-461a-bae0-e42b7e96202e,Open-A1,2.16.840.1.114274.1818.52935100499427638393924484375849608882,CT,DCM,DICOM,10041569-YwgotNEPQUS9rTCEmYfvGg/2.16.840.1.114274.1818.553691333543245390210168004104272721025/2.16.840.1.114274.1818.52935100499427638393924484375849608882.zip,22441242,c73c19153e6c41aba89608808973b35d,,10041569-YwgotNEPQUS9rTCEmYfvGg,,I40f_3,XYZ_EC,,,False,ORIGINAL_PRIMARY_AXIAL_CT_SOM5 SPI,,SIEMENS,SOMATOM Definition AS+,CT,,dg.MD1R/7fb8b7e0-226c-4e98-a53a-25952979a152,HFS,0.8125,AX_VEN_5.0_THICK_AP,2.16.840.1.114274.1818.52935100499427638393924484375849608882,5.0,,4fd56c15-6e2d-4b23-9089-796f313124bb,ACR_20250901,4d73069b-e858-4b8f-8a50-f8e148687521,2.16.840.1.114274.1818.553691333543245390210168004104272721025,10041569-YwgotNEPQUS9rTCEmYfvGg,10041569-YwgotNEPQUS9rTCEmYfvGg,Yes,Male,43.0,Not Reported,False,True,1,1,1,1,0,1,1,,,,,0,6
ct_series_file,53b9d358-cccf-4ceb-9d7b-a7fbaca097bb,Open-A1,2.16.840.1.114362.1.12359305.25874454649.713408531.669.946,CT,DCM,DICOM,10041569-SytwUN6koU6LLR3RcLHkA/2.16.840.1.114274.1818.57524503473146295975267568902273653412/2.16.840.1.114362.1.12359305.25874454649.713408531.669.946.zip,1723950,64aa13cdf0edd5760c267bc427a8bc64,,10041569-SytwUN6koU6LLR3RcLHkA,,H30s,,Skull-stripping,,True,DERIVED_PRIMARY_AXIAL,,SIEMENS / MIM Software,Biograph40,CT,,dg.MD1R/5b7e0fd9-b1d3-4e7e-a168-80da251c0d4a,HFS,0.375,BrainSegmentation,2.16.840.1.114362.1.12359305.25874454649.713408531.669.946,5.0,,4fd56c15-6e2d-4b23-9089-796f313124bb,ACR_20250901,1e0c969e-b08b-435e-b3bf-e049468a351f,2.16.840.1.114274.1818.57524503473146295975267568902273653412,10041569-SytwUN6koU6LLR3RcLHkA,10041569-SytwUN6koU6LLR3RcLHkA,Yes,Female,62.0,Black or African American,False,False,1,1,1,0,0,1,1,,,,,0,5
ct_series_file,d19be2f2-978d-4c21-90e1-47c8774164c4,Open-A1,2.16.840.1.114274.1818.574244311989166053310328180230237839517,CT,DCM,DICOM,10041569-c7w6HYO4oU7uSiC4lcZiA/2.16.840.1.114274.1818.57480567220781102391830955657535623052/2.16.840.1.114274.1818.574244311989166053310328180230237839517.zip,369820,eb35475b384538cfc59338abe938e411,,10041569-c7w6HYO4oU7uSiC4lcZiA,,Tr20f,NONE,,,False,ORIGINAL_PRIMARY_LOCALIZER_CT_SOM5 TOP,,SIEMENS,SOMATOM Definition Flash,CT,,dg.MD1R/faafd565-c180-4c93-aa17-975fcc14aabe,FFS,1.0,AP SCOUT  1.0  Tr20,2.16.840.1.114274.1818.574244311989166053310328180230237839517,,,4fd56c15-6e2d-4b23-9089-796f313124bb,ACR_20250901,0f423ccf-e1b5-4c44-be26-1af212c84979,2.16.840.1.114274.1818.57480567220781102391830955657535623052,10041569-c7w6HYO4oU7uSiC4lcZiA,10041569-c7w6HYO4oU7uSiC4lcZiA,Yes,Male,66.0,White,False,True,1,1,1,1,1,1,1,,,,,0,7
ct_series_file,f14278a1-7bcf-4a1a-9735-684554c4751c,Open-A1,2.16.840.1.114274.1818.573947179880680942612513538463243003798,CT,DCM,DICOM,2.16.840.1.114274.1818.49973403194247727472237002132945039022/2.16.840.1.114274.1818.573947179880680942612513538463243003798.zip,6020634,a167df37d9b569239a71f7850bef9c9d,,10000364-6303877,APPLIED,,,,,,,,SIEMENS,Sensation 64,CT,21.0,dg.MD1R/cb810ddb-6f78-4fd5-91c1-eab79558921a,,,Lungs,2.16.840.1.114274.1818.573947179880680942612513538463243003798,,,da2db6a3-93f5-4066-90b2-f8dd8afadd2c,ACR_20211115,e95e35da-5de4-489a-9e1e-359b7cd436aa,2.16.840.1.114274.1818.49973403194247727472237002132945039022,10000364-6303877,10000364-6303877,Yes,Female,64.0,White,True,False,1,1,1,0,0,0,0,,,,,0,3
ct_series_file,bc364e87-3f3e-4536-8fba-bf8575421e35,Open-A1,2.16.840.1.114274.1818.50096822169240880156726529481814523290,CT,DCM,DICOM,10041569-hGXklXiglkyibymE05GqA/2.16.840.1.114274.1818.543688458079669010011009242811408959371/2.16.840.1.114274.1818.50096822169240880156726529481814523290.zip,78853824,8ba79180b20614b1900357617f275f8b,,10041569-hGXklXiglkyibymE05GqA,,"Bf37f_4,Bf37f",XYZ_EC,,,False,"DERIVED_PRIMARY_LOCALIZER_CT_SOM5 MPR,DERIVED_PRIMARY_AXIAL_CT_SOM5 MPR",,SIEMENS,SOMATOM Definition Edge,CT,,dg.MD1R/6ee14586-5591-41a9-ae7c-de5dcc99fa36,FFS,"0.55078125,1.080078125",ST_COR_PE_1.0,2.16.840.1.114274.1818.50096822169240880156726529481814523290,1.0,,4fd56c15-6e2d-4b23-9089-796f313124bb,ACR_20250901,7c735364-210d-45b7-9f70-272b89504c07,2.16.840.1.114274.1818.543688458079669010011009242811408959371,10041569-hGXklXiglkyibymE05GqA,10041569-hGXklXiglkyibymE05GqA,Yes,Male,49.0,White,False,True,1,1,1,0,0,1,1,,,,,0,5
ct_series_file,4389a009-739c-4559-abf0-ddf4d4f15518,Open-A1,2.16.840.1.114274.1818.466477227447262568517614039274783623352,CT,DCM,DICOM,10041569-PM8BrEOGvEyWPkLhhZ94XQ/2.16.840.1.114274.1818.477948804248284359315753006550599360942/2.16.840.1.114274.1818.466477227447262568517614039274783623352.zip,55755526,d4feb0eebf8620f42fe8283a6588ebb7,,10041569-PM8BrEOGvEyWPkLhhZ94XQ,,Br51f_2,XYZ_EC,,,False,DERIVED_PRIMARY_AXIAL_CT_SOM5 MPR,,SIEMENS,SOMATOM Definition AS+,CT,,dg.MD1R/5dfb76d8-de16-4a2a-9b37-cf5cfa03ef66,FFS,0.527372263,LUNG_SAG_CHEST_2.0,2.16.840.1.114274.1818.466477227447262568517614039274783623352,2.0,,4fd56c15-6e2d-4b23-9089-796f313124bb,ACR_20250901,abe96281-73d4-42dd-b520-a1f05b8479dd,2.16.840.1.114274.1818.477948804248284359315753006550599360942,10041569-PM8BrEOGvEyWPkLhhZ94XQ,10041569-PM8BrEOGvEyWPkLhhZ94XQ,Yes,Male,66.0,Black or African American,False,True,1,1,1,0,0,1,1,,,,,0,5
ct_series_file,16075697-b151-4f3d-8353-8080ac0ead98,Open-A1,2.16.840.1.114362.1.12359305.25874454649.712382643.259.946,CT,DCM,DICOM,10041569-0MlpwvpeqkmKqEG4iMez6g/2.16.840.1.114274.1818.516287239119536037111226113971135270787/2.16.840.1.114362.1.12359305.25874454649.712382643.259.946.zip,4170452,49704cf6e4ce3766f5b48a0b3b7ee4ca,,10041569-0MlpwvpeqkmKqEG4iMez6g,,H60s,,Skull-stripping,,True,DERIVED_PRIMARY_AXIAL,,SIEMENS / MIM Software,SOMATOM Definition AS+,CT,,dg.MD1R/12bbf196-31d0-436e-93a7-a97c1d222ece,HFS,0.34375,BrainSegmentation,2.16.840.1.114362.1.12359305.25874454649.712382643.259.946,3.0,,4fd56c15-6e2d-4b23-9089-796f313124bb,ACR_20250901,f247003e-b590-4d01-ac53-f0d85b7bbcef,2.16.840.1.114274.1818.516287239119536037111226113971135270787,10041569-0MlpwvpeqkmKqEG4iMez6g,10041569-0MlpwvpeqkmKqEG4iMez6g,Yes,Male,54.0,White,False,True,1,1,1,0,0,0,1,,,,,0,4
ct_series_file,be474af9-615e-4901-aac2-96ed05080a3b,Open-A1,2.16.840.1.114274.1818.490013059278440540811494589064969002936,CT,DCM,DICOM,10041569-g7BegS168EGCpgRylILjoA/2.16.840.1.114274.1818.52420683747491488693394781188600595122/2.16.840.1.114274.1818.490013059278440540811494589064969002936.zip,71368580,036744c6dd5946af64b767632e3c16e1,,10041569-g7BegS168EGCpgRylILjoA,APPLIED,Br49d_4,XYZ_EC,,,False,ORIGINAL_PRIMARY_AXIAL_CT_SOM5 SPI,,SIEMENS,SOMATOM Force,CT,,dg.MD1R/26c4c35b-237c-4352-a167-900b75b322f6,HFS,0.783203125,LUNG_AX_PE_1.0,2.16.840.1.114274.1818.490013059278440540811494589064969002936,1.0,,4fd56c15-6e2d-4b23-9089-796f313124bb,ACR_20250901,baedc573-1339-49fe-b43d-47404cd231ff,2.16.840.1.114274.1818.52420683747491488693394781188600595122,10041569-g7BegS168EGCpgRylILjoA,10041569-g7BegS168EGCpgRylILjoA,Yes,Female,63.0,White,False,True,1,1,1,1,0,1,1,,,,,0,6
ct_series_file,7c3998e3-451d-44d4-b344-39d83df57aaa,Open-A1,2.16.840.1.114274.1818.544815976459179917612773449572564168848,CT,DCM,DICOM,10041569-kgAvx7uJ10ONCduLyMtlg/2.16.840.1.114274.1818.533772497114101143410579395213842056845/2.16.840.1.114274.1818.544815976459179917612773449572564168848.zip,82340538,bb6e1abde16f48298ef2d22d7c461122,,10041569-kgAvx7uJ10ONCduLyMtlg,,Bf37f_3,XYZ_EC,,,False,ORIGINAL_PRIMARY_AXIAL_CT_SOM5 SPI,,SIEMENS,SOMATOM Definition AS+,CT,,dg.MD1R/b389b5c3-615a-4c98-910e-a2605f626fdb,FFS,0.75390625,Thorax  1.0  Bf37  3 AXIAL,2.16.840.1.114274.1818.544815976459179917612773449572564168848,1.0,,4fd56c15-6e2d-4b23-9089-796f313124bb,ACR_20250901,1f8c9d48-1125-414d-bba2-327709a272fc,2.16.840.1.114274.1818.533772497114101143410579395213842056845,10041569-kgAvx7uJ10ONCduLyMtlg,10041569-kgAvx7uJ10ONCduLyMtlg,No,Male,52.0,White,False,True,1,1,0,0,0,1,1,,,,,0,4
ct_series_file,0d0a09a5-e946-46f7-b46c-c0091c834e0e,Open-A1,2.16.840.1.114274.1818.535127563553073006517763333927514384783,CT,DCM,DICOM,10041569-SytwUN6koU6LLR3RcLHkA/2.16.840.1.114274.1818.461581675593236005544160393246441089/2.16.840.1.114274.1818.535127563553073006517763333927514384783.zip,40717094,5553eb0fbf3b60694732c3f7104cf760,,10041569-SytwUN6koU6LLR3RcLHkA,,"Br38f_3,Br38f",XYZ_EC,,,False,"DERIVED_PRIMARY_LOCALIZER_CT_SOM5 MPR,DERIVED_PRIMARY_AXIAL_CT_SOM5 MPR",,SIEMENS,SOMATOM Definition Flash,CT,,dg.MD1R/6bf2782f-ab47-49fd-9a1e-760b26b9a127,FFS,"0.55898366606171,1.126953125",ST_SAG_CHEST_2.0,2.16.840.1.114274.1818.535127563553073006517763333927514384783,2.0,,4fd56c15-6e2d-4b23-9089-796f313124bb,ACR_20250901,2d34278b-2acf-49bb-a56b-170f9118193a,2.16.840.1.114274.1818.461581675593236005544160393246441089,10041569-SytwUN6koU6LLR3RcLHkA,10041569-SytwUN6koU6LLR3RcLHkA,Yes,Female,62.0,Black or African American,False,False,1,1,1,0,0,1,1,,,,,0,5
ct_series_file,06a88602-4b7e-4f66-afb6-5c226edfb798,Open-A1,2.16.840.1.114274.1818.46175606092760915509263503593109255556,CT,DCM,DICOM,2.16.840.1.114274.1818.50671950309947828085632198919734722233/2.16.840.1.114274.1818.46175606092760915509263503593109255556.zip,65349220,3c985a396eca811601c16bec6829fae2,,10000364-899490,,,,,,,,,SIEMENS,SOMATOM Definition AS,CT,156.0,dg.MD1R/7f2f4c12-7a62-48c7-b233-134731be1b42,,,Sag,2.16.840.1.114274.1818.46175606092760915509263503593109255556,,,da2db6a3-93f5-4066-90b2-f8dd8afadd2c,ACR_20211115,c9bdc39b-4f4a-4992-89e9-4bbd0e95f869,2.16.840.1.114274.1818.50671950309947828085632198919734722233,10000364-899490,10000364-899490,Yes,Female,71.0,White,False,True,1,1,1,0,0,0,1,,,,,0,4
ct_series_file,d9b44b2c-2a88-4f87-aa5d-5b3f1ea30670,Open-A1,2.16.840.1.114274.1818.512760245100493313218412272308011540355,CT,DCM,DICOM,10041569-PM8BrEOGvEyWPkLhhZ94XQ/2.16.840.1.114274.1818.566346791447878366516589046907380085950/2.16.840.1.114274.1818.512760245100493313218412272308011540355.zip,72496318,a95a981f69a1b091deb10eda1af528b6,,10041569-PM8BrEOGvEyWPkLhhZ94XQ,APPLIED,B30f,XYZ_EC,,,False,"DERIVED_PRIMARY_AXIAL_CT_SOM5 SPO,DERIVED_PRIMARY_LOCALIZER_CT_SOM5 SPO",,SIEMENS,Sensation 16 with Akron Q tube,CT,,dg.MD1R/bb4ccc86-f619-4fe7-96ad-5bb844f0fe63,FFS,"0.9765625,0.59363525091799",Abd delays  2.0ittal,2.16.840.1.114274.1818.512760245100493313218412272308011540355,2.0,,4fd56c15-6e2d-4b23-9089-796f313124bb,ACR_20250901,40246be9-fee5-48b4-8cd1-4f3c9df124cf,2.16.840.1.114274.1818.566346791447878366516589046907380085950,10041569-PM8BrEOGvEyWPkLhhZ94XQ,10041569-PM8BrEOGvEyWPkLhhZ94XQ,Yes,Male,66.0,Black or African American,False,True,1,1,1,0,0,1,1,,,,,0,5
ct_series_file,7fe3abd1-909e-465f-aa1e-b3bc4506cec6,Open-A1,2.16.840.1.114274.1818.51359031800916591494737939866306854047,CT,DCM,DICOM,10000364-1607263/2.16.840.1.114274.1818.54883128069992455378191669346045303460/2.16.840.1.114274.1818.51359031800916591494737939866306854047.zip,40323120,b44503a460a9107dcd39e1bb6bac1332,,10000364-1607263,OMNIPAQUE 350 100,,,,,,,,GE MEDICAL SYSTEMS,Revolution HD,CT,214.0,dg.MD1R/31e06a34-b097-4337-9326-b4d7cd36b852,,,PE OBLI MIP,2.16.840.1.114274.1818.51359031800916591494737939866306854047,,,5f596eb7-d79b-47d3-8ff0-1d4ba3d2ea85,ACR_20210827,e98fc938-f22f-4651-b9a8-5a721e0938a1,2.16.840.1.114274.1818.54883128069992455378191669346045303460,10000364-1607263,10000364-1607263,Yes,Female,64.0,Black or African American,True,True,1,1,1,0,0,1,0,,,,,0,4
ct_series_file,fe5e1ee3-b14b-4de5-a75c-05415dd2b607,Open-A1,2.16.840.1.114274.1818.546606305846135754010486671923515553707,CT,DCM,DICOM,10041569-g7BegS168EGCpgRylILjoA/2.16.840.1.114274.1818.49344276643781840915314524543857703063/2.16.840.1.114274.1818.546606305846135754010486671923515553707.zip,67399356,8e82013ddc0293cdc57f045f2b416fd7,,10041569-g7BegS168EGCpgRylILjoA,Isovue 370,"Bf37f_4,Bf37f",XYZ_EC,,,False,"DERIVED_PRIMARY_LOCALIZER_CT_SOM5 MPR,DERIVED_PRIMARY_AXIAL_CT_SOM5 MPR",,SIEMENS,SOMATOM Definition Edge,CT,,dg.MD1R/5f30e335-b4eb-41da-8a92-37bfce60ebd4,FFS,"0.9765625,0.626953125",PE  1.0  MPR Coronal,2.16.840.1.114274.1818.546606305846135754010486671923515553707,1.0,,4fd56c15-6e2d-4b23-9089-796f313124bb,ACR_20250901,da48c333-6e07-4b86-81e6-28b848762644,2.16.840.1.114274.1818.49344276643781840915314524543857703063,10041569-g7BegS168EGCpgRylILjoA,10041569-g7BegS168EGCpgRylILjoA,Yes,Female,63.0,White,False,True,1,1,1,1,0,1,1,,,,,0,6
ct_series_file,ef768d5f-1411-416a-950d-ef1324c057d7,Open-A1,2.16.840.1.114274.1818.507192026938594449813214396430477032378,CT,DCM,DICOM,10041569-k8IVxNVD0GPgNtSsov6lw/2.16.840.1.114274.1818.472845605552393945717492188516369856189/2.16.840.1.114274.1818.507192026938594449813214396430477032378.zip,31178222,5bdfbe9d4d7af8515fd874fef072e724,,10041569-k8IVxNVD0GPgNtSsov6lw,,Bf37f_4,XYZ_EC,,,False,ORIGINAL_PRIMARY_AXIAL_CT_SOM5 SPI,,SIEMENS,SOMATOM Definition Edge,CT,,dg.MD1R/32f81232-234f-4314-b061-06ac0ca688d0,FFS,0.744140625,INSPIRATION  2.0  Bf37  4,2.16.840.1.114274.1818.507192026938594449813214396430477032378,2.0,,4fd56c15-6e2d-4b23-9089-796f313124bb,ACR_20250901,b545b007-85d2-43d6-9e54-e57beaed0566,2.16.840.1.114274.1818.472845605552393945717492188516369856189,10041569-k8IVxNVD0GPgNtSsov6lw,10041569-k8IVxNVD0GPgNtSsov6lw,Yes,Female,70.0,Black or African American,False,True,1,1,0,1,0,1,1,,,,,0,5
ct_series_file,29cde740-fe6c-40cd-ae46-84c82f4a3bb0,Open-A1,2.16.840.1.114362.1.12359305.25874454649.713393362.129.954,CT,DCM,DICOM,10041569-rdL12m75aU6AT4OZNtG2Aw/2.16.840.1.114274.1818.469669685829222112910369422364920065444/2.16.840.1.114362.1.12359305.25874454649.713393362.129.954.zip,2173276,865d620cb34903c6288801bf384de6fe,,10041569-rdL12m75aU6AT4OZNtG2Aw,,Hc40s,,Skull-stripping,,True,DERIVED_PRIMARY_AXIAL,,SIEMENS / MIM Software,SOMATOM Force,CT,,dg.MD1R/7bfae053-edda-41a8-bf57-ef4e122144df,HFS,0.36334404,BrainSegmentation,2.16.840.1.114362.1.12359305.25874454649.713393362.129.954,5.0,,4fd56c15-6e2d-4b23-9089-796f313124bb,ACR_20250901,21092322-1c4a-4862-a522-83949bb42e1f,2.16.840.1.114274.1818.469669685829222112910369422364920065444,10041569-rdL12m75aU6AT4OZNtG2Aw,10041569-rdL12m75aU6AT4OZNtG2Aw,Yes,Male,51.0,Black or African American,False,True,1,1,1,0,0,1,1,,,,,0,5
ct_series_file,5064e670-dd0c-4fbd-a790-d24be093ba67,Open-A1,2.16.840.1.114274.1818.540481233206930270117063749664503329463,CT,DCM,DICOM,10041569-g7BegS168EGCpgRylILjoA/2.16.840.1.114274.1818.507775836070599428116236643975517488005/2.16.840.1.114274.1818.540481233206930270117063749664503329463.zip,19057660,0daf4b83c83ed0bf6f76874683e65372,,10041569-g7BegS168EGCpgRylILjoA,APPLIED,Br40d_3,XYZ_EC,,,False,DERIVED_PRIMARY_AXIAL_CT_SOM5 MPR_STD_DNRG_DET_AB,,SIEMENS,SOMATOM Force,CT,,dg.MD1R/d0930c8b-9804-4946-94c9-bac13dd8b633,HFS,0.767366721,COR_VEN_3.0_AP  F_0.6,2.16.840.1.114274.1818.540481233206930270117063749664503329463,3.0,,4fd56c15-6e2d-4b23-9089-796f313124bb,ACR_20250901,a789e6ae-3b86-41f6-85ca-eb397509c695,2.16.840.1.114274.1818.507775836070599428116236643975517488005,10041569-g7BegS168EGCpgRylILjoA,10041569-g7BegS168EGCpgRylILjoA,Yes,Female,63.0,White,False,True,1,1,1,1,0,1,1,,,,,0,6
ct_series_file,35017a91-9a58-4a6c-a40e-cbeb6dce05ac,Open-A1,2.16.840.1.114274.1818.550848549906811665010185036534039150473,CT,DCM,DICOM,10041569-4DNktkkdXUGzSU6qGPxFEw/2.16.840.1.114274.1818.47488791763142057896891620159083009439/2.16.840.1.114274.1818.550848549906811665010185036534039150473.zip,32190680,4f3d8094aad031e5d801cdbf9acf963b,,10041569-4DNktkkdXUGzSU6qGPxFEw,APPLIED,Bv40d_3,XYZ_EC,,,False,DERIVED_PRIMARY_AXIAL_CT_SOM5 MPR,,SIEMENS,SOMATOM Force,CT,,dg.MD1R/7589f7ca-7f7a-4b51-8b57-454244c41e27,FFS,0.849337748,COR_CTA_MPR_2.0,2.16.840.1.114274.1818.550848549906811665010185036534039150473,2.0,,4fd56c15-6e2d-4b23-9089-796f313124bb,ACR_20250901,aba2f55d-228a-440c-b132-04f54f192841,2.16.840.1.114274.1818.47488791763142057896891620159083009439,10041569-4DNktkkdXUGzSU6qGPxFEw,10041569-4DNktkkdXUGzSU6qGPxFEw,Yes,Female,26.0,Black or African American,False,True,1,1,0,0,0,1,1,,,,,0,4
ct_series_file,686035bc-4e0f-4660-8e08-c837afbdff8d,Open-A1,2.16.840.1.114362.1.12359305.25874454649.713299161.917.1654,CT,DCM,DICOM,10041569-hGXklXiglkyibymE05GqA/2.16.840.1.114274.1818.51310091309937926663676189502443574964/2.16.840.1.114362.1.12359305.25874454649.713299161.917.1654.zip,1194518,bbafacd27d17fd732a6f7edba7b100a3,,10041569-hGXklXiglkyibymE05GqA,,Hr38s,,Skull-stripping,,True,DERIVED_PRIMARY_AXIAL,,SIEMENS / MIM Software,SOMATOM Definition Edge,CT,,dg.MD1R/1a709b33-abea-455a-bf0c-b340df2822e3,HFS,0.40039062,BrainSegmentation,2.16.840.1.114362.1.12359305.25874454649.713299161.917.1654,3.0,,4fd56c15-6e2d-4b23-9089-796f313124bb,ACR_20250901,7280e843-8e57-4822-8906-970a4fa28756,2.16.840.1.114274.1818.51310091309937926663676189502443574964,10041569-hGXklXiglkyibymE05GqA,10041569-hGXklXiglkyibymE05GqA,Yes,Male,49.0,White,False,True,1,1,1,0,0,1,1,,,,,0,5
ct_series_file,c2bf48fe-c47c-44a7-b64d-2b44981c2b30,Open-A1,2.16.840.1.114274.1818.559513647947541429316754842083304416436,CT,DCM,DICOM,10041569-g7BegS168EGCpgRylILjoA/2.16.840.1.114274.1818.53545404512494855266004833202563902642/2.16.840.1.114274.1818.559513647947541429316754842083304416436.zip,63616000,fc14f23142e58c4512e8d8ae5124e668,,10041569-g7BegS168EGCpgRylILjoA,Isovue 370,"Bf37f_4,Bf37f",XYZ_EC,,,False,"DERIVED_PRIMARY_LOCALIZER_CT_SOM5 MPR,DERIVED_PRIMARY_AXIAL_CT_SOM5 MPR",,SIEMENS,SOMATOM Definition Edge,CT,,dg.MD1R/c48ca9f9-02b0-4919-8881-3e606ba5532b,FFS,"0.9765625,0.630859375",PE  1.0  MPR Coronal,2.16.840.1.114274.1818.559513647947541429316754842083304416436,1.0,,4fd56c15-6e2d-4b23-9089-796f313124bb,ACR_20250901,2f3424dd-da14-4f41-990b-fd45c424eae1,2.16.840.1.114274.1818.53545404512494855266004833202563902642,10041569-g7BegS168EGCpgRylILjoA,10041569-g7BegS168EGCpgRylILjoA,Yes,Female,63.0,White,False,True,1,1,1,1,0,1,1,,,,,0,6
ct_series_file,ac24e7b8-0a5a-423e-95d6-3094dba55223,Open-A1,2.16.840.1.114274.1818.535680454495299192313378760340757867904,CT,DCM,DICOM,10041569-YwgotNEPQUS9rTCEmYfvGg/2.16.840.1.114274.1818.466218158717378562211933069546479704763/2.16.840.1.114274.1818.535680454495299192313378760340757867904.zip,88246864,a8578d5d86915a77443510d085953f8e,,10041569-YwgotNEPQUS9rTCEmYfvGg,Isovue 370,"Bf37f_4,Bf37f",XYZ_EC,,,False,"DERIVED_PRIMARY_LOCALIZER_CT_SOM5 MPR,DERIVED_PRIMARY_AXIAL_CT_SOM5 MPR",,SIEMENS,SOMATOM Definition Edge,CT,,dg.MD1R/66b4b553-23c1-4baa-8c88-6bfa3a86c2af,FFS,"0.9765625,0.626953125",PE  1.0  MPR Coronal,2.16.840.1.114274.1818.535680454495299192313378760340757867904,1.0,,4fd56c15-6e2d-4b23-9089-796f313124bb,ACR_20250901,d40fa438-6bdc-4956-9394-9b8ecd8b0221,2.16.840.1.114274.1818.466218158717378562211933069546479704763,10041569-YwgotNEPQUS9rTCEmYfvGg,10041569-YwgotNEPQUS9rTCEmYfvGg,Yes,Male,43.0,Not Reported,False,True,1,1,1,1,0,1,1,,,,,0,6
ct_series_file,84a78a0f-a625-44d2-8a9b-0d5aa9c28b72,Open-A1,2.16.840.1.114274.1818.566198188564215802311254040165479934133,CT,DCM,DICOM,10041569-0MlpwvpeqkmKqEG4iMez6g/2.16.840.1.114274.1818.55950391775379010631565920027288662932/2.16.840.1.114274.1818.566198188564215802311254040165479934133.zip,38601450,91fb7992c5a919f32abd628328ea7a2a,,10041569-0MlpwvpeqkmKqEG4iMez6g,,"Br51f_2,Br51f",XYZ_EC,,,False,"DERIVED_PRIMARY_LOCALIZER_CT_SOM5 MPR,DERIVED_PRIMARY_AXIAL_CT_SOM5 MPR",,SIEMENS,SOMATOM Definition Edge,CT,,dg.MD1R/494d8dfb-ff9c-4a62-aae8-bac733bea3a2,FFS,"0.5252808988764,1.111328125",LUNG_SAG_CHEST_3.0,2.16.840.1.114274.1818.566198188564215802311254040165479934133,3.0,,4fd56c15-6e2d-4b23-9089-796f313124bb,ACR_20250901,0f4266b0-e019-43dc-84d0-86d7e903c221,2.16.840.1.114274.1818.55950391775379010631565920027288662932,10041569-0MlpwvpeqkmKqEG4iMez6g,10041569-0MlpwvpeqkmKqEG4iMez6g,Yes,Male,54.0,White,False,True,1,1,1,0,0,0,1,,,,,0,4
ct_series_file,c2e6f9ac-50da-4c48-889b-cc22cede7d9b,Open-A1,2.16.840.1.114274.1818.54771944146460935027261325955591186363,CT,DCM,DICOM,10041569-hGXklXiglkyibymE05GqA/2.16.840.1.114274.1818.553678517336377136617975424875169221004/2.16.840.1.114274.1818.54771944146460935027261325955591186363.zip,47651890,b74dcca158374b70f5c8e299998cc4ec,,10041569-hGXklXiglkyibymE05GqA,,"Br51f_2,Br51f",XYZ_EC,,,False,"DERIVED_PRIMARY_LOCALIZER_CT_SOM5 MPR,DERIVED_PRIMARY_AXIAL_CT_SOM5 MPR",,SIEMENS,SOMATOM Definition Edge,CT,,dg.MD1R/3b655517-957e-4b8e-987e-5d3c7917042c,FFS,"0.46289308176101,1.109375",LUNG_SAG_CHEST_3.0,2.16.840.1.114274.1818.54771944146460935027261325955591186363,3.0,,4fd56c15-6e2d-4b23-9089-796f313124bb,ACR_20250901,d5a34dd5-46ab-4fac-bcc8-ba5fa718eadd,2.16.840.1.114274.1818.553678517336377136617975424875169221004,10041569-hGXklXiglkyibymE05GqA,10041569-hGXklXiglkyibymE05GqA,Yes,Male,49.0,White,False,True,1,1,1,0,0,1,1,,,,,0,5
ct_series_file,c536fb4a-f19a-4ecb-8ba4-ff018760359e,Open-A1,2.16.840.1.114274.1818.555236304990138628316461535159029364154,CT,DCM,DICOM,10041569-YwgotNEPQUS9rTCEmYfvGg/2.16.840.1.114274.1818.51152122845279465655602857339666777254/2.16.840.1.114274.1818.555236304990138628316461535159029364154.zip,64719288,03e3e197b3fe86d9f36df83eb678a482,,10041569-YwgotNEPQUS9rTCEmYfvGg,,I31f_3,XYZ_EC,,,False,ORIGINAL_PRIMARY_AXIAL_CT_SOM5 SPI,,SIEMENS,SOMATOM Definition AS+,CT,,dg.MD1R/5cd920f4-9ad3-45cf-9ec8-1c6cbaa6ad41,HFS,0.82421875,ST_AX_THIN_+C_1.0,2.16.840.1.114274.1818.555236304990138628316461535159029364154,1.0,,4fd56c15-6e2d-4b23-9089-796f313124bb,ACR_20250901,0e9e7880-567d-4f05-b1d9-32c5958cd01b,2.16.840.1.114274.1818.51152122845279465655602857339666777254,10041569-YwgotNEPQUS9rTCEmYfvGg,10041569-YwgotNEPQUS9rTCEmYfvGg,Yes,Male,43.0,Not Reported,False,True,1,1,1,1,0,1,1,,,,,0,6
ct_series_file,af496cf6-d2e3-45df-b4ca-e0a24930ef8d,Open-A1,2.16.840.1.114274.1818.538751391934664132117688192498031247294,CT,DCM,DICOM,10041569-hGXklXiglkyibymE05GqA/2.16.840.1.114274.1818.553678517336377136617975424875169221004/2.16.840.1.114274.1818.538751391934664132117688192498031247294.zip,39135824,20c3a19aed06aade83e850c17fb2c369,,10041569-hGXklXiglkyibymE05GqA,,Bf37f_3,XYZ_EC,,,False,ORIGINAL_PRIMARY_AXIAL_CT_SOM5 SPI,,SIEMENS,SOMATOM Definition Edge,CT,,dg.MD1R/1748c33d-3d7a-4a27-bb80-57171a685dfc,FFS,0.73046875,ST_AX_THICK_2.0,2.16.840.1.114274.1818.538751391934664132117688192498031247294,2.0,,4fd56c15-6e2d-4b23-9089-796f313124bb,ACR_20250901,d5a34dd5-46ab-4fac-bcc8-ba5fa718eadd,2.16.840.1.114274.1818.553678517336377136617975424875169221004,10041569-hGXklXiglkyibymE05GqA,10041569-hGXklXiglkyibymE05GqA,Yes,Male,49.0,White,False,True,1,1,1,0,0,1,1,,,,,0,5
ct_series_file,557e282f-acfa-4a54-81f8-55a91ad02077,Open-A1,2.16.840.1.114362.1.12359305.25874454649.712513931.1014.946,CT,DCM,DICOM,10041569-0MlpwvpeqkmKqEG4iMez6g/2.16.840.1.114274.1818.516287239119536037111226113971135270787/2.16.840.1.114362.1.12359305.25874454649.712513931.1014.946.zip,3420008,5f4bde7ccd6c1149301ebbb828dbcba0,,10041569-0MlpwvpeqkmKqEG4iMez6g,,H32s,,Skull-stripping,,True,DERIVED_PRIMARY_AXIAL,,SIEMENS / MIM Software,SOMATOM Definition AS+,CT,,dg.MD1R/bf5055e9-cb28-4f91-8439-8f242cfe17a1,HFS,0.34375,BrainSegmentation,2.16.840.1.114362.1.12359305.25874454649.712513931.1014.946,3.0,,4fd56c15-6e2d-4b23-9089-796f313124bb,ACR_20250901,f247003e-b590-4d01-ac53-f0d85b7bbcef,2.16.840.1.114274.1818.516287239119536037111226113971135270787,10041569-0MlpwvpeqkmKqEG4iMez6g,10041569-0MlpwvpeqkmKqEG4iMez6g,Yes,Male,54.0,White,False,True,1,1,1,0,0,0,1,,,,,0,4
ct_series_file,1efb9b09-f3a1-4760-a208-663346fee3c5,Open-A1,2.16.840.1.114274.1818.46557324147760489937657467763322894484,CT,DCM,DICOM,2.16.840.1.114274.1818.54124188350914793414637426773820750743/2.16.840.1.114274.1818.46557324147760489937657467763322894484.zip,18209460,ee78fa0d5fd011c5efd7c94b858d6a56,,10000364-1607263,OMNIPAQUE 350 100,,,,,,,,GE MEDICAL SYSTEMS,Revolution HD,CT,100.0,dg.MD1R/99638301-c252-4e67-8cca-abffd9198117,,,ABD/PEL,2.16.840.1.114274.1818.46557324147760489937657467763322894484,,,da2db6a3-93f5-4066-90b2-f8dd8afadd2c,ACR_20211115,e78f14ed-db16-4508-9f60-0b921ac98802,2.16.840.1.114274.1818.54124188350914793414637426773820750743,10000364-1607263,10000364-1607263,Yes,Female,64.0,Black or African American,True,True,1,1,1,0,0,1,0,,,,,0,4
ct_series_file,f9d7f689-563a-4a1d-9b6d-37b31aee19d8,Open-A1,2.16.840.1.114274.1818.51964594426928443732355145955769748872,CT,DCM,DICOM,10041569-SytwUN6koU6LLR3RcLHkA/2.16.840.1.114274.1818.52020626335018233765988540886222082235/2.16.840.1.114274.1818.51964594426928443732355145955769748872.zip,407676,96d9440ed92e1ea4eab85661e7b7921f,,10041569-SytwUN6koU6LLR3RcLHkA,,Tr20f,NONE,,,False,ORIGINAL_PRIMARY_LOCALIZER_CT_SOM5 TOP,,SIEMENS,SOMATOM Definition Flash,CT,,dg.MD1R/2fe1a82e-e4c9-4e92-89a9-1217a339f31e,HFS,1.0,AP SCOUT  1.0  Tr20,2.16.840.1.114274.1818.51964594426928443732355145955769748872,,,4fd56c15-6e2d-4b23-9089-796f313124bb,ACR_20250901,f46d7a58-0771-4500-8dbc-cbdbb7e063ba,2.16.840.1.114274.1818.52020626335018233765988540886222082235,10041569-SytwUN6koU6LLR3RcLHkA,10041569-SytwUN6koU6LLR3RcLHkA,Yes,Female,62.0,Black or African American,False,False,1,1,1,0,0,1,1,,,,,0,5
ct_series_file,5ea4d9fe-ecd4-43ea-a341-6d31095daca2,Open-A1,2.16.840.1.114274.1818.573378388942044570918045858127749232011,CT,DCM,DICOM,10041569-NCqDv8OEUyQItLOWlNToA/2.16.840.1.114274.1818.50793149460206776362447330147529697935/2.16.840.1.114274.1818.573378388942044570918045858127749232011.zip,161564,88dbc6e61ce3a905674bb4b5c63779cb,,10041569-NCqDv8OEUyQItLOWlNToA,,Tr20f,NONE,,,False,ORIGINAL_PRIMARY_LOCALIZER_CT_SOM5 TOP,,SIEMENS,SOMATOM Definition Edge,CT,,dg.MD1R/cf1fb882-8537-4839-9b54-883858a996e9,FFS,1.0,Topogram  1.0  Tr20,2.16.840.1.114274.1818.573378388942044570918045858127749232011,,,4fd56c15-6e2d-4b23-9089-796f313124bb,ACR_20250901,8a7d26ab-541d-40d3-b007-2523376645d2,2.16.840.1.114274.1818.50793149460206776362447330147529697935,10041569-NCqDv8OEUyQItLOWlNToA,10041569-NCqDv8OEUyQItLOWlNToA,Yes,Female,61.0,White,False,True,1,1,0,0,0,1,1,,,,,0,4
ct_series_file,6b6a5d5f-1f2b-415f-a7df-2f7986db1107,Open-A1,2.16.840.1.114274.1818.505356891199164904316884848491858329267,CT,DCM,DICOM,10041569-2WbOmaZUqE23vA7fnyC4w/2.16.840.1.114274.1818.48871750877554092974458036388299289248/2.16.840.1.114274.1818.505356891199164904316884848491858329267.zip,38095154,5974986982241dd85c989b2c33049087,,10041569-2WbOmaZUqE23vA7fnyC4w,,STANDARD,,,,False,ORIGINAL_PRIMARY_AXIAL,,GE MEDICAL SYSTEMS,Optima CT660,CT,,dg.MD1R/5ea60b36-b8ef-443e-9b5c-3c5cac5e37d9,FFS,0.919922,2.5MM,2.16.840.1.114274.1818.505356891199164904316884848491858329267,2.5,5.0,4fd56c15-6e2d-4b23-9089-796f313124bb,ACR_20250901,bbfaac7d-dcaa-4fe7-9b4d-24fe6a9d3965,2.16.840.1.114274.1818.48871750877554092974458036388299289248,10041569-2WbOmaZUqE23vA7fnyC4w,10041569-2WbOmaZUqE23vA7fnyC4w,Yes,Male,48.0,Not Reported,False,True,1,1,1,0,0,1,1,,,,,0,5
ct_series_file,760f2f56-5d68-445c-b596-b03eca82e232,Open-A1,2.16.840.1.114274.1818.46252290164550962528246481450354270851,CT,DCM,DICOM,10041569-NCqDv8OEUyQItLOWlNToA/2.16.840.1.114274.1818.546936897475887898810458298751526298025/2.16.840.1.114274.1818.46252290164550962528246481450354270851.zip,112388702,e229d67b700dbbfaf768ef1f6b9f5cd0,,10041569-NCqDv8OEUyQItLOWlNToA,Isovue,I40f_3,XYZ_EC,,,False,ORIGINAL_PRIMARY_AXIAL_CT_SOM5 SPI,,SIEMENS,SOMATOM Definition Flash,CT,,dg.MD1R/9d529926-561f-420f-b8aa-fe0e5afa5b87,FFS,0.85546875,AX_VEN_2.0_THIN_AP,2.16.840.1.114274.1818.46252290164550962528246481450354270851,2.0,,4fd56c15-6e2d-4b23-9089-796f313124bb,ACR_20250901,2c452c31-fea4-4914-b8e0-2f8924f4f44b,2.16.840.1.114274.1818.546936897475887898810458298751526298025,10041569-NCqDv8OEUyQItLOWlNToA,10041569-NCqDv8OEUyQItLOWlNToA,Yes,Female,61.0,White,False,True,1,1,0,0,0,1,1,,,,,0,4
ct_series_file,8c3172fd-b34b-44cf-b3ae-fa4014fa3388,Open-A1,2.16.840.1.114274.1818.48075823220300777469552431030604729780,CT,DCM,DICOM,10041569-c7w6HYO4oU7uSiC4lcZiA/2.16.840.1.114274.1818.520382416662923180810807269414538471839/2.16.840.1.114274.1818.48075823220300777469552431030604729780.zip,43289016,0e7bd2b6ee0bb182bc77c2a822b49376,,10041569-c7w6HYO4oU7uSiC4lcZiA,,B50f,XYZ_EC,,,False,"DERIVED_PRIMARY_LOCALIZER_CT_SOM5 MPR,DERIVED_PRIMARY_AXIAL_CT_SOM5 MPR",,SIEMENS,Biograph40,CT,,dg.MD1R/87b5f1ba-b492-4ce8-8639-1ec089219dfc,FFS,"0.9765625,0.599609375",CHEST WO  2.0  MPR  cor,2.16.840.1.114274.1818.48075823220300777469552431030604729780,2.0,,4fd56c15-6e2d-4b23-9089-796f313124bb,ACR_20250901,d7a14869-7da7-444b-bda6-0d7bec25e644,2.16.840.1.114274.1818.520382416662923180810807269414538471839,10041569-c7w6HYO4oU7uSiC4lcZiA,10041569-c7w6HYO4oU7uSiC4lcZiA,Yes,Male,66.0,White,False,True,1,1,1,1,1,1,1,,,,,0,7
ct_series_file,6a65ae88-387e-4f25-9f26-75626faa64c3,Open-A1,2.16.840.1.114274.1818.505162383418507536515615297822341583026,CT,DCM,DICOM,10041569-KTJisivBEW8eG11h3OmCQ/2.16.840.1.114274.1818.48368958474658151018812609586455320450/2.16.840.1.114274.1818.505162383418507536515615297822341583026.zip,355330,7685ed88df71f3c9018e1909523d2b5f,,10041569-KTJisivBEW8eG11h3OmCQ,,T20f,NONE,,,False,ORIGINAL_PRIMARY_LOCALIZER_CT_SOM5 TOP,,SIEMENS,SOMATOM Definition Flash,CT,,dg.MD1R/5e1cf0d4-97a7-4aac-a990-68eb729ff2b5,FFS,1.0,Topogram  0.6  T20f,2.16.840.1.114274.1818.505162383418507536515615297822341583026,,,4fd56c15-6e2d-4b23-9089-796f313124bb,ACR_20250901,ddc1b9c9-a986-4771-bf6f-8166f355623d,2.16.840.1.114274.1818.48368958474658151018812609586455320450,10041569-KTJisivBEW8eG11h3OmCQ,10041569-KTJisivBEW8eG11h3OmCQ,Yes,Male,36.0,Not Reported,False,True,1,1,1,0,0,1,1,,,,,0,5
ct_series_file,3f65873a-9600-4a51-81ce-8c7ea3593107,Open-A1,2.16.840.1.114274.1818.517663198341641129910465220623600972678,CT,DCM,DICOM,10041569-rdL12m75aU6AT4OZNtG2Aw/2.16.840.1.114274.1818.501470080227220673665506658819096200/2.16.840.1.114274.1818.517663198341641129910465220623600972678.zip,102004498,8697b624aa2fe2ae847260ad07ea2e76,,10041569-rdL12m75aU6AT4OZNtG2Aw,,I50f_2,XYZ_EC,,,False,ORIGINAL_PRIMARY_AXIAL_CT_SOM5 SPI,,SIEMENS,SOMATOM Definition AS+,CT,,dg.MD1R/1b4b6f4c-3ebd-424a-bd82-9e56083caef2,FFS,0.7109375,LUNG_AX_THIN_1.0,2.16.840.1.114274.1818.517663198341641129910465220623600972678,1.0,,4fd56c15-6e2d-4b23-9089-796f313124bb,ACR_20250901,9a3de9df-caa1-48f6-b80a-bc875e7da5e1,2.16.840.1.114274.1818.501470080227220673665506658819096200,10041569-rdL12m75aU6AT4OZNtG2Aw,10041569-rdL12m75aU6AT4OZNtG2Aw,Yes,Male,51.0,Black or African American,False,True,1,1,1,0,0,1,1,,,,,0,5
ct_series_file,339ed8f9-7596-4d56-a4f9-df03ddea2bca,Open-A1,2.16.840.1.114274.1818.573986612035802561215022497623249878939,CT,DCM,DICOM,10000364-899490/CT_2.16.840.1.114274.1818.55348948265508747178130358991269977483/2.16.840.1.114274.1818.573986612035802561215022497623249878939.zip,167902,5d61ec35daea5b7e010b51eabad5dcb7,,10000364-899490,,,,,,,,,SIEMENS,SOMATOM Definition AS,CT,1.0,dg.MD1R/e72f07de-4524-4646-a464-c3e9af27f9b6,,,Topogram  0.6  T20f,2.16.840.1.114274.1818.573986612035802561215022497623249878939,,,23e8c279-92d2-47da-99de-97dedc454bb4,ACR_20211020,359e9e4d-194a-4839-8d2b-a53248dc4ff6,2.16.840.1.114274.1818.55348948265508747178130358991269977483,10000364-899490,10000364-899490,Yes,Female,71.0,White,False,True,1,1,1,0,0,0,1,,,,,0,4
ct_series_file,98c6fb43-c6f5-4e99-84e6-a0871ba8bb52,Open-A1,2.16.840.1.114274.1818.57358278236089091649139455475080835482,CT,DCM,DICOM,10041569-kgAvx7uJ10ONCduLyMtlg/2.16.840.1.114274.1818.533772497114101143410579395213842056845/2.16.840.1.114274.1818.57358278236089091649139455475080835482.zip,99964,5700f16c9f16dd7901aaeea10add4d1e,,10041569-kgAvx7uJ10ONCduLyMtlg,,Tr20f,NONE,,,False,ORIGINAL_PRIMARY_LOCALIZER_CT_SOM5 TOP,,SIEMENS,SOMATOM Definition AS+,CT,,dg.MD1R/afb4e828-9e64-4671-8d84-c58f8432b781,FFS,2.0,Topogram  1.0  Tr20,2.16.840.1.114274.1818.57358278236089091649139455475080835482,,,4fd56c15-6e2d-4b23-9089-796f313124bb,ACR_20250901,1f8c9d48-1125-414d-bba2-327709a272fc,2.16.840.1.114274.1818.533772497114101143410579395213842056845,10041569-kgAvx7uJ10ONCduLyMtlg,10041569-kgAvx7uJ10ONCduLyMtlg,No,Male,52.0,White,False,True,1,1,0,0,0,1,1,,,,,0,4
ct_series_file,eb806895-7cd8-48af-bdda-e5cef1087712,Open-A1,2.16.840.1.114274.1818.566985437400191262314002057265500864702,CT,DCM,DICOM,10041569-YwgotNEPQUS9rTCEmYfvGg/2.16.840.1.114274.1818.50134359029082275648585618139493214907/2.16.840.1.114274.1818.566985437400191262314002057265500864702.zip,34249892,009f7436872bf1cacd326c4f783f1a72,,10041569-YwgotNEPQUS9rTCEmYfvGg,,I31f_3,XYZ_EC,,,False,ORIGINAL_PRIMARY_AXIAL_CT_SOM5 SPI,,SIEMENS,SOMATOM Definition Flash,CT,,dg.MD1R/0a7a81c1-461d-41c9-becd-84c879408949,FFS,0.833984375,ST_AX_THICK_2.0,2.16.840.1.114274.1818.566985437400191262314002057265500864702,2.0,,4fd56c15-6e2d-4b23-9089-796f313124bb,ACR_20250901,08f28b2c-eaad-4658-a879-f2ae5e6c1d59,2.16.840.1.114274.1818.50134359029082275648585618139493214907,10041569-YwgotNEPQUS9rTCEmYfvGg,10041569-YwgotNEPQUS9rTCEmYfvGg,Yes,Male,43.0,Not Reported,False,True,1,1,1,1,0,1,1,,,,,0,6
ct_series_file,d471f0d3-da5c-4f9e-87c6-e0bb053a63ab,Open-A1,2.16.840.1.114274.1818.53644985657169316697210769917409810052,CT,DCM,DICOM,10041569-c7w6HYO4oU7uSiC4lcZiA/2.16.840.1.114274.1818.57480567220781102391830955657535623052/2.16.840.1.114274.1818.53644985657169316697210769917409810052.zip,39361206,6253f60299a645e01a54feea79e88a0f,,10041569-c7w6HYO4oU7uSiC4lcZiA,APPLIED,"Br51f_2,Br51f",XYZ_EC,,,False,"DERIVED_PRIMARY_LOCALIZER_CT_SOM5 MPR,DERIVED_PRIMARY_AXIAL_CT_SOM5 MPR",,SIEMENS,SOMATOM Definition Flash,CT,,dg.MD1R/58550278-fc6e-44a9-9651-3ed7706b2621,FFS,"1.009765625,0.587890625",LUNG_COR_+C_CHEST_2.0,2.16.840.1.114274.1818.53644985657169316697210769917409810052,2.0,,4fd56c15-6e2d-4b23-9089-796f313124bb,ACR_20250901,0f423ccf-e1b5-4c44-be26-1af212c84979,2.16.840.1.114274.1818.57480567220781102391830955657535623052,10041569-c7w6HYO4oU7uSiC4lcZiA,10041569-c7w6HYO4oU7uSiC4lcZiA,Yes,Male,66.0,White,False,True,1,1,1,1,1,1,1,,,,,0,7
ct_series_file,619bc8d2-e05e-4b0e-ba53-ba38eef1bc55,Open-A1,2.16.840.1.114274.1818.46365460809725348431585552683697856955,CT,DCM,DICOM,2.16.840.1.114274.1818.554524330103345000412671718308035288463/2.16.840.1.114274.1818.46365460809725348431585552683697856955.zip,17835248,f5e0dc8f2366f12456defcd0d6a31aa8,,10000364-1607263,NONE & NONE,,,,,,,,GE MEDICAL SYSTEMS,Revolution HD,CT,96.0,dg.MD1R/5d24089c-37b2-4d04-bd02-f7611cdcff88,,,ABD/PEL 5MM,2.16.840.1.114274.1818.46365460809725348431585552683697856955,,,da2db6a3-93f5-4066-90b2-f8dd8afadd2c,ACR_20211115,68cda60a-5ff3-4848-936f-5eaf3c19aa14,2.16.840.1.114274.1818.554524330103345000412671718308035288463,10000364-1607263,10000364-1607263,Yes,Female,64.0,Black or African American,True,True,1,1,1,0,0,1,0,,,,,0,4
ct_series_file,4745ec92-3fd8-47d8-ab43-0a2412d33bcb,Open-A1,2.16.840.1.114274.1818.461387389521588351010498975699714161086,CT,DCM,DICOM,10041569-4DNktkkdXUGzSU6qGPxFEw/2.16.840.1.114274.1818.544668477726712432012317690325448769452/2.16.840.1.114274.1818.461387389521588351010498975699714161086.zip,14455616,d7bafc7fdf584d9d4b309b7f1bff8123,,10041569-4DNktkkdXUGzSU6qGPxFEw,,FC18,3D,,,False,ORIGINAL_PRIMARY_AXIAL,,TOSHIBA,Aquilion,CT,,dg.MD1R/2ebaebb8-458f-4ae7-8829-078eded7633b,FFS,0.763,ST_AX_THICK_3.0 ST_AX_THICK_3.0 Body,2.16.840.1.114274.1818.461387389521588351010498975699714161086,3.0,,4fd56c15-6e2d-4b23-9089-796f313124bb,ACR_20250901,9984a4db-89d7-4b1a-b7f4-9ae7fd8769dc,2.16.840.1.114274.1818.544668477726712432012317690325448769452,10041569-4DNktkkdXUGzSU6qGPxFEw,10041569-4DNktkkdXUGzSU6qGPxFEw,Yes,Female,26.0,Black or African American,False,True,1,1,0,0,0,1,1,,,,,0,4
ct_series_file,849d2a2f-147f-4028-b27a-3844780dd5c1,Open-A1,2.16.840.1.114274.1818.498467781370477384011294870141772724620,CT,DCM,DICOM,10041569-g7BegS168EGCpgRylILjoA/2.16.840.1.114274.1818.53545404512494855266004833202563902642/2.16.840.1.114274.1818.498467781370477384011294870141772724620.zip,82076888,666cd6907989f97be4ef530d6ce77f3a,,10041569-g7BegS168EGCpgRylILjoA,Isovue 370,Br51f_4,XYZ_EC,,,False,ORIGINAL_PRIMARY_AXIAL_CT_SOM5 SPI,,SIEMENS,SOMATOM Definition Edge,CT,,dg.MD1R/a3b40239-bb03-4220-a073-db32a74e27a1,FFS,0.724609375,PE  1.0  Br51  4 Axial,2.16.840.1.114274.1818.498467781370477384011294870141772724620,1.0,,4fd56c15-6e2d-4b23-9089-796f313124bb,ACR_20250901,2f3424dd-da14-4f41-990b-fd45c424eae1,2.16.840.1.114274.1818.53545404512494855266004833202563902642,10041569-g7BegS168EGCpgRylILjoA,10041569-g7BegS168EGCpgRylILjoA,Yes,Female,63.0,White,False,True,1,1,1,1,0,1,1,,,,,0,6
ct_series_file,0ee012c5-830b-47c2-b275-4a8a3f6b75a9,Open-A1,2.16.840.1.114274.1818.563407704270049556517862694007244771974,CT,DCM,DICOM,10041569-c7w6HYO4oU7uSiC4lcZiA/2.16.840.1.114274.1818.520382416662923180810807269414538471839/2.16.840.1.114274.1818.563407704270049556517862694007244771974.zip,21081048,c7d2ef476bb1af0c8974db1ef2132ff8,,10041569-c7w6HYO4oU7uSiC4lcZiA,,B31f,XYZ_EC,,,False,ORIGINAL_PRIMARY_AXIAL_CT_SOM5 SPI,,SIEMENS,Biograph40,CT,,dg.MD1R/d43fded3-1740-4814-b077-f8111f938b4a,FFS,0.806640625,CHEST WO  3.0  B31f Axial,2.16.840.1.114274.1818.563407704270049556517862694007244771974,3.0,,4fd56c15-6e2d-4b23-9089-796f313124bb,ACR_20250901,d7a14869-7da7-444b-bda6-0d7bec25e644,2.16.840.1.114274.1818.520382416662923180810807269414538471839,10041569-c7w6HYO4oU7uSiC4lcZiA,10041569-c7w6HYO4oU7uSiC4lcZiA,Yes,Male,66.0,White,False,True,1,1,1,1,1,1,1,,,,,0,7
ct_series_file,fbaa7282-a6da-419d-89d1-08317c3b3700,Open-A1,2.16.840.1.114274.1818.51362818403176635591134371557161064843,CT,DCM,DICOM,10041569-hGXklXiglkyibymE05GqA/2.16.840.1.114274.1818.531341274525390498714461490575260664760/2.16.840.1.114274.1818.51362818403176635591134371557161064843.zip,110080,e51332b5e0800f6ab8a1e18246ccd837,,10041569-hGXklXiglkyibymE05GqA,,Tr60f,NONE,,,False,ORIGINAL_PRIMARY_LOCALIZER_CT_SOM5 TOP,,SIEMENS,SOMATOM Definition Edge,CT,,dg.MD1R/dd0547c2-86b4-406e-861d-9f9dde0ed112,FFS,2.0,LAT SCOUT,2.16.840.1.114274.1818.51362818403176635591134371557161064843,,,4fd56c15-6e2d-4b23-9089-796f313124bb,ACR_20250901,00946003-f9ab-4d88-b2a7-2329ba25304a,2.16.840.1.114274.1818.531341274525390498714461490575260664760,10041569-hGXklXiglkyibymE05GqA,10041569-hGXklXiglkyibymE05GqA,Yes,Male,49.0,White,False,True,1,1,1,0,0,1,1,,,,,0,5
ct_series_file,73fe42df-d5c1-4d54-9903-cd06f6ee9a79,Open-A1,2.16.840.1.114274.1818.53434838998190253263506705390803183793,CT,DCM,DICOM,10041569-NCqDv8OEUyQItLOWlNToA/2.16.840.1.114274.1818.48114158502690332137156361546380134042/2.16.840.1.114274.1818.53434838998190253263506705390803183793.zip,10849870,ddbeae88285c3025ad482a079d561f1d,,10041569-NCqDv8OEUyQItLOWlNToA,,B31s,XYZ_EC,,,False,ORIGINAL_PRIMARY_AXIAL_CT_SOM5 SPI,,SIEMENS,Mirada Registration Server,CT,,dg.MD1R/ffa0728f-dda5-4304-93de-aa2ab628182b,FFS,0.9765625,Rest Cardiac DNS,2.16.840.1.114274.1818.53434838998190253263506705390803183793,5.0,,4fd56c15-6e2d-4b23-9089-796f313124bb,ACR_20250901,c7167869-4c7a-4788-9f0a-037d62ffd0c5,2.16.840.1.114274.1818.48114158502690332137156361546380134042,10041569-NCqDv8OEUyQItLOWlNToA,10041569-NCqDv8OEUyQItLOWlNToA,Yes,Female,61.0,White,False,True,1,1,0,0,0,1,1,,,,,0,4
ct_series_file,18db8c12-33fa-40e7-b9f0-319e7643eeda,Open-A1,2.16.840.1.114274.1818.562246052825391198117061986171523176608,CT,DCM,DICOM,10041569-hGXklXiglkyibymE05GqA/2.16.840.1.114274.1818.56879504940677351477992645850126680742/2.16.840.1.114274.1818.562246052825391198117061986171523176608.zip,42170836,07cd3e53990b0b9a896d841de2f8430e,,10041569-hGXklXiglkyibymE05GqA,,"I50f_2,B40f",XYZ_EC,,,False,"DERIVED_PRIMARY_LOCALIZER_CT_SOM5 MPR,DERIVED_PRIMARY_AXIAL_CT_SOM5 MPR",,SIEMENS,Mirada Registration Server,CT,,dg.MD1R/d66af508-fd20-45be-9915-b8d15d398b64,FFS,"1.08984375,0.53550295857988",LUNG_SAG_CHEST_3.0,2.16.840.1.114274.1818.562246052825391198117061986171523176608,3.0,,4fd56c15-6e2d-4b23-9089-796f313124bb,ACR_20250901,80279f6c-439b-499c-9dcd-b4eaa3500c09,2.16.840.1.114274.1818.56879504940677351477992645850126680742,10041569-hGXklXiglkyibymE05GqA,10041569-hGXklXiglkyibymE05GqA,Yes,Male,49.0,White,False,True,1,1,1,0,0,1,1,,,,,0,5
ct_series_file,b17d5eff-1268-4c89-844f-7686df6f0a19,Open-A1,2.16.840.1.114362.1.12046989.25383293614.615386769.133.34,CT,DCM,DICOM,10000364-899490/2.16.840.1.114274.1818.49137840241009070037609622793922472598/2.16.840.1.114362.1.12046989.25383293614.615386769.133.34.zip,1976956,5d28ed00ea4a675f383e24903de09760,,10000364-899490,,J40s,,Skull-stripping,2.0,True,DERIVED_PRIMARY_AXIAL,,SIEMENS / MIM Software,SOMATOM Definition AS,CT,32.0,dg.MD1R/4fa478e5-6c1c-453c-8647-1af244d91607,HFS,0.412109375,BrainSegmentation,2.16.840.1.114362.1.12046989.25383293614.615386769.133.34,4.713207245,,f3a84a57-f61e-4953-af27-23f850bc857a,ACR_20230415,c69bf98a-6ac5-472d-ad81-74f49de23eb2,2.16.840.1.114274.1818.49137840241009070037609622793922472598,10000364-899490,10000364-899490,Yes,Female,71.0,White,False,True,1,1,1,0,0,0,1,,,,,0,4
ct_series_file,3ce915d9-0389-4998-8225-dbaaaca69030,Open-A1,2.16.840.1.114362.1.12359305.25874454649.712515541.221.946,CT,DCM,DICOM,10041569-0MlpwvpeqkmKqEG4iMez6g/2.16.840.1.114274.1818.516287239119536037111226113971135270787/2.16.840.1.114362.1.12359305.25874454649.712515541.221.946.zip,3419744,17b9f3a1843ac5fb325fcb1bd9133e90,,10041569-0MlpwvpeqkmKqEG4iMez6g,,H32s,,Skull-stripping,,True,DERIVED_PRIMARY_AXIAL,,SIEMENS / MIM Software,SOMATOM Definition AS+,CT,,dg.MD1R/1582b2a0-a320-472a-afa3-a72f6e369604,HFS,0.34375,BrainSegmentation,2.16.840.1.114362.1.12359305.25874454649.712515541.221.946,3.0,,4fd56c15-6e2d-4b23-9089-796f313124bb,ACR_20250901,f247003e-b590-4d01-ac53-f0d85b7bbcef,2.16.840.1.114274.1818.516287239119536037111226113971135270787,10041569-0MlpwvpeqkmKqEG4iMez6g,10041569-0MlpwvpeqkmKqEG4iMez6g,Yes,Male,54.0,White,False,True,1,1,1,0,0,0,1,,,,,0,4
ct_series_file,fdf9509d-742a-4296-8f33-5a5612851fc4,Open-A1,2.16.840.1.114274.1818.56789107007031925187974146934438954386,CT,DCM,DICOM,10041569-rdL12m75aU6AT4OZNtG2Aw/2.16.840.1.114274.1818.54258946448470050567207164585412083871/2.16.840.1.114274.1818.56789107007031925187974146934438954386.zip,39679836,ad7269b7f154dfe979c225a36c0506a1,,10041569-rdL12m75aU6AT4OZNtG2Aw,Isovue 370,Bf37f_2,XYZ_EC,,,False,ORIGINAL_PRIMARY_AXIAL_CT_SOM5 SPI,,SIEMENS,SOMATOM Definition Edge,CT,,dg.MD1R/a6168e46-2e7c-4e7b-bf81-47d1be50adc3,FFS,0.7421875,Thorax  2.0  Bf37  2,2.16.840.1.114274.1818.56789107007031925187974146934438954386,2.0,,4fd56c15-6e2d-4b23-9089-796f313124bb,ACR_20250901,60d71db6-4f2b-44ae-af48-e007cc841fde,2.16.840.1.114274.1818.54258946448470050567207164585412083871,10041569-rdL12m75aU6AT4OZNtG2Aw,10041569-rdL12m75aU6AT4OZNtG2Aw,Yes,Male,51.0,Black or African American,False,True,1,1,1,0,0,1,1,,,,,0,5
ct_series_file,09a9fb34-53ff-41c4-ba96-4279578e3eb6,Open-A1,2.16.840.1.114274.1818.528201129816650251412595104692505595315,CT,DCM,DICOM,10041569-KTJisivBEW8eG11h3OmCQ/2.16.840.1.114274.1818.478150811287494210812636428479558167946/2.16.840.1.114274.1818.528201129816650251412595104692505595315.zip,38006698,2533b21ab5c77edc5920c43587d8db47,,10041569-KTJisivBEW8eG11h3OmCQ,,Br49d_2,Z_EC,,,False,DERIVED_PRIMARY_AXIAL_CT_SOM5 MPR_STD_SNRG_DET_AB,,SIEMENS,SOMATOM Force,CT,,dg.MD1R/fb234d43-4208-4869-b37f-734cea422558,FFS,0.703125,LUNG_SAG_CHEST_+C_3.0,2.16.840.1.114274.1818.528201129816650251412595104692505595315,3.0,,4fd56c15-6e2d-4b23-9089-796f313124bb,ACR_20250901,1464bd7f-eb90-4e9c-87a6-ef71e15d880d,2.16.840.1.114274.1818.478150811287494210812636428479558167946,10041569-KTJisivBEW8eG11h3OmCQ,10041569-KTJisivBEW8eG11h3OmCQ,Yes,Male,36.0,Not Reported,False,True,1,1,1,0,0,1,1,,,,,0,5
ct_series_file,0963e702-5aac-4f28-a2fb-f3b6c15d4bbe,Open-A1,2.16.840.1.114274.1818.485980275459177412913854406124567933621,CT,DCM,DICOM,2.16.840.1.114274.1818.47139983139055301842325310534663283645/2.16.840.1.114274.1818.485980275459177412913854406124567933621.zip,32100364,ccbfb0b7c445d7f16ba55213c575a7d5,,10000364-6303877,OMNIPAQUE,,,,,,,,SIEMENS,SOMATOM Definition AS,CT,146.0,dg.MD1R/d901f13c-6202-4f16-a01a-c5610a764781,,,Routine Chest,2.16.840.1.114274.1818.485980275459177412913854406124567933621,,,da2db6a3-93f5-4066-90b2-f8dd8afadd2c,ACR_20211115,0f6409e9-ae9a-4476-bf36-62eef7ea5f42,2.16.840.1.114274.1818.47139983139055301842325310534663283645,10000364-6303877,10000364-6303877,Yes,Female,64.0,White,True,False,1,1,1,0,0,0,0,,,,,0,3
ct_series_file,3fe39ef4-0820-4b35-82c5-57b2c63472df,Open-A1,2.16.840.1.114274.1818.46258076681232106368018743721293687967,CT,DCM,DICOM,10041569-c7w6HYO4oU7uSiC4lcZiA/2.16.840.1.114274.1818.57408375792288589596569949991000334759/2.16.840.1.114274.1818.46258076681232106368018743721293687967.zip,12430490,aad770419d00d71ce3929dc9aa4c0895,,10041569-c7w6HYO4oU7uSiC4lcZiA,,"B50f,B40f",XYZ_EC,,,False,"DERIVED_PRIMARY_LOCALIZER_CT_SOM5 MIP,DERIVED_PRIMARY_AXIAL_CT_SOM5 MIP",,SIEMENS,Sensation 16 with Akron Q tube,CT,,dg.MD1R/2fe486a8-c96c-461f-80de-9d95e05e915c,FFS,"0.501953125,0.875",LUNG_AX_MIP_7.0,2.16.840.1.114274.1818.46258076681232106368018743721293687967,7.0,,4fd56c15-6e2d-4b23-9089-796f313124bb,ACR_20250901,6d1913a8-08b4-4dfe-bb0f-df5c7d6b1f1c,2.16.840.1.114274.1818.57408375792288589596569949991000334759,10041569-c7w6HYO4oU7uSiC4lcZiA,10041569-c7w6HYO4oU7uSiC4lcZiA,Yes,Male,66.0,White,False,True,1,1,1,1,1,1,1,,,,,0,7
ct_series_file,75e79c16-f8fe-4621-aa13-da651d171850,Open-A1,2.16.840.1.114274.1818.557555969830621854318089309201373082300,CT,DCM,DICOM,10041569-rdL12m75aU6AT4OZNtG2Aw/2.16.840.1.114274.1818.54258946448470050567207164585412083871/2.16.840.1.114274.1818.557555969830621854318089309201373082300.zip,156752,d2c1a1bd3d1721e42f8ea9f4cd40aa5f,,10041569-rdL12m75aU6AT4OZNtG2Aw,,Tr20f,NONE,,,False,ORIGINAL_PRIMARY_LOCALIZER_CT_SOM5 TOP,,SIEMENS,SOMATOM Definition Edge,CT,,dg.MD1R/d0ec0cff-96e3-4649-a9d9-685bca4ad373,FFS,1.0,Topogram  1.0  Tr20,2.16.840.1.114274.1818.557555969830621854318089309201373082300,,,4fd56c15-6e2d-4b23-9089-796f313124bb,ACR_20250901,60d71db6-4f2b-44ae-af48-e007cc841fde,2.16.840.1.114274.1818.54258946448470050567207164585412083871,10041569-rdL12m75aU6AT4OZNtG2Aw,10041569-rdL12m75aU6AT4OZNtG2Aw,Yes,Male,51.0,Black or African American,False,True,1,1,1,0,0,1,1,,,,,0,5
ct_series_file,9b7a2907-08a3-4f26-8144-5fd85ec461ae,Open-A1,2.16.840.1.114274.1818.547237314827630671517363681550305793191,CT,DCM,DICOM,10041569-NCqDv8OEUyQItLOWlNToA/2.16.840.1.114274.1818.56051670547179508891612486791393264820/2.16.840.1.114274.1818.547237314827630671517363681550305793191.zip,90489642,3e833c0c53d10e5000e3ce1b64eac3a5,,10041569-NCqDv8OEUyQItLOWlNToA,APPLIED,Br40f_3,XYZ_EC,,,False,ORIGINAL_PRIMARY_AXIAL_CT_SOM5 SPI,,SIEMENS,SOMATOM Definition Edge,CT,,dg.MD1R/e8650fcd-4c88-4d33-bd73-9932548edaee,FFS,0.908203125,AX_VEN_2.0_THIN_AP,2.16.840.1.114274.1818.547237314827630671517363681550305793191,2.0,,4fd56c15-6e2d-4b23-9089-796f313124bb,ACR_20250901,8372f9d9-4dd2-4d54-90ff-16d490f0f600,2.16.840.1.114274.1818.56051670547179508891612486791393264820,10041569-NCqDv8OEUyQItLOWlNToA,10041569-NCqDv8OEUyQItLOWlNToA,Yes,Female,61.0,White,False,True,1,1,0,0,0,1,1,,,,,0,4
ct_series_file,c2baee0d-a075-4b10-9e3c-0c6bdaa7396a,Open-A1,2.16.840.1.114274.1818.47488255058384421707159363982093030824,CT,DCM,DICOM,10041569-YwgotNEPQUS9rTCEmYfvGg/2.16.840.1.114274.1818.55591401017056064792144945380941789359/2.16.840.1.114274.1818.47488255058384421707159363982093030824.zip,30784248,f2efbc31227e600583e04c88ab2168c5,,10041569-YwgotNEPQUS9rTCEmYfvGg,,Bf37f_3,XYZ_EC,,,False,ORIGINAL_PRIMARY_AXIAL_CT_SOM5 SPI,,SIEMENS,SOMATOM Definition Edge,CT,,dg.MD1R/4b57f888-5bc6-4980-bd9a-4729f4e26675,HFS,0.828125,ST_AX_THICK_+C_2.0,2.16.840.1.114274.1818.47488255058384421707159363982093030824,2.0,,4fd56c15-6e2d-4b23-9089-796f313124bb,ACR_20250901,110aeb76-c68d-44a0-bb04-c58335a44506,2.16.840.1.114274.1818.55591401017056064792144945380941789359,10041569-YwgotNEPQUS9rTCEmYfvGg,10041569-YwgotNEPQUS9rTCEmYfvGg,Yes,Male,43.0,Not Reported,False,True,1,1,1,1,0,1,1,,,,,0,6
ct_series_file,baede311-ba99-43e2-a935-5276ec02a3e1,Open-A1,2.16.840.1.114274.1818.53559571942511350052323274409475312562,CT,DCM,DICOM,10041569-g7BegS168EGCpgRylILjoA/2.16.840.1.114274.1818.529233245438746652912141099077703301047/2.16.840.1.114274.1818.53559571942511350052323274409475312562.zip,88128774,191ba271fbb1dbf452154ec3f54462b1,,10041569-g7BegS168EGCpgRylILjoA,Isovue 370,"Bf37f_4,Bf37f",XYZ_EC,,,False,"DERIVED_PRIMARY_LOCALIZER_CT_SOM5 MPR,DERIVED_PRIMARY_AXIAL_CT_SOM5 MPR",,SIEMENS,SOMATOM Definition Edge,CT,,dg.MD1R/ead914af-5b67-4f3a-af27-56a0cb576f1f,FFS,"0.44729344729345,0.9765625",PE  1.0  MPR Sagittal,2.16.840.1.114274.1818.53559571942511350052323274409475312562,1.0,,4fd56c15-6e2d-4b23-9089-796f313124bb,ACR_20250901,3c7b35af-6fd8-42bd-8253-d96f103ec2b5,2.16.840.1.114274.1818.529233245438746652912141099077703301047,10041569-g7BegS168EGCpgRylILjoA,10041569-g7BegS168EGCpgRylILjoA,Yes,Female,63.0,White,False,True,1,1,1,1,0,1,1,,,,,0,6
ct_series_file,87102bd3-ee80-4f11-a762-08a0a356ffe8,Open-A1,2.16.840.1.114362.1.12359305.25874454649.712515943.1065.946,CT,DCM,DICOM,10041569-0MlpwvpeqkmKqEG4iMez6g/2.16.840.1.114274.1818.516287239119536037111226113971135270787/2.16.840.1.114362.1.12359305.25874454649.712515943.1065.946.zip,4171116,48ec9fe6d3aa9e8bd18f7a46d9cdad85,,10041569-0MlpwvpeqkmKqEG4iMez6g,,H60s,,Skull-stripping,,True,DERIVED_PRIMARY_AXIAL,,SIEMENS / MIM Software,SOMATOM Definition AS+,CT,,dg.MD1R/eacfa919-6087-4afe-b7ad-8a3d06b8b1c3,HFS,0.34375,BrainSegmentation,2.16.840.1.114362.1.12359305.25874454649.712515943.1065.946,3.0,,4fd56c15-6e2d-4b23-9089-796f313124bb,ACR_20250901,f247003e-b590-4d01-ac53-f0d85b7bbcef,2.16.840.1.114274.1818.516287239119536037111226113971135270787,10041569-0MlpwvpeqkmKqEG4iMez6g,10041569-0MlpwvpeqkmKqEG4iMez6g,Yes,Male,54.0,White,False,True,1,1,1,0,0,0,1,,,,,0,4
ct_series_file,29a07c47-cacd-412a-b8a0-505f12665b11,Open-A1,2.16.840.1.114274.1818.55404158746120222761645229879432766652,CT,DCM,DICOM,10041569-hGXklXiglkyibymE05GqA/2.16.840.1.114274.1818.531341274525390498714461490575260664760/2.16.840.1.114274.1818.55404158746120222761645229879432766652.zip,32895330,3aa950795f71d743910b981896995b88,,10041569-hGXklXiglkyibymE05GqA,,Br60s,XYZ_EC,,,False,ORIGINAL_PRIMARY_AXIAL_CT_SOM5 SPI,,SIEMENS,SOMATOM Definition Edge,CT,,dg.MD1R/5f7f83f7-0171-4b8a-b680-262a719ae65f,FFS,0.3125,BONE_AX_LSP,2.16.840.1.114274.1818.55404158746120222761645229879432766652,2.0,,4fd56c15-6e2d-4b23-9089-796f313124bb,ACR_20250901,00946003-f9ab-4d88-b2a7-2329ba25304a,2.16.840.1.114274.1818.531341274525390498714461490575260664760,10041569-hGXklXiglkyibymE05GqA,10041569-hGXklXiglkyibymE05GqA,Yes,Male,49.0,White,False,True,1,1,1,0,0,1,1,,,,,0,5
ct_series_file,141076d8-0660-4d34-b6be-bdbdc31d45c3,Open-A1,2.16.840.1.114274.1818.504378812945989628017280177698745513644,CT,DCM,DICOM,2.16.840.1.114274.1818.51152727036045404369404093004123396236/2.16.840.1.114274.1818.504378812945989628017280177698745513644.zip,38818408,669449f4f3691b3bd6a13f439dc7a56c,,10000364-1607263,OMNIPAQUE 350 100,,,,,,,,GE MEDICAL SYSTEMS,Revolution HD,CT,222.0,dg.MD1R/41569508-e433-4212-bdfc-95d7f0f27777,,,SAG BODY,2.16.840.1.114274.1818.504378812945989628017280177698745513644,,,da2db6a3-93f5-4066-90b2-f8dd8afadd2c,ACR_20211115,02e67000-34f9-4407-9530-fb5e14fa5407,2.16.840.1.114274.1818.51152727036045404369404093004123396236,10000364-1607263,10000364-1607263,Yes,Female,64.0,Black or African American,True,True,1,1,1,0,0,1,0,,,,,0,4
ct_series_file,15c2decc-0c89-4d78-ac89-2a6e61c49e86,Open-A1,2.16.840.1.114274.1818.544407706648959825412368365809220116410,CT,DCM,DICOM,10041569-c7w6HYO4oU7uSiC4lcZiA/2.16.840.1.114274.1818.50972627898838145808253465038154409149/2.16.840.1.114274.1818.544407706648959825412368365809220116410.zip,74607300,90bf34694425448d9bdf73098a102cef,,10041569-c7w6HYO4oU7uSiC4lcZiA,,Bf37f_3,XYZ_EC,,,False,ORIGINAL_PRIMARY_AXIAL_CT_SOM5 SPI,,SIEMENS,SOMATOM Definition Flash,CT,,dg.MD1R/663bd8c8-67cc-4210-abd9-c310c353767e,FFS,0.77734375,ST_AX_CHEST_1.0,2.16.840.1.114274.1818.544407706648959825412368365809220116410,1.0,,4fd56c15-6e2d-4b23-9089-796f313124bb,ACR_20250901,6da94247-ae80-4cf1-9b2f-deacecacbc85,2.16.840.1.114274.1818.50972627898838145808253465038154409149,10041569-c7w6HYO4oU7uSiC4lcZiA,10041569-c7w6HYO4oU7uSiC4lcZiA,Yes,Male,66.0,White,False,True,1,1,1,1,1,1,1,,,,,0,7
ct_series_file,a6211e4b-c8f3-4e64-a505-4bc87d6bbc5c,Open-A1,2.16.840.1.114274.1818.51221199620228907348094720093526142601,CT,DCM,DICOM,10041569-YwgotNEPQUS9rTCEmYfvGg/2.16.840.1.114274.1818.572057649757037972315924528491279030175/2.16.840.1.114274.1818.51221199620228907348094720093526142601.zip,98027312,2463ee43d6919d6033c3b85ce63caba9,,10041569-YwgotNEPQUS9rTCEmYfvGg,,Br49f_3,XYZ_EC,,,False,ORIGINAL_PRIMARY_AXIAL_CT_SOM5 SPI,,SIEMENS,SOMATOM Drive,CT,,dg.MD1R/60d2cdc2-599c-49b5-9f1f-0eb086810bdb,FFS,0.783203125,EXPIRATION  1.0  Br49  3,2.16.840.1.114274.1818.51221199620228907348094720093526142601,1.0,,4fd56c15-6e2d-4b23-9089-796f313124bb,ACR_20250901,a006c919-e484-4b52-879a-a27845f7784f,2.16.840.1.114274.1818.572057649757037972315924528491279030175,10041569-YwgotNEPQUS9rTCEmYfvGg,10041569-YwgotNEPQUS9rTCEmYfvGg,Yes,Male,43.0,Not Reported,False,True,1,1,1,1,0,1,1,,,,,0,6
ct_series_file,d632254b-79e1-40f9-9f64-89230d9bdd6d,Open-A1,2.16.840.1.114274.1818.503110389125495545810223620740516512944,CT,DCM,DICOM,10041569-g7BegS168EGCpgRylILjoA/2.16.840.1.114274.1818.531705552272522870615982623405522797441/2.16.840.1.114274.1818.503110389125495545810223620740516512944.zip,22412866,aea6b17559e3384a7c33b53d583ae36d,,10041569-g7BegS168EGCpgRylILjoA,,Br40f_3,Z_EC,,,False,ORIGINAL_PRIMARY_AXIAL_CT_SOM5 SPI DUAL_STD_SNRG_DET_AB,,SIEMENS,SOMATOM Drive,CT,,dg.MD1R/15278bc2-097a-4937-a9c5-2c2cdf62b4a7,FFS,0.751953125,ST_AX_THICK_3.0,2.16.840.1.114274.1818.503110389125495545810223620740516512944,3.0,,4fd56c15-6e2d-4b23-9089-796f313124bb,ACR_20250901,c0c1b40a-cab1-4bcd-9c20-192f7b5c194d,2.16.840.1.114274.1818.531705552272522870615982623405522797441,10041569-g7BegS168EGCpgRylILjoA,10041569-g7BegS168EGCpgRylILjoA,Yes,Female,63.0,White,False,True,1,1,1,1,0,1,1,,,,,0,6
ct_series_file,fb9ae721-967a-42d9-8359-197920050081,Open-A1,2.16.840.1.114274.1818.47584198773021631359813247374926160772,CT,DCM,DICOM,10041569-YwgotNEPQUS9rTCEmYfvGg/2.16.840.1.114274.1818.572057649757037972315924528491279030175/2.16.840.1.114274.1818.47584198773021631359813247374926160772.zip,27258890,874805fcc24a8a82cdd3ace10d755ca4,,10041569-YwgotNEPQUS9rTCEmYfvGg,,"Br40f,Br40f_3",XYZ_EC,,,False,"DERIVED_PRIMARY_LOCALIZER_CT_SOM5 MPR,DERIVED_PRIMARY_AXIAL_CT_SOM5 MPR",,SIEMENS,SOMATOM Drive,CT,,dg.MD1R/54d23826-51d6-4b94-bcee-2b21d998cd32,FFP,"1.005859375,0.591796875",INSPIRATION  3.0  MPR  cor,2.16.840.1.114274.1818.47584198773021631359813247374926160772,3.0,,4fd56c15-6e2d-4b23-9089-796f313124bb,ACR_20250901,a006c919-e484-4b52-879a-a27845f7784f,2.16.840.1.114274.1818.572057649757037972315924528491279030175,10041569-YwgotNEPQUS9rTCEmYfvGg,10041569-YwgotNEPQUS9rTCEmYfvGg,Yes,Male,43.0,Not Reported,False,True,1,1,1,1,0,1,1,,,,,0,6
ct_series_file,5838f792-4824-48d1-b747-0dc4435e607f,Open-A1,2.16.840.1.114274.1818.463971572626891541515524409502465242037,CT,DCM,DICOM,10041569-0MlpwvpeqkmKqEG4iMez6g/2.16.840.1.114274.1818.55950391775379010631565920027288662932/2.16.840.1.114274.1818.463971572626891541515524409502465242037.zip,79464912,b27b570648da03d006570d81a2390342,,10041569-0MlpwvpeqkmKqEG4iMez6g,,Bf37f_3,XYZ_EC,,,False,ORIGINAL_PRIMARY_AXIAL_CT_SOM5 SPI,,SIEMENS,SOMATOM Definition Edge,CT,,dg.MD1R/2748ca0d-0f79-4dde-8b74-583f8a776e8b,FFS,0.787109375,ST_AX_THIN_1.0,2.16.840.1.114274.1818.463971572626891541515524409502465242037,1.0,,4fd56c15-6e2d-4b23-9089-796f313124bb,ACR_20250901,0f4266b0-e019-43dc-84d0-86d7e903c221,2.16.840.1.114274.1818.55950391775379010631565920027288662932,10041569-0MlpwvpeqkmKqEG4iMez6g,10041569-0MlpwvpeqkmKqEG4iMez6g,Yes,Male,54.0,White,False,True,1,1,1,0,0,0,1,,,,,0,4
ct_series_file,74f640d1-2694-4a08-9b5a-40dc99efee1f,Open-A1,2.16.840.1.114362.1.12359305.25874454649.713272474.460.954,CT,DCM,DICOM,10041569-g7BegS168EGCpgRylILjoA/2.16.840.1.114274.1818.53473770141195440071220681847743506622/2.16.840.1.114362.1.12359305.25874454649.713272474.460.954.zip,5336174,a9936dfb968f7ae4312610439365e721,,10041569-g7BegS168EGCpgRylILjoA,,Hr59h,,Skull-stripping,,True,DERIVED_PRIMARY_AXIAL,,SIEMENS / MIM Software,SOMATOM Force,CT,,dg.MD1R/88ae6587-7cda-47a3-9cb2-3cc88cf2690d,HFS,0.3281493,BrainSegmentation,2.16.840.1.114362.1.12359305.25874454649.713272474.460.954,3.0,,4fd56c15-6e2d-4b23-9089-796f313124bb,ACR_20250901,5ba052ca-9493-42ff-bb3e-ccb6f8ca6260,2.16.840.1.114274.1818.53473770141195440071220681847743506622,10041569-g7BegS168EGCpgRylILjoA,10041569-g7BegS168EGCpgRylILjoA,Yes,Female,63.0,White,False,True,1,1,1,1,0,1,1,,,,,0,6
ct_series_file,1b20f6d4-a9a8-4465-a6c1-1a7f130ffb1c,Open-A1,2.16.840.1.114274.1818.567678918058475012313674758350716594109,CT,DCM,DICOM,10041569-kgAvx7uJ10ONCduLyMtlg/2.16.840.1.114274.1818.54430487083515539625023760726191445951/2.16.840.1.114274.1818.567678918058475012313674758350716594109.zip,26887994,f47a194c89c43d930fe7f57a20ba2040,,10041569-kgAvx7uJ10ONCduLyMtlg,,I31f_1,XYZ_EC,,,False,DERIVED_PRIMARY_AXIAL_CT_SOM5 MPR,,SIEMENS,,CT,,dg.MD1R/726c4249-b03d-47b0-a13c-c06082f061e5,FFS,0.545296167,ST_SAG_CHEST_3.0,2.16.840.1.114274.1818.567678918058475012313674758350716594109,3.0,,4fd56c15-6e2d-4b23-9089-796f313124bb,ACR_20250901,f535b76b-ad02-4f0f-a5d7-e8a5e9994e88,2.16.840.1.114274.1818.54430487083515539625023760726191445951,10041569-kgAvx7uJ10ONCduLyMtlg,10041569-kgAvx7uJ10ONCduLyMtlg,No,Male,52.0,White,False,True,1,1,0,0,0,1,1,,,,,0,4
ct_series_file,d25f8f71-907f-4512-880c-550cc6a4d4da,Open-A1,2.16.840.1.114274.1818.540349826772533135918284243028650011270,CT,DCM,DICOM,10041569-SytwUN6koU6LLR3RcLHkA/2.16.840.1.114274.1818.543353574701069244915321122795477496736/2.16.840.1.114274.1818.540349826772533135918284243028650011270.zip,1614652,ea08fdb41fe5cca014c88ea3c61e3802,,10041569-SytwUN6koU6LLR3RcLHkA,,STANDARD,,,,False,ORIGINAL_PRIMARY_LOCALIZER,,GE MEDICAL SYSTEMS,Revolution CT,CT,,dg.MD1R/b7c755ae-a6ea-4041-b76a-b55847d6b37b,HFS,0.636364,Scout,2.16.840.1.114274.1818.540349826772533135918284243028650011270,710.0,10.0,4fd56c15-6e2d-4b23-9089-796f313124bb,ACR_20250901,baa6215d-f30c-40cf-bfdd-e9762752fce5,2.16.840.1.114274.1818.543353574701069244915321122795477496736,10041569-SytwUN6koU6LLR3RcLHkA,10041569-SytwUN6koU6LLR3RcLHkA,Yes,Female,62.0,Black or African American,False,False,1,1,1,0,0,1,1,,,,,0,5
ct_series_file,e7edd672-f512-4b3a-8817-870070b6b43a,Open-A1,2.16.840.1.114274.1818.47089915323406815549275657086958219165,CT,DCM,DICOM,10041569-2WbOmaZUqE23vA7fnyC4w/2.16.840.1.114274.1818.48871750877554092974458036388299289248/2.16.840.1.114274.1818.47089915323406815549275657086958219165.zip,80033184,ecc6f608683c97b46afdcd32eae504f1,,10041569-2WbOmaZUqE23vA7fnyC4w,,STANDARD,,,,False,ORIGINAL_PRIMARY_AXIAL,,GE MEDICAL SYSTEMS,Optima CT660,CT,,dg.MD1R/e83d6a99-9d00-476a-b30f-c7490c475df4,FFS,0.919922,1.25mm,2.16.840.1.114274.1818.47089915323406815549275657086958219165,1.25,5.0,4fd56c15-6e2d-4b23-9089-796f313124bb,ACR_20250901,bbfaac7d-dcaa-4fe7-9b4d-24fe6a9d3965,2.16.840.1.114274.1818.48871750877554092974458036388299289248,10041569-2WbOmaZUqE23vA7fnyC4w,10041569-2WbOmaZUqE23vA7fnyC4w,Yes,Male,48.0,Not Reported,False,True,1,1,1,0,0,1,1,,,,,0,5
ct_series_file,595f60a8-5895-45ce-ac2c-52e2cb1d3c28,Open-A1,2.16.840.1.114274.1818.47506934671590110891705571730947702677,CT,DCM,DICOM,10041569-c7w6HYO4oU7uSiC4lcZiA/2.16.840.1.114274.1818.539374782057443449414133618129572386957/2.16.840.1.114274.1818.47506934671590110891705571730947702677.zip,23634584,141e78559efa51fe8bf463685d840267,,10041569-c7w6HYO4oU7uSiC4lcZiA,,Br38f_3,XYZ_EC,,,False,ORIGINAL_PRIMARY_AXIAL_CT_SOM5 SPI,,SIEMENS,SOMATOM Definition Flash,CT,,dg.MD1R/a1dc389b-9a34-43f5-8ae9-960e6bf908ff,FFS,0.8671875,ST_AX_CHEST_3.0,2.16.840.1.114274.1818.47506934671590110891705571730947702677,3.0,,4fd56c15-6e2d-4b23-9089-796f313124bb,ACR_20250901,42058cf6-8f57-4b4d-9972-1b230f5a6a75,2.16.840.1.114274.1818.539374782057443449414133618129572386957,10041569-c7w6HYO4oU7uSiC4lcZiA,10041569-c7w6HYO4oU7uSiC4lcZiA,Yes,Male,66.0,White,False,True,1,1,1,1,1,1,1,,,,,0,7
ct_series_file,7e71da0f-3c2a-4ffc-a34a-b9006f5d0f55,Open-A1,2.16.840.1.114362.1.12359305.25874454649.713387175.956.962,CT,DCM,DICOM,10041569-qyn7o7O1MkWMKhOmffWoA/2.16.840.1.114274.1818.55948877336473417349331251749562200196/2.16.840.1.114362.1.12359305.25874454649.713387175.956.962.zip,1720456,02228762c94550d1c275ea940e9a40a7,,10041569-qyn7o7O1MkWMKhOmffWoA,,STND#,,Skull-stripping,,True,DERIVED_PRIMARY_AXIAL,,GE MEDICAL SYSTEMS / MIM Software,Revolution CT,CT,,dg.MD1R/c7c85e1d-2a47-4381-af71-2c820e78ccc5,HFS,0.488281,BrainSegmentation,2.16.840.1.114362.1.12359305.25874454649.713387175.956.962,5.0,,4fd56c15-6e2d-4b23-9089-796f313124bb,ACR_20250901,1fb0efe1-7029-453e-a684-6b5a6a343425,2.16.840.1.114274.1818.55948877336473417349331251749562200196,10041569-qyn7o7O1MkWMKhOmffWoA,10041569-qyn7o7O1MkWMKhOmffWoA,Yes,Male,67.0,Black or African American,False,False,1,1,1,0,1,1,1,,,,,0,6
ct_series_file,d00bf6a9-12d7-4984-95a5-49440146c9d0,Open-A1,2.16.840.1.114274.1818.501013507938425502216868925253261329339,CT,DCM,DICOM,10041569-c7w6HYO4oU7uSiC4lcZiA/2.16.840.1.114274.1818.57480567220781102391830955657535623052/2.16.840.1.114274.1818.501013507938425502216868925253261329339.zip,32070380,09fa64f990fb25550185d2a0f7bf8c25,,10041569-c7w6HYO4oU7uSiC4lcZiA,APPLIED,"Bf37f_2,Bf37f",XYZ_EC,,,False,"DERIVED_PRIMARY_LOCALIZER_CT_SOM5 MPR,DERIVED_PRIMARY_AXIAL_CT_SOM5 MPR",,SIEMENS,SOMATOM Definition Flash,CT,,dg.MD1R/ee5b740c-90b5-46e0-8936-ca5b31ca4707,FFS,"0.783203125,0.984375",ST_COR_+C_CHEST_2.0,2.16.840.1.114274.1818.501013507938425502216868925253261329339,2.0,,4fd56c15-6e2d-4b23-9089-796f313124bb,ACR_20250901,0f423ccf-e1b5-4c44-be26-1af212c84979,2.16.840.1.114274.1818.57480567220781102391830955657535623052,10041569-c7w6HYO4oU7uSiC4lcZiA,10041569-c7w6HYO4oU7uSiC4lcZiA,Yes,Male,66.0,White,False,True,1,1,1,1,1,1,1,,,,,0,7
ct_series_file,c687a3b1-f62b-4c7e-b3f0-b0e8ecc18bfd,Open-A1,2.16.840.1.114362.1.12359305.25874454649.713390855.966.1430,CT,DCM,DICOM,10041569-rdL12m75aU6AT4OZNtG2Aw/2.16.840.1.114274.1818.55915854147338855734909010273709752226/2.16.840.1.114362.1.12359305.25874454649.713390855.966.1430.zip,3360966,6c84f48b377f7f7207004129b1054c51,,10041569-rdL12m75aU6AT4OZNtG2Aw,,B60s,,Skull-stripping,,True,DERIVED_PRIMARY_AXIAL,,SIEMENS / MIM Software,SOMATOM Definition AS+,CT,,dg.MD1R/148d4b0a-edf2-45f0-8b71-ef95ab0da303,HFS,0.5703125,BrainSegmentation,2.16.840.1.114362.1.12359305.25874454649.713390855.966.1430,3.0,,4fd56c15-6e2d-4b23-9089-796f313124bb,ACR_20250901,017646ea-98c5-4f4c-a4da-93ccd68848aa,2.16.840.1.114274.1818.55915854147338855734909010273709752226,10041569-rdL12m75aU6AT4OZNtG2Aw,10041569-rdL12m75aU6AT4OZNtG2Aw,Yes,Male,51.0,Black or African American,False,True,1,1,1,0,0,1,1,,,,,0,5
ct_series_file,ebb6b546-3c63-42d6-b816-11059cc452f7,Open-A1,2.16.840.1.114274.1818.467295340376909372412857155160257034117,CT,DCM,DICOM,10041569-hGXklXiglkyibymE05GqA/2.16.840.1.114274.1818.514908066596353024015995849626850039189/2.16.840.1.114274.1818.467295340376909372412857155160257034117.zip,33228212,ce9f86a6d04ae34de4848aee902572ed,,10041569-hGXklXiglkyibymE05GqA,,"Br40f_3,Br40f",XYZ_EC,,,False,"DERIVED_PRIMARY_LOCALIZER_CT_SOM5 MPR,DERIVED_PRIMARY_AXIAL_CT_SOM5 MPR",,SIEMENS,Mirada Registration Server,CT,,dg.MD1R/73d82709-27bd-41f0-991d-56342a2be601,FFS,"1.181640625,0.69921875",ST_COR_CHEST_1.0,2.16.840.1.114274.1818.467295340376909372412857155160257034117,2.0,,4fd56c15-6e2d-4b23-9089-796f313124bb,ACR_20250901,25e914b0-cd18-40ed-a664-38821a352ca0,2.16.840.1.114274.1818.514908066596353024015995849626850039189,10041569-hGXklXiglkyibymE05GqA,10041569-hGXklXiglkyibymE05GqA,Yes,Male,49.0,White,False,True,1,1,1,0,0,1,1,,,,,0,5
ct_series_file,f2d00f3b-aa53-40e0-85b2-aab78c0eec8c,Open-A1,2.16.840.1.114274.1818.475893734093534537413677971804367283085,CT,DCM,DICOM,10041569-PM8BrEOGvEyWPkLhhZ94XQ/2.16.840.1.114274.1818.52889827749950004502740943008177332133/2.16.840.1.114274.1818.475893734093534537413677971804367283085.zip,22792362,9727ad10b93c6a384421ef1eac895ed7,,10041569-PM8BrEOGvEyWPkLhhZ94XQ,,Bf37f_3,XYZ_EC,,,False,ORIGINAL_PRIMARY_AXIAL_CT_SOM5 SPI,,SIEMENS,SOMATOM Definition AS+,CT,,dg.MD1R/aa2cd5d6-f957-4ebb-ab15-4fa8fc254911,FFS,0.736328125,ST_AX_CHEST_3.0,2.16.840.1.114274.1818.475893734093534537413677971804367283085,3.0,,4fd56c15-6e2d-4b23-9089-796f313124bb,ACR_20250901,49d7118e-4d23-4191-bbd8-9cd501640f10,2.16.840.1.114274.1818.52889827749950004502740943008177332133,10041569-PM8BrEOGvEyWPkLhhZ94XQ,10041569-PM8BrEOGvEyWPkLhhZ94XQ,Yes,Male,66.0,Black or African American,False,True,1,1,1,0,0,1,1,,,,,0,5
ct_series_file,10315647-0389-4247-b57b-5227bd0149a5,Open-A1,2.16.840.1.114274.1818.488818251566390760713736487071407662271,CT,DCM,DICOM,10041569-g7BegS168EGCpgRylILjoA/2.16.840.1.114274.1818.507775836070599428116236643975517488005/2.16.840.1.114274.1818.488818251566390760713736487071407662271.zip,39436282,96996cedf6d179ecb5c3365780d0b632,,10041569-g7BegS168EGCpgRylILjoA,APPLIED,Br40d_3,XYZ_EC,,,False,DERIVED_PRIMARY_AXIAL_CT_SOM5 MPR_STD_DNRG_DET_AB,,SIEMENS,,CT,,dg.MD1R/aad1151c-6915-4d60-bd8f-8a4487f86766,HFS,0.509656652,SAG_VEN_3.0_AP  F_0.6,2.16.840.1.114274.1818.488818251566390760713736487071407662271,3.0,,4fd56c15-6e2d-4b23-9089-796f313124bb,ACR_20250901,a789e6ae-3b86-41f6-85ca-eb397509c695,2.16.840.1.114274.1818.507775836070599428116236643975517488005,10041569-g7BegS168EGCpgRylILjoA,10041569-g7BegS168EGCpgRylILjoA,Yes,Female,63.0,White,False,True,1,1,1,1,0,1,1,,,,,0,6
ct_series_file,f7ec6d1c-a601-4b5c-a9fe-9f2bd8d07550,Open-A1,2.16.840.1.114362.1.12046989.25398265497.615991653.516.61,CT,DCM,DICOM,10000364-899490/2.16.840.1.114274.1818.481925761232972402218274252443294239918/2.16.840.1.114362.1.12046989.25398265497.615991653.516.61.zip,4133848,c495f0ba3db0ab46ff3e19700d656d75,,10000364-899490,,H30s,,Skull-stripping,2.0,True,DERIVED_PRIMARY_AXIAL,,SIEMENS / MIM Software,SOMATOM Definition AS,CT,59.0,dg.MD1R/c80eaf8d-5592-4546-bbd5-789fa94df499,HFS,0.296875,BrainSegmentation,2.16.840.1.114362.1.12046989.25398265497.615991653.516.61,3.0,,f3a84a57-f61e-4953-af27-23f850bc857a,ACR_20230415,9649b379-c17c-4bb9-a6db-aaa295f40ce5,2.16.840.1.114274.1818.481925761232972402218274252443294239918,10000364-899490,10000364-899490,Yes,Female,71.0,White,False,True,1,1,1,0,0,0,1,,,,,0,4
ct_series_file,2eb8fe48-631b-4bbb-82b9-7d70edbf7771,Open-A1,2.16.840.1.114274.1818.46692868039132203554544601730761766034,CT,DCM,DICOM,10041569-YwgotNEPQUS9rTCEmYfvGg/2.16.840.1.114274.1818.48726585573245811187613117959563105674/2.16.840.1.114274.1818.46692868039132203554544601730761766034.zip,86910214,5a2e668ea8e8dac19c3792cfc702d0a3,,10041569-YwgotNEPQUS9rTCEmYfvGg,,Br49d_2,Z_EC,,,False,ORIGINAL_PRIMARY_AXIAL_CT_SOM5 SPI DUAL_STD_SNRG_DET_AB,,SIEMENS,SOMATOM Force,CT,,dg.MD1R/7892cc8c-fd3d-49ef-863d-adea284dd7d3,FFS,0.8984375,INSPIRATION  1.0  Br49  2,2.16.840.1.114274.1818.46692868039132203554544601730761766034,1.0,,4fd56c15-6e2d-4b23-9089-796f313124bb,ACR_20250901,ee21aa30-4140-4a1c-a469-b7ceca309930,2.16.840.1.114274.1818.48726585573245811187613117959563105674,10041569-YwgotNEPQUS9rTCEmYfvGg,10041569-YwgotNEPQUS9rTCEmYfvGg,Yes,Male,43.0,Not Reported,False,True,1,1,1,1,0,1,1,,,,,0,6
ct_series_file,896de38c-dd69-4a53-a40b-f577009cdb21,Open-A1,2.16.840.1.114362.1.12359305.25874454649.713300791.270.1654,CT,DCM,DICOM,10041569-hGXklXiglkyibymE05GqA/2.16.840.1.114274.1818.51310091309937926663676189502443574964/2.16.840.1.114362.1.12359305.25874454649.713300791.270.1654.zip,1083654,20c7d5600d410b70d39b1e848abcaca1,,10041569-hGXklXiglkyibymE05GqA,,Hr60s,,Skull-stripping,,True,DERIVED_PRIMARY_AXIAL,,SIEMENS / MIM Software,SOMATOM Definition Edge,CT,,dg.MD1R/05807118-77fd-4e66-9066-f2aa92d70ec0,HFS,0.40039062,BrainSegmentation,2.16.840.1.114362.1.12359305.25874454649.713300791.270.1654,3.0,,4fd56c15-6e2d-4b23-9089-796f313124bb,ACR_20250901,7280e843-8e57-4822-8906-970a4fa28756,2.16.840.1.114274.1818.51310091309937926663676189502443574964,10041569-hGXklXiglkyibymE05GqA,10041569-hGXklXiglkyibymE05GqA,Yes,Male,49.0,White,False,True,1,1,1,0,0,1,1,,,,,0,5
ct_series_file,1b3b74f8-b7d5-4ba1-a6cc-12d52b97c30a,Open-A1,2.16.840.1.114274.1818.5507341770830579435687917573752792761,CT,DCM,DICOM,10041569-PM8BrEOGvEyWPkLhhZ94XQ/2.16.840.1.114274.1818.477948804248284359315753006550599360942/2.16.840.1.114274.1818.5507341770830579435687917573752792761.zip,14324472,755efdf2d5e5349f4ecc309592547139,,10041569-PM8BrEOGvEyWPkLhhZ94XQ,,Br51f_2,XYZ_EC,,,False,DERIVED_PRIMARY_AXIAL_CT_SOM5 MIP,,SIEMENS,SOMATOM Definition AS+,CT,,dg.MD1R/df6437ee-88df-4be6-98f3-caf2732d7119,FFS,0.52734375,LUNG_AX_CHEST_MIP,2.16.840.1.114274.1818.5507341770830579435687917573752792761,7.0,,4fd56c15-6e2d-4b23-9089-796f313124bb,ACR_20250901,abe96281-73d4-42dd-b520-a1f05b8479dd,2.16.840.1.114274.1818.477948804248284359315753006550599360942,10041569-PM8BrEOGvEyWPkLhhZ94XQ,10041569-PM8BrEOGvEyWPkLhhZ94XQ,Yes,Male,66.0,Black or African American,False,True,1,1,1,0,0,1,1,,,,,0,5
ct_series_file,21ff5833-d7bd-471b-b746-58c89d709006,Open-A1,2.16.840.1.114362.1.12359305.25874454649.713272875.898.954,CT,DCM,DICOM,10041569-g7BegS168EGCpgRylILjoA/2.16.840.1.114274.1818.53473770141195440071220681847743506622/2.16.840.1.114362.1.12359305.25874454649.713272875.898.954.zip,2410950,68717441cfac27937acf19f475d543c2,,10041569-g7BegS168EGCpgRylILjoA,,Hc40s,,Skull-stripping,,True,DERIVED_PRIMARY_AXIAL,,SIEMENS / MIM Software,Mirada Registration Server,CT,,dg.MD1R/5e99e5c0-7222-4a24-863b-2ae55f88d3f4,HFS,0.3281493,BrainSegmentation,2.16.840.1.114362.1.12359305.25874454649.713272875.898.954,5.0,,4fd56c15-6e2d-4b23-9089-796f313124bb,ACR_20250901,5ba052ca-9493-42ff-bb3e-ccb6f8ca6260,2.16.840.1.114274.1818.53473770141195440071220681847743506622,10041569-g7BegS168EGCpgRylILjoA,10041569-g7BegS168EGCpgRylILjoA,Yes,Female,63.0,White,False,True,1,1,1,1,0,1,1,,,,,0,6
ct_series_file,14d56fef-23ba-4291-ba58-a2e9074f9bdf,Open-A1,2.16.840.1.114362.1.12046989.25389067164.615609926.1032.942,CT,DCM,DICOM,10000364-6303877/2.16.840.1.114274.1818.48489682386563703776663898082595543696/2.16.840.1.114362.1.12046989.25389067164.615609926.1032.942.zip,22440720,71d7389c92ddb0c614ffa331b0e6cf82,,10000364-6303877,,Hr68h,,Skull-stripping,2.0,True,DERIVED_PRIMARY_AXIAL,,SIEMENS / MIM Software,SOMATOM Drive,CT,226.0,dg.MD1R/95d52113-7ad8-40a3-95fc-f5719f000bce,HFS,0.427734375,BrainSegmentation,2.16.840.1.114362.1.12046989.25389067164.615609926.1032.942,0.600000024,,f3a84a57-f61e-4953-af27-23f850bc857a,ACR_20230415,d9a1a275-ca7f-43c3-8fa7-3dd0f6bac394,2.16.840.1.114274.1818.48489682386563703776663898082595543696,10000364-6303877,10000364-6303877,Yes,Female,64.0,White,True,False,1,1,1,0,0,0,0,,,,,0,3
ct_series_file,407ac9bc-82e6-41e7-95e6-e19c73b93bfa,Open-A1,2.16.840.1.114274.1818.46404323275763284332444195653358182587,CT,DCM,DICOM,2.16.840.1.114274.1818.570469985948829512511473717990879281323/2.16.840.1.114274.1818.46404323275763284332444195653358182587.zip,6682616,bff816b18c7c5c1ba1c82b9f9b4641d0,,10000364-1607263,GASTROGRAFIN & 100ML OMNI 350,,,,,,,,GE MEDICAL SYSTEMS,LightSpeed VCT,CT,27.0,dg.MD1R/1b55795e-9c68-4b8c-989c-3615216c1b43,,,LUNG,2.16.840.1.114274.1818.46404323275763284332444195653358182587,,,da2db6a3-93f5-4066-90b2-f8dd8afadd2c,ACR_20211115,41fc5080-6487-4ca1-b862-72de236d23ff,2.16.840.1.114274.1818.570469985948829512511473717990879281323,10000364-1607263,10000364-1607263,Yes,Female,64.0,Black or African American,True,True,1,1,1,0,0,1,0,,,,,0,4
ct_series_file,721e5d20-789f-4c8d-b914-09af1753764a,Open-A1,2.16.840.1.114362.1.12359305.25874454649.713391285.729.1430,CT,DCM,DICOM,10041569-rdL12m75aU6AT4OZNtG2Aw/2.16.840.1.114274.1818.55915854147338855734909010273709752226/2.16.840.1.114362.1.12359305.25874454649.713391285.729.1430.zip,69396,0e0cfd5b6179c05b38e8bc43d9a71a18,,10041569-rdL12m75aU6AT4OZNtG2Aw,,B31s,,Skull-stripping,,True,DERIVED_PRIMARY_AXIAL,,SIEMENS / MIM Software,SOMATOM Definition AS+,CT,,dg.MD1R/34bc5164-e78c-4c74-a68a-36c124308bf1,HFS,0.5703125,BrainSegmentation,2.16.840.1.114362.1.12359305.25874454649.713391285.729.1430,3.0,,4fd56c15-6e2d-4b23-9089-796f313124bb,ACR_20250901,017646ea-98c5-4f4c-a4da-93ccd68848aa,2.16.840.1.114274.1818.55915854147338855734909010273709752226,10041569-rdL12m75aU6AT4OZNtG2Aw,10041569-rdL12m75aU6AT4OZNtG2Aw,Yes,Male,51.0,Black or African American,False,True,1,1,1,0,0,1,1,,,,,0,5
ct_series_file,f6fa9c6e-e8c4-44db-88e6-c6a1017fb1c4,Open-A1,2.16.840.1.114362.1.12359305.25874454649.712610831.649.946,CT,DCM,DICOM,10041569-4DNktkkdXUGzSU6qGPxFEw/2.16.840.1.114274.1818.55761790404420440129957362770486972079/2.16.840.1.114362.1.12359305.25874454649.712610831.649.946.zip,5863982,f555cffdedce20e7426e390c3e90800c,,10041569-4DNktkkdXUGzSU6qGPxFEw,,Hr68h,,Skull-stripping,,True,DERIVED_PRIMARY_AXIAL,,SIEMENS / MIM Software,SOMATOM Definition Flash,CT,,dg.MD1R/5b54a577-add5-43dc-9f87-2e8d5da2bb5f,HFS,0.42382812,BrainSegmentation,2.16.840.1.114362.1.12359305.25874454649.712610831.649.946,2.0,,4fd56c15-6e2d-4b23-9089-796f313124bb,ACR_20250901,1f3131a2-e19e-476f-8296-4e2470c08b2a,2.16.840.1.114274.1818.55761790404420440129957362770486972079,10041569-4DNktkkdXUGzSU6qGPxFEw,10041569-4DNktkkdXUGzSU6qGPxFEw,Yes,Female,26.0,Black or African American,False,True,1,1,0,0,0,1,1,,,,,0,4
ct_series_file,41432912-5832-47b4-9e96-37f8bf7efd56,Open-A1,2.16.840.1.114362.1.12359305.25874454649.712519168.219.946,CT,DCM,DICOM,10041569-0MlpwvpeqkmKqEG4iMez6g/2.16.840.1.114274.1818.516287239119536037111226113971135270787/2.16.840.1.114362.1.12359305.25874454649.712519168.219.946.zip,4170452,fb99d136ac1c92e4453e506c725c3a4c,,10041569-0MlpwvpeqkmKqEG4iMez6g,,H60s,,Skull-stripping,,True,DERIVED_PRIMARY_AXIAL,,SIEMENS / MIM Software,SOMATOM Definition AS+,CT,,dg.MD1R/4daf1e18-2355-46a6-9deb-091ee9db4f68,HFS,0.34375,BrainSegmentation,2.16.840.1.114362.1.12359305.25874454649.712519168.219.946,3.0,,4fd56c15-6e2d-4b23-9089-796f313124bb,ACR_20250901,f247003e-b590-4d01-ac53-f0d85b7bbcef,2.16.840.1.114274.1818.516287239119536037111226113971135270787,10041569-0MlpwvpeqkmKqEG4iMez6g,10041569-0MlpwvpeqkmKqEG4iMez6g,Yes,Male,54.0,White,False,True,1,1,1,0,0,0,1,,,,,0,4
ct_series_file,760bc20f-637b-4f3a-8514-c68de952629a,Open-A1,2.16.840.1.114274.1818.47131534590268794627027764283447864977,CT,DCM,DICOM,10041569-g7BegS168EGCpgRylILjoA/2.16.840.1.114274.1818.49432318804283653755944501886812777407/2.16.840.1.114274.1818.47131534590268794627027764283447864977.zip,23707420,67b3acf5d47c7c3dcde4bf74eb156951,,10041569-g7BegS168EGCpgRylILjoA,,"Br49f_3,Br49f",XYZ_EC,,,False,"DERIVED_PRIMARY_LOCALIZER_CT_SOM5 MPR,DERIVED_PRIMARY_AXIAL_CT_SOM5 MPR",,SIEMENS,SOMATOM Drive,CT,,dg.MD1R/a20ee691-8902-4098-b267-8a2aafb887a3,FFS,"0.990234375,0.63671875",INSPIRATION  3.0  MPR  cor,2.16.840.1.114274.1818.47131534590268794627027764283447864977,3.0,,4fd56c15-6e2d-4b23-9089-796f313124bb,ACR_20250901,bb3f0740-6576-492e-b3af-171747887cba,2.16.840.1.114274.1818.49432318804283653755944501886812777407,10041569-g7BegS168EGCpgRylILjoA,10041569-g7BegS168EGCpgRylILjoA,Yes,Female,63.0,White,False,True,1,1,1,1,0,1,1,,,,,0,6
ct_series_file,85104190-fa26-4278-84aa-fca614aa8eec,Open-A1,2.16.840.1.114362.1.12359305.25874454649.712517959.327.946,CT,DCM,DICOM,10041569-0MlpwvpeqkmKqEG4iMez6g/2.16.840.1.114274.1818.516287239119536037111226113971135270787/2.16.840.1.114362.1.12359305.25874454649.712517959.327.946.zip,3420106,09aa0c1d4a88db974526370981bdd72a,,10041569-0MlpwvpeqkmKqEG4iMez6g,,H32s,,Skull-stripping,,True,DERIVED_PRIMARY_AXIAL,,SIEMENS / MIM Software,SOMATOM Definition AS+,CT,,dg.MD1R/e3643806-44da-482b-ba15-0eb8d38d4550,HFS,0.34375,BrainSegmentation,2.16.840.1.114362.1.12359305.25874454649.712517959.327.946,3.0,,4fd56c15-6e2d-4b23-9089-796f313124bb,ACR_20250901,f247003e-b590-4d01-ac53-f0d85b7bbcef,2.16.840.1.114274.1818.516287239119536037111226113971135270787,10041569-0MlpwvpeqkmKqEG4iMez6g,10041569-0MlpwvpeqkmKqEG4iMez6g,Yes,Male,54.0,White,False,True,1,1,1,0,0,0,1,,,,,0,4
ct_series_file,a6fb5637-c9fd-4192-9eed-91d2d9503ba8,Open-A1,2.16.840.1.114274.1818.493320201829744001715250057215110027406,CT,DCM,DICOM,10041569-YIon3HGGUa4N81uJEoWmg/2.16.840.1.114274.1818.46213516937756425162077192930343084169/2.16.840.1.114274.1818.493320201829744001715250057215110027406.zip,29479356,ac02f0e3fe73ea54a59cab210275bec2,,10041569-YIon3HGGUa4N81uJEoWmg,,"Br49d,Br49d_2",Z_EC,,,False,"DERIVED_PRIMARY_LOCALIZER_CT_SOM5 MPR_STD_SNRG_DET_AB,DERIVED_PRIMARY_AXIAL_CT_SOM5 MPR_STD_SNRG_DET_AB",,SIEMENS,SOMATOM Force,CT,,dg.MD1R/c50d1f46-b353-4b1d-988c-476f46fb79d5,FFS,"0.59765625,0.8359375",INSPIRATION  3.0  MPR  cor,2.16.840.1.114274.1818.493320201829744001715250057215110027406,3.0,,4fd56c15-6e2d-4b23-9089-796f313124bb,ACR_20250901,93c2b51c-9bf5-4315-b6ca-35feb693bc6b,2.16.840.1.114274.1818.46213516937756425162077192930343084169,10041569-YIon3HGGUa4N81uJEoWmg,10041569-YIon3HGGUa4N81uJEoWmg,Yes,Male,84.0,Black or African American,False,False,1,1,1,1,0,1,1,,,,,0,6
ct_series_file,18622dfd-41b1-41e4-9572-23a36093b8ad,Open-A1,2.16.840.1.114274.1818.467235434302971235612222388612355535531,CT,DCM,DICOM,10041569-YIon3HGGUa4N81uJEoWmg/2.16.840.1.114274.1818.51027274488211992514241515792310146994/2.16.840.1.114274.1818.467235434302971235612222388612355535531.zip,97324406,931497d3ef43b08d4685f3e32e5c95fb,,10041569-YIon3HGGUa4N81uJEoWmg,,Br40f_3,XYZ_EC,,,False,ORIGINAL_PRIMARY_AXIAL_CT_SOM5 SPI,,SIEMENS,SOMATOM Definition Flash,CT,,dg.MD1R/891c3690-e607-4025-8ae8-e2bf001789d8,FFS,0.82421875,ST_AX_NC_AP_2.0,2.16.840.1.114274.1818.467235434302971235612222388612355535531,2.0,,4fd56c15-6e2d-4b23-9089-796f313124bb,ACR_20250901,514dc775-0dd7-469e-9ccb-ded5004542e7,2.16.840.1.114274.1818.51027274488211992514241515792310146994,10041569-YIon3HGGUa4N81uJEoWmg,10041569-YIon3HGGUa4N81uJEoWmg,Yes,Male,84.0,Black or African American,False,False,1,1,1,1,0,1,1,,,,,0,6
ct_series_file,03988f84-e14b-419e-b834-0d0d6a2f2d8c,Open-A1,2.16.840.1.114274.1818.561305674778474224812474077026257591446,CT,DCM,DICOM,10041569-4DNktkkdXUGzSU6qGPxFEw/2.16.840.1.114274.1818.556088377517573904313327315396550646692/2.16.840.1.114274.1818.561305674778474224812474077026257591446.zip,19537744,4fa0d51743224cd95e5882061f7ce82f,,10041569-4DNktkkdXUGzSU6qGPxFEw,,Br40f_3,XYZ_EC,,,False,ORIGINAL_PRIMARY_AXIAL_CT_SOM5 SPI,,SIEMENS,SOMATOM Definition Edge,CT,,dg.MD1R/75402f08-833c-4b92-b719-419aa47cc9c4,FFS,0.828125,AX_VEN_5.0_THICK_AP,2.16.840.1.114274.1818.561305674778474224812474077026257591446,5.0,,4fd56c15-6e2d-4b23-9089-796f313124bb,ACR_20250901,cac01df1-5f71-48ec-81a4-f1c3403a63b3,2.16.840.1.114274.1818.556088377517573904313327315396550646692,10041569-4DNktkkdXUGzSU6qGPxFEw,10041569-4DNktkkdXUGzSU6qGPxFEw,Yes,Female,26.0,Black or African American,False,True,1,1,0,0,0,1,1,,,,,0,4
ct_series_file,e95aa80c-b06c-461f-9503-7e44a0b87f5a,Open-A1,2.16.840.1.114362.1.12359305.25874454649.713274097.894.954,CT,DCM,DICOM,10041569-g7BegS168EGCpgRylILjoA/2.16.840.1.114274.1818.5377148994594629303257838193147626373/2.16.840.1.114362.1.12359305.25874454649.713274097.894.954.zip,2222912,f8c59bf1307a2973254d88360bf50986,,10041569-g7BegS168EGCpgRylILjoA,,STANDARD,,Skull-stripping,,True,DERIVED_PRIMARY_AXIAL,,GE MEDICAL SYSTEMS / MIM Software,Revolution EVO,CT,,dg.MD1R/eeeeca43-e200-423d-9d54-77882aadd0b9,HFS,0.507812,BrainSegmentation,2.16.840.1.114362.1.12359305.25874454649.713274097.894.954,3.75,,4fd56c15-6e2d-4b23-9089-796f313124bb,ACR_20250901,940e64f9-56d2-496f-b769-084427fc0af2,2.16.840.1.114274.1818.5377148994594629303257838193147626373,10041569-g7BegS168EGCpgRylILjoA,10041569-g7BegS168EGCpgRylILjoA,Yes,Female,63.0,White,False,True,1,1,1,1,0,1,1,,,,,0,6
ct_series_file,1f8d0cf0-e72a-4d74-a8e6-499949d132f4,Open-A1,2.16.840.1.114274.1818.517450360154050244115447240364893567662,CT,DCM,DICOM,10041569-YIon3HGGUa4N81uJEoWmg/2.16.840.1.114274.1818.49933155566760895761316637615736415914/2.16.840.1.114274.1818.517450360154050244115447240364893567662.zip,19716396,ce11a1bf9cc94b63eb738d04d793fb05,,10041569-YIon3HGGUa4N81uJEoWmg,,STANDARD,,,,False,ORIGINAL_PRIMARY_AXIAL,,GE MEDICAL SYSTEMS,Revolution CT,CT,,dg.MD1R/2ebc1680-8bc7-41b2-bb48-82db8a135d8d,HFS,0.837891,AX_NC_5.0_THICK_AP,2.16.840.1.114274.1818.517450360154050244115447240364893567662,5.0,5.0,4fd56c15-6e2d-4b23-9089-796f313124bb,ACR_20250901,bbc05716-1f38-4863-8361-8b65131c05b4,2.16.840.1.114274.1818.49933155566760895761316637615736415914,10041569-YIon3HGGUa4N81uJEoWmg,10041569-YIon3HGGUa4N81uJEoWmg,Yes,Male,84.0,Black or African American,False,False,1,1,1,1,0,1,1,,,,,0,6
ct_series_file,a9511352-239e-4924-9911-31fc9688bd97,Open-A1,2.16.840.1.114274.1818.496053424827964933911270019079213858238,CT,DCM,DICOM,10041569-PM8BrEOGvEyWPkLhhZ94XQ/2.16.840.1.114274.1818.477948804248284359315753006550599360942/2.16.840.1.114274.1818.496053424827964933911270019079213858238.zip,21015138,d5e4e4a36972d139f64e47d2782b1430,,10041569-PM8BrEOGvEyWPkLhhZ94XQ,,Bf37f_3,XYZ_EC,,,False,ORIGINAL_PRIMARY_AXIAL_CT_SOM5 SPI,,SIEMENS,SOMATOM Definition AS+,CT,,dg.MD1R/485620b7-c3de-43c3-a95e-c5ddb0cf74ab,FFS,0.7265625,ST_AX_CHEST_3.0,2.16.840.1.114274.1818.496053424827964933911270019079213858238,3.0,,4fd56c15-6e2d-4b23-9089-796f313124bb,ACR_20250901,abe96281-73d4-42dd-b520-a1f05b8479dd,2.16.840.1.114274.1818.477948804248284359315753006550599360942,10041569-PM8BrEOGvEyWPkLhhZ94XQ,10041569-PM8BrEOGvEyWPkLhhZ94XQ,Yes,Male,66.0,Black or African American,False,True,1,1,1,0,0,1,1,,,,,0,5
ct_series_file,f8d0f27d-0aa5-402f-a4d7-c7b204296aca,Open-A1,2.16.840.1.114274.1818.47447210887480566658374781630239423386,CT,DCM,DICOM,10041569-NCqDv8OEUyQItLOWlNToA/2.16.840.1.114274.1818.48559003996315489723128184829363217592/2.16.840.1.114274.1818.47447210887480566658374781630239423386.zip,125158850,4c09282ea057c19600fd39cb82df2d40,,10041569-NCqDv8OEUyQItLOWlNToA,,"Br51f_2,Br51f",XYZ_EC,,,False,"DERIVED_PRIMARY_LOCALIZER_CT_SOM5 MPR,DERIVED_PRIMARY_AXIAL_CT_SOM5 MPR",,SIEMENS,SOMATOM Definition Edge,CT,,dg.MD1R/ab52cf4c-fc36-45ea-bddf-e5006151475f,HFS,"0.552734375,0.9765625",Thorax  1.0  MPR  sag,2.16.840.1.114274.1818.47447210887480566658374781630239423386,1.0,,4fd56c15-6e2d-4b23-9089-796f313124bb,ACR_20250901,d823ed0b-1734-4f98-868d-fbf50bb51aba,2.16.840.1.114274.1818.48559003996315489723128184829363217592,10041569-NCqDv8OEUyQItLOWlNToA,10041569-NCqDv8OEUyQItLOWlNToA,Yes,Female,61.0,White,False,True,1,1,0,0,0,1,1,,,,,0,4
ct_series_file,41a1ff9d-f704-4ae5-a85f-1e0a13a0661e,Open-A1,2.16.840.1.114274.1818.523241620182862580815764821763157923721,CT,DCM,DICOM,10041569-PM8BrEOGvEyWPkLhhZ94XQ/2.16.840.1.114274.1818.510562455633232387012176096183678395790/2.16.840.1.114274.1818.523241620182862580815764821763157923721.zip,50535782,4cf868c449d58b98526f2fe6355d8650,,10041569-PM8BrEOGvEyWPkLhhZ94XQ,,"Br38f_3,Br38f",XYZ_EC,,,False,"DERIVED_PRIMARY_LOCALIZER_CT_SOM5 MPR,DERIVED_PRIMARY_AXIAL_CT_SOM5 MPR",,SIEMENS,SOMATOM Definition Flash,CT,,dg.MD1R/c0e03325-803e-41ca-90e1-2237fc2c2488,HFS,"0.98828125,0.59391771019678",ST_SAG_CHEST_2.0,2.16.840.1.114274.1818.523241620182862580815764821763157923721,2.0,,4fd56c15-6e2d-4b23-9089-796f313124bb,ACR_20250901,3963a0af-3746-4c2c-97f8-fed5fd8a08a3,2.16.840.1.114274.1818.510562455633232387012176096183678395790,10041569-PM8BrEOGvEyWPkLhhZ94XQ,10041569-PM8BrEOGvEyWPkLhhZ94XQ,Yes,Male,66.0,Black or African American,False,True,1,1,1,0,0,1,1,,,,,0,5
ct_series_file,4836485a-3180-47b4-9ed5-47f4753a424b,Open-A1,2.16.840.1.114274.1818.488987379642025639614287920457319236541,CT,DCM,DICOM,2.16.840.1.114274.1818.47139983139055301842325310534663283645/2.16.840.1.114274.1818.488987379642025639614287920457319236541.zip,31942472,012a915100dc72849d047f91fb0f8830,,10000364-6303877,OMNIPAQUE,,,,,,,,SIEMENS,SOMATOM Definition AS,CT,130.0,dg.MD1R/2d07e705-f358-422d-a9ba-41aee03b7624,,,Cor,2.16.840.1.114274.1818.488987379642025639614287920457319236541,,,da2db6a3-93f5-4066-90b2-f8dd8afadd2c,ACR_20211115,0f6409e9-ae9a-4476-bf36-62eef7ea5f42,2.16.840.1.114274.1818.47139983139055301842325310534663283645,10000364-6303877,10000364-6303877,Yes,Female,64.0,White,True,False,1,1,1,0,0,0,0,,,,,0,3
ct_series_file,6624d404-d83f-4e19-8dc0-35a430786d4e,Open-A1,2.16.840.1.114274.1818.52320000421933555494003267761673782955,CT,DCM,DICOM,10041569-g7BegS168EGCpgRylILjoA/2.16.840.1.114274.1818.49407950232910888607662077718151322277/2.16.840.1.114274.1818.52320000421933555494003267761673782955.zip,358772,8b105007e796541ce96d4e951cd36a81,,10041569-g7BegS168EGCpgRylILjoA,,Tr20f,NONE,,,False,ORIGINAL_PRIMARY_LOCALIZER_CT_SOM5 TOP,,SIEMENS,SOMATOM Drive,CT,,dg.MD1R/f1a1191e-7299-407c-900b-32ae9a67770d,FFS,1.0,Topogram  1.0  Tr20,2.16.840.1.114274.1818.52320000421933555494003267761673782955,,,4fd56c15-6e2d-4b23-9089-796f313124bb,ACR_20250901,fae66339-daf4-42a8-a92b-1c10997f92dd,2.16.840.1.114274.1818.49407950232910888607662077718151322277,10041569-g7BegS168EGCpgRylILjoA,10041569-g7BegS168EGCpgRylILjoA,Yes,Female,63.0,White,False,True,1,1,1,1,0,1,1,,,,,0,6
ct_series_file,7d179fc7-85ba-4761-9aae-c3f65f1896dd,Open-A1,2.16.840.1.114274.1818.524872903924200577514619346324810644632,CT,DCM,DICOM,2.16.840.1.114274.1818.48223726785512834277411968652554273203/2.16.840.1.114274.1818.524872903924200577514619346324810644632.zip,20484770,78d1d22dc6aad57e40b69e2b0efe8218,,10000364-899490,OMNIPAQUE,,,,,,,,SIEMENS,SOMATOM Definition AS,CT,102.0,dg.MD1R/b1318bcf-a037-4a18-bf85-577e4a55677f,,,A/P W,2.16.840.1.114274.1818.524872903924200577514619346324810644632,,,da2db6a3-93f5-4066-90b2-f8dd8afadd2c,ACR_20211115,271e4b54-7c84-4b4a-b68a-a7753cc7171c,2.16.840.1.114274.1818.48223726785512834277411968652554273203,10000364-899490,10000364-899490,Yes,Female,71.0,White,False,True,1,1,1,0,0,0,1,,,,,0,4
ct_series_file,2132f0f5-b643-4209-96fd-be9d112baa4f,Open-A1,2.16.840.1.114274.1818.538991416612172864915664109805920160941,CT,DCM,DICOM,10041569-kgAvx7uJ10ONCduLyMtlg/2.16.840.1.114274.1818.533772497114101143410579395213842056845/2.16.840.1.114274.1818.538991416612172864915664109805920160941.zip,26003168,f4872df932085fcbbfe22b62913ed286,,10041569-kgAvx7uJ10ONCduLyMtlg,,Bf37f_3,XYZ_EC,,,False,ORIGINAL_PRIMARY_AXIAL_CT_SOM5 SPI,,SIEMENS,SOMATOM Definition AS+,CT,,dg.MD1R/31e3a7b9-444a-4a55-92a0-87438928d1cd,FFS,0.75390625,Thorax  3.0  Bf37  3,2.16.840.1.114274.1818.538991416612172864915664109805920160941,3.0,,4fd56c15-6e2d-4b23-9089-796f313124bb,ACR_20250901,1f8c9d48-1125-414d-bba2-327709a272fc,2.16.840.1.114274.1818.533772497114101143410579395213842056845,10041569-kgAvx7uJ10ONCduLyMtlg,10041569-kgAvx7uJ10ONCduLyMtlg,No,Male,52.0,White,False,True,1,1,0,0,0,1,1,,,,,0,4
ct_series_file,e953eeb3-911d-4bb4-94d0-ca2f1cd9732f,Open-A1,2.16.840.1.114274.1818.52590117404950904326502586334700885664,CT,DCM,DICOM,10041569-YwgotNEPQUS9rTCEmYfvGg/2.16.840.1.114274.1818.55591401017056064792144945380941789359/2.16.840.1.114274.1818.52590117404950904326502586334700885664.zip,31314440,147aff8fcc62e1d447ae8f5d305fbcaf,,10041569-YwgotNEPQUS9rTCEmYfvGg,,"Br51f_2,Br51f",XYZ_EC,,,False,"DERIVED_PRIMARY_LOCALIZER_CT_SOM5 MPR,DERIVED_PRIMARY_AXIAL_CT_SOM5 MPR",,SIEMENS,SOMATOM Definition Edge,CT,,dg.MD1R/457dc63f-dd77-4e14-b126-798eae7d8c9f,HFS,"1.005859375,0.52389705882353",LUNG_SAG_CHEST_+C_3.0,2.16.840.1.114274.1818.52590117404950904326502586334700885664,3.0,,4fd56c15-6e2d-4b23-9089-796f313124bb,ACR_20250901,110aeb76-c68d-44a0-bb04-c58335a44506,2.16.840.1.114274.1818.55591401017056064792144945380941789359,10041569-YwgotNEPQUS9rTCEmYfvGg,10041569-YwgotNEPQUS9rTCEmYfvGg,Yes,Male,43.0,Not Reported,False,True,1,1,1,1,0,1,1,,,,,0,6
ct_series_file,41a709ef-21cf-4bb3-9399-01a4e691c716,Open-A1,2.16.840.1.114274.1818.472670397617393465011234345880340261553,CT,DCM,DICOM,10041569-PM8BrEOGvEyWPkLhhZ94XQ/2.16.840.1.114274.1818.566346791447878366516589046907380085950/2.16.840.1.114274.1818.472670397617393465011234345880340261553.zip,243228,6621db7f197b050b43d1b70785c2fd71,,10041569-PM8BrEOGvEyWPkLhhZ94XQ,,T20s,NONE,,,False,ORIGINAL_PRIMARY_LOCALIZER_CT_SOM5 TOP,,SIEMENS,Sensation 16 with Akron Q tube,CT,,dg.MD1R/c27de14a-3608-47b7-b2f0-5fbfcad9a429,FFS,2.0,Topogram  1.0  T20s,2.16.840.1.114274.1818.472670397617393465011234345880340261553,1.0,,4fd56c15-6e2d-4b23-9089-796f313124bb,ACR_20250901,40246be9-fee5-48b4-8cd1-4f3c9df124cf,2.16.840.1.114274.1818.566346791447878366516589046907380085950,10041569-PM8BrEOGvEyWPkLhhZ94XQ,10041569-PM8BrEOGvEyWPkLhhZ94XQ,Yes,Male,66.0,Black or African American,False,True,1,1,1,0,0,1,1,,,,,0,5
ct_series_file,5119b300-9069-41e4-910e-9e586e4032da,Open-A1,2.16.840.1.114274.1818.563477210145509494511498128983257458082,CT,DCM,DICOM,10041569-4DNktkkdXUGzSU6qGPxFEw/2.16.840.1.114274.1818.47488791763142057896891620159083009439/2.16.840.1.114274.1818.563477210145509494511498128983257458082.zip,70466184,746919e3ac567460d77989d63bd8ae38,,10041569-4DNktkkdXUGzSU6qGPxFEw,APPLIED,Br40d_3,XYZ_EC,,,False,DERIVED_PRIMARY_AXIAL_CT_SOM5 MPR,,SIEMENS,Mirada Registration Server,CT,,dg.MD1R/40d2a235-0319-47be-b67f-31d448a17c76,FFS,0.541052632,SAG_VEN_MPR_2.0,2.16.840.1.114274.1818.563477210145509494511498128983257458082,2.0,,4fd56c15-6e2d-4b23-9089-796f313124bb,ACR_20250901,aba2f55d-228a-440c-b132-04f54f192841,2.16.840.1.114274.1818.47488791763142057896891620159083009439,10041569-4DNktkkdXUGzSU6qGPxFEw,10041569-4DNktkkdXUGzSU6qGPxFEw,Yes,Female,26.0,Black or African American,False,True,1,1,0,0,0,1,1,,,,,0,4
ct_series_file,c233fc43-f742-4cf3-9948-c29191bcdd0f,Open-A1,2.16.840.1.114274.1818.505763205904416117417880353489806231957,CT,DCM,DICOM,10041569-g7BegS168EGCpgRylILjoA/2.16.840.1.114274.1818.49344276643781840915314524543857703063/2.16.840.1.114274.1818.505763205904416117417880353489806231957.zip,78759230,05e62038de79fa76efe843bfd75a103b,,10041569-g7BegS168EGCpgRylILjoA,Isovue 370,Br51f_4,XYZ_EC,,,False,ORIGINAL_PRIMARY_AXIAL_CT_SOM5 SPI,,SIEMENS,SOMATOM Definition Edge,CT,,dg.MD1R/907849cf-9c2c-4c9f-917c-0944aef3988c,FFS,0.69140625,PE  1.0  Br51  4 Axial,2.16.840.1.114274.1818.505763205904416117417880353489806231957,1.0,,4fd56c15-6e2d-4b23-9089-796f313124bb,ACR_20250901,da48c333-6e07-4b86-81e6-28b848762644,2.16.840.1.114274.1818.49344276643781840915314524543857703063,10041569-g7BegS168EGCpgRylILjoA,10041569-g7BegS168EGCpgRylILjoA,Yes,Female,63.0,White,False,True,1,1,1,1,0,1,1,,,,,0,6
ct_series_file,08bf8273-1c32-40c7-94a7-9b3bc4c5049e,Open-A1,2.16.840.1.114274.1818.545758183575655176712145348039300552332,CT,DCM,DICOM,10041569-YIon3HGGUa4N81uJEoWmg/2.16.840.1.114274.1818.54410048836163784816225480419029672380/2.16.840.1.114274.1818.545758183575655176712145348039300552332.zip,59623004,76019526ec699c7ac0657b97bd2050af,,10041569-YIon3HGGUa4N81uJEoWmg,,CHST,,,,False,ORIGINAL_PRIMARY_AXIAL,,GE MEDICAL SYSTEMS,Revolution CT,CT,,dg.MD1R/705d1701-bb19-4960-aca0-e60d33e22627,FFS,0.714844,CHEST INSPIRATION,2.16.840.1.114274.1818.545758183575655176712145348039300552332,1.25,1.25,4fd56c15-6e2d-4b23-9089-796f313124bb,ACR_20250901,314a438c-8e46-45de-8b35-66155ab7e653,2.16.840.1.114274.1818.54410048836163784816225480419029672380,10041569-YIon3HGGUa4N81uJEoWmg,10041569-YIon3HGGUa4N81uJEoWmg,Yes,Male,84.0,Black or African American,False,False,1,1,1,1,0,1,1,,,,,0,6
ct_series_file,5587a83f-5534-4caa-9bae-d19de841afa4,Open-A1,2.16.840.1.114274.1818.524160567425376053618901716323593868,CT,DCM,DICOM,10041569-KTJisivBEW8eG11h3OmCQ/2.16.840.1.114274.1818.548104650470475117512776779426212183442/2.16.840.1.114274.1818.524160567425376053618901716323593868.zip,86053952,750fc40921f2206a1b7c449b3824db37,,10041569-KTJisivBEW8eG11h3OmCQ,,Br49d_2,Z_EC,,,False,ORIGINAL_PRIMARY_AXIAL_CT_SOM5 SPI DUAL_STD_SNRG_DET_AB,,SIEMENS,SOMATOM Force,CT,,dg.MD1R/9deaae99-4369-4a80-bf9a-16994821054e,FFS,0.876953125,Fl_Thorax  1.0  Br49  2,2.16.840.1.114274.1818.524160567425376053618901716323593868,1.0,,4fd56c15-6e2d-4b23-9089-796f313124bb,ACR_20250901,0f09955e-9e3e-4aa9-9c92-5ba1c791fa24,2.16.840.1.114274.1818.548104650470475117512776779426212183442,10041569-KTJisivBEW8eG11h3OmCQ,10041569-KTJisivBEW8eG11h3OmCQ,Yes,Male,36.0,Not Reported,False,True,1,1,1,0,0,1,1,,,,,0,5
ct_series_file,d4503fa1-08b7-426d-9f3d-9153a28d4984,Open-A1,2.16.840.1.114274.1818.537844700592975762815174958850568863927,CT,DCM,DICOM,10041569-g7BegS168EGCpgRylILjoA/2.16.840.1.114274.1818.529233245438746652912141099077703301047/2.16.840.1.114274.1818.537844700592975762815174958850568863927.zip,46766418,a5bc5acce1721d6964dbcf6928d9475a,,10041569-g7BegS168EGCpgRylILjoA,Isovue 370,"Bf37f_4,Bf37f",XYZ_EC,,,False,"DERIVED_PRIMARY_LOCALIZER_CT_SOM5 MPR,DERIVED_PRIMARY_AXIAL_CT_SOM5 MPR",,SIEMENS,SOMATOM Definition Edge,CT,,dg.MD1R/d53aafaf-1280-485c-bb2f-b15374ed4c91,FFS,"0.61328125,0.9765625",PE  1.0  MPR Coronal,2.16.840.1.114274.1818.537844700592975762815174958850568863927,1.0,,4fd56c15-6e2d-4b23-9089-796f313124bb,ACR_20250901,3c7b35af-6fd8-42bd-8253-d96f103ec2b5,2.16.840.1.114274.1818.529233245438746652912141099077703301047,10041569-g7BegS168EGCpgRylILjoA,10041569-g7BegS168EGCpgRylILjoA,Yes,Female,63.0,White,False,True,1,1,1,1,0,1,1,,,,,0,6
ct_series_file,d5d1d41f-28bf-4af2-9ac9-59b9901cf33a,Open-A1,2.16.840.1.114362.1.12359305.25874454649.712433098.150.946,CT,DCM,DICOM,10041569-4DNktkkdXUGzSU6qGPxFEw/2.16.840.1.114274.1818.53605597515997662935812106315047338418/2.16.840.1.114362.1.12359305.25874454649.712433098.150.946.zip,4485148,5cc536c6f693214244ddd2db3cf8bbad,,10041569-4DNktkkdXUGzSU6qGPxFEw,,Hr59h,,Skull-stripping,,True,DERIVED_PRIMARY_AXIAL,,SIEMENS / MIM Software,SOMATOM Force,CT,,dg.MD1R/918440af-8b63-4954-8a86-41c23a9dc447,HFS,0.34395972,BrainSegmentation,2.16.840.1.114362.1.12359305.25874454649.712433098.150.946,3.0,,4fd56c15-6e2d-4b23-9089-796f313124bb,ACR_20250901,d9517199-dcdb-4d67-a629-21fe36fd3ee0,2.16.840.1.114274.1818.53605597515997662935812106315047338418,10041569-4DNktkkdXUGzSU6qGPxFEw,10041569-4DNktkkdXUGzSU6qGPxFEw,Yes,Female,26.0,Black or African American,False,True,1,1,0,0,0,1,1,,,,,0,4
ct_series_file,5fb5666e-4be4-498e-889a-6972d5c19ad2,Open-A1,2.16.840.1.114274.1818.53152739350591383538436571487011767454,CT,DCM,DICOM,10041569-KTJisivBEW8eG11h3OmCQ/2.16.840.1.114274.1818.489729909069159720915226796625714263178/2.16.840.1.114274.1818.53152739350591383538436571487011767454.zip,78881508,60a16ea49a8ab123a065b7b0a4b0fb7f,,10041569-KTJisivBEW8eG11h3OmCQ,,Bl60f_3,ELLIP_ZEC,,,False,ORIGINAL_PRIMARY_AXIAL_VMI_CT_SOM10 DEMEP_ME70KEV_COUNT_CONVCT_MPR,0.0,Siemens Healthineers,NAEOTOM Alpha,CT,,dg.MD1R/6ec45287-d670-456c-92f7-c3636429d2d4,FFS,0.453035135,LUNG Thorax 3.00 Bl60 sag,2.16.840.1.114274.1818.53152739350591383538436571487011767454,3.0,,4fd56c15-6e2d-4b23-9089-796f313124bb,ACR_20250901,61ae4049-b219-4bf2-b87d-956f4c653ba0,2.16.840.1.114274.1818.489729909069159720915226796625714263178,10041569-KTJisivBEW8eG11h3OmCQ,10041569-KTJisivBEW8eG11h3OmCQ,Yes,Male,36.0,Not Reported,False,True,1,1,1,0,0,1,1,,,,,0,5
ct_series_file,16c7e4e8-7fcb-4677-aad5-92e8ee1eb8da,Open-A1,2.16.840.1.114274.1818.55901923274782453709074819365118218131,CT,DCM,DICOM,2.16.840.1.114274.1818.49182320293804197899336241449057882519/2.16.840.1.114274.1818.55901923274782453709074819365118218131.zip,11365766,996feaf25969032e5ebbb4f18720af62,,10000364-1607263,,,,,,,,,GE MEDICAL SYSTEMS,LightSpeed VCT,CT,48.0,dg.MD1R/48fd3df6-29df-4521-9096-e44fc68294fe,,,Lung MIPS,2.16.840.1.114274.1818.55901923274782453709074819365118218131,,,da2db6a3-93f5-4066-90b2-f8dd8afadd2c,ACR_20211115,97c63a23-08c1-4f55-a10d-4b5b8498366e,2.16.840.1.114274.1818.49182320293804197899336241449057882519,10000364-1607263,10000364-1607263,Yes,Female,64.0,Black or African American,True,True,1,1,1,0,0,1,0,,,,,0,4
ct_series_file,df335b81-3b2e-4f69-9994-c24c7afee628,Open-A1,2.16.840.1.114274.1818.52303994280729672428344026715801152671,CT,DCM,DICOM,10041569-KTJisivBEW8eG11h3OmCQ/2.16.840.1.114274.1818.478150811287494210812636428479558167946/2.16.840.1.114274.1818.52303994280729672428344026715801152671.zip,32948968,02f1f5349093acd1818108558873c86d,,10041569-KTJisivBEW8eG11h3OmCQ,,Br49d_2,Z_EC,,,False,DERIVED_PRIMARY_AXIAL_CT_SOM5 MPR_STD_SNRG_DET_AB,,SIEMENS,SOMATOM Force,CT,,dg.MD1R/701c3d94-b1b9-4161-9736-b1c2781335d4,FFS,0.703125,LUNG_COR_CHEST_+C_3.0,2.16.840.1.114274.1818.52303994280729672428344026715801152671,3.0,,4fd56c15-6e2d-4b23-9089-796f313124bb,ACR_20250901,1464bd7f-eb90-4e9c-87a6-ef71e15d880d,2.16.840.1.114274.1818.478150811287494210812636428479558167946,10041569-KTJisivBEW8eG11h3OmCQ,10041569-KTJisivBEW8eG11h3OmCQ,Yes,Male,36.0,Not Reported,False,True,1,1,1,0,0,1,1,,,,,0,5
ct_series_file,612f2991-1edb-4a4f-99f1-c57a539d993c,Open-A1,2.16.840.1.114274.1818.53504978832951348431772869314338122407,CT,DCM,DICOM,10041569-0MlpwvpeqkmKqEG4iMez6g/2.16.840.1.114274.1818.55950391775379010631565920027288662932/2.16.840.1.114274.1818.53504978832951348431772869314338122407.zip,26389622,72f382a844577c1a9e5e1ab254cd9032,,10041569-0MlpwvpeqkmKqEG4iMez6g,,"Br51f_2,Br51f",XYZ_EC,,,False,"DERIVED_PRIMARY_LOCALIZER_CT_SOM5 MPR,DERIVED_PRIMARY_AXIAL_CT_SOM5 MPR",,SIEMENS,SOMATOM Definition Edge,CT,,dg.MD1R/4f4fcf83-c199-407e-9b64-f1332ffc912b,FFS,"0.73046875,1.111328125",LUNG_COR_CHEST_3.0,2.16.840.1.114274.1818.53504978832951348431772869314338122407,3.0,,4fd56c15-6e2d-4b23-9089-796f313124bb,ACR_20250901,0f4266b0-e019-43dc-84d0-86d7e903c221,2.16.840.1.114274.1818.55950391775379010631565920027288662932,10041569-0MlpwvpeqkmKqEG4iMez6g,10041569-0MlpwvpeqkmKqEG4iMez6g,Yes,Male,54.0,White,False,True,1,1,1,0,0,0,1,,,,,0,4
ct_series_file,a1d73e58-16cb-4757-a316-5b9ca551c183,Open-A1,2.16.840.1.114274.1818.503491036537976850115622059879512945555,CT,DCM,DICOM,10041569-c7w6HYO4oU7uSiC4lcZiA/2.16.840.1.114274.1818.50972627898838145808253465038154409149/2.16.840.1.114274.1818.503491036537976850115622059879512945555.zip,88774294,cd5ccb685434f1d33419370bcbdd1f76,,10041569-c7w6HYO4oU7uSiC4lcZiA,,Br51f_2,XYZ_EC,,,False,ORIGINAL_PRIMARY_AXIAL_CT_SOM5 SPI,,SIEMENS,SOMATOM Definition Flash,CT,,dg.MD1R/545aafef-8df9-44bd-ae75-0054b2ee9d6d,FFS,0.77734375,LUNG_AX_CHEST_1.0,2.16.840.1.114274.1818.503491036537976850115622059879512945555,1.0,,4fd56c15-6e2d-4b23-9089-796f313124bb,ACR_20250901,6da94247-ae80-4cf1-9b2f-deacecacbc85,2.16.840.1.114274.1818.50972627898838145808253465038154409149,10041569-c7w6HYO4oU7uSiC4lcZiA,10041569-c7w6HYO4oU7uSiC4lcZiA,Yes,Male,66.0,White,False,True,1,1,1,1,1,1,1,,,,,0,7
ct_series_file,df1c4c3e-8448-46af-afe6-522966a9ec96,Open-A1,2.16.840.1.114274.1818.528470144733052891410050160863409564833,CT,DCM,DICOM,10041569-2WbOmaZUqE23vA7fnyC4w/2.16.840.1.114274.1818.503370060415909351310865772604802330757/2.16.840.1.114274.1818.528470144733052891410050160863409564833.zip,2632948,e4db2f553319ed3a45c4afd71259015e,,10041569-2WbOmaZUqE23vA7fnyC4w,,STANDARD,,,,False,ORIGINAL_PRIMARY_LOCALIZER,,GE MEDICAL SYSTEMS,Revolution HD,CT,,dg.MD1R/6ad25b30-c996-479f-a20d-22df69ddeda2,HFS,0.545455,SCOUT,2.16.840.1.114274.1818.528470144733052891410050160863409564833,950.636353,-10.0,4fd56c15-6e2d-4b23-9089-796f313124bb,ACR_20250901,a7af9668-ef57-48d9-9731-e177791eda81,2.16.840.1.114274.1818.503370060415909351310865772604802330757,10041569-2WbOmaZUqE23vA7fnyC4w,10041569-2WbOmaZUqE23vA7fnyC4w,Yes,Male,48.0,Not Reported,False,True,1,1,1,0,0,1,1,,,,,0,5
ct_series_file,65bf18f7-7e76-40ab-9b9e-1bf2d69d1d8e,Open-A1,2.16.840.1.114274.1818.553497466991355403516531901690745376946,CT,DCM,DICOM,10041569-YIon3HGGUa4N81uJEoWmg/2.16.840.1.114274.1818.51027274488211992514241515792310146994/2.16.840.1.114274.1818.553497466991355403516531901690745376946.zip,54782606,39b751e15c2d3fa3f8af22414123fe5f,,10041569-YIon3HGGUa4N81uJEoWmg,,"Br40f,Br40f_3",XYZ_EC,,,False,"DERIVED_PRIMARY_LOCALIZER_CT_SOM5 MPR,DERIVED_PRIMARY_AXIAL_CT_SOM5 MPR",,SIEMENS,SOMATOM Definition Flash,CT,,dg.MD1R/0bbf5204-f4ae-4dfd-bb5a-245817ab85a7,FFS,"0.69486404833837,1.09765625",ST_SAG_NC_AP_2.0,2.16.840.1.114274.1818.553497466991355403516531901690745376946,2.0,,4fd56c15-6e2d-4b23-9089-796f313124bb,ACR_20250901,514dc775-0dd7-469e-9ccb-ded5004542e7,2.16.840.1.114274.1818.51027274488211992514241515792310146994,10041569-YIon3HGGUa4N81uJEoWmg,10041569-YIon3HGGUa4N81uJEoWmg,Yes,Male,84.0,Black or African American,False,False,1,1,1,1,0,1,1,,,,,0,6
ct_series_file,d2e58bd7-4623-4e2e-bdcb-ea726ec5f914,Open-A1,2.16.840.1.114274.1818.57399114324457071665052371031523029425,CT,DCM,DICOM,10041569-QWycOsJpa0qKXcEGBFKeBg/2.16.840.1.114274.1818.564434641685889871110532072977365019067/2.16.840.1.114274.1818.57399114324457071665052371031523029425.zip,10358550,73e8e5973ae01872df40d996c6306f81,,10041569-QWycOsJpa0qKXcEGBFKeBg,,"B50f,B40f",XYZ_EC,,,False,"DERIVED_PRIMARY_LOCALIZER_CT_SOM5 MIP,DERIVED_PRIMARY_AXIAL_CT_SOM5 MIP",,SIEMENS,Sensation 16 with Akron Q tube,CT,,dg.MD1R/9f502259-ef65-4f62-a621-a12ceb48fb1c,FFS,"0.6875,0.849609375",LUNG_AX_MIP_7.0,2.16.840.1.114274.1818.57399114324457071665052371031523029425,7.0,,4fd56c15-6e2d-4b23-9089-796f313124bb,ACR_20250901,04bc1e42-e145-4151-808d-befa205da188,2.16.840.1.114274.1818.564434641685889871110532072977365019067,10041569-QWycOsJpa0qKXcEGBFKeBg,10041569-QWycOsJpa0qKXcEGBFKeBg,Yes,Female,,White,False,False,1,1,0,0,0,0,1,,,,,0,3
ct_series_file,824411c4-77f1-4e1f-a1b4-3ede0ceba738,Open-A1,2.16.840.1.114362.1.12359305.25874454649.712514333.835.946,CT,DCM,DICOM,10041569-0MlpwvpeqkmKqEG4iMez6g/2.16.840.1.114274.1818.516287239119536037111226113971135270787/2.16.840.1.114362.1.12359305.25874454649.712514333.835.946.zip,3420166,d1b4a1f758cb45318abd6a4553a6fefc,,10041569-0MlpwvpeqkmKqEG4iMez6g,,H32s,,Skull-stripping,,True,DERIVED_PRIMARY_AXIAL,,SIEMENS / MIM Software,SOMATOM Definition AS+,CT,,dg.MD1R/eebc3890-006e-46d4-b2fa-04cbb2ad74ae,HFS,0.34375,BrainSegmentation,2.16.840.1.114362.1.12359305.25874454649.712514333.835.946,3.0,,4fd56c15-6e2d-4b23-9089-796f313124bb,ACR_20250901,f247003e-b590-4d01-ac53-f0d85b7bbcef,2.16.840.1.114274.1818.516287239119536037111226113971135270787,10041569-0MlpwvpeqkmKqEG4iMez6g,10041569-0MlpwvpeqkmKqEG4iMez6g,Yes,Male,54.0,White,False,True,1,1,1,0,0,0,1,,,,,0,4
ct_series_file,41c8d49b-0e60-4bbc-b628-074b92d45baa,Open-A1,2.16.840.1.114274.1818.55974873012196218254314551863335810207,CT,DCM,DICOM,2.16.840.1.114274.1818.570469985948829512511473717990879281323/2.16.840.1.114274.1818.55974873012196218254314551863335810207.zip,1671582,6126c66f15c9738cbd5c5f64f1730609,,10000364-1607263,,,,,,,,,GE MEDICAL SYSTEMS,LightSpeed VCT,CT,2.0,dg.MD1R/858d9761-2e72-459e-a9b9-896c02a2497e,,,SCOUTS,2.16.840.1.114274.1818.55974873012196218254314551863335810207,,,da2db6a3-93f5-4066-90b2-f8dd8afadd2c,ACR_20211115,41fc5080-6487-4ca1-b862-72de236d23ff,2.16.840.1.114274.1818.570469985948829512511473717990879281323,10000364-1607263,10000364-1607263,Yes,Female,64.0,Black or African American,True,True,1,1,1,0,0,1,0,,,,,0,4
ct_series_file,af0b3f5e-d4c5-4444-96e0-e60c265a2364,Open-A1,2.16.840.1.114274.1818.53156622588339504083327344929385865603,CT,DCM,DICOM,10041569-SytwUN6koU6LLR3RcLHkA/2.16.840.1.114274.1818.527732444474649071415108779862636941953/2.16.840.1.114274.1818.53156622588339504083327344929385865603.zip,1715270,c3884e85958850654aed43241aa96711,,10041569-SytwUN6koU6LLR3RcLHkA,,STANDARD,,,,False,ORIGINAL_PRIMARY_LOCALIZER,,GE MEDICAL SYSTEMS,Revolution CT,CT,,dg.MD1R/05974d84-0c43-4a2c-8f62-0720b0f8dabc,HFS,0.636364,Scout,2.16.840.1.114274.1818.53156622588339504083327344929385865603,710.0,10.0,4fd56c15-6e2d-4b23-9089-796f313124bb,ACR_20250901,44933012-7aba-4725-ac49-2b62a25e45c6,2.16.840.1.114274.1818.527732444474649071415108779862636941953,10041569-SytwUN6koU6LLR3RcLHkA,10041569-SytwUN6koU6LLR3RcLHkA,Yes,Female,62.0,Black or African American,False,False,1,1,1,0,0,1,1,,,,,0,5
ct_series_file,9a4db602-1852-4030-86de-2016746b6248,Open-A1,2.16.840.1.114274.1818.479912194731688078716112012310665186720,CT,DCM,DICOM,10041569-KTJisivBEW8eG11h3OmCQ/2.16.840.1.114274.1818.512419069153944780610277813753729629073/2.16.840.1.114274.1818.479912194731688078716112012310665186720.zip,181976,5a97b2d84d90d258bf3f5b9f95b3a069,,10041569-KTJisivBEW8eG11h3OmCQ,,Tr20f,NONE,,,False,ORIGINAL_PRIMARY_LOCALIZER_CT_SOM5 TOP,,SIEMENS,SOMATOM Force,CT,,dg.MD1R/a0012863-055d-4833-9fbc-fd90d6f37300,FFS,1.0,PA TopoThorax  1.0  Tr20,2.16.840.1.114274.1818.479912194731688078716112012310665186720,,,4fd56c15-6e2d-4b23-9089-796f313124bb,ACR_20250901,fc9dfc85-75ec-45e1-97ca-24bbc5a66651,2.16.840.1.114274.1818.512419069153944780610277813753729629073,10041569-KTJisivBEW8eG11h3OmCQ,10041569-KTJisivBEW8eG11h3OmCQ,Yes,Male,36.0,Not Reported,False,True,1,1,1,0,0,1,1,,,,,0,5
ct_series_file,446b8ccf-e2ae-44c1-8a12-3c221769d68d,Open-A1,2.16.840.1.114362.1.12359305.25874454649.713406472.610.962,CT,DCM,DICOM,10041569-SytwUN6koU6LLR3RcLHkA/2.16.840.1.114274.1818.525128756929883806015188388662131002241/2.16.840.1.114362.1.12359305.25874454649.713406472.610.962.zip,1714952,63027f9bde5f1cee14ec59764a26068a,,10041569-SytwUN6koU6LLR3RcLHkA,,STND#,,Skull-stripping,,True,DERIVED_PRIMARY_AXIAL,,GE MEDICAL SYSTEMS / MIM Software,Revolution CT,CT,,dg.MD1R/ece268fa-363e-4dcf-a313-9650a4af207e,HFS,0.488281,BrainSegmentation,2.16.840.1.114362.1.12359305.25874454649.713406472.610.962,5.0,,4fd56c15-6e2d-4b23-9089-796f313124bb,ACR_20250901,25aaa04d-9a65-4097-b30a-10ff8c26dace,2.16.840.1.114274.1818.525128756929883806015188388662131002241,10041569-SytwUN6koU6LLR3RcLHkA,10041569-SytwUN6koU6LLR3RcLHkA,Yes,Female,62.0,Black or African American,False,False,1,1,1,0,0,1,1,,,,,0,5
ct_series_file,02e21aa5-7c81-433f-ac97-240cb31e1495,Open-A1,2.16.840.1.114274.1818.53790288604357994031471009528638911907,CT,DCM,DICOM,10041569-YwgotNEPQUS9rTCEmYfvGg/2.16.840.1.114274.1818.51152122845279465655602857339666777254/2.16.840.1.114274.1818.53790288604357994031471009528638911907.zip,108482,763f08fc69621a20c09f2426d8a40252,,10041569-YwgotNEPQUS9rTCEmYfvGg,,T20f,NONE,,,False,ORIGINAL_PRIMARY_LOCALIZER_CT_SOM5 TOP,,SIEMENS,SOMATOM Definition AS+,CT,,dg.MD1R/09fb428e-8ab0-439d-8a1e-d9c2f8b79812,HFS,2.0,Topogram  0.6  T20f,2.16.840.1.114274.1818.53790288604357994031471009528638911907,,,4fd56c15-6e2d-4b23-9089-796f313124bb,ACR_20250901,0e9e7880-567d-4f05-b1d9-32c5958cd01b,2.16.840.1.114274.1818.51152122845279465655602857339666777254,10041569-YwgotNEPQUS9rTCEmYfvGg,10041569-YwgotNEPQUS9rTCEmYfvGg,Yes,Male,43.0,Not Reported,False,True,1,1,1,1,0,1,1,,,,,0,6
ct_series_file,9392c026-3ef6-4969-bd6e-532cd4074016,Open-A1,2.16.840.1.114274.1818.510989984003182362117630476761526761914,CT,DCM,DICOM,10041569-rdL12m75aU6AT4OZNtG2Aw/2.16.840.1.114274.1818.476539715330176438318007170366096353152/2.16.840.1.114274.1818.510989984003182362117630476761526761914.zip,158610,885b6f762190dc015f9d7223c8e1ad40,,10041569-rdL12m75aU6AT4OZNtG2Aw,,Tx60f,NONE,,,False,ORIGINAL_PRIMARY_LOCALIZER_CT_SOM5 TOP,,SIEMENS,SOMATOM Force,CT,,dg.MD1R/d8752829-fcfc-40bf-b1cf-f2a2a426e23a,FFS,1.0,Topogram  1.0  Tx60,2.16.840.1.114274.1818.510989984003182362117630476761526761914,,,4fd56c15-6e2d-4b23-9089-796f313124bb,ACR_20250901,9914657e-8d97-487d-abbc-5e4453fadef5,2.16.840.1.114274.1818.476539715330176438318007170366096353152,10041569-rdL12m75aU6AT4OZNtG2Aw,10041569-rdL12m75aU6AT4OZNtG2Aw,Yes,Male,51.0,Black or African American,False,True,1,1,1,0,0,1,1,,,,,0,5
ct_series_file,1cfef203-c5be-4f1d-ab08-b2e87d70a40c,Open-A1,2.16.840.1.114274.1818.49352423377620425061318254460769618589,CT,DCM,DICOM,10041569-rdL12m75aU6AT4OZNtG2Aw/2.16.840.1.114274.1818.476539715330176438318007170366096353152/2.16.840.1.114274.1818.49352423377620425061318254460769618589.zip,79263262,eac0a6e25c29384ad2cbf3813a2f8423,,10041569-rdL12m75aU6AT4OZNtG2Aw,APPLIED,Br49d_4,XYZ_EC,,,False,ORIGINAL_PRIMARY_AXIAL_CT_SOM5 SPI,,SIEMENS,SOMATOM Force,CT,,dg.MD1R/fc0680b6-cad3-4c20-b586-4b1b1df54294,FFS,0.8046875,LUNG_AX_PE_1.0,2.16.840.1.114274.1818.49352423377620425061318254460769618589,1.0,,4fd56c15-6e2d-4b23-9089-796f313124bb,ACR_20250901,9914657e-8d97-487d-abbc-5e4453fadef5,2.16.840.1.114274.1818.476539715330176438318007170366096353152,10041569-rdL12m75aU6AT4OZNtG2Aw,10041569-rdL12m75aU6AT4OZNtG2Aw,Yes,Male,51.0,Black or African American,False,True,1,1,1,0,0,1,1,,,,,0,5
ct_series_file,694969fb-70aa-41f5-b510-4283f10de5b3,Open-A1,2.16.840.1.114362.1.12359305.25874454649.713468549.870.946,CT,DCM,DICOM,10041569-0MlpwvpeqkmKqEG4iMez6g/2.16.840.1.114274.1818.516287239119536037111226113971135270787/2.16.840.1.114362.1.12359305.25874454649.713468549.870.946.zip,4172658,00479f0214967a495c6d2aecf3d43aff,,10041569-0MlpwvpeqkmKqEG4iMez6g,,H60s,,Skull-stripping,,True,DERIVED_PRIMARY_AXIAL,,SIEMENS / MIM Software,SOMATOM Definition AS+,CT,,dg.MD1R/a446c442-aca0-4f32-a31c-0119ecbdb304,HFS,0.34375,BrainSegmentation,2.16.840.1.114362.1.12359305.25874454649.713468549.870.946,3.0,,4fd56c15-6e2d-4b23-9089-796f313124bb,ACR_20250901,f247003e-b590-4d01-ac53-f0d85b7bbcef,2.16.840.1.114274.1818.516287239119536037111226113971135270787,10041569-0MlpwvpeqkmKqEG4iMez6g,10041569-0MlpwvpeqkmKqEG4iMez6g,Yes,Male,54.0,White,False,True,1,1,1,0,0,0,1,,,,,0,4
ct_series_file,d440eafb-5595-443e-90ba-b4ce11f763d1,Open-A1,2.16.840.1.114274.1818.478701134489990891990940121250285728,CT,DCM,DICOM,10041569-PM8BrEOGvEyWPkLhhZ94XQ/2.16.840.1.114274.1818.510562455633232387012176096183678395790/2.16.840.1.114274.1818.478701134489990891990940121250285728.zip,12504356,b220953a5c584e5ec7908098493ff697,,10041569-PM8BrEOGvEyWPkLhhZ94XQ,,"Br51f_3,Br51f",XYZ_EC,,,False,"DERIVED_PRIMARY_LOCALIZER_CT_SOM5 MIP,DERIVED_PRIMARY_AXIAL_CT_SOM5 MIP",,SIEMENS,SOMATOM Definition Flash,CT,,dg.MD1R/f7ae8160-8629-446a-b30b-f6bc5e6f3e36,HFS,"0.59375,1.015625",LUNG_AX_MIP_7.0,2.16.840.1.114274.1818.478701134489990891990940121250285728,7.0,,4fd56c15-6e2d-4b23-9089-796f313124bb,ACR_20250901,3963a0af-3746-4c2c-97f8-fed5fd8a08a3,2.16.840.1.114274.1818.510562455633232387012176096183678395790,10041569-PM8BrEOGvEyWPkLhhZ94XQ,10041569-PM8BrEOGvEyWPkLhhZ94XQ,Yes,Male,66.0,Black or African American,False,True,1,1,1,0,0,1,1,,,,,0,5
ct_series_file,afca8654-57c3-4c55-91d6-22c4e74ff29e,Open-A1,2.16.840.1.114274.1818.505405495535831276213834982161494937021,CT,DCM,DICOM,10041569-SytwUN6koU6LLR3RcLHkA/2.16.840.1.114274.1818.506723302842102447210804068840395496847/2.16.840.1.114274.1818.505405495535831276213834982161494937021.zip,421666,80dd54d48b5f2300d65399d6abae4a64,,10041569-SytwUN6koU6LLR3RcLHkA,,FL03,,,,False,ORIGINAL_PRIMARY_LOCALIZER,,TOSHIBA,Aquilion,CT,,dg.MD1R/4972f6dd-950d-4f02-b26e-566caf32d79b,FFS,1.0,,2.16.840.1.114274.1818.505405495535831276213834982161494937021,2.0,,4fd56c15-6e2d-4b23-9089-796f313124bb,ACR_20250901,779e6e01-dc74-4b23-a98e-d4487100e76d,2.16.840.1.114274.1818.506723302842102447210804068840395496847,10041569-SytwUN6koU6LLR3RcLHkA,10041569-SytwUN6koU6LLR3RcLHkA,Yes,Female,62.0,Black or African American,False,False,1,1,1,0,0,1,1,,,,,0,5
ct_series_file,55e929d3-aa39-4952-a6bc-21ba9aa94386,Open-A1,2.16.840.1.114274.1818.533054189668258256813853581697460939198,CT,DCM,DICOM,10041569-iCsmIr47DkuXT12Pp2bI6Q/2.16.840.1.114274.1818.574245354417226275512534705855400264879/2.16.840.1.114274.1818.533054189668258256813853581697460939198.zip,23953932,b10f80b0191aee5218fdc1e26285c7a6,,10041569-iCsmIr47DkuXT12Pp2bI6Q,,Bf37f_3,XYZ_EC,,,False,ORIGINAL_PRIMARY_AXIAL_CT_SOM5 SPI,,SIEMENS,SOMATOM Definition AS+,CT,,dg.MD1R/803ca270-6fab-4e93-807f-ba4b785d8b94,FFS,0.91015625,ST_AX_PE_3.0,2.16.840.1.114274.1818.533054189668258256813853581697460939198,3.0,,4fd56c15-6e2d-4b23-9089-796f313124bb,ACR_20250901,b1977811-4b69-46f6-858e-54a4488d4d4e,2.16.840.1.114274.1818.574245354417226275512534705855400264879,10041569-iCsmIr47DkuXT12Pp2bI6Q,10041569-iCsmIr47DkuXT12Pp2bI6Q,Yes,Female,42.0,White,False,False,0,1,0,0,0,0,0,,,,,0,1
ct_series_file,805123d6-2699-4f9d-9077-314c993b5b1a,Open-A1,2.16.840.1.114274.1818.519483175627874880115646695634289266337,CT,DCM,DICOM,10000364-1757248/2.16.840.1.114274.1818.56338834584286533749227771120549030284/2.16.840.1.114274.1818.519483175627874880115646695634289266337.zip,45569788,c5b1a1f153b84f7fdbf47aa6701c63da,,10000364-1757248,,Br40f_3,XYZ_EC,,,False,ORIGINAL_PRIMARY_AXIAL_CT_SOM5 SPI,,SIEMENS,SOMATOM Drive,CT,,dg.MD1R/d0a226e1-fdbc-4116-b78a-d3b5866c46d2,FFS,0.8203125,CAP W  3.0  Br40  3,2.16.840.1.114274.1818.519483175627874880115646695634289266337,3.0,,f704bef2-2e0f-450c-bbd0-8beaf82f4757,ACR_20241215,b2f6aee4-657b-4e70-b8ae-a96ea15559d4,2.16.840.1.114274.1818.56338834584286533749227771120549030284,10000364-1757248,10000364-1757248,Yes,Female,43.0,Not Reported,True,True,0,1,0,0,0,0,0,,,,,0,1
ct_series_file,f4551be1-852b-4abe-8aca-147c0195bcf0,Open-A1,2.16.840.1.114274.1818.54123448137665580375992061124729492636,CT,DCM,DICOM,10022779-N5tDk3pU0KrSTv95rGVJw/2.16.840.1.114274.1818.50800440752228472926166321141075281083/2.16.840.1.114274.1818.54123448137665580375992061124729492636.zip,29615958,7290f7d0a641dff0a517aabd620a0be7,,10022779-N5tDk3pU0KrSTv95rGVJw,Iohexol (Omnipaque 350),B,3D MODULATION,,,,"ORIGINAL,PRIMARY,AXIAL",,Philips,iCT 256,CT,135.0,dg.MD1R/0bd2e367-4096-4abf-8e1c-96893d6ba915,FFS,"0.771484375,0.771484375","SOFT TISSUE, iDose (3)",2.16.840.1.114274.1818.54123448137665580375992061124729492636,2.5,2.5,27d81499-fc2f-4677-8d4b-fae20e054946,ACR_20220715,c6bc4c8d-110f-4256-a75a-79c9b897afd6,2.16.840.1.114274.1818.50800440752228472926166321141075281083,10022779-N5tDk3pU0KrSTv95rGVJw,10022779-N5tDk3pU0KrSTv95rGVJw,Yes,Male,66.0,Black or African American,,,0,1,0,0,0,0,0,,,,,0,1
ct_series_file,73af473a-840f-4e1a-834d-8137d72dd782,Open-A1,2.16.840.1.114274.1818.55451426834353764907685619758567319460,CT,DCM,DICOM,10000364-2421812/2.16.840.1.114274.1818.47334593852469739773539852993863041449/2.16.840.1.114274.1818.55451426834353764907685619758567319460.zip,35863732,3caea1191b4cd0f8c8740e077a7569c9,,10000364-2421812,OMNIPAQUE 350,,,,,,,,GE MEDICAL SYSTEMS,LightSpeed VCT,CT,196.0,dg.MD1R/5e57bb90-13ec-4423-9757-b2fc175d67dd,,,chest sag,2.16.840.1.114274.1818.55451426834353764907685619758567319460,,,9de1d49d-ad56-44b3-be2e-a2795ce41ff3,ACR_20210915,38685352-ff92-4270-a67a-9e3ec4797f00,2.16.840.1.114274.1818.47334593852469739773539852993863041449,10000364-2421812,10000364-2421812,Yes,Female,71.0,White,,,0,1,0,0,0,0,0,,,,,0,1
ct_series_file,7655a543-c408-4105-aa4a-6f2caec2e1e2,Open-A1,2.16.840.1.114362.1.12046989.25857177543.634306984.608.950,CT,DCM,DICOM,10000364-1318352/2.16.840.1.114274.1818.561140928736357780614293398191060456881/2.16.840.1.114362.1.12046989.25857177543.634306984.608.950.zip,10326402,d253467f7d63843efff91c77486115e8,,10000364-1318352,,Hr40s,,Skull-stripping,2.0,True,DERIVED_PRIMARY_AXIAL,,SIEMENS / MIM Software,SOMATOM Drive,CT,179.0,dg.MD1R/f0ee3597-fb47-456e-84a3-bd27b8a3656d,HFS,0.412109375,BrainSegmentation,2.16.840.1.114362.1.12046989.25857177543.634306984.608.950,0.999073029,,f3a84a57-f61e-4953-af27-23f850bc857a,ACR_20230415,d70fe3c9-c48e-4fd0-8263-d612c7449d68,2.16.840.1.114274.1818.561140928736357780614293398191060456881,10000364-1318352,10000364-1318352,Yes,Male,54.0,Black or African American,False,False,0,1,0,0,0,0,0,,,,,0,1
ct_series_file,8e1e19df-f30d-4204-922c-812b624495cb,Open-A1,2.16.840.1.114274.1818.522134854147524349011098273433674948235,CT,DCM,DICOM,10003752-M6rCSZ1BPE69B3n6JBCuGg/2.16.840.1.114274.1818.55147874093510601764345003503160806817/2.16.840.1.114274.1818.522134854147524349011098273433674948235.zip,40085142,b659dd646e89231c08e9d48630a2b072,,10003752-M6rCSZ1BPE69B3n6JBCuGg,Iodine,,,,,,,,Philips,iCT 256,CT,183.0,dg.MD1R/d3d45b9d-2936-4967-9d29-7475b2d68385,,,"AXL i1, iDose (1)",2.16.840.1.114274.1818.522134854147524349011098273433674948235,,,06406925-1d98-4e8f-a0ce-c52b678bcb2a,ACR_20220107,0b4984dd-f919-4cc6-a8db-95bbe2d1211b,2.16.840.1.114274.1818.55147874093510601764345003503160806817,10003752-M6rCSZ1BPE69B3n6JBCuGg,10003752-M6rCSZ1BPE69B3n6JBCuGg,Yes,Male,11.0,Black or African American,,,0,1,0,0,0,0,0,,,,,0,1
ct_series_file,f5172cee-4c22-436b-9cac-b055ed200f07,Open-A1,2.16.840.1.114274.1818.49178579209747534767358721893437169084,CT,DCM,DICOM,2.16.840.1.114274.1818.55225096053501517231067144244232708013/2.16.840.1.114274.1818.49178579209747534767358721893437169084.zip,1435006,18dd2862bc5a3d36ca6519591402d3d9,,10000364-861160,,,,,,,,,GE MEDICAL SYSTEMS,Discovery CT750 HD,CT,2.0,dg.MD1R/e73d32df-081c-4f56-9d01-116bd721177f,,,SCOUT,2.16.840.1.114274.1818.49178579209747534767358721893437169084,,,da2db6a3-93f5-4066-90b2-f8dd8afadd2c,ACR_20211115,ff45b144-a73b-456f-a55c-72ccbdd499a5,2.16.840.1.114274.1818.55225096053501517231067144244232708013,10000364-861160,10000364-861160,Yes,Female,,White,,,0,1,0,0,0,0,0,,,,,0,1
ct_series_file,5b7514c0-49bf-4763-8163-4eb5087d5c85,Open-A1,2.16.840.1.114274.1818.498760329708945414514469836041264059278,CT,DCM,DICOM,2.16.840.1.114274.1818.510434013478211439011547011232183473837/2.16.840.1.114274.1818.498760329708945414514469836041264059278.zip,19249456,38a8543c3730a8bba6bf0c5566f9dd30,,10003752-DOfi7nhGSUiRzjfKvrlwpg,,,,,,,,,Philips,Brilliance 64,CT,89.0,dg.MD1R/38027ade-c610-4fa9-862e-2a990414a09c,,,AXL  iDose (2),2.16.840.1.114274.1818.498760329708945414514469836041264059278,,,da2db6a3-93f5-4066-90b2-f8dd8afadd2c,ACR_20211115,a8c4ae07-07c9-4596-a12e-4403962dd8ba,2.16.840.1.114274.1818.510434013478211439011547011232183473837,10003752-DOfi7nhGSUiRzjfKvrlwpg,10003752-DOfi7nhGSUiRzjfKvrlwpg,Yes,Female,75.0,Black or African American,,,0,1,0,0,0,0,0,,,,,0,1
ct_series_file,c0d0d691-c12a-4fba-b94c-c89f59f35114,Open-A1,2.16.840.1.114274.1818.49465814473313511226696855070301365891,CT,DCM,DICOM,10000364-1519497/CT_2.16.840.1.114274.1818.557095586249481805817073734364763852430/2.16.840.1.114274.1818.49465814473313511226696855070301365891.zip,1138872,927f1fad07126e60cbcd78785b5cc33c,,10000364-1519497,APPLIED,,,,,,,,SIEMENS,SOMATOM Definition Flash,CT,5.0,dg.MD1R/ef91320a-8cde-4c1c-970f-77212d21980e,,,Monitoring  10.0  Br38,2.16.840.1.114274.1818.49465814473313511226696855070301365891,,,23e8c279-92d2-47da-99de-97dedc454bb4,ACR_20211020,f00148d0-f8fb-41d8-b788-88ae5a28c991,2.16.840.1.114274.1818.557095586249481805817073734364763852430,10000364-1519497,10000364-1519497,Yes,Male,74.0,Black or African American,,,0,1,0,0,0,0,0,,,,,0,1
ct_series_file,77728141-5a70-4e16-b337-4f3a2986ff20,Open-A1,2.16.840.1.114274.1818.56091817724462044651111340153654221749,CT,DCM,DICOM,2.16.840.1.114274.1818.48024718571538344855984169891858686381/2.16.840.1.114274.1818.56091817724462044651111340153654221749.zip,183152,819a7eb01d59fd9002e4757bc6461ba8,,10000364-1166858,,,,,,,,,SIEMENS,SOMATOM Definition AS,CT,1.0,dg.MD1R/0ddc4cf1-bc34-4480-a880-0dd4c8e53acc,,,Topogram  0.6  T20f,2.16.840.1.114274.1818.56091817724462044651111340153654221749,,,da2db6a3-93f5-4066-90b2-f8dd8afadd2c,ACR_20211115,365e89a7-90c8-4684-8ce8-9718f91948fc,2.16.840.1.114274.1818.48024718571538344855984169891858686381,10000364-1166858,10000364-1166858,Yes,Female,64.0,White,True,True,0,1,0,0,0,0,0,,,,,0,1
ct_series_file,05decdc0-831c-441e-bfa5-5e7c203ada8b,Open-A1,2.16.840.1.114274.1818.499826590517044415114543214821317587646,CT,DCM,DICOM,10000364-1714558/2.16.840.1.114274.1818.50641126730567390441797954470282272185/2.16.840.1.114274.1818.499826590517044415114543214821317587646.zip,1364948,760aea3000289c3d0e82e0dda622b2c5,,10000364-1714558,,STANDARD,,,,False,ORIGINAL_PRIMARY_LOCALIZER,,GE MEDICAL SYSTEMS,Revolution CT,CT,,dg.MD1R/e3f56d12-107f-4357-b1d2-8906159b8904,FFS,0.636364,Scout,2.16.840.1.114274.1818.499826590517044415114543214821317587646,750.0,10.0,f704bef2-2e0f-450c-bbd0-8beaf82f4757,ACR_20241215,0d7de345-b70c-4b07-a663-afd684cba859,2.16.840.1.114274.1818.50641126730567390441797954470282272185,10000364-1714558,10000364-1714558,Yes,Female,50.0,White,False,False,0,1,0,0,0,0,0,,,,,0,1
ct_series_file,a124a8a7-e9e3-431d-9019-a52538f02c31,Open-A1,2.16.840.1.114274.1818.503812967506160746216861946236303112638,CT,DCM,DICOM,10000364-1312167/2.16.840.1.114274.1818.50357666063163683162514334591726407050/2.16.840.1.114274.1818.503812967506160746216861946236303112638.zip,57345684,bfba02aa8b22d3f321046857e80b9519,,10000364-1312167,Omnipaque,Bf37f,XYZ_EC,,,False,DERIVED_PRIMARY_AXIAL_CT_SOM5 MPR,,SIEMENS,SOMATOM Definition AS+,CT,,dg.MD1R/20e5613e-9418-46de-959e-beb5b78e0ff5,FFS,0.5859375,Coronal 1.5  MPR,2.16.840.1.114274.1818.503812967506160746216861946236303112638,1.5,,f704bef2-2e0f-450c-bbd0-8beaf82f4757,ACR_20241215,1d41d27d-9a74-472a-9db9-a5edd8e3ac61,2.16.840.1.114274.1818.50357666063163683162514334591726407050,10000364-1312167,10000364-1312167,Yes,Male,67.0,White,False,False,0,1,0,0,0,0,0,,,,,0,1
ct_series_file,db8f6a64-7878-4ca2-acd6-f8951c31a5c4,Open-A1,2.16.840.1.114362.1.12359305.25874454649.712738118.906.910,CT,DCM,DICOM,10041569-5Fv9UwnuUiNYZzMtPzPQ/2.16.840.1.114274.1818.48377019796869208855036794937318547873/2.16.840.1.114362.1.12359305.25874454649.712738118.906.910.zip,4482248,0a21780c2c34cbc398c6ce5a4ab8a163,,10041569-5Fv9UwnuUiNYZzMtPzPQ,omnipaque 350,Bf37f,,Skull-stripping,,True,DERIVED_PRIMARY_AXIAL,0.0,SIEMENS / MIM Software,SOMATOM Definition Edge,CT,,dg.MD1R/8b2bf58f-90f3-449b-ae0d-9bf083fcbc18,HFS,0.4765625,BrainSegmentation,2.16.840.1.114362.1.12359305.25874454649.712738118.906.910,3.0,,4fd56c15-6e2d-4b23-9089-796f313124bb,ACR_20250901,445216c6-98de-4962-9ab7-8841dec29a28,2.16.840.1.114274.1818.48377019796869208855036794937318547873,10041569-5Fv9UwnuUiNYZzMtPzPQ,10041569-5Fv9UwnuUiNYZzMtPzPQ,Yes,Female,73.0,White,False,True,0,1,0,0,0,0,0,,,,,0,1
ct_series_file,5787528c-e9b2-47f0-b34c-591c08d94a62,Open-A1,2.16.840.1.114362.1.12046989.25386908036.615481854.556.942,CT,DCM,DICOM,10000364-1394499/2.16.840.1.114274.1818.57257367604611773415548074792598950840/2.16.840.1.114362.1.12046989.25386908036.615481854.556.942.zip,1718188,1de85c3b06c3bb7e22c42fdc7296e554,,10000364-1394499,,STANDARD,,Skull-stripping,2.0,True,DERIVED_PRIMARY_AXIAL,,GE MEDICAL SYSTEMS / MIM Software,LightSpeed VCT,CT,33.0,dg.MD1R/d8c36d13-eabc-46b2-af40-34178f6c371c,HFS,0.488281012,BrainSegmentation,2.16.840.1.114362.1.12046989.25386908036.615481854.556.942,5.0,,f3a84a57-f61e-4953-af27-23f850bc857a,ACR_20230415,01e83f8c-8b55-4b4c-9f3a-60fc73da70c0,2.16.840.1.114274.1818.57257367604611773415548074792598950840,10000364-1394499,10000364-1394499,Yes,Male,79.0,Black or African American,True,True,0,1,0,0,0,0,0,,,,,0,1
ct_series_file,55388f85-28ee-4e6f-b8de-007f82c2ed39,Open-A1,2.16.840.1.114362.1.12177026.25874454649.637963496.126.954,CT,DCM,DICOM,10000364-2372732/2.16.840.1.114274.1818.566635125660995577916678956888379602851/2.16.840.1.114362.1.12177026.25874454649.637963496.126.954.zip,1848234,ff1488e9605fe734a58d4d111debc142,,10000364-2372732,,Hc40s,,Skull-stripping,2.0,True,DERIVED_PRIMARY_AXIAL,,SIEMENS / MIM Software,SOMATOM Definition AS,CT,37.0,dg.MD1R/9173843c-ab03-4af6-9016-4cf9034269e9,HFS,0.486328125,BrainSegmentation,2.16.840.1.114362.1.12177026.25874454649.637963496.126.954,5.0,,f3a84a57-f61e-4953-af27-23f850bc857a,ACR_20230415,fd570187-447e-44db-b049-5b5ac6d5514b,2.16.840.1.114274.1818.566635125660995577916678956888379602851,10000364-2372732,10000364-2372732,Yes,Female,25.0,White,True,False,0,1,0,0,0,0,0,,,,,0,1
ct_series_file,791b6b6f-4c66-4e02-8e3c-d8d508110600,Open-A1,2.16.840.1.114274.1818.53843278589410812331208149044653303454,CT,DCM,DICOM,10000364-479823/CT_2.16.840.1.114274.1818.573632878290301600015802576553325178522/2.16.840.1.114274.1818.53843278589410812331208149044653303454.zip,44323534,004984f9db7f0cf81f201f7ae35f57ce,,10000364-479823,Omnipaque,,,,,,,,SIEMENS,SOMATOM Definition AS+,CT,202.0,dg.MD1R/3c28372a-f650-4577-b2d7-9325cc78e496,,,PE Axials  1.5 MM,2.16.840.1.114274.1818.53843278589410812331208149044653303454,,,23e8c279-92d2-47da-99de-97dedc454bb4,ACR_20211020,0ab8fa2c-7dad-4a63-8d68-e4e3ebd56164,2.16.840.1.114274.1818.573632878290301600015802576553325178522,10000364-479823,10000364-479823,Yes,Male,46.0,White,True,False,0,1,0,0,0,0,0,,,,,0,1
ct_series_file,0f6e9e4e-fcef-4311-95e6-10d23df93226,Open-A1,2.16.840.1.114274.1818.56880268631640097301658931319577638834,CT,DCM,DICOM,2.16.840.1.114274.1818.50773465037652953813569819846722798470/2.16.840.1.114274.1818.56880268631640097301658931319577638834.zip,167036,9573063556fc56669c4aff6d17436e76,,10000364-1519515,,,,,,,,,SIEMENS,SOMATOM Definition Flash,CT,1.0,dg.MD1R/67a87537-3be9-4c26-814e-390ecbf8c917,,,Topogram LAT  0.6  T20f,2.16.840.1.114274.1818.56880268631640097301658931319577638834,,,da2db6a3-93f5-4066-90b2-f8dd8afadd2c,ACR_20211115,b173291b-b469-44b2-b828-22e8ff03883d,2.16.840.1.114274.1818.50773465037652953813569819846722798470,10000364-1519515,10000364-1519515,Yes,Male,62.0,Black or African American,True,True,0,1,0,0,0,0,0,,,,,0,1
ct_series_file,de1d50f6-7701-4865-9437-171855b1deac,Open-A1,2.16.840.1.114274.1818.49873165440059145014810713374663367317,CT,DCM,DICOM,10041569-sIJTlQNqE6FdcDvltzYeQ/2.16.840.1.114274.1818.47554189291656157394788353162200936066/2.16.840.1.114274.1818.49873165440059145014810713374663367317.zip,71717812,99a4a2e66e3b5eac88a1ef4ea2ab7aef,,10041569-sIJTlQNqE6FdcDvltzYeQ,,Br40d_3,Z_EC,,,,ORIGINAL_PRIMARY_AXIAL_CT_SOM5 SPI DUAL_STD_SNRG_DET_AB,,SIEMENS,SOMATOM Force,CT,328.0,dg.MD1R/57c9fcce-2445-4a11-9c56-6d20bd9f976c,FFS,0.7109375,Fl_Thorax  1.0  Br40  3,2.16.840.1.114274.1818.49873165440059145014810713374663367317,1.0,,f3a84a57-f61e-4953-af27-23f850bc857a,ACR_20230415,46ec8a2a-860c-448e-b480-920414b3626b,2.16.840.1.114274.1818.47554189291656157394788353162200936066,10041569-sIJTlQNqE6FdcDvltzYeQ,10041569-sIJTlQNqE6FdcDvltzYeQ,Yes,Female,70.0,White,False,False,0,1,0,0,0,0,0,,,,,0,1
ct_series_file,dd3a1cbb-62f4-4755-885b-38117f783a19,Open-A1,2.16.840.1.114274.1818.531444637608043062516865188753503262642,CT,DCM,DICOM,2.16.840.1.114274.1818.5713288735246327813694636091140600716/2.16.840.1.114274.1818.531444637608043062516865188753503262642.zip,26587510,b74fa006f33bdf2eac4c5f4ce0054595,,10000364-1247731,OMNIPAQUE 350,,,,,,,,GE MEDICAL SYSTEMS,LightSpeed VCT,CT,134.0,dg.MD1R/4b42aad2-8721-4b84-b2f1-2fb565a599fd,,,SAG CHEST 3MM,2.16.840.1.114274.1818.531444637608043062516865188753503262642,,,da2db6a3-93f5-4066-90b2-f8dd8afadd2c,ACR_20211115,708ed711-fe24-404e-b640-2d3d9d3ff13b,2.16.840.1.114274.1818.5713288735246327813694636091140600716,10000364-1247731,10000364-1247731,Yes,Female,57.0,White,False,False,0,1,0,0,0,0,0,,,,,0,1
ct_series_file,74b69a05-cd73-4e5d-9b23-92351bfd989d,Open-A1,2.16.840.1.114274.1818.46294207451659707943020240000683582371,CT,DCM,DICOM,10003752-HFtqtoJMskOSUp8rz1sbBw/2.16.840.1.114274.1818.4814949570470909113412660905374614455/2.16.840.1.114274.1818.46294207451659707943020240000683582371.zip,26849552,14ae8d2a73c0da6ddaa01cae08c7ce9d,,10003752-HFtqtoJMskOSUp8rz1sbBw,,,,,,,,,GE MEDICAL SYSTEMS,Revolution CT,CT,134.0,dg.MD1R/1154074a-cc39-47d9-981f-a9d635cb0b86,,,CHEST AXL RECON WO DLIR MED,2.16.840.1.114274.1818.46294207451659707943020240000683582371,,,06406925-1d98-4e8f-a0ce-c52b678bcb2a,ACR_20220107,dcd5aca3-f513-4074-af1d-3a045e6b8090,2.16.840.1.114274.1818.4814949570470909113412660905374614455,10003752-HFtqtoJMskOSUp8rz1sbBw,10003752-HFtqtoJMskOSUp8rz1sbBw,Yes,Male,73.0,Black or African American,,,0,1,0,0,0,0,0,,,,,0,1
ct_series_file,37152c96-a7ea-43b2-9696-a57deebddae0,Open-A1,2.16.840.1.114274.1818.50541971749172157415947414037541692824,CT,DCM,DICOM,10000364-2373459/CT_2.16.840.1.114274.1818.56364309403093779062844472729848510378/2.16.840.1.114274.1818.50541971749172157415947414037541692824.zip,26557016,3b28d50101fc5bca128b70a89836bfa7,,10000364-2373459,UNDEFINED,,,,,,,,Siemens Healthineers,SOMATOM go.Top,CT,102.0,dg.MD1R/207c7ae7-4ab8-4f12-aeb2-822e0dcc7055,,,CHEST PE 10.00 Bl56 S3,2.16.840.1.114274.1818.50541971749172157415947414037541692824,,,23e8c279-92d2-47da-99de-97dedc454bb4,ACR_20211020,f5125179-c961-4953-8bef-b37f5e226db7,2.16.840.1.114274.1818.56364309403093779062844472729848510378,10000364-2373459,10000364-2373459,Yes,Male,52.0,White,,,0,1,0,0,0,0,0,,,,,0,1
ct_series_file,ed30fdff-aac2-4c89-a338-a21175d2dda5,Open-A1,2.16.840.1.114274.1818.49209881292643250201702689039600938930,CT,DCM,DICOM,10041569-iCsmIr47DkuXT12Pp2bI6Q/2.16.840.1.114274.1818.46919113797255082141987952913398679946/2.16.840.1.114274.1818.49209881292643250201702689039600938930.zip,40619828,376880cee5e47b2cb41f1d2ddc44ac12,,10041569-iCsmIr47DkuXT12Pp2bI6Q,,"Bf37f,Bf37f_3",XYZ_EC,,,False,"DERIVED_PRIMARY_LOCALIZER_CT_SOM5 MPR,DERIVED_PRIMARY_AXIAL_CT_SOM5 MPR",,SIEMENS,SOMATOM Definition AS+,CT,,dg.MD1R/9e3f25e5-4fe8-4523-b9c4-b65cdfb4f401,FFS,"1.013671875,0.666015625",ST_SAG_CHEST_3.0,2.16.840.1.114274.1818.49209881292643250201702689039600938930,3.0,,4fd56c15-6e2d-4b23-9089-796f313124bb,ACR_20250901,bb63ebb0-407c-410f-84f6-4ede946c962e,2.16.840.1.114274.1818.46919113797255082141987952913398679946,10041569-iCsmIr47DkuXT12Pp2bI6Q,10041569-iCsmIr47DkuXT12Pp2bI6Q,Yes,Female,42.0,White,False,False,0,1,0,0,0,0,0,,,,,0,1
ct_series_file,9cfe91c2-4037-4ea5-8f2a-b83dfa7595a1,Open-A1,2.16.840.1.114274.1818.48130330968774345094666605841201960343,CT,DCM,DICOM,2.16.840.1.114274.1818.50339628437889570989965736075188094619/2.16.840.1.114274.1818.48130330968774345094666605841201960343.zip,27908150,cb996cfabe8f9de14124c5e8d169d641,,10000364-1235791,,,,,,,,,GE MEDICAL SYSTEMS,LightSpeed VCT,CT,116.0,dg.MD1R/41445e39-225d-4207-9234-1c1b38c325d7,,,Lung MIPS,2.16.840.1.114274.1818.48130330968774345094666605841201960343,,,da2db6a3-93f5-4066-90b2-f8dd8afadd2c,ACR_20211115,06ebd1da-bdf5-4c8d-a1ef-d25d0ea03b29,2.16.840.1.114274.1818.50339628437889570989965736075188094619,10000364-1235791,10000364-1235791,Yes,Male,88.0,White,,,0,1,0,0,0,0,0,,,,,0,1
ct_series_file,bf3fed6f-c260-4671-b03b-3cbbba0f49c5,Open-A1,2.16.840.1.114274.1818.477400654256698978213725819656187048871,CT,DCM,DICOM,10003752-QS3K5sgtcUmS1tBz4knRg/2.16.840.1.114274.1818.54233364773024252738320871067812182924/2.16.840.1.114274.1818.477400654256698978213725819656187048871.zip,18241536,ad839dcc39ffad2b8fe656fea85c75ca,,10003752-QS3K5sgtcUmS1tBz4knRg,Iodine,,,,,,,,Philips,Brilliance 64,CT,42.0,dg.MD1R/7b59c6d3-20a9-476e-8767-900c4adfd535,,,"MINIP, iDose (2)",2.16.840.1.114274.1818.477400654256698978213725819656187048871,,,06406925-1d98-4e8f-a0ce-c52b678bcb2a,ACR_20220107,ba1e962a-cfa6-4ea3-be03-a8fd07eac0f0,2.16.840.1.114274.1818.54233364773024252738320871067812182924,10003752-QS3K5sgtcUmS1tBz4knRg,10003752-QS3K5sgtcUmS1tBz4knRg,Yes,Male,89.0,Black or African American,,,0,1,0,0,0,0,0,,,,,0,1
ct_series_file,bce4783f-edd9-4377-9ae2-c09dbf02b47c,Open-A1,2.16.840.1.114274.1818.501895397443244244014947271543977034126,CT,DCM,DICOM,10000364-5911216/2.16.840.1.114274.1818.57111828233494131516334350558002646204/2.16.840.1.114274.1818.501895397443244244014947271543977034126.zip,31626306,e67c7373b0377758a8c1ceaafb147cc3,,10000364-5911216,,STANDARD,,,,,DERIVEDSECONDARYREFORMATTEDAVERAGE,,GE MEDICAL SYSTEMS,Discovery CT750 HD,CT,160.0,dg.MD1R/d20b25cb-01b4-4694-a4ec-694ea2f47d47,,,chest coronal,2.16.840.1.114274.1818.501895397443244244014947271543977034126,"2.0,1.25",,59f32345-e328-4e77-8813-6fdff0a106e3,ACR_20220415,1b19adfc-dd39-4d31-a555-5e01d7bf96ac,2.16.840.1.114274.1818.57111828233494131516334350558002646204,10000364-5911216,10000364-5911216,Yes,Male,73.0,White,True,True,0,1,0,0,0,0,0,,,,,0,1
ct_series_file,2a78836f-6706-417e-9632-af8c4a5434be,Open-A1,2.16.840.1.114274.1818.504212224999013279510050162467503865228,CT,DCM,DICOM,10000364-5874723/2.16.840.1.114274.1818.56854950469733860842047044964211430035/2.16.840.1.114274.1818.504212224999013279510050162467503865228.zip,50914248,3399bd3aac15fc23d17e7b826f5b606e,,10000364-5874723,OMNIPAQUE,I70f_1,XYZ_EC,,,False,ORIGINAL_PRIMARY_AXIAL_CT_SOM5 SPI,,SIEMENS,SOMATOM Definition AS,CT,,dg.MD1R/aad3ad9d-170a-4eb3-86c1-285634660995,HFS,0.900390625,PE Lungs,2.16.840.1.114274.1818.504212224999013279510050162467503865228,2.0,,f704bef2-2e0f-450c-bbd0-8beaf82f4757,ACR_20241215,b4b14410-a7b5-4607-84a6-770d7155c287,2.16.840.1.114274.1818.56854950469733860842047044964211430035,10000364-5874723,10000364-5874723,Yes,Male,71.0,White,False,False,0,1,0,0,0,0,0,,,,,0,1
ct_series_file,c96eda5f-f0be-4874-8d96-80154258d29f,Open-A1,2.16.840.1.114274.1818.538144445194624944912945483813150783876,CT,DCM,DICOM,10000364-1966488/2.16.840.1.114274.1818.46486238670883454991431329678144554670/2.16.840.1.114274.1818.538144445194624944912945483813150783876.zip,43615086,946813e32e09ff49648d99b88ff2fbee,,10000364-1966488,,STANDARD,,,,False,ORIGINAL_PRIMARY_AXIAL,,GE MEDICAL SYSTEMS,Revolution CT,CT,,dg.MD1R/fd4492b6-cd9f-437a-9efe-971c061ba609,FFS,0.669922,TF MED,2.16.840.1.114274.1818.538144445194624944912945483813150783876,1.25,1.25,f704bef2-2e0f-450c-bbd0-8beaf82f4757,ACR_20241215,9239b50e-1546-4585-91a8-b9c842af02c0,2.16.840.1.114274.1818.46486238670883454991431329678144554670,10000364-1966488,10000364-1966488,Yes,Female,78.0,Black or African American,False,False,0,1,0,0,0,0,0,,,,,0,1
ct_series_file,fdfc8c11-a11d-4324-8883-28f326acc030,Open-A1,2.16.840.1.114274.1818.539051221325599427212238934572238775711,CT,DCM,DICOM,2.16.840.1.114274.1818.486163902713111954014760915916376789640/2.16.840.1.114274.1818.539051221325599427212238934572238775711.zip,41144542,97516a1fd544a04215340f6a7ce7d795,,10000364-6490864,,,,,,,,,SIEMENS,SOMATOM Definition AS+,CT,218.0,dg.MD1R/b32b95d3-369d-4aad-a45a-dc5177b5e25d,,,CT CAP WO AXIALS 3.0 MM,2.16.840.1.114274.1818.539051221325599427212238934572238775711,,,da2db6a3-93f5-4066-90b2-f8dd8afadd2c,ACR_20211115,64bfe420-1e04-4c23-8baa-32985bdffec5,2.16.840.1.114274.1818.486163902713111954014760915916376789640,10000364-6490864,10000364-6490864,Yes,Male,82.0,White,,,0,1,0,0,0,0,0,,,,,0,1
ct_series_file,703b0f9e-be55-4744-8c66-3d87716fe7bb,Open-A1,2.16.840.1.114274.1818.57384041198829627185993298107486657429,CT,DCM,DICOM,2.16.840.1.114274.1818.469489208045442069913830024494854464170/2.16.840.1.114274.1818.57384041198829627185993298107486657429.zip,85898710,1804d4d6bc475f11cf837a21e146dfee,,10000364-1260382,,,,,,,,,SIEMENS,SOMATOM Definition Flash,CT,375.0,dg.MD1R/8fcb5d9b-c777-400e-8358-113c7be235c8,,,THINS,2.16.840.1.114274.1818.57384041198829627185993298107486657429,,,da2db6a3-93f5-4066-90b2-f8dd8afadd2c,ACR_20211115,be6f3749-e63b-45ff-b795-dcd8c2315290,2.16.840.1.114274.1818.469489208045442069913830024494854464170,10000364-1260382,10000364-1260382,Yes,Female,80.0,White,True,True,0,1,0,0,0,0,0,,,,,0,1
ct_series_file,8d5cc876-e70a-4a10-89bd-55f2c694d348,Open-A1,2.16.840.1.114362.1.12046989.25386908036.615487374.178.38,CT,DCM,DICOM,10000364-973671/2.16.840.1.114274.1818.46444260281944299876263806278573226421/2.16.840.1.114362.1.12046989.25386908036.615487374.178.38.zip,2297826,d7a5be897c915925c0468120b5bf30ce,,10000364-973671,,J30s,,Skull-stripping,2.0,True,DERIVED_PRIMARY_AXIAL,,SIEMENS / MIM Software,SOMATOM Definition AS,CT,36.0,dg.MD1R/ce622e5f-c661-498e-b94b-fa569556b021,HFS,0.470703185,BrainSegmentation,2.16.840.1.114362.1.12046989.25386908036.615487374.178.38,4.698462963,,f3a84a57-f61e-4953-af27-23f850bc857a,ACR_20230415,acf6539f-37d9-4a96-87a5-0a68b45dc776,2.16.840.1.114274.1818.46444260281944299876263806278573226421,10000364-973671,10000364-973671,Yes,Male,74.0,Asian,True,True,0,1,0,0,0,0,0,,,,,0,1
ct_series_file,c3ab3d72-4d6f-407d-b330-86dd3a4970ef,Open-A1,2.16.840.1.114274.1818.471345172460678617416853785950029741971,CT,DCM,DICOM,10000364-985274/2.16.840.1.114274.1818.505467675245768322317793984816971483801/2.16.840.1.114274.1818.471345172460678617416853785950029741971.zip,84677140,b0bbdf69c56390a5e27c7178db9b0e5f,,10000364-985274,Omnipaque,I26f3,XYZ_EC,,,,ORIGINALPRIMARYAXIALCT_SOM5 SPI,,SIEMENS,SOMATOM Definition AS+,CT,409.0,dg.MD1R/63e367b1-8317-4d72-b438-936612cf821b,,,ARTERIAL  1.5  mm,2.16.840.1.114274.1818.471345172460678617416853785950029741971,1.5,,59f32345-e328-4e77-8813-6fdff0a106e3,ACR_20220415,b0d19436-dc0b-4935-adce-36c57b3d6065,2.16.840.1.114274.1818.505467675245768322317793984816971483801,10000364-985274,10000364-985274,Yes,Female,75.0,White,,,0,1,0,0,0,0,0,,,,,0,1
ct_series_file,6ed922ba-c334-43ee-bdc7-158a8cc25dfb,Open-A1,2.16.840.1.114274.1818.576096818808336943713987356072323630778,CT,DCM,DICOM,2.16.840.1.114274.1818.51017404029736653435270119567165963404/2.16.840.1.114274.1818.576096818808336943713987356072323630778.zip,31960910,bb68a2f911910d6386ca1280cf9bcd64,,10000364-1101520,,,,,,,,,GE MEDICAL SYSTEMS,LightSpeed VCT,CT,180.0,dg.MD1R/6fb8d141-d36d-431b-a186-4ab957f6364f,,,coronal abdomen,2.16.840.1.114274.1818.576096818808336943713987356072323630778,,,da2db6a3-93f5-4066-90b2-f8dd8afadd2c,ACR_20211115,6b0ae66a-8fd9-49e7-bf8b-ab2e8e531e1e,2.16.840.1.114274.1818.51017404029736653435270119567165963404,10000364-1101520,10000364-1101520,Yes,Female,55.0,White,,,0,1,0,0,0,0,0,,,,,0,1
ct_series_file,093c8ce2-16c5-44f2-a213-2fbba14f08de,Open-A1,2.16.840.1.114274.1818.534334017770298213417300666973875330961,CT,DCM,DICOM,10000364-5842646/2.16.840.1.114274.1818.53815147848240259005242037440853262516/2.16.840.1.114274.1818.534334017770298213417300666973875330961.zip,192010,7ddd1aabdcbc34ffbd4c6a6ed002c563,,10000364-5842646,,T20f,NONE,,,,ORIGINALPRIMARYLOCALIZERCT_SOM5 TOP,,SIEMENS,SOMATOM Definition AS,CT,1.0,dg.MD1R/a654bf00-14e6-4718-bc6d-851359f2bdf0,,"1.0,1.0",Topogram  0.6  T20f,2.16.840.1.114274.1818.534334017770298213417300666973875330961,,,59f32345-e328-4e77-8813-6fdff0a106e3,ACR_20220415,5fc0f48e-2a1f-4815-b708-11c5de79f844,2.16.840.1.114274.1818.53815147848240259005242037440853262516,10000364-5842646,10000364-5842646,Yes,Male,52.0,White,True,True,0,1,0,0,0,0,0,,,,,0,1
ct_series_file,11f771c6-3d07-4c56-aa84-3a94a087e7e7,Open-A1,2.16.840.1.114274.1818.52541282929451988007301250309518686891,CT,DCM,DICOM,10000364-1725793/2.16.840.1.114274.1818.477951621454128754414423508444129531553/2.16.840.1.114274.1818.52541282929451988007301250309518686891.zip,286090,90f1c25fe07f48d84fad3ee79ac4229e,,10000364-1725793,,T20f,NONE,,,,ORIGINALPRIMARYLOCALIZERCT_SOM5 TOP,,SIEMENS,SOMATOM Definition AS+,CT,3.0,dg.MD1R/dcc639d0-bce9-4007-b1c6-19f33f2e536f,,,Topogram  0.6  T20s,2.16.840.1.114274.1818.52541282929451988007301250309518686891,,,59f32345-e328-4e77-8813-6fdff0a106e3,ACR_20220415,8db96a1a-f5ae-48f2-a70b-85b9b4bd3179,2.16.840.1.114274.1818.477951621454128754414423508444129531553,10000364-1725793,10000364-1725793,Yes,Female,65.0,White,,,0,1,0,0,0,0,0,,,,,0,1
ct_series_file,b8640174-2d73-4ae1-b525-cf5c64307b13,Open-A1,2.16.840.1.114362.1.12046989.25402422520.616105330.852.83,CT,DCM,DICOM,10000364-6602834/2.16.840.1.114274.1818.47370413880740446119195271120527065994/2.16.840.1.114362.1.12046989.25402422520.616105330.852.83.zip,4893874,5873fe060b844ceab5ee101dd8f850b0,,10000364-6602834,,J40s,,Skull-stripping,2.0,True,DERIVED_PRIMARY_AXIAL,,SIEMENS / MIM Software,SOMATOM Definition AS,CT,81.0,dg.MD1R/101f7a95-d1ca-4871-b8c3-52e7c2cdcd23,HFS,0.37109375,BrainSegmentation,2.16.840.1.114362.1.12046989.25402422520.616105330.852.83,3.0,,f3a84a57-f61e-4953-af27-23f850bc857a,ACR_20230415,ee404082-56b7-4b32-ac4a-093a9a8bce22,2.16.840.1.114274.1818.47370413880740446119195271120527065994,10000364-6602834,10000364-6602834,Yes,Male,87.0,White,False,False,0,1,0,0,0,0,0,,,,,0,1
ct_series_file,cbe01b55-21c4-4eb2-bb02-95d42f80d584,Open-A1,2.16.840.1.114274.1818.56599660700179991217804827287497546670,CT,DCM,DICOM,10000364-1440810/2.16.840.1.114274.1818.543917877046778639012064234511115607212/2.16.840.1.114274.1818.56599660700179991217804827287497546670.zip,39352768,9f7a7d17a68b12e9b77914eb28d60713,,10000364-1440810,OMNIPAQUE 350,STANDARD,,,,,"DERIVEDSECONDARYREFORMATTEDAVERAGE,DERIVEDSECONDARYREFORMATTEDMIN IP",,GE MEDICAL SYSTEMS,LightSpeed VCT,CT,218.0,dg.MD1R/25e44874-af0c-4e99-aa05-ccbe3233f0c4,,,CORONAL CHEST,2.16.840.1.114274.1818.56599660700179991217804827287497546670,1.25,,59f32345-e328-4e77-8813-6fdff0a106e3,ACR_20220415,99495a5a-a3ee-4523-ad7b-0d3bd606ac98,2.16.840.1.114274.1818.543917877046778639012064234511115607212,10000364-1440810,10000364-1440810,Yes,Female,49.0,Black or African American,,,0,1,0,0,0,0,0,,,,,0,1
ct_series_file,bcb23466-a0b9-4061-9d44-6cba05c2d221,Open-A1,2.16.840.1.114362.1.12177026.25874454649.637834520.598.954,CT,DCM,DICOM,10000364-1979384/2.16.840.1.114274.1818.50073192672270283903252486384293605764/2.16.840.1.114362.1.12177026.25874454649.637834520.598.954.zip,4850828,3ed31acc3dfb413b915ab571d026418a,,10000364-1979384,,J30s,,Skull-stripping,2.0,True,DERIVED_PRIMARY_AXIAL,,SIEMENS / MIM Software,SOMATOM Definition AS+,CT,74.0,dg.MD1R/1b5dcd2d-f6ee-460e-a543-2c587e03fcd7,HFS,0.3203125,BrainSegmentation,2.16.840.1.114362.1.12177026.25874454649.637834520.598.954,3.0,,f3a84a57-f61e-4953-af27-23f850bc857a,ACR_20230415,69bbb679-3b87-44d5-8e73-900d4fd917b0,2.16.840.1.114274.1818.50073192672270283903252486384293605764,10000364-1979384,10000364-1979384,Yes,Male,77.0,Black or African American,True,False,0,1,0,0,0,0,0,,,,,0,1
ct_series_file,6281b4db-ea34-4711-8354-1e68a87ab06f,Open-A1,2.16.840.1.114274.1818.487154764269896333312821021843645146298,CT,DCM,DICOM,10000364-1641006/2.16.840.1.114274.1818.56710139776022843389462650880119959975/2.16.840.1.114274.1818.487154764269896333312821021843645146298.zip,32607808,6715103e8211680f9111199a7a2bb9b5,,10000364-1641006,OMNIPAQUE 350 70,STANDARD,,,,,"DERIVEDSECONDARYREFORMATTED,DERIVEDSECONDARYREFORMATTEDAVERAGE",,GE MEDICAL SYSTEMS,Revolution HD,CT,199.0,dg.MD1R/51fde939-0f35-4a8f-b746-3b175ab3562e,,,SAG BODY,2.16.840.1.114274.1818.487154764269896333312821021843645146298,"2.0,0.771484",,59f32345-e328-4e77-8813-6fdff0a106e3,ACR_20220415,53109e8f-4f74-4bbe-acaf-594cfaa914b5,2.16.840.1.114274.1818.56710139776022843389462650880119959975,10000364-1641006,10000364-1641006,Yes,Female,29.0,White,,,0,1,0,0,0,0,0,,,,,0,1
ct_series_file,899ecd52-509a-4599-a4ae-98f5926687e2,Open-A1,2.16.840.1.114274.1818.558534135130993354416942019214206472382,CT,DCM,DICOM,10003752-RS0mVmj3TUiVQY5BVbyOmg/2.16.840.1.114274.1818.469682220540979079017680513993253297852/2.16.840.1.114274.1818.558534135130993354416942019214206472382.zip,22389808,c1af4066f71d120b8dd2943214a0690f,,10003752-RS0mVmj3TUiVQY5BVbyOmg,,,,,,,,,GE MEDICAL SYSTEMS,Revolution CT,CT,138.0,dg.MD1R/27b9d15c-d88e-451c-8d6d-518783bdb4b8,,,SAGITTAL,2.16.840.1.114274.1818.558534135130993354416942019214206472382,,,06406925-1d98-4e8f-a0ce-c52b678bcb2a,ACR_20220107,c7374974-25cb-4545-b8e9-0472305bc815,2.16.840.1.114274.1818.469682220540979079017680513993253297852,10003752-RS0mVmj3TUiVQY5BVbyOmg,10003752-RS0mVmj3TUiVQY5BVbyOmg,Yes,Male,75.0,Black or African American,,,0,1,0,0,0,0,0,,,,,0,1
ct_series_file,377eb630-fe22-4d6a-9882-8e12c13c6d3e,Open-A1,2.16.840.1.114362.1.12177026.25874454649.637221220.278.954,CT,DCM,DICOM,10000364-89609/2.16.840.1.114274.1818.513007847153800861615438176110495448477/2.16.840.1.114362.1.12177026.25874454649.637221220.278.954.zip,16675476,f554d6daa5002420327bd5cf861a363d,,10000364-89609,,STANDARD,,Skull-stripping,2.0,True,DERIVED_PRIMARY_AXIAL,,GE MEDICAL SYSTEMS / MIM Software,LightSpeed VCT,CT,271.0,dg.MD1R/3da3fc86-1a80-4a9e-bb74-efb92301d8d8,HFS,0.488281012,BrainSegmentation,2.16.840.1.114362.1.12177026.25874454649.637221220.278.954,0.625,,f3a84a57-f61e-4953-af27-23f850bc857a,ACR_20230415,3185f567-1fd8-4582-9103-48e598a0c4e4,2.16.840.1.114274.1818.513007847153800861615438176110495448477,10000364-89609,10000364-89609,Yes,Male,68.0,White,True,False,0,1,0,0,0,0,0,,,,,0,1
ct_series_file,7a8eb74a-6b6a-4a8a-8e8b-ba9073783524,Open-A1,2.16.840.1.114274.1818.523535020180197304612341398154048074671,CT,DCM,DICOM,10000364-1518828/2.16.840.1.114274.1818.52846383174927251384050459512369955738/2.16.840.1.114274.1818.523535020180197304612341398154048074671.zip,16282414,50de35301b727c2d9710b8d02ac38643,,10000364-1518828,OMNIPAQUE 350 100,STANDARD,,,,,"DERIVEDSECONDARYREFORMATTEDMIP,DERIVEDSECONDARYREFORMATTED",,GE MEDICAL SYSTEMS,Revolution HD,CT,84.0,dg.MD1R/41beb9d1-8f52-4b38-a92c-9380daafa156,,,PE OBLI MIP,2.16.840.1.114274.1818.523535020180197304612341398154048074671,"0.625,10.0",,59f32345-e328-4e77-8813-6fdff0a106e3,ACR_20220415,6aaa4c82-87d7-4fbe-adba-23c006ef9609,2.16.840.1.114274.1818.52846383174927251384050459512369955738,10000364-1518828,10000364-1518828,Yes,Male,29.0,White,,,0,1,0,0,0,0,0,,,,,0,1
ct_series_file,f1415575-64e0-4257-ac2f-3b2055614824,Open-A1,2.16.840.1.114274.1818.55521637629417857586700207748351750564,CT,DCM,DICOM,10000364-5537807/2.16.840.1.114274.1818.54083201777917240306670334845398116777/2.16.840.1.114274.1818.55521637629417857586700207748351750564.zip,59954586,30c9144f0f75dfb8fdb1b299824f08b0,,10000364-5537807,APPLIED,Br40f,XYZ_EC,,,,DERIVEDPRIMARYAXIALCT_SOM5 MPRSTDDNRGDET_AB,,SIEMENS,SOMATOM Definition Flash,CT,251.0,dg.MD1R/8883272e-b1be-45ec-8eb0-767aca323f4b,,,DE_PE  1.5  MPR  sag  F_0.6,2.16.840.1.114274.1818.55521637629417857586700207748351750564,1.5,,59f32345-e328-4e77-8813-6fdff0a106e3,ACR_20220415,c4e2c368-3fe2-45e5-9d0f-ed2115506cd6,2.16.840.1.114274.1818.54083201777917240306670334845398116777,10000364-5537807,10000364-5537807,Yes,Male,72.0,White,True,True,0,1,0,0,0,0,0,,,,,0,1
ct_series_file,135338d5-17c0-4955-85ac-99bc37892d13,Open-A1,2.16.840.1.114274.1818.47325582219203980646212338985886407326,CT,DCM,DICOM,10003752-Kg47seRI3EyOmG76t32GGQ/2.16.840.1.114274.1818.493824870879244312814917975808159392669/2.16.840.1.114274.1818.47325582219203980646212338985886407326.zip,21911342,0632bae7a653b72f1df04d3e4311e954,,10003752-Kg47seRI3EyOmG76t32GGQ,Iodine,,,,,,,,Philips,iCT 256,CT,103.0,dg.MD1R/5caa04b0-f1ca-40f3-b563-468ba5755d96,,,"CHEST AXL W, iDose (4)",2.16.840.1.114274.1818.47325582219203980646212338985886407326,,,06406925-1d98-4e8f-a0ce-c52b678bcb2a,ACR_20220107,2952fc6f-a84d-4486-89b1-92a929215b28,2.16.840.1.114274.1818.493824870879244312814917975808159392669,10003752-Kg47seRI3EyOmG76t32GGQ,10003752-Kg47seRI3EyOmG76t32GGQ,Yes,Female,39.0,Black or African American,,,0,1,0,0,0,0,0,,,,,0,1
ct_series_file,5e508184-4bbc-46bb-8d2b-1c96e7037d7e,Open-A1,2.16.840.1.114362.1.12177026.25874454649.637735504.140.514,CT,DCM,DICOM,10000364-998727/2.16.840.1.114274.1818.54729638028873155172327264238228301214/2.16.840.1.114362.1.12177026.25874454649.637735504.140.514.zip,18024064,947da9f8c6f512ea50988e8f3f1633a8,,10000364-998727,,STANDARD,,Skull-stripping,2.0,True,DERIVED_PRIMARY_AXIAL,,GE MEDICAL SYSTEMS / MIM Software,LightSpeed VCT,CT,256.0,dg.MD1R/5dcc3fd0-95df-4008-b106-88e1afedad5b,HFS,0.410155952,BrainSegmentation,2.16.840.1.114362.1.12177026.25874454649.637735504.140.514,0.625000417,,f3a84a57-f61e-4953-af27-23f850bc857a,ACR_20230415,94e91ad5-4f15-4502-84da-c292495653e2,2.16.840.1.114274.1818.54729638028873155172327264238228301214,10000364-998727,10000364-998727,Yes,Female,77.0,White,False,False,0,1,0,0,0,0,0,,,,,0,1
ct_series_file,f9028394-54d7-4280-ae27-482aff07d78d,Open-A1,2.16.840.1.114274.1818.49384030426817270233826893182646514065,CT,DCM,DICOM,10041569-g7BegS168EGCpgRylILjoA/2.16.840.1.114274.1818.49432318804283653755944501886812777407/2.16.840.1.114274.1818.49384030426817270233826893182646514065.zip,36538312,8c227d50aa0263b56212f40378cd6f27,,10041569-g7BegS168EGCpgRylILjoA,,"Br49f_3,Br49f",XYZ_EC,,,False,"DERIVED_PRIMARY_LOCALIZER_CT_SOM5 MPR,DERIVED_PRIMARY_AXIAL_CT_SOM5 MPR",,SIEMENS,SOMATOM Drive,CT,,dg.MD1R/cc5003c1-6200-4ea8-bde9-bba8a1f13c77,FFS,"0.53706754530478,1.0078125",INSPIRATION  3.0  MPR  sag,2.16.840.1.114274.1818.49384030426817270233826893182646514065,3.0,,4fd56c15-6e2d-4b23-9089-796f313124bb,ACR_20250901,bb3f0740-6576-492e-b3af-171747887cba,2.16.840.1.114274.1818.49432318804283653755944501886812777407,10041569-g7BegS168EGCpgRylILjoA,10041569-g7BegS168EGCpgRylILjoA,Yes,Female,63.0,White,False,True,1,1,1,1,0,1,1,,,,,0,6
ct_series_file,47f4e222-906d-4db9-a013-bedd167f82da,Open-A1,2.16.840.1.114274.1818.557630167788407624110307825016563695035,CT,DCM,DICOM,10000364-6557833/2.16.840.1.114274.1818.52189515175724829744215552044155212963/2.16.840.1.114274.1818.557630167788407624110307825016563695035.zip,176976,b409260b792b3f16811b67abb34fafa0,,10000364-6557833,,,,,,,,,SIEMENS,SOMATOM Definition AS,CT,1.0,dg.MD1R/6a4a23db-3555-4b3f-a08d-be070c5acaee,,,Topogram  0.6  T20f,2.16.840.1.114274.1818.557630167788407624110307825016563695035,,,5f596eb7-d79b-47d3-8ff0-1d4ba3d2ea85,ACR_20210827,95646cfc-bdd3-4563-808c-88e9980b3313,2.16.840.1.114274.1818.52189515175724829744215552044155212963,10000364-6557833,10000364-6557833,Yes,Male,53.0,White,False,False,0,1,0,0,0,0,0,,,,,0,1
ct_series_file,07f5d7c4-5c65-4b59-b9b4-59778a98bd94,Open-A1,2.16.840.1.114274.1818.48647235051473029116637729075506090664,CT,DCM,DICOM,10000364-1845404/2.16.840.1.114274.1818.500389148968476627218306515880046488474/2.16.840.1.114274.1818.48647235051473029116637729075506090664.zip,1964282,2e647eac5425e279dddf7ac9a5486013,,10000364-1845404,,STANDARD,,,,,ORIGINALPRIMARYLOCALIZER,,GE MEDICAL SYSTEMS,Revolution HD,CT,2.0,dg.MD1R/f6a16425-74d7-497a-bd61-f5107f9ffda6,,"0.545455,0.634731",Scout,2.16.840.1.114274.1818.48647235051473029116637729075506090664,"810.636353,609.363647",-10.0,59f32345-e328-4e77-8813-6fdff0a106e3,ACR_20220415,4bbcf89b-fcdf-4959-9e4f-6136ea355e11,2.16.840.1.114274.1818.500389148968476627218306515880046488474,10000364-1845404,10000364-1845404,Yes,Female,65.0,White,,,0,1,0,0,0,0,0,,,,,0,1
ct_series_file,c0d96715-ad89-480e-a52d-75d96062cb13,Open-A1,2.16.840.1.114362.1.12046989.25857177543.634337471.775.898,CT,DCM,DICOM,10000364-1376305/2.16.840.1.114274.1818.552780943995252788818015816711066608018/2.16.840.1.114362.1.12046989.25857177543.634337471.775.898.zip,11369810,8a76863e159e1b83499d4ea17f2c7b13,,10000364-1376305,,H60s,,Skull-stripping,2.0,True,DERIVED_PRIMARY_AXIAL,,SIEMENS / MIM Software,SOMATOM Definition AS,CT,122.0,dg.MD1R/c1513407-da41-415b-bfd4-a8443e38cbdb,HFS,0.34375,BrainSegmentation,2.16.840.1.114362.1.12046989.25857177543.634337471.775.898,2.0,,f3a84a57-f61e-4953-af27-23f850bc857a,ACR_20230415,30107b00-30f2-4bbc-8390-7a4777da7b31,2.16.840.1.114274.1818.552780943995252788818015816711066608018,10000364-1376305,10000364-1376305,Yes,Female,89.0,White,True,True,0,1,0,0,0,0,0,,,,,0,1
ct_series_file,0a883ee3-38e2-4846-91e1-f35d9a1ae673,Open-A1,2.16.840.1.114274.1818.56880342408073970456486636708763238076,CT,DCM,DICOM,10008204-7ObDYiqWXEuN1LBYzyGwMg/2.16.840.1.114274.1818.48539404256743504695143774902726181818/2.16.840.1.114274.1818.56880342408073970456486636708763238076.zip,28712278,68744afcd5310aebb1d386d780e39ae9,,10008204-7ObDYiqWXEuN1LBYzyGwMg,,LUNG,,,,,ORIGINALPRIMARYAXIAL,,GE MEDICAL SYSTEMS,Optima CT660,CT,112.0,dg.MD1R/b394c986-a7f3-4a2f-9d74-83ffe48773dc,,,2.5_LUNG_PACS,2.16.840.1.114274.1818.56880342408073970456486636708763238076,2.5,2.5,59f32345-e328-4e77-8813-6fdff0a106e3,ACR_20220415,62087f6f-04cf-4ca9-8ce9-9e7e20b06612,2.16.840.1.114274.1818.48539404256743504695143774902726181818,10008204-7ObDYiqWXEuN1LBYzyGwMg,10008204-7ObDYiqWXEuN1LBYzyGwMg,Yes,Male,68.0,White,,,0,1,0,0,0,0,0,,,,,0,1
ct_series_file,7aa9b13d-2aed-4d16-a283-8cf777fec98a,Open-A1,2.16.840.1.114274.1818.48343022510981282557420406899571031194,CT,DCM,DICOM,2.16.840.1.114274.1818.57297260690643489715427074674963362439/2.16.840.1.114274.1818.48343022510981282557420406899571031194.zip,22393418,cc8299d689015b73fad355c278695102,,10003752-B69TEUkgDkqgf6e4soagAA,,,,,,,,,Philips,iCT 256,CT,48.0,dg.MD1R/e5a9defd-04e3-4bf4-8638-e534934ffc45,,,MinIP  iDose (2),2.16.840.1.114274.1818.48343022510981282557420406899571031194,,,da2db6a3-93f5-4066-90b2-f8dd8afadd2c,ACR_20211115,5f0cf55e-293b-466e-b05d-046ae28e6114,2.16.840.1.114274.1818.57297260690643489715427074674963362439,10003752-B69TEUkgDkqgf6e4soagAA,10003752-B69TEUkgDkqgf6e4soagAA,Yes,Male,61.0,White,,,0,1,0,0,0,0,0,,,,,0,1
ct_series_file,7e7800fd-35a4-4890-8363-357b3979cdcf,Open-A1,2.16.840.1.114274.1818.48870409550193301434749122923805709742,CT,DCM,DICOM,2.16.840.1.114274.1818.54423120900575388128367604304876229527/2.16.840.1.114274.1818.48870409550193301434749122923805709742.zip,16336518,90ad38fb30317668d301abaa12fc55e7,,10003752-3A0TfMtRv0CCsKIkOqayAg,,,,,,,,,GE MEDICAL SYSTEMS,Revolution HD,CT,113.0,dg.MD1R/e6dbe3d2-90e7-42b0-8b35-d6781b473244,,,SAG W,2.16.840.1.114274.1818.48870409550193301434749122923805709742,,,da2db6a3-93f5-4066-90b2-f8dd8afadd2c,ACR_20211115,ebae2985-be60-4500-8cc8-b10aa59878a2,2.16.840.1.114274.1818.54423120900575388128367604304876229527,10003752-3A0TfMtRv0CCsKIkOqayAg,10003752-3A0TfMtRv0CCsKIkOqayAg,Yes,Female,67.0,Black or African American,,,0,1,0,0,0,0,0,,,,,0,1
ct_series_file,ebfa80b1-4118-46d4-8db1-e5446f3f5249,Open-A1,2.16.840.1.114274.1818.485385124468591202011903244566158898059,CT,DCM,DICOM,10000364-5656954/CT_2.16.840.1.114274.1818.57449184179732639205670051225396521615/2.16.840.1.114274.1818.485385124468591202011903244566158898059.zip,42392026,d6fd92e42c2a436e43268b35e66ccfcd,,10000364-5656954,OMNIPAQUE,,,,,,,,SIEMENS,SOMATOM Definition AS,CT,144.0,dg.MD1R/5c1423b6-339d-4d85-a73f-67f7b552643c,,,PE Lungs,2.16.840.1.114274.1818.485385124468591202011903244566158898059,,,23e8c279-92d2-47da-99de-97dedc454bb4,ACR_20211020,9ccdd3e9-66e3-4335-920c-4ae5a8005b71,2.16.840.1.114274.1818.57449184179732639205670051225396521615,10000364-5656954,10000364-5656954,Yes,Male,61.0,White,,,0,1,0,0,0,0,0,,,,,0,1
ct_series_file,aed9a927-0b5f-4aee-9cbb-8fd38500beb4,Open-A1,2.16.840.1.114274.1818.51609931315143704642787186561088012439,CT,DCM,DICOM,10000364-1334990/2.16.840.1.114274.1818.474603875441618449818330365861724748680/2.16.840.1.114274.1818.51609931315143704642787186561088012439.zip,157360,6da0334cedf8d8ab0d0fac550b7151b8,,10000364-1334990,,Tr20f,OFF_OFF,,,False,ORIGINAL_PRIMARY_LOCALIZER_CT_SOM5 TOP,0.0,Siemens Healthineers,SOMATOM go.Top,CT,,dg.MD1R/62878800-f0bc-47ae-b292-83bd0d39c972,FFS,1.0,Topogram 0.60 Tr20 cor,2.16.840.1.114274.1818.51609931315143704642787186561088012439,,,f704bef2-2e0f-450c-bbd0-8beaf82f4757,ACR_20241215,731dc666-947d-4b0a-815e-e84dd6ee852f,2.16.840.1.114274.1818.474603875441618449818330365861724748680,10000364-1334990,10000364-1334990,Yes,Female,56.0,Black or African American,False,False,0,1,0,0,0,0,0,,,,,0,1
ct_series_file,84b9f092-d1e4-4ddb-a7c6-5994f4d5d059,Open-A1,2.16.840.1.114274.1818.5517014871414896638855529010511229063,CT,DCM,DICOM,2.16.840.1.114274.1818.574312698019836867310243965678219918476/2.16.840.1.114274.1818.5517014871414896638855529010511229063.zip,57864276,51669ff4c456a4b8ad2b625d2a9f9665,,10000364-6575132,,,,,,,,,GE MEDICAL SYSTEMS,Discovery CT750 HD,CT,230.0,dg.MD1R/06cd55c3-dba2-4b4e-b965-8db7cf321c8c,,,Lung 1.25,2.16.840.1.114274.1818.5517014871414896638855529010511229063,,,da2db6a3-93f5-4066-90b2-f8dd8afadd2c,ACR_20211115,4e106651-00f6-4595-ad2a-72164e24a6c9,2.16.840.1.114274.1818.574312698019836867310243965678219918476,10000364-6575132,10000364-6575132,Yes,Female,71.0,White,False,False,0,1,0,0,0,0,0,,,,,0,1
ct_series_file,6a78562e-74a7-44cc-a305-54704a5ff002,Open-A1,2.16.840.1.114362.1.12046989.25386908036.615556747.207.942,CT,DCM,DICOM,10000364-1608765/2.16.840.1.114274.1818.5675573251305356454149523858391468469/2.16.840.1.114362.1.12046989.25386908036.615556747.207.942.zip,4557810,bfaf1c2580a85878200693a5c65e8a2d,,10000364-1608765,,J37f,,Skull-stripping,2.0,True,DERIVED_PRIMARY_AXIAL,,SIEMENS / MIM Software,SOMATOM Definition Flash,CT,65.0,dg.MD1R/ddb85293-f89e-408a-9455-b7fde31b6e99,HFS,0.376953125,BrainSegmentation,2.16.840.1.114362.1.12046989.25386908036.615556747.207.942,3.0,,f3a84a57-f61e-4953-af27-23f850bc857a,ACR_20230415,5a6f1242-55f7-4d08-9087-8d3fd21c5219,2.16.840.1.114274.1818.5675573251305356454149523858391468469,10000364-1608765,10000364-1608765,Yes,Male,66.0,Black or African American,True,True,0,1,0,0,0,0,0,,,,,0,1
ct_series_file,0dd0c550-ea86-40e4-90b2-8cd0d65b93f2,Open-A1,2.16.840.1.114274.1818.50749297126474889089452512961262680978,CT,DCM,DICOM,2.16.840.1.114274.1818.54828335550704757122621257498376257190/2.16.840.1.114274.1818.50749297126474889089452512961262680978.zip,85022,60ee65ba1cb068d6e05e522aa7bd9b0d,,10000364-6398605,,,,,,,,,SIEMENS,SOMATOM Definition Flash,CT,1.0,dg.MD1R/1c6be391-4d94-4bcf-931f-d5adcba7f7ec,,,Scout LAT  1.0  Tr20,2.16.840.1.114274.1818.50749297126474889089452512961262680978,,,da2db6a3-93f5-4066-90b2-f8dd8afadd2c,ACR_20211115,8953d6e4-f238-413c-986c-1ad5b49c3a22,2.16.840.1.114274.1818.54828335550704757122621257498376257190,10000364-6398605,10000364-6398605,Yes,Female,57.0,Asian,True,True,0,1,0,0,0,0,0,,,,,0,1
ct_series_file,a821af40-c3be-422a-a428-47f087c2085b,Open-A1,2.16.840.1.114274.1818.527372214012669892510053155648081433228,CT,DCM,DICOM,10000364-796304/2.16.840.1.114274.1818.485592425088245443110533164754424094628/2.16.840.1.114274.1818.527372214012669892510053155648081433228.zip,22298228,b3c5cb26a6b219a5ae6c894218a6ae30,,10000364-796304,OMNIPAQUE,,,,,,,,SIEMENS,SOMATOM Definition AS,CT,99.0,dg.MD1R/4c43a955-5643-4e93-9d54-39068b8bfa7a,,,Cor MPR,2.16.840.1.114274.1818.527372214012669892510053155648081433228,,,5f596eb7-d79b-47d3-8ff0-1d4ba3d2ea85,ACR_20210827,f9cef5bc-48ea-4601-a178-401aa63dedb6,2.16.840.1.114274.1818.485592425088245443110533164754424094628,10000364-796304,10000364-796304,Yes,Female,38.0,Black or African American,,,0,1,0,0,0,0,0,,,,,0,1
ct_series_file,59c08394-2bab-4409-bfba-c5b275c48a40,Open-A1,2.16.840.1.114274.1818.513210547705000294617168779845733291683,CT,DCM,DICOM,10003752-Kg47seRI3EyOmG76t32GGQ/2.16.840.1.114274.1818.551198102515212547212369602337627650749/2.16.840.1.114274.1818.513210547705000294617168779845733291683.zip,23907890,2a67fd1a815ae8fa908220f308626da9,,10003752-Kg47seRI3EyOmG76t32GGQ,,,,,,,,,GE MEDICAL SYSTEMS,Revolution CT,CT,128.0,dg.MD1R/d60b0ea9-85f5-4e16-92bf-0761cee26f7b,,,SAGITTAL,2.16.840.1.114274.1818.513210547705000294617168779845733291683,,,06406925-1d98-4e8f-a0ce-c52b678bcb2a,ACR_20220107,83e8b0d9-8a9b-403f-93fc-baf2ab038cfd,2.16.840.1.114274.1818.551198102515212547212369602337627650749,10003752-Kg47seRI3EyOmG76t32GGQ,10003752-Kg47seRI3EyOmG76t32GGQ,Yes,Female,39.0,Black or African American,,,0,1,0,0,0,0,0,,,,,0,1
ct_series_file,fe17377e-2d8b-483c-a127-916b2d20a951,Open-A1,2.16.840.1.114274.1818.48090171822221634157165899960753622197,CT,DCM,DICOM,10000364-1531105/2.16.840.1.114274.1818.495522186446626569716424125123745079962/2.16.840.1.114274.1818.48090171822221634157165899960753622197.zip,50199322,23ae4cb8d6a8672ce3ee10ed24c7622a,,10000364-1531105,APPLIED,Bv38f_3,,,,False,DERIVED_SECONDARY_OTHER_CSA MPR THICK__AXIAL_CT_SOM5 SEQ DUAL_STD_SNRG_DET_AB_CSA RESAMPLED,0.0,SIEMENS,SOMATOM Definition Flash,CT,,dg.MD1R/94d25108-b2fd-461b-a3b9-47365fd02abf,FFS,0.472377691,<MPR Thick Range>,2.16.840.1.114274.1818.48090171822221634157165899960753622197,0.7,,f704bef2-2e0f-450c-bbd0-8beaf82f4757,ACR_20241215,65018262-8506-411c-bea1-786ab7c0da50,2.16.840.1.114274.1818.495522186446626569716424125123745079962,10000364-1531105,10000364-1531105,Yes,Female,36.0,White,False,False,0,1,0,0,0,0,0,,,,,0,1
ct_series_file,3db8ec4b-2f9a-4d47-93aa-a067f33b1859,Open-A1,2.16.840.1.114274.1818.46799043150838139321682325977299583164,CT,DCM,DICOM,10000364-1743558/2.16.840.1.114274.1818.513190904428087179612482399904180712893/2.16.840.1.114274.1818.46799043150838139321682325977299583164.zip,15003026,34779fbf7f3e5fad474d64e494293d5f,,10000364-1743558,,Bl57f,Z_EC,,,False,DERIVED_PRIMARY_AXIAL_CT_SOM5 MIP_STD_SNRG_DET_AB,,SIEMENS,SOMATOM Definition Flash,CT,,dg.MD1R/6cc7c675-8a8b-4e2f-b09c-cedf2cf0e4cf,FFS,0.64453125,LUNG MIPS,2.16.840.1.114274.1818.46799043150838139321682325977299583164,20.0,,f704bef2-2e0f-450c-bbd0-8beaf82f4757,ACR_20241215,90244b7a-3933-4007-99c6-b36e0f3e07ae,2.16.840.1.114274.1818.513190904428087179612482399904180712893,10000364-1743558,10000364-1743558,Yes,Male,69.0,White,True,False,0,1,0,0,0,0,0,,,,,0,1
ct_series_file,148cc048-4386-45c5-9faf-69a4a2d474f3,Open-A1,2.16.840.1.114362.1.12359305.25874454649.712956875.674.962,CT,DCM,DICOM,10041569-5Fv9UwnuUiNYZzMtPzPQ/2.16.840.1.114274.1818.57161561969751775841006889064829413513/2.16.840.1.114362.1.12359305.25874454649.712956875.674.962.zip,4724410,5e320d560b246fae5ccbda58be60f54d,,10041569-5Fv9UwnuUiNYZzMtPzPQ,,Hr59h,,Skull-stripping,,True,DERIVED_PRIMARY_AXIAL,,SIEMENS / MIM Software,Mirada Registration Server,CT,,dg.MD1R/553dc6af-f98d-49f6-b4ea-3998a592158b,HFS,0.33565217,BrainSegmentation,2.16.840.1.114362.1.12359305.25874454649.712956875.674.962,3.0,,4fd56c15-6e2d-4b23-9089-796f313124bb,ACR_20250901,de191743-3358-4dc5-962c-bf97edbeadb2,2.16.840.1.114274.1818.57161561969751775841006889064829413513,10041569-5Fv9UwnuUiNYZzMtPzPQ,10041569-5Fv9UwnuUiNYZzMtPzPQ,Yes,Female,73.0,White,False,True,0,1,0,0,0,0,0,,,,,0,1
ct_series_file,b57f55ac-7356-477f-9138-7cfeb4de5620,Open-A1,2.16.840.1.114274.1818.50303737744030639878116719561423609476,CT,DCM,DICOM,2.16.840.1.114274.1818.502762826871289010416806211119944149181/2.16.840.1.114274.1818.50303737744030639878116719561423609476.zip,31039208,1776c042d6e7822dd43eb8d75bfc67f8,,10003752-HtSGClp9Y0C6XNccqcMJAw,,,,,,,,,Philips,iCT 256,CT,85.0,dg.MD1R/6bcc024a-2a96-4714-87f7-5f1ef06c53d2,,,SAG  iDose (2),2.16.840.1.114274.1818.50303737744030639878116719561423609476,,,da2db6a3-93f5-4066-90b2-f8dd8afadd2c,ACR_20211115,783fbb6a-fc29-4eff-9a00-075c75927525,2.16.840.1.114274.1818.502762826871289010416806211119944149181,10003752-HtSGClp9Y0C6XNccqcMJAw,10003752-HtSGClp9Y0C6XNccqcMJAw,Yes,Female,33.0,White,,,0,1,0,0,0,0,0,,,,,0,1
ct_series_file,8fe76e4f-2bbb-4a34-9e83-f4df3028533c,Open-A1,2.16.840.1.114362.1.12046989.25874087454.634965646.897.942,CT,DCM,DICOM,10000364-1490588/2.16.840.1.114274.1818.503691436437529042615752991783881878453/2.16.840.1.114362.1.12046989.25874087454.634965646.897.942.zip,2127106,26202d5a0fa3554eaca6a05756756312,,10000364-1490588,,J37f,,Skull-stripping,2.0,True,DERIVED_PRIMARY_AXIAL,,SIEMENS / MIM Software,SOMATOM Definition Flash,CT,35.0,dg.MD1R/06d4f0d3-5d1f-4d34-a6ad-a79968629887,HFS,0.41015625,BrainSegmentation,2.16.840.1.114362.1.12046989.25874087454.634965646.897.942,5.0,,f3a84a57-f61e-4953-af27-23f850bc857a,ACR_20230415,7ae1b9f7-fa9d-4f3c-a973-51e5f88c8e74,2.16.840.1.114274.1818.503691436437529042615752991783881878453,10000364-1490588,10000364-1490588,Yes,Male,84.0,White,True,False,0,1,0,0,0,0,0,,,,,0,1
ct_series_file,bd694894-3957-4f15-adfe-2f261c6888cd,Open-A1,2.16.840.1.114362.1.12359305.25874454649.712909623.235.962,CT,DCM,DICOM,10041569-5Fv9UwnuUiNYZzMtPzPQ/2.16.840.1.114274.1818.48377019796869208855036794937318547873/2.16.840.1.114362.1.12359305.25874454649.712909623.235.962.zip,3228376,560a40021ba1cd977bb59d58129cc859,,10041569-5Fv9UwnuUiNYZzMtPzPQ,omnipaque 350,Bf37f,,Skull-stripping,,True,DERIVED_PRIMARY_AXIAL,0.0,SIEMENS / MIM Software,SOMATOM Definition Edge,CT,,dg.MD1R/c0f10508-7da4-4f41-a737-806798870881,HFS,0.41796875,BrainSegmentation,2.16.840.1.114362.1.12359305.25874454649.712909623.235.962,3.0,,4fd56c15-6e2d-4b23-9089-796f313124bb,ACR_20250901,445216c6-98de-4962-9ab7-8841dec29a28,2.16.840.1.114274.1818.48377019796869208855036794937318547873,10041569-5Fv9UwnuUiNYZzMtPzPQ,10041569-5Fv9UwnuUiNYZzMtPzPQ,Yes,Female,73.0,White,False,True,0,1,0,0,0,0,0,,,,,0,1
ct_series_file,7c18a6cc-04ce-495a-b2eb-2f15736d0b0a,Open-A1,2.16.840.1.114362.1.12359305.25874454649.712750576.1008.910,CT,DCM,DICOM,10041569-5Fv9UwnuUiNYZzMtPzPQ/2.16.840.1.114274.1818.48377019796869208855036794937318547873/2.16.840.1.114362.1.12359305.25874454649.712750576.1008.910.zip,7580018,af4601247f091a952ce9fe07739e9331,,10041569-5Fv9UwnuUiNYZzMtPzPQ,omnipaque 350,Bf37f,,Skull-stripping,,True,DERIVED_PRIMARY_AXIAL,0.0,SIEMENS / MIM Software,SOMATOM Definition Edge,CT,,dg.MD1R/a681155f-dd80-43a6-8342-12eaa0d37b84,HFS,0.390625,BrainSegmentation,2.16.840.1.114362.1.12359305.25874454649.712750576.1008.910,1.9998071,,4fd56c15-6e2d-4b23-9089-796f313124bb,ACR_20250901,445216c6-98de-4962-9ab7-8841dec29a28,2.16.840.1.114274.1818.48377019796869208855036794937318547873,10041569-5Fv9UwnuUiNYZzMtPzPQ,10041569-5Fv9UwnuUiNYZzMtPzPQ,Yes,Female,73.0,White,False,True,0,1,0,0,0,0,0,,,,,0,1
ct_series_file,73648fd4-1d04-415c-9311-99484785f461,Open-A1,2.16.840.1.114274.1818.54352507480550551635792924374603476369,CT,DCM,DICOM,10000364-1603150/2.16.840.1.114274.1818.56560550353455725165626876678607117449/2.16.840.1.114274.1818.54352507480550551635792924374603476369.zip,51324294,78a3c0d8175b7ca967716565aeb4ede2,,10000364-1603150,OMNI 350,,,,,,,,SIEMENS,SOMATOM Drive,CT,218.0,dg.MD1R/8d3ae13b-2296-4f53-a870-cbae38619a61,,,#PP   DE_Thorax  1.5  Qr40  2  A_100kV,2.16.840.1.114274.1818.54352507480550551635792924374603476369,,,5f596eb7-d79b-47d3-8ff0-1d4ba3d2ea85,ACR_20210827,60b529cd-4af4-4f73-80c9-48b06feaf02d,2.16.840.1.114274.1818.56560550353455725165626876678607117449,10000364-1603150,10000364-1603150,Yes,Male,53.0,White,,,0,1,0,0,0,0,0,,,,,0,1
ct_series_file,c7903881-8e88-4a53-8efd-325546b490ef,Open-A1,2.16.840.1.114274.1818.52912705855947971382547224156306209425,CT,DCM,DICOM,10000364-1368156/CT_2.16.840.1.114274.1818.483857058665119926511979080349648352191/2.16.840.1.114274.1818.52912705855947971382547224156306209425.zip,14313492,61499d91499ce737cf13e0f92312e688,,10000364-1368156,OMNIPAQUE 350 100,,,,,,,,GE MEDICAL SYSTEMS,Revolution HD,CT,63.0,dg.MD1R/a2747501-6912-4646-a364-c8126addd8f3,,,LUNG,2.16.840.1.114274.1818.52912705855947971382547224156306209425,,,23e8c279-92d2-47da-99de-97dedc454bb4,ACR_20211020,469c9165-2e76-4234-84ae-cf39e0eb8b6e,2.16.840.1.114274.1818.483857058665119926511979080349648352191,10000364-1368156,10000364-1368156,Yes,Male,,White,False,False,0,1,0,0,0,0,0,,,,,0,1
ct_series_file,5e9e1f15-ac3f-45b3-9d6b-d7e89b279b54,Open-A1,2.16.840.1.114274.1818.511924486923673862516147476596615254960,CT,DCM,DICOM,10000364-737905/2.16.840.1.114274.1818.55415607651370306226469093590775986823/2.16.840.1.114274.1818.511924486923673862516147476596615254960.zip,164642,6c97eb08e3ee5ba307b5416a14890d08,,10000364-737905,,T20f,NONE,,,,ORIGINALPRIMARYLOCALIZERCT_SOM5 TOP,,SIEMENS,SOMATOM Definition AS,CT,1.0,dg.MD1R/c669a81e-3e85-4899-8f98-79747698aa5e,,,Topogram  0.6  T20f,2.16.840.1.114274.1818.511924486923673862516147476596615254960,,,59f32345-e328-4e77-8813-6fdff0a106e3,ACR_20220415,b937be73-2853-4055-a874-2417e32b59b3,2.16.840.1.114274.1818.55415607651370306226469093590775986823,10000364-737905,10000364-737905,Yes,Male,62.0,Black or African American,,,0,1,0,0,0,0,0,,,,,0,1
ct_series_file,de20c723-c70d-4168-ac90-3ec6ece18e47,Open-A1,2.16.840.1.114274.1818.545913990075387818717178913677176308646,CT,DCM,DICOM,10000364-1916339/2.16.840.1.114274.1818.57040675579038665351477572964527142547/2.16.840.1.114274.1818.545913990075387818717178913677176308646.zip,63603580,b564b482acf17fc5c1b30c09ad5a9753,,10000364-1916339,OMNIPAQUE,I41f2,XYZ_EC,,,,DERIVEDPRIMARYAXIALCT_SOM5 MPR,,SIEMENS,SOMATOM Definition AS,CT,228.0,dg.MD1R/b0c4dc1c-4f77-4068-9b57-8648934560d5,,"0.548828125,0.54899135446686",Sag MPR,2.16.840.1.114274.1818.545913990075387818717178913677176308646,2.0,,59f32345-e328-4e77-8813-6fdff0a106e3,ACR_20220415,885d96f6-0034-4f09-974e-18f759d386a6,2.16.840.1.114274.1818.57040675579038665351477572964527142547,10000364-1916339,10000364-1916339,Yes,Female,43.0,Black or African American,False,False,0,1,0,0,0,0,0,,,,,0,1
ct_series_file,c48464b2-ba42-47a8-a1a4-01bea24e3d15,Open-A1,2.16.840.1.114274.1818.55556908226442188892692231808159733637,CT,DCM,DICOM,10000364-796384/2.16.840.1.114274.1818.49131001248764048179912449033161339317/2.16.840.1.114274.1818.55556908226442188892692231808159733637.zip,99694,dd841072dd9ba90d1127df7f6811afba,,10000364-796384,,T20f,NONE,,,,ORIGINALPRIMARYLOCALIZERCT_SOM5 TOP,,SIEMENS,SOMATOM Definition AS,CT,1.0,dg.MD1R/ceb252e7-f219-475f-a707-41e38d0c2030,,,Topogram  0.6  T20f,2.16.840.1.114274.1818.55556908226442188892692231808159733637,,,59f32345-e328-4e77-8813-6fdff0a106e3,ACR_20220415,97bdbf21-e173-4940-b079-bda0a0757d7e,2.16.840.1.114274.1818.49131001248764048179912449033161339317,10000364-796384,10000364-796384,Yes,Male,62.0,Black or African American,,,0,1,0,0,0,0,0,,,,,0,1
ct_series_file,59063c84-5fc0-42c5-a9a4-91f9f8d90dbb,Open-A1,2.16.840.1.114362.1.12046989.25417513693.616767696.498.898,CT,DCM,DICOM,10000364-81029/2.16.840.1.114274.1818.56982677822395231858879144754918177196/2.16.840.1.114362.1.12046989.25417513693.616767696.498.898.zip,25305974,8b3da6ef00bf9538fc40c694e2a80281,,10000364-81029,OMNIPAQUE,J37f,,Skull-stripping,2.0,True,DERIVED_PRIMARY_AXIAL,,SIEMENS / MIM Software,SOMATOM Definition AS,CT,323.0,dg.MD1R/c094479f-9f2f-4329-be5b-d6b6ca310ba7,HFS,0.369318187,BrainSegmentation,2.16.840.1.114362.1.12046989.25417513693.616767696.498.898,1.0,,f3a84a57-f61e-4953-af27-23f850bc857a,ACR_20230415,9938724e-6d27-45ad-bd3e-6b9d1d73a5c1,2.16.840.1.114274.1818.56982677822395231858879144754918177196,10000364-81029,10000364-81029,Yes,Female,84.0,White,True,True,0,1,0,0,0,0,0,,,,,0,1
ct_series_file,dd437325-1b92-4f0f-8718-5bf5fc216f4d,Open-A1,2.16.840.1.114362.1.12046989.25423990443.617001518.302.942,CT,DCM,DICOM,10000364-1050195/2.16.840.1.114274.1818.537654836839169284818336944712425747134/2.16.840.1.114362.1.12046989.25423990443.617001518.302.942.zip,26131474,8314f56587cc2cb057fa446cd301938d,,10000364-1050195,,H60f,,Skull-stripping,2.0,True,DERIVED_PRIMARY_AXIAL,,SIEMENS / MIM Software,SOMATOM Definition Flash,CT,291.0,dg.MD1R/3df1b0eb-8337-4660-9e87-6c7cc426e1c3,HFS,0.4765625,BrainSegmentation,2.16.840.1.114362.1.12046989.25423990443.617001518.302.942,0.600000024,,f3a84a57-f61e-4953-af27-23f850bc857a,ACR_20230415,9ee1ac21-cd50-4a81-b277-e5aeb416d52e,2.16.840.1.114274.1818.537654836839169284818336944712425747134,10000364-1050195,10000364-1050195,Yes,Male,55.0,White,True,False,0,1,0,0,0,0,0,,,,,0,1
ct_series_file,7c3f7195-8645-422d-b223-bc2f04e7b529,Open-A1,2.16.840.1.114274.1818.497365123893121978015494671163882214035,CT,DCM,DICOM,10000364-1798403/2.16.840.1.114274.1818.48407566078342097453968611731748230789/2.16.840.1.114274.1818.497365123893121978015494671163882214035.zip,49976208,b96d09069ff0b5dac4234e98a295dd49,,10000364-1798403,OMNIPAQUE,,,,,,,,SIEMENS,Sensation 64,CT,185.0,dg.MD1R/1bd6862d-2d81-4ac0-ba7f-a2d28bbb4dba,,,PE  2.0  SPO  sag,2.16.840.1.114274.1818.497365123893121978015494671163882214035,,,5f596eb7-d79b-47d3-8ff0-1d4ba3d2ea85,ACR_20210827,bc455d92-f5db-432d-896f-31d33a876637,2.16.840.1.114274.1818.48407566078342097453968611731748230789,10000364-1798403,10000364-1798403,Yes,Female,47.0,Black or African American,,,0,1,0,0,0,0,0,,,,,0,1
ct_series_file,42ecbd01-ac9d-4926-91af-bc3f525f69bb,Open-A1,2.16.840.1.114274.1818.514317448507452363911437163255229267848,CT,DCM,DICOM,10000364-6545836/CT_2.16.840.1.114274.1818.52462288401111587289142242363618819766/2.16.840.1.114274.1818.514317448507452363911437163255229267848.zip,163046,33679ae9a362fa35b09c8dd88819e450,,10000364-6545836,,,,,,,,,SIEMENS,SOMATOM Definition Flash,CT,1.0,dg.MD1R/fb0795bf-bbf2-476c-828d-798c1619a2b1,,,Topogram AP  0.6  T20f,2.16.840.1.114274.1818.514317448507452363911437163255229267848,,,23e8c279-92d2-47da-99de-97dedc454bb4,ACR_20211020,69ec90cc-e8c8-4a29-a838-a39b7fb292a0,2.16.840.1.114274.1818.52462288401111587289142242363618819766,10000364-6545836,10000364-6545836,Yes,Male,56.0,White,True,False,0,1,0,0,0,0,0,,,,,0,1
ct_series_file,a16f3571-9a46-4272-af44-267d24676ae7,Open-A1,2.16.840.1.114274.1818.49035520432364085155806039474707851923,CT,DCM,DICOM,10000364-1714989/2.16.840.1.114274.1818.49976856396551574068319664187166502034/2.16.840.1.114274.1818.49035520432364085155806039474707851923.zip,24416838,104993c98aa1b101dd9d2d3b271bcd50,,10000364-1714989,APPLIED,,,,,,,,SIEMENS,SOMATOM Definition AS,CT,101.0,dg.MD1R/c482a9f2-cba8-4cca-8421-0ee50e312452,,,CORONAL MPR,2.16.840.1.114274.1818.49035520432364085155806039474707851923,,,5f596eb7-d79b-47d3-8ff0-1d4ba3d2ea85,ACR_20210827,7aff9c5e-7792-457b-861a-9e39a7f1c774,2.16.840.1.114274.1818.49976856396551574068319664187166502034,10000364-1714989,10000364-1714989,Yes,Female,56.0,White,,,0,1,0,0,0,0,0,,,,,0,1
ct_series_file,458a8c1f-9d4e-43b2-8b07-9e779da0f33b,Open-A1,2.16.840.1.114274.1818.515711765837030680212037932897938251958,CT,DCM,DICOM,2.16.840.1.114274.1818.465820075182676317511866800118554858674/2.16.840.1.114274.1818.515711765837030680212037932897938251958.zip,5000294,8cafda2e10f75e3ac64849f850a4c07d,,10000364-607557,,,,,,,,,Siemens Healthineers,syngo.via.VB30A,CT,20.0,dg.MD1R/3c957432-6145-499e-ab6c-42d56ea99fe5,,,Range Radial Rib MPR [7] (Auto),2.16.840.1.114274.1818.515711765837030680212037932897938251958,,,da2db6a3-93f5-4066-90b2-f8dd8afadd2c,ACR_20211115,6c2e63b1-1d0c-4f18-ae48-a4021ed2f842,2.16.840.1.114274.1818.465820075182676317511866800118554858674,10000364-607557,10000364-607557,Yes,Male,73.0,White,True,True,0,1,0,0,0,0,0,,,,,0,1
ct_series_file,e17695a7-9db1-4530-a114-5efc9708ef22,Open-A1,2.16.840.1.114274.1818.534064392249633073117546147788363456414,CT,DCM,DICOM,2.16.840.1.114274.1818.466328292422440434413804348951113444498/2.16.840.1.114274.1818.534064392249633073117546147788363456414.zip,80594,bb97136216e379e466f38c13a7a245b5,,10000364-369892,,,,,,,,,SIEMENS,SOMATOM Definition Flash,CT,1.0,dg.MD1R/20b3b663-82e2-46ed-8d34-ca10ebdd5fe9,,,Topogram LAT  0.6  T20f,2.16.840.1.114274.1818.534064392249633073117546147788363456414,,,da2db6a3-93f5-4066-90b2-f8dd8afadd2c,ACR_20211115,25e8a4ef-0f25-4ff2-b4e9-1d0d5386c0c6,2.16.840.1.114274.1818.466328292422440434413804348951113444498,10000364-369892,10000364-369892,Yes,Male,64.0,White,True,True,0,1,0,0,0,0,0,,,,,0,1
ct_series_file,62a242f4-c66f-4a87-a5c4-2ed9be804e4c,Open-A1,2.16.840.1.114274.1818.46287407988571146405182659190903191706,CT,DCM,DICOM,10000364-1465830/CT_2.16.840.1.114274.1818.55853871674110105933379709087171826057/2.16.840.1.114274.1818.46287407988571146405182659190903191706.zip,26679980,84c2255206a1afb11f5cc7caf2e1892a,,10000364-1465830,,,,,,,,,GE MEDICAL SYSTEMS,Discovery CT750 HD,CT,139.0,dg.MD1R/60d8ff5e-0b22-4678-ae38-8ccc59c0284e,,,chest coronal,2.16.840.1.114274.1818.46287407988571146405182659190903191706,,,23e8c279-92d2-47da-99de-97dedc454bb4,ACR_20211020,6093728a-d42c-4f8c-846b-d31aea45b090,2.16.840.1.114274.1818.55853871674110105933379709087171826057,10000364-1465830,10000364-1465830,Yes,Male,62.0,Black or African American,True,True,0,1,0,0,0,0,0,,,,,0,1
ct_series_file,4f57ae30-4d0e-4695-81be-bf46d1eab619,Open-A1,2.16.840.1.114362.1.12177026.25874454649.637929052.651.954,CT,DCM,DICOM,10000364-5584550/2.16.840.1.114274.1818.49187945912640814692239226998919444159/2.16.840.1.114362.1.12177026.25874454649.637929052.651.954.zip,4679094,618120586e092907057e0e35c2aa2dd0,,10000364-5584550,,H30s,,Skull-stripping,2.0,True,DERIVED_PRIMARY_AXIAL,,SIEMENS / MIM Software,SOMATOM Definition AS,CT,75.0,dg.MD1R/6d5461a6-9b92-42e2-b9cc-8d9db3f5971e,HFS,0.365234375,BrainSegmentation,2.16.840.1.114362.1.12177026.25874454649.637929052.651.954,3.0,,f3a84a57-f61e-4953-af27-23f850bc857a,ACR_20230415,112ca3d9-da97-4e4c-91bd-1bf024167c41,2.16.840.1.114274.1818.49187945912640814692239226998919444159,10000364-5584550,10000364-5584550,Yes,Male,85.0,White,False,False,0,1,0,0,0,0,0,,,,,0,1
ct_series_file,e97ca38d-6ee6-4b49-848c-7ad0b8c116e0,Open-A1,2.16.840.1.114274.1818.543125968478093858311855044354925928871,CT,DCM,DICOM,10000364-2714054/2.16.840.1.114274.1818.466795333287099894411665063595066786210/2.16.840.1.114274.1818.543125968478093858311855044354925928871.zip,35514550,547db7c7057dd0fd65f5a5c5040d097c,,10000364-2714054,OMNIPAQUE,,,,,,,,SIEMENS,SOMATOM Definition AS,CT,121.0,dg.MD1R/6ce1a9f3-70cf-4775-bc14-a0e3d1c0f2a7,,,Cor MIP,2.16.840.1.114274.1818.543125968478093858311855044354925928871,,,5f596eb7-d79b-47d3-8ff0-1d4ba3d2ea85,ACR_20210827,0bfdc59c-f05a-4c7b-85a9-509e6191872f,2.16.840.1.114274.1818.466795333287099894411665063595066786210,10000364-2714054,10000364-2714054,Yes,Female,58.0,White,False,False,0,1,0,0,0,0,0,,,,,0,1
ct_series_file,a4288ca8-9abd-423d-9ab0-eadb400581f6,Open-A1,2.16.840.1.114274.1818.48857981644271997671738390172080069539,CT,DCM,DICOM,10000364-5788541/2.16.840.1.114274.1818.524971380015907625613725560664155173820/2.16.840.1.114274.1818.48857981644271997671738390172080069539.zip,33623954,953ede238e873bdbb1ae7073355d86eb,,10000364-5788541,OMNIPAQUE,B30f,XYZ_EC,,,,"DERIVEDPRIMARYLOCALIZERCT_SOM5 SPO,DERIVEDPRIMARYAXIALCT_SOM5 SPO",,SIEMENS,Sensation 64,CT,102.0,dg.MD1R/17349f12-4c25-4748-a92a-77cd32b13edd,,,C/A/P  3.0  SPO  cor,2.16.840.1.114274.1818.48857981644271997671738390172080069539,3.0,,59f32345-e328-4e77-8813-6fdff0a106e3,ACR_20220415,1045a7de-8119-405f-a814-7df4d403295b,2.16.840.1.114274.1818.524971380015907625613725560664155173820,10000364-5788541,10000364-5788541,Yes,Male,55.0,White,False,False,0,1,0,0,0,0,0,,,,,0,1
ct_series_file,1287280d-a10a-47d2-9c3d-3b4c242f3a62,Open-A1,2.16.840.1.114274.1818.485577210747843208915784876865859681687,CT,DCM,DICOM,10000364-1002845/2.16.840.1.114274.1818.53944033906182306306176210392776449183/2.16.840.1.114274.1818.485577210747843208915784876865859681687.zip,827472,7e0aa446c69c38865a3fb701d078ab8e,,10000364-1002845,,SOFT,,,,False,ORIGINAL_PRIMARY_AXIAL,,GE MEDICAL SYSTEMS,Discovery CT750 HD,CT,,dg.MD1R/1eddd124-4d8c-4e08-875f-c7f5635dd042,FFS,0.654297,Smart Prep Series,2.16.840.1.114274.1818.485577210747843208915784876865859681687,5.0,-5.0,f704bef2-2e0f-450c-bbd0-8beaf82f4757,ACR_20241215,2180fe3d-8ce4-4272-9e24-38b90d91f28a,2.16.840.1.114274.1818.53944033906182306306176210392776449183,10000364-1002845,10000364-1002845,Yes,Female,80.0,White,True,True,0,1,0,0,0,0,0,,,,,0,1
ct_series_file,d4cfa541-b8a0-4fad-96ad-3929ebec1c74,Open-A1,2.16.840.1.114274.1818.52921986023016863473907791787010555535,CT,DCM,DICOM,10000364-1048138/2.16.840.1.114274.1818.50056647506053114315335542742264729274/2.16.840.1.114274.1818.52921986023016863473907791787010555535.zip,45909472,6ae2dd9487f1c5cbb77de45cdfd05461,,10000364-1048138,APPLIED,I50f2,XYZ_EC,,,,ORIGINALPRIMARYAXIALCT_SOM5 SPI,,SIEMENS,SOMATOM Definition AS,CT,179.0,dg.MD1R/04025312-3633-4484-89b0-2ad87bfeb9ff,,"0.552734375,0.552734375",PE AXIAL LUNG 1.5  I50f,2.16.840.1.114274.1818.52921986023016863473907791787010555535,1.5,,59f32345-e328-4e77-8813-6fdff0a106e3,ACR_20220415,6598ea74-a561-4a71-bed9-0f68b9dfa0a1,2.16.840.1.114274.1818.50056647506053114315335542742264729274,10000364-1048138,10000364-1048138,Yes,Female,62.0,White,,,0,1,0,0,0,0,0,,,,,0,1
ct_series_file,1332c384-25a6-4573-9703-bcce6026dd38,Open-A1,2.16.840.1.114274.1818.55984719531389594114093443589948759212,CT,DCM,DICOM,2.16.840.1.114274.1818.529807870410061609114668951588139149210/2.16.840.1.114274.1818.55984719531389594114093443589948759212.zip,375404,c4ac6d899529a0306a1ab3a7c5a5deb9,,10003752-51S1voqe2UqgRfAdngn5kw,,,,,,,,,Philips,iCT 256,CT,1.0,dg.MD1R/1f2bb55a-2993-49a5-886e-4c66e667bbeb,,,SURVIEW,2.16.840.1.114274.1818.55984719531389594114093443589948759212,,,da2db6a3-93f5-4066-90b2-f8dd8afadd2c,ACR_20211115,1471390f-a523-4656-9c79-f90c2417472c,2.16.840.1.114274.1818.529807870410061609114668951588139149210,10003752-51S1voqe2UqgRfAdngn5kw,10003752-51S1voqe2UqgRfAdngn5kw,Yes,Female,81.0,Black or African American,,,0,1,0,0,0,0,0,,,,,0,1
ct_series_file,f6e2dc8f-bc3c-4faa-8a47-da39cd0a3a26,Open-A1,2.16.840.1.114274.1818.511595145555246820211735424282782273186,CT,DCM,DICOM,2.16.840.1.114274.1818.557454005537570516414707871223465001092/2.16.840.1.114274.1818.511595145555246820211735424282782273186.zip,34238642,70bf7e821578c82ad6f27795cc73d237,,10000364-1488026,OMNIPAQUE,,,,,,,,GE MEDICAL SYSTEMS,Revolution CT,CT,185.0,dg.MD1R/5c032efc-f8a3-486f-b6c0-0061fc70bd91,,,COR 2,2.16.840.1.114274.1818.511595145555246820211735424282782273186,,,da2db6a3-93f5-4066-90b2-f8dd8afadd2c,ACR_20211115,58a2da60-1cbd-44e4-abfc-77bd3d809ff2,2.16.840.1.114274.1818.557454005537570516414707871223465001092,10000364-1488026,10000364-1488026,Yes,Female,50.0,White,,,0,1,0,0,0,0,0,,,,,0,1
ct_series_file,cd61cb99-89c9-4c0d-a43f-59a58e5df11f,Open-A1,2.16.840.1.114274.1818.47625042976717402881476183340072273573,CT,DCM,DICOM,10000364-1386329/CT_2.16.840.1.114274.1818.53168977528535915707123520358898651547/2.16.840.1.114274.1818.47625042976717402881476183340072273573.zip,61079984,9a9ae58c64b85bea21b2225306e14412,,10000364-1386329,,,,,,,,,SIEMENS,SOMATOM Drive,CT,197.0,dg.MD1R/642926e5-4744-4f41-8e78-25c330370703,,,Chest  1.5  Bl57,2.16.840.1.114274.1818.47625042976717402881476183340072273573,,,23e8c279-92d2-47da-99de-97dedc454bb4,ACR_20211020,b458a4d2-0d88-46f3-9633-82920dcc8758,2.16.840.1.114274.1818.53168977528535915707123520358898651547,10000364-1386329,10000364-1386329,Yes,Male,59.0,Black or African American,True,False,0,1,0,0,0,0,0,,,,,0,1
ct_series_file,972f5b4c-3370-4321-a149-0ab5e05cc638,Open-A1,2.16.840.1.114274.1818.56203160480851414408238879350229562269,CT,DCM,DICOM,2.16.840.1.114274.1818.509069238984304811212528498990289757081/2.16.840.1.114274.1818.56203160480851414408238879350229562269.zip,4673100,76f1b67ea3f8142139fb4aace4ae4040,,10000364-5324696,OMNIPAQUE,,,,,,,,SIEMENS,SOMATOM Definition AS,CT,24.0,dg.MD1R/3d9bcbe2-380a-4886-aef0-b8f307a7b71b,,,CAP With,2.16.840.1.114274.1818.56203160480851414408238879350229562269,,,da2db6a3-93f5-4066-90b2-f8dd8afadd2c,ACR_20211115,70bcb671-10df-426e-9ca7-c3c8de490d74,2.16.840.1.114274.1818.509069238984304811212528498990289757081,10000364-5324696,10000364-5324696,Yes,Male,58.0,White,True,False,0,1,0,0,0,1,0,,,,,0,2
ct_series_file,6ff62640-cd18-45d9-a371-64472eda9744,Open-A1,2.16.840.1.114274.1818.541121762309213012811471665627132116926,CT,DCM,DICOM,2.16.840.1.114274.1818.479941974890414006416089166364391612813/2.16.840.1.114274.1818.541121762309213012811471665627132116926.zip,36491198,15368ae0c95b8ca6eb3a6860b3aaeb91,,10000364-1585483,,,,,,,,,GE MEDICAL SYSTEMS,LightSpeed VCT,CT,180.0,dg.MD1R/cb6fc4da-3966-464a-afef-90123f9448b5,,,2x2 cor abd,2.16.840.1.114274.1818.541121762309213012811471665627132116926,,,da2db6a3-93f5-4066-90b2-f8dd8afadd2c,ACR_20211115,c6ffe6e8-8966-4bad-84fc-ca5a124f0f75,2.16.840.1.114274.1818.479941974890414006416089166364391612813,10000364-1585483,10000364-1585483,Yes,Male,49.0,White,False,True,0,1,0,0,0,0,0,,,,,0,1
ct_series_file,6973e334-e721-4f41-beaa-ff8f87329986,Open-A1,2.16.840.1.114274.1818.55751981832816423036458848656801217206,CT,DCM,DICOM,2.16.840.1.114274.1818.555845013748757643310236302740683155623/2.16.840.1.114274.1818.55751981832816423036458848656801217206.zip,27457284,1d1bd77e320eb4501ee44a48cea88dbf,,10000364-1800994,,,,,,,,,GE MEDICAL SYSTEMS,LightSpeed VCT,CT,143.0,dg.MD1R/daeb6ecc-ff66-44e1-af2f-dd6621315bf3,,,chest coronal,2.16.840.1.114274.1818.55751981832816423036458848656801217206,,,da2db6a3-93f5-4066-90b2-f8dd8afadd2c,ACR_20211115,f723bc01-e3e5-4769-bcd0-3c4c0e653733,2.16.840.1.114274.1818.555845013748757643310236302740683155623,10000364-1800994,10000364-1800994,Yes,Male,59.0,Not Reported,,,0,1,0,0,0,0,0,,,,,0,1
ct_series_file,b727aa3e-d456-4181-8ebb-6d2443a94f84,Open-A1,2.16.840.1.114274.1818.51196033662346418086967706579743451535,CT,DCM,DICOM,10000364-1782813/CT_2.16.840.1.114274.1818.50756725342119820453633985363108349349/2.16.840.1.114274.1818.51196033662346418086967706579743451535.zip,100397884,f52ea2a7bbd6a1e2852294764366940c,,10000364-1782813,OMNI 350,,,,,,,,SIEMENS,SOMATOM Drive,CT,413.0,dg.MD1R/b9d1286f-2245-40ec-ab3f-aceafd1e1b0a,,,THINS,2.16.840.1.114274.1818.51196033662346418086967706579743451535,,,23e8c279-92d2-47da-99de-97dedc454bb4,ACR_20211020,1296b163-9788-4143-b169-8c12ddba71b0,2.16.840.1.114274.1818.50756725342119820453633985363108349349,10000364-1782813,10000364-1782813,Yes,Female,57.0,White,True,True,0,1,0,0,0,0,0,,,,,0,1
ct_series_file,db3e671b-44c7-437e-9115-00a238ac938a,Open-A1,2.16.840.1.114274.1818.47535934696097052394273173380971109285,CT,DCM,DICOM,10000364-1926362/2.16.840.1.114274.1818.57113066688179549369786599080884507271/2.16.840.1.114274.1818.47535934696097052394273173380971109285.zip,224021264,4c3a1fcc64590af3ffb2073205492fc1,,10000364-1926362,OMNI 350,Br40f,Z_EC,,,False,ORIGINAL_PRIMARY_AXIAL_CT_SOM5 SPI DUAL_STD_SNRG_DET_AB,,SIEMENS,SOMATOM Drive,CT,,dg.MD1R/768aef5b-12c6-4d65-92f4-e48fa4ad1396,FFS,0.826171875,THINS,2.16.840.1.114274.1818.47535934696097052394273173380971109285,1.5,,f704bef2-2e0f-450c-bbd0-8beaf82f4757,ACR_20241215,e075af59-6728-4218-8fa1-1931ea632f6a,2.16.840.1.114274.1818.57113066688179549369786599080884507271,10000364-1926362,10000364-1926362,Yes,Male,81.0,White,True,True,0,1,0,0,0,0,0,,,,,0,1
ct_series_file,c74f8c53-b615-4e6e-bd87-1c8c4b63655c,Open-A1,2.16.840.1.114274.1818.492861487996372156418175668401062156718,CT,DCM,DICOM,10003752-wFvQEYq9aUu1Mz8UzYkMHg/2.16.840.1.114274.1818.553545313292127412614066863877803474362/2.16.840.1.114274.1818.492861487996372156418175668401062156718.zip,16537734,a2347c939a23a634a4cde23d435673b7,,10003752-wFvQEYq9aUu1Mz8UzYkMHg,Iodine,,,,,,,,Philips,iCT 256,CT,46.0,dg.MD1R/fb0580fd-9788-436e-883a-cc120fc13f70,,,"MINIP, iDose (4)",2.16.840.1.114274.1818.492861487996372156418175668401062156718,,,9de1d49d-ad56-44b3-be2e-a2795ce41ff3,ACR_20210915,813804e8-60d8-43b6-88e2-813f0fc9afd3,2.16.840.1.114274.1818.553545313292127412614066863877803474362,10003752-wFvQEYq9aUu1Mz8UzYkMHg,10003752-wFvQEYq9aUu1Mz8UzYkMHg,Yes,Female,60.0,Black or African American,,,0,1,0,0,0,0,0,,,,,0,1
ct_series_file,729920c2-5b7b-4d43-ac2a-4a1f67452df5,Open-A1,2.16.840.1.114274.1818.48613151276714490461168258975143823491,CT,DCM,DICOM,10003752-Fj0fSi6baUnRY3HeNjFag/2.16.840.1.114274.1818.50603643150262300573594857255819304093/2.16.840.1.114274.1818.48613151276714490461168258975143823491.zip,20232928,76bbc672c63f1f00c431b1948a1502e1,,10003752-Fj0fSi6baUnRY3HeNjFag,,,,,,,,,GE MEDICAL SYSTEMS,Revolution CT,CT,109.0,dg.MD1R/ff9345ef-671b-4e7f-9123-9b94459ccc74,,,SAG DLIR MED,2.16.840.1.114274.1818.48613151276714490461168258975143823491,,,06406925-1d98-4e8f-a0ce-c52b678bcb2a,ACR_20220107,13a56ad5-ed6f-4cad-8678-5fe0588bafde,2.16.840.1.114274.1818.50603643150262300573594857255819304093,10003752-Fj0fSi6baUnRY3HeNjFag,10003752-Fj0fSi6baUnRY3HeNjFag,Yes,Male,67.0,Black or African American,,,0,1,0,0,0,0,0,,,,,0,1
ct_series_file,3afa55d6-afdf-4f39-b106-7739aa36f6ba,Open-A1,2.16.840.1.114274.1818.57496523035329790539299470597578426036,CT,DCM,DICOM,10000364-1771656/2.16.840.1.114274.1818.56877640761456888914760431195589665469/2.16.840.1.114274.1818.57496523035329790539299470597578426036.zip,17665812,db187c812add55c69f90bcf2e47495a0,,10000364-1771656,Omnipaque,B31f,XYZ_EC,,,,DERIVEDPRIMARYAXIALCT_SOM5 MIP,,SIEMENS,SOMATOM Definition AS+,CT,64.0,dg.MD1R/e73b3488-4420-4223-becd-7ab01ec77ef4,,"0.52950819672131,0.529296875",Sagittal10.0 MIP,2.16.840.1.114274.1818.57496523035329790539299470597578426036,10.0,,59f32345-e328-4e77-8813-6fdff0a106e3,ACR_20220415,fda3ea0b-1da3-430f-b186-944d2c9e5ea2,2.16.840.1.114274.1818.56877640761456888914760431195589665469,10000364-1771656,10000364-1771656,Yes,Male,61.0,White,,,0,1,0,0,0,0,0,,,,,0,1
ct_series_file,0c51fa11-4f3b-4c30-a2d0-1a3a7b88288b,Open-A1,2.16.840.1.114362.1.12177026.25874454649.637834346.450.954,CT,DCM,DICOM,10000364-1979384/2.16.840.1.114274.1818.50073192672270283903252486384293605764/2.16.840.1.114362.1.12177026.25874454649.637834346.450.954.zip,2248100,55beb8e0932fefbecb7356d6a19d8a1e,,10000364-1979384,,J30s,,Skull-stripping,2.0,True,DERIVED_PRIMARY_AXIAL,,SIEMENS / MIM Software,SOMATOM Definition AS+,CT,29.0,dg.MD1R/be7e829e-5862-4c9d-94d0-f4fd556f8d43,HFS,0.341772139,BrainSegmentation,2.16.840.1.114362.1.12177026.25874454649.637834346.450.954,5.0,,f3a84a57-f61e-4953-af27-23f850bc857a,ACR_20230415,69bbb679-3b87-44d5-8e73-900d4fd917b0,2.16.840.1.114274.1818.50073192672270283903252486384293605764,10000364-1979384,10000364-1979384,Yes,Male,77.0,Black or African American,True,False,0,1,0,0,0,0,0,,,,,0,1
ct_series_file,7007a66d-e806-4ba6-90a7-b7f78acfcc7c,Open-A1,2.16.840.1.114274.1818.528758996671950064217473115366926616210,CT,DCM,DICOM,10000364-1593279/2.16.840.1.114274.1818.490786548643288684111899454895478756287/2.16.840.1.114274.1818.528758996671950064217473115366926616210.zip,843706,5a000cf48a3f8073ac103500a05991cf,,10000364-1593279,,STANDARD,,,,,ORIGINALPRIMARYLOCALIZER,,GE MEDICAL SYSTEMS,Revolution HD,CT,2.0,dg.MD1R/29a8242e-b9ea-41f7-844c-598d69671cb5,,,Scout,2.16.840.1.114274.1818.528758996671950064217473115366926616210,360.727295,-10.0,59f32345-e328-4e77-8813-6fdff0a106e3,ACR_20220415,5963aad4-3164-4f04-861c-d90d878675dc,2.16.840.1.114274.1818.490786548643288684111899454895478756287,10000364-1593279,10000364-1593279,Yes,Female,78.0,White,,,0,1,0,0,0,0,0,,,,,0,1
ct_series_file,ea44c677-6f20-4bb8-b728-9a7272de98da,Open-A1,2.16.840.1.114362.1.12177026.25874454649.636789735.487.954,CT,DCM,DICOM,10008204-hnHCMz6Ci0CRRaJBA1fMFA/2.16.840.1.114274.1818.536925055464165799612047715675183319174/2.16.840.1.114362.1.12177026.25874454649.636789735.487.954.zip,5018128,c661c0652f80c89c12cd91e2bfc23346,,10008204-hnHCMz6Ci0CRRaJBA1fMFA,,BONE,,Skull-stripping,2.0,True,DERIVED_PRIMARY_AXIAL,0.0,GE MEDICAL SYSTEMS / MIM Software,Optima CT660,CT,70.0,dg.MD1R/e06b767f-6cb6-417d-a729-79f69d31423f,HFS,0.429688007,BrainSegmentation,2.16.840.1.114362.1.12177026.25874454649.636789735.487.954,2.5,,f3a84a57-f61e-4953-af27-23f850bc857a,ACR_20230415,e64d4bce-c1b3-44bf-b0b1-117a35298639,2.16.840.1.114274.1818.536925055464165799612047715675183319174,10008204-hnHCMz6Ci0CRRaJBA1fMFA,10008204-hnHCMz6Ci0CRRaJBA1fMFA,Yes,Female,70.0,White,False,False,0,1,0,0,0,0,0,,,,,0,1
ct_series_file,605af945-f86d-4026-9836-dd40c5fed602,Open-A1,2.16.840.1.114274.1818.555688551411921288610755054323283975857,CT,DCM,DICOM,2.16.840.1.114274.1818.46987393695811467285142549296785380245/2.16.840.1.114274.1818.555688551411921288610755054323283975857.zip,39233980,53bfd9d813b85c196be9869d1b9b642b,,10000364-1710349,,,,,,,,,GE MEDICAL SYSTEMS,Revolution HD,CT,227.0,dg.MD1R/df1adb44-4da8-41ba-ad48-0ab6165759a0,,,SAG BODY,2.16.840.1.114274.1818.555688551411921288610755054323283975857,,,da2db6a3-93f5-4066-90b2-f8dd8afadd2c,ACR_20211115,eb1a5ca3-f6f8-4255-98be-78f7f36daa68,2.16.840.1.114274.1818.46987393695811467285142549296785380245,10000364-1710349,10000364-1710349,Yes,Female,65.0,White,,,0,1,0,0,0,0,0,,,,,0,1
ct_series_file,8109a4db-2b1e-495a-bffa-f99e47380314,Open-A1,2.16.840.1.114274.1818.566929496986043330116858682104889511558,CT,DCM,DICOM,10000364-1718540/2.16.840.1.114274.1818.56386635740751521174959496971985212838/2.16.840.1.114274.1818.566929496986043330116858682104889511558.zip,46508070,b96e5f67c3e2a319ba277b22cbe129bb,,10000364-1718540,Omnipaque,Br59f,XYZ_EC,,,False,DERIVED_PRIMARY_AXIAL_CT_SOM5 MPR,,SIEMENS,SOMATOM Definition AS+,CT,,dg.MD1R/e73415c9-1cfc-4382-96b8-43f489fa0d62,FFS,0.45703125,Lung Axial 1.5  MPR,2.16.840.1.114274.1818.566929496986043330116858682104889511558,1.5,,f704bef2-2e0f-450c-bbd0-8beaf82f4757,ACR_20241215,1eb67823-b23b-430d-8fae-bdfa251ff45a,2.16.840.1.114274.1818.56386635740751521174959496971985212838,10000364-1718540,10000364-1718540,Yes,Female,28.0,Black or African American,False,False,0,1,0,0,0,0,0,,,,,0,1
ct_series_file,2410af07-f9d7-4cbc-aca7-0071f9d04f8d,Open-A1,2.16.840.1.114274.1818.53513807935408035555485489699361367951,CT,DCM,DICOM,10000364-786734/2.16.840.1.114274.1818.49308838246829297903006126512697764022/2.16.840.1.114274.1818.53513807935408035555485489699361367951.zip,56276762,66364e0bb704132ecad7d8343d875146,,10000364-786734,Omnipaque,Bf37f,XYZ_EC,,,False,DERIVED_PRIMARY_AXIAL_CT_SOM5 MPR,,SIEMENS,SOMATOM Definition AS+,CT,,dg.MD1R/b06f8c80-3c41-4ba8-9288-238e1125b8a7,FFS,0.579925651,Sagittal 3.0  MPR,2.16.840.1.114274.1818.53513807935408035555485489699361367951,3.0,,f704bef2-2e0f-450c-bbd0-8beaf82f4757,ACR_20241215,191e86d0-6d3a-4442-9d20-1e4e05c50432,2.16.840.1.114274.1818.49308838246829297903006126512697764022,10000364-786734,10000364-786734,Yes,Female,65.0,Black or African American,True,True,0,1,0,0,0,0,0,,,,,0,1
ct_series_file,7d25a932-7521-485b-b599-4abdecbc3b01,Open-A1,2.16.840.1.114362.1.12046989.25417513693.616748655.790.898,CT,DCM,DICOM,10000364-959462/2.16.840.1.114274.1818.56991910751552736697953023720732700039/2.16.840.1.114362.1.12046989.25417513693.616748655.790.898.zip,1819440,a2c4b257b151c7eb12980f30eb77a555,,10000364-959462,OMNI 350,Br40f,,Skull-stripping,2.0,True,DERIVED_PRIMARY_AXIAL,,SIEMENS / MIM Software,SOMATOM Drive,CT,31.0,dg.MD1R/caa78322-8aa3-4722-9c14-43427da0569f,HFS,0.42018348,BrainSegmentation,2.16.840.1.114362.1.12046989.25417513693.616748655.790.898,4.999895096,,f3a84a57-f61e-4953-af27-23f850bc857a,ACR_20230415,6bb76b4f-923f-4bf9-a65a-7383c18f59a6,2.16.840.1.114274.1818.56991910751552736697953023720732700039,10000364-959462,10000364-959462,Yes,Male,46.0,Black or African American,False,False,0,1,0,0,0,0,0,,,,,0,1
ct_series_file,76f642f5-37aa-405f-99e8-995abbc8bde7,Open-A1,2.16.840.1.114274.1818.47342475742832064174827561217470576021,CT,DCM,DICOM,2.16.840.1.114274.1818.57333077215595044191512702992976269470/2.16.840.1.114274.1818.47342475742832064174827561217470576021.zip,34244272,b8f8c1b5f53e8e29d89337b6d04521a6,,10000364-2684926,Omnipaque,,,,,,,,SIEMENS,SOMATOM Definition AS+,CT,123.0,dg.MD1R/cfd53040-e2fa-4cf6-b153-b6e2a02d1d5e,,,Coronal 3.0  MPR,2.16.840.1.114274.1818.47342475742832064174827561217470576021,,,da2db6a3-93f5-4066-90b2-f8dd8afadd2c,ACR_20211115,1d14eb64-f082-4974-8436-e8d25a732baf,2.16.840.1.114274.1818.57333077215595044191512702992976269470,10000364-2684926,10000364-2684926,Yes,Male,60.0,White,False,False,0,1,0,0,0,0,0,,,,,0,1
ct_series_file,215ef8e0-96e1-493e-9409-34d68ba81506,Open-A1,2.16.840.1.114274.1818.548277407607171640110069592358544656825,CT,DCM,DICOM,10000364-1255845/2.16.840.1.114274.1818.46384517872820049861913291218910529712/2.16.840.1.114274.1818.548277407607171640110069592358544656825.zip,110360372,5892ef0aaffcd4eada34544a8f114411,,10000364-1255845,APPLIED,Br40f3,XYZ_EC,,,,ORIGINALPRIMARYAXIALCT_SOM5 SPI DUALSTDDNRGDET_AB,,SIEMENS,SOMATOM Definition Flash,CT,484.0,dg.MD1R/ffd0ff21-babe-4ba8-bd8d-bddf1f6a47ce,,,DE_PE  0.75  Br40  3  F_0.6,2.16.840.1.114274.1818.548277407607171640110069592358544656825,0.75,,59f32345-e328-4e77-8813-6fdff0a106e3,ACR_20220415,89aa2da4-89a8-4322-b1f8-b46dc1ce6269,2.16.840.1.114274.1818.46384517872820049861913291218910529712,10000364-1255845,10000364-1255845,Yes,Male,55.0,White,,,0,1,0,0,0,0,0,,,,,0,1
ct_series_file,35b8e347-dbb8-41d7-8f89-35d850e71e92,Open-A1,2.16.840.1.114274.1818.51725013315345990791055856786482039170,CT,DCM,DICOM,10000364-5418159/2.16.840.1.114274.1818.56176836737612704676854170792422871716/2.16.840.1.114274.1818.51725013315345990791055856786482039170.zip,54206812,08835025e92f54356716fd0503690b07,,10000364-5418159,,LUNG,,,,False,ORIGINAL_PRIMARY_AXIAL,,GE MEDICAL SYSTEMS,LightSpeed VCT,CT,,dg.MD1R/b033c049-9d36-409a-8371-223e8102f5a3,FFS,0.669922,Lung 2.5,2.16.840.1.114274.1818.51725013315345990791055856786482039170,1.25,1.25,f704bef2-2e0f-450c-bbd0-8beaf82f4757,ACR_20241215,55f0ad51-6358-4603-98cf-664d152c5dc9,2.16.840.1.114274.1818.56176836737612704676854170792422871716,10000364-5418159,10000364-5418159,Yes,Female,51.0,White,True,False,0,1,0,0,0,0,0,,,,,0,1
ct_series_file,7d6ae7cb-bd1c-4164-a425-4fd786adeab6,Open-A1,2.16.840.1.114274.1818.54810841545346739806845919302887563671,CT,DCM,DICOM,10000364-505319/2.16.840.1.114274.1818.5389261061379620431520644845857931691/2.16.840.1.114274.1818.54810841545346739806845919302887563671.zip,37489086,e7d4cf8571c6cb9d3569e475399c053a,,10000364-505319,,STANDARD,,,,,"DERIVEDSECONDARYREFORMATTED,DERIVEDSECONDARYREFORMATTEDAVERAGE",,GE MEDICAL SYSTEMS,Revolution HD,CT,202.0,dg.MD1R/1d87151e-8fb7-4c8b-9d68-bde6e347bdc6,,"0.783203,0.783203",SAG BODY,2.16.840.1.114274.1818.54810841545346739806845919302887563671,"0.783203,2.0",,59f32345-e328-4e77-8813-6fdff0a106e3,ACR_20220415,319ba7fc-c247-4bc7-ae7e-ea0bb11a32cd,2.16.840.1.114274.1818.5389261061379620431520644845857931691,10000364-505319,10000364-505319,Yes,Male,70.0,White,,,0,1,0,0,0,0,0,,,,,0,1
ct_series_file,fa8be504-12ea-4955-b38c-bec85168be2d,Open-A1,2.16.840.1.114274.1818.50519137514621002919176538749641311638,CT,DCM,DICOM,2.16.840.1.114274.1818.504768541521304972716613932754938535073/2.16.840.1.114274.1818.50519137514621002919176538749641311638.zip,24052312,3dd778485c31f8357e5b71949a7f907f,,10000364-1609292,OMNI 350,,,,,,,,SIEMENS,SOMATOM Drive,CT,107.0,dg.MD1R/e422d210-ac4f-4f80-9673-69fc3b9ce5ac,,,CORONAL  F_0.5,2.16.840.1.114274.1818.50519137514621002919176538749641311638,,,da2db6a3-93f5-4066-90b2-f8dd8afadd2c,ACR_20211115,2ba28826-0349-425c-8acd-1c24496e0241,2.16.840.1.114274.1818.504768541521304972716613932754938535073,10000364-1609292,10000364-1609292,Yes,Male,30.0,Not Reported,,,0,1,0,0,0,0,0,,,,,0,1
ct_series_file,1da6a063-bea8-41e2-9315-91f4ceca702f,Open-A1,2.16.840.1.114274.1818.57627740366652202082542205777750873218,CT,DCM,DICOM,10003752-T36BHnWyIU23pTaF67QTBQ/2.16.840.1.114274.1818.49067306242553258744099908888447539373/2.16.840.1.114274.1818.57627740366652202082542205777750873218.zip,107455188,6c50e7c01c7b3df9933520921f542bd4,,10003752-T36BHnWyIU23pTaF67QTBQ,,,,,,,,,GE MEDICAL SYSTEMS,Revolution CT,CT,519.0,dg.MD1R/522a7f04-83e9-4cc5-b9fc-b73475855d71,,,CHEST SOURCE DLIR MED,2.16.840.1.114274.1818.57627740366652202082542205777750873218,,,06406925-1d98-4e8f-a0ce-c52b678bcb2a,ACR_20220107,4b682ebd-fed4-452a-b820-fd8257063495,2.16.840.1.114274.1818.49067306242553258744099908888447539373,10003752-T36BHnWyIU23pTaF67QTBQ,10003752-T36BHnWyIU23pTaF67QTBQ,Yes,Male,78.0,Not Reported,,,0,1,0,0,0,0,0,,,,,0,1
ct_series_file,3572d5a2-d829-490b-837f-4ff217990c62,Open-A1,2.16.840.1.114362.1.12359305.25874454649.712493466.382.962,CT,DCM,DICOM,10041569-bFF4J5AcxkSvU0ZBXOHAQ/2.16.840.1.114274.1818.51431465185301546299285337618883924662/2.16.840.1.114362.1.12359305.25874454649.712493466.382.962.zip,11045090,98da6093562b65d66757c1429388cadc,,10041569-bFF4J5AcxkSvU0ZBXOHAQ,,H30s,,Skull-stripping,,True,DERIVED_PRIMARY_AXIAL,,SIEMENS / MIM Software,Sensation 16 with Akron Q tube,CT,,dg.MD1R/1b24bedd-8e61-49e1-b43f-5469ba050d1e,HFS,0.40820312,BrainSegmentation,2.16.840.1.114362.1.12359305.25874454649.712493466.382.962,1.0,,4fd56c15-6e2d-4b23-9089-796f313124bb,ACR_20250901,5a1ee9dc-b903-4e3f-85c0-1751721525cb,2.16.840.1.114274.1818.51431465185301546299285337618883924662,10041569-bFF4J5AcxkSvU0ZBXOHAQ,10041569-bFF4J5AcxkSvU0ZBXOHAQ,Yes,Female,64.0,White,False,True,0,1,0,0,0,0,0,,,,,0,1
ct_series_file,b06c71ad-141e-4c7c-827e-3e19840c05d5,Open-A1,2.16.840.1.114274.1818.474910897344924945114661874724443198084,CT,DCM,DICOM,10000364-2373459/CT_2.16.840.1.114274.1818.56364309403093779062844472729848510378/2.16.840.1.114274.1818.474910897344924945114661874724443198084.zip,120569800,6b33deeb8ddedb8faeb5d52502d07ba8,,10000364-2373459,UNDEFINED,,,,,,,,Siemens Healthineers,SOMATOM go.Top,CT,417.0,dg.MD1R/1d24b089-c1d2-4a50-a455-a3591bee7185,,,CHEST PE 1.50 Bl56 S3 LUNG THINS,2.16.840.1.114274.1818.474910897344924945114661874724443198084,,,23e8c279-92d2-47da-99de-97dedc454bb4,ACR_20211020,f5125179-c961-4953-8bef-b37f5e226db7,2.16.840.1.114274.1818.56364309403093779062844472729848510378,10000364-2373459,10000364-2373459,Yes,Male,52.0,White,,,0,1,0,0,0,0,0,,,,,0,1
ct_series_file,86ad562a-b7fc-49db-ba4c-3f71253c1cca,Open-A1,2.16.840.1.114362.1.12177026.25874454649.637487778.662.526,CT,DCM,DICOM,10000364-1256461/2.16.840.1.114274.1818.483773530346436661114988529440658884484/2.16.840.1.114362.1.12177026.25874454649.637487778.662.526.zip,18959444,c7c85e12438234ec6206c43bc7bf63a2,,10000364-1256461,,J37s,,Skull-stripping,2.0,True,DERIVED_PRIMARY_AXIAL,,SIEMENS / MIM Software,SOMATOM Definition AS,CT,262.0,dg.MD1R/66df6a32-6b2d-48de-abce-a4326845c5de,HFS,0.423828185,BrainSegmentation,2.16.840.1.114362.1.12177026.25874454649.637487778.662.526,0.586888552,,f3a84a57-f61e-4953-af27-23f850bc857a,ACR_20230415,34eee807-34ea-4898-993a-eca19d987689,2.16.840.1.114274.1818.483773530346436661114988529440658884484,10000364-1256461,10000364-1256461,Yes,Female,86.0,White,False,False,0,1,0,0,0,0,0,,,,,0,1
ct_series_file,9d85d783-29b9-466e-b02e-60f8cc7524b2,Open-A1,2.16.840.1.114274.1818.49732054740574764806101423351510197689,CT,DCM,DICOM,10000364-2700905/2.16.840.1.114274.1818.4740261485318963787631459106147727033/2.16.840.1.114274.1818.49732054740574764806101423351510197689.zip,12516086,f2727d1ef94afdd833ed81c0ae248dea,,10000364-2700905,NONE & OMNIPAQUE 350 100,STANDARD,,,,,ORIGINALPRIMARYAXIAL,,GE MEDICAL SYSTEMS,Revolution HD,CT,67.0,dg.MD1R/364e7701-0b2a-4ef0-8e23-32f3b3c76a4f,,,PE 5MM,2.16.840.1.114274.1818.49732054740574764806101423351510197689,5.0,5.0,59f32345-e328-4e77-8813-6fdff0a106e3,ACR_20220415,7d351b0e-f03e-495c-bd39-cff6775b257a,2.16.840.1.114274.1818.4740261485318963787631459106147727033,10000364-2700905,10000364-2700905,Yes,Male,36.0,White,,,0,1,0,0,0,0,0,,,,,0,1
ct_series_file,021b509b-bfc2-4d85-8948-58a46657b950,Open-A1,2.16.840.1.114274.1818.511307186220933152716029455153998683301,CT,DCM,DICOM,10000364-1732728/CT_2.16.840.1.114274.1818.491592999604847493114372890824343043212/2.16.840.1.114274.1818.511307186220933152716029455153998683301.zip,796868,6ee45204891fb8b98870cd0da6279fde,,10000364-1732728,OMNIPAQUE 350,,,,,,,,GE MEDICAL SYSTEMS,LightSpeed VCT,CT,4.0,dg.MD1R/2029dde4-91e7-41f6-b9d9-67a49a0c669f,,,Smart Prep Series,2.16.840.1.114274.1818.511307186220933152716029455153998683301,,,23e8c279-92d2-47da-99de-97dedc454bb4,ACR_20211020,86c19768-c7ef-4624-a420-3e7629a9e797,2.16.840.1.114274.1818.491592999604847493114372890824343043212,10000364-1732728,10000364-1732728,Yes,Male,42.0,White,,,0,1,0,0,0,0,0,,,,,0,1
ct_series_file,e1b0913c-7bbe-475e-957b-18626d4c64f3,Open-A1,2.16.840.1.114274.1818.501629014027594639618432535922445185469,CT,DCM,DICOM,2.16.840.1.114274.1818.517792388935223239081903531320664494/2.16.840.1.114274.1818.501629014027594639618432535922445185469.zip,12676522,e502c3ce876ac966ba13bb670a5b7712,,10003752-vEyB7rRri0q3m2DTKNpcg,Iodine,,,,,,,,Philips,iCT 256,CT,60.0,dg.MD1R/69c95627-c09f-4741-a394-234eb5f875e0,,,MIP  iDose (2),2.16.840.1.114274.1818.501629014027594639618432535922445185469,,,da2db6a3-93f5-4066-90b2-f8dd8afadd2c,ACR_20211115,e83c261c-078f-4e4b-b522-f0fba2be20bb,2.16.840.1.114274.1818.517792388935223239081903531320664494,10003752-vEyB7rRri0q3m2DTKNpcg,10003752-vEyB7rRri0q3m2DTKNpcg,Yes,Female,54.0,Black or African American,,,0,1,0,0,0,0,0,,,,,0,1
ct_series_file,b5b01bca-fc7a-4c0d-bafa-1efecfc000e2,Open-A1,2.16.840.1.114362.1.12177026.25874454649.637832155.514.954,CT,DCM,DICOM,10000364-5911216/2.16.840.1.114274.1818.51827145526594600895633654934103693993/2.16.840.1.114362.1.12177026.25874454649.637832155.514.954.zip,2035788,80a8c79b27e7c1ab660f7e9ee4a5804d,,10000364-5911216,,Hc40f,,Skull-stripping,2.0,True,DERIVED_PRIMARY_AXIAL,,SIEMENS / MIM Software,SOMATOM Definition Flash,CT,38.0,dg.MD1R/f2da21ea-5893-4dde-95ad-513f106e3121,HFS,0.474609375,BrainSegmentation,2.16.840.1.114362.1.12177026.25874454649.637832155.514.954,5.0,,f3a84a57-f61e-4953-af27-23f850bc857a,ACR_20230415,9628295d-928d-4d3a-822b-d9ead1ced04e,2.16.840.1.114274.1818.51827145526594600895633654934103693993,10000364-5911216,10000364-5911216,Yes,Male,73.0,White,True,True,0,1,0,0,0,0,0,,,,,0,1
ct_series_file,b6d086c5-fcb5-4a57-b2bb-fc2242e88fb2,Open-A1,2.16.840.1.114274.1818.561711472390940806913592897638244455559,CT,DCM,DICOM,10000364-1094310/2.16.840.1.114274.1818.469975335482435453911723342587690023083/2.16.840.1.114274.1818.561711472390940806913592897638244455559.zip,204880212,b3492ff56406774668c29761c839d083,,10000364-1094310,OMNIPAQUE,STANDARD,,,,,ORIGINALPRIMARYAXIAL,,GE MEDICAL SYSTEMS,Revolution CT,CT,1153.0,dg.MD1R/9e0f6c58-b9d5-4351-8579-35741e9aa79f,,"0.976563,0.976563",C/A/P 1.25,2.16.840.1.114274.1818.561711472390940806913592897638244455559,1.25,0.625,59f32345-e328-4e77-8813-6fdff0a106e3,ACR_20220415,d72fff76-341a-4dea-9091-5fc3c0dd1f5b,2.16.840.1.114274.1818.469975335482435453911723342587690023083,10000364-1094310,10000364-1094310,Yes,Male,59.0,Black or African American,,,0,1,0,0,0,0,0,,,,,0,1
ct_series_file,fb643b04-6e57-4443-b1de-562cdfe03204,Open-A1,2.16.840.1.114274.1818.46612699862688894814639238124850512555,CT,DCM,DICOM,2.16.840.1.114274.1818.470646795558525941915029372701259240332/2.16.840.1.114274.1818.46612699862688894814639238124850512555.zip,152436,1b82536c13b379f1cf1b57f79326398a,,10000364-1836586,,,,,,,,,Siemens Healthineers,SOMATOM go.Top,CT,1.0,dg.MD1R/4eebd33e-b54f-4a0f-b04c-dee836484519,,,Topogram 0.60 Tr20 cor,2.16.840.1.114274.1818.46612699862688894814639238124850512555,,,da2db6a3-93f5-4066-90b2-f8dd8afadd2c,ACR_20211115,46f5693f-a8c1-4469-be7b-0f5f03e0695e,2.16.840.1.114274.1818.470646795558525941915029372701259240332,10000364-1836586,10000364-1836586,Yes,Male,65.0,White,False,False,0,1,0,0,0,0,0,,,,,0,1
ct_series_file,d9ca5621-0a54-4e7b-a57d-b7b36d119726,Open-A1,2.16.840.1.114362.1.12046989.25852852998.634168122.125.34,CT,DCM,DICOM,10000364-1472327/2.16.840.1.114274.1818.567851267739794882815922774116697847699/2.16.840.1.114362.1.12046989.25852852998.634168122.125.34.zip,1995326,ed57cfd9a818a9df222b0eb39feddd11,,10000364-1472327,,STANDARD,,Skull-stripping,2.0,True,DERIVED_PRIMARY_AXIAL,,GE MEDICAL SYSTEMS / MIM Software,Revolution HD,CT,32.0,dg.MD1R/fca38957-c808-4c98-a4c9-d7da8cec0691,HFS,0.429688215,BrainSegmentation,2.16.840.1.114362.1.12046989.25852852998.634168122.125.34,5.0,,f3a84a57-f61e-4953-af27-23f850bc857a,ACR_20230415,f186ef85-dfb7-4dd8-8caf-97b1d610eeaf,2.16.840.1.114274.1818.567851267739794882815922774116697847699,10000364-1472327,10000364-1472327,Yes,Female,58.0,White,True,True,0,1,0,0,0,0,0,,,,,0,1
ct_series_file,65d8de10-2b22-4e25-b8a7-34ddf485a12c,Open-A1,2.16.840.1.114274.1818.48461239914964302999400978207232982689,CT,DCM,DICOM,10000364-1030245/2.16.840.1.114274.1818.47348423205953307535676984959745279383/2.16.840.1.114274.1818.48461239914964302999400978207232982689.zip,2436752,8b74478879d1f2e027ebad230d25fad2,,10000364-1030245,APPLIED,Br38f,NONE,,,False,ORIGINAL_PRIMARY_AXIAL_CT_SOM5 MON,,SIEMENS,SOMATOM Definition AS,CT,,dg.MD1R/86bb75c6-ee33-4955-8eae-bde96063062a,FFS,0.5859375,Monitoring  10.0  Br38,2.16.840.1.114274.1818.48461239914964302999400978207232982689,10.0,,f704bef2-2e0f-450c-bbd0-8beaf82f4757,ACR_20241215,d2d82314-2475-438e-8108-a56e6f6ae21b,2.16.840.1.114274.1818.47348423205953307535676984959745279383,10000364-1030245,10000364-1030245,Yes,Male,64.0,White,False,False,0,1,0,0,0,0,0,,,,,0,1
ct_series_file,82b3d6da-a838-4032-a44a-bbf0e091ef3a,Open-A1,2.16.840.1.114274.1818.57348560242097822453998428139057234859,CT,DCM,DICOM,2.16.840.1.114274.1818.572621657860983273811430217491581016205/2.16.840.1.114274.1818.57348560242097822453998428139057234859.zip,22071266,bc2f3b555fe62344311fd7772f821f29,,10003752-XEyBV3nukeFKbtALdHPaA,OMNI 350,,,,,,,,GE MEDICAL SYSTEMS,Revolution CT,CT,121.0,dg.MD1R/17b086e7-b467-4d78-97eb-a6b1b0eeda3c,,,ART COR DLIR MED,2.16.840.1.114274.1818.57348560242097822453998428139057234859,,,da2db6a3-93f5-4066-90b2-f8dd8afadd2c,ACR_20211115,b7481b2a-7332-4b4a-b0db-e757aab3d603,2.16.840.1.114274.1818.572621657860983273811430217491581016205,10003752-XEyBV3nukeFKbtALdHPaA,10003752-XEyBV3nukeFKbtALdHPaA,Yes,Male,54.0,Black or African American,,,0,1,0,0,0,0,0,,,,,0,1
ct_series_file,466bca12-be80-4813-8489-6e230f7c3f7c,Open-A1,2.16.840.1.114274.1818.47966266961912773301971796880576258966,CT,DCM,DICOM,10000364-1256217/CT_2.16.840.1.114274.1818.467110462245090352614786259651881753997/2.16.840.1.114274.1818.47966266961912773301971796880576258966.zip,1012824,5b8951e8d0979eee0fce99cb8dfaf034,,10000364-1256217,,,,,,,,,GE MEDICAL SYSTEMS,Discovery CT750 HD,CT,2.0,dg.MD1R/61b0cdb4-5521-4c43-a0f0-973b9e3121d1,,,SCOUT,2.16.840.1.114274.1818.47966266961912773301971796880576258966,,,23e8c279-92d2-47da-99de-97dedc454bb4,ACR_20211020,6ed4b30f-c45f-4956-b669-2f2a7c2871bc,2.16.840.1.114274.1818.467110462245090352614786259651881753997,10000364-1256217,10000364-1256217,Yes,Male,34.0,Black or African American,,,0,1,0,0,0,0,0,,,,,0,1
ct_series_file,f925cd9f-3569-4063-8dc2-46b007eaef57,Open-A1,2.16.840.1.114274.1818.49677135279328754906340185733017088934,CT,DCM,DICOM,10000364-1334990/2.16.840.1.114274.1818.530743347015154406914681866870065330096/2.16.840.1.114274.1818.49677135279328754906340185733017088934.zip,54106666,414baa850fecffa68334d6708576722e,,10000364-1334990,APPLIED,Bl57f,XYZ_EC,,,False,ORIGINAL_PRIMARY_AXIAL_CT_SOM5 SPI,,SIEMENS,SOMATOM Definition Flash,CT,,dg.MD1R/5a2d2796-9e9f-43be-91e3-741bf4a7a38f,FFS,0.61328125,LUNG1.5  Bl57,2.16.840.1.114274.1818.49677135279328754906340185733017088934,1.5,,f704bef2-2e0f-450c-bbd0-8beaf82f4757,ACR_20241215,680bd833-d6c6-4686-bbce-8c6b423ad330,2.16.840.1.114274.1818.530743347015154406914681866870065330096,10000364-1334990,10000364-1334990,Yes,Female,56.0,Black or African American,False,False,0,1,0,0,0,0,0,,,,,0,1
ct_series_file,3f4549c6-d6b1-4346-bdf7-5ecdb46db68c,Open-A1,2.16.840.1.114274.1818.567063244028926120816769126859338960795,CT,DCM,DICOM,10003752-QYvayfDR06A1F8xYGbA/2.16.840.1.114274.1818.483022141172506296113939977635461637529/2.16.840.1.114274.1818.567063244028926120816769126859338960795.zip,15595876,43e13d9f05ebd2db4d8379914505ee6b,,10003752-QYvayfDR06A1F8xYGbA,,,,,,,,,Philips,iCT 256,CT,45.0,dg.MD1R/0043be6e-4224-4cf5-bc74-03e5cf0d555f,,,"MinIP, iDose (2)",2.16.840.1.114274.1818.567063244028926120816769126859338960795,,,06406925-1d98-4e8f-a0ce-c52b678bcb2a,ACR_20220107,dd1adff1-6795-4c78-96ec-ce22789c8991,2.16.840.1.114274.1818.483022141172506296113939977635461637529,10003752-QYvayfDR06A1F8xYGbA,10003752-QYvayfDR06A1F8xYGbA,Yes,Female,68.0,Black or African American,,,0,1,0,0,0,0,0,,,,,0,1
ct_series_file,5cbd6c47-a056-4e0b-96b8-89afb1285cec,Open-A1,2.16.840.1.114274.1818.524615132466454307112277603802387107974,CT,DCM,DICOM,10000364-2443852/2.16.840.1.114274.1818.514451408933949692617677021857743988646/2.16.840.1.114274.1818.524615132466454307112277603802387107974.zip,34680346,682e902cf58462eac11cf5f135dc205b,,10000364-2443852,,STANDARD,,,,,DERIVEDSECONDARYREFORMATTEDAVERAGE,,GE MEDICAL SYSTEMS,Discovery CT750 HD,CT,193.0,dg.MD1R/5fa4a6a6-ff89-4026-96c4-b1ae84f7f379,,"0.75,0.75",chest sagital,2.16.840.1.114274.1818.524615132466454307112277603802387107974,"2.0,1.25",,59f32345-e328-4e77-8813-6fdff0a106e3,ACR_20220415,cb181874-aef0-464c-ac50-164d9a8192a1,2.16.840.1.114274.1818.514451408933949692617677021857743988646,10000364-2443852,10000364-2443852,Yes,Female,69.0,White,,,0,1,0,0,0,0,0,,,,,0,1
ct_series_file,01225984-ca33-4df8-b5a8-8d923c6d2b0d,Open-A1,2.16.840.1.114274.1818.536025006348388568613972102884857475977,CT,DCM,DICOM,2.16.840.1.114274.1818.472021383151457107510336125085816520365/2.16.840.1.114274.1818.536025006348388568613972102884857475977.zip,972874,93f9d3b5db6371079dd919ca81cfd89d,,10003752-1azc4d4F9UOj1vIbA3G0BQ,,,,,,,,,Philips,iCT 256,CT,2.0,dg.MD1R/13a7ff95-61d4-49a1-aa06-263d4b264d6c,,,SURVIEW,2.16.840.1.114274.1818.536025006348388568613972102884857475977,,,da2db6a3-93f5-4066-90b2-f8dd8afadd2c,ACR_20211115,7d4a8e13-7154-42b3-bba4-c502ae295e1e,2.16.840.1.114274.1818.472021383151457107510336125085816520365,10003752-1azc4d4F9UOj1vIbA3G0BQ,10003752-1azc4d4F9UOj1vIbA3G0BQ,Yes,Male,63.0,Black or African American,,,0,1,0,0,0,0,0,,,,,0,1
ct_series_file,a643d452-1b3a-49c3-b123-449539e502f4,Open-A1,2.16.840.1.114274.1818.48057691031798228152895807485096809883,CT,DCM,DICOM,10000364-1425304/2.16.840.1.114274.1818.46497707356235249941131179383829862308/2.16.840.1.114274.1818.48057691031798228152895807485096809883.zip,58336172,fdc1be47d2d3eb3db92dad804c46d733,,10000364-1425304,OMNI 350,Br40f,XYZ_EC,,,,DERIVEDPRIMARYAXIALCT_SOM5 MPRSTDDNRGDET_AB,,SIEMENS,SOMATOM Drive,CT,246.0,dg.MD1R/696e3a2f-d8eb-4a53-b819-79fc5873cbc8,,"0.43525179856115,0.435546875",SAG CHEST PE STD MPR +C  F_0.5,2.16.840.1.114274.1818.48057691031798228152895807485096809883,1.5,,59f32345-e328-4e77-8813-6fdff0a106e3,ACR_20220415,109608f0-cf1e-439a-ae4f-d5d5e1be61cd,2.16.840.1.114274.1818.46497707356235249941131179383829862308,10000364-1425304,10000364-1425304,Yes,Female,18.0,Black or African American,False,False,0,1,0,0,0,0,0,,,,,0,1
ct_series_file,730f6cc3-df10-4106-87c4-73f9e48e790c,Open-A1,2.16.840.1.114274.1818.57395610981732298017895199623704612741,CT,DCM,DICOM,2.16.840.1.114274.1818.4648627821032263379679475306552443298/2.16.840.1.114274.1818.57395610981732298017895199623704612741.zip,18238048,a728a00ca396f8cca1ad7fc3d449e0dd,,10000364-1384763,GASTROGRAFIN & 100ML OMNI 350,,,,,,,,GE MEDICAL SYSTEMS,LightSpeed VCT,CT,92.0,dg.MD1R/e72fd339-8713-40b3-a8ba-8eaf917c79a0,,,ABD/PELVIS,2.16.840.1.114274.1818.57395610981732298017895199623704612741,,,da2db6a3-93f5-4066-90b2-f8dd8afadd2c,ACR_20211115,24848fff-2e58-485a-838c-259e3f04c85d,2.16.840.1.114274.1818.4648627821032263379679475306552443298,10000364-1384763,10000364-1384763,Yes,Female,80.0,White,,,0,1,0,0,0,0,0,,,,,0,1
ct_series_file,6a872e59-29db-4dbd-80da-a3fb31267d53,Open-A1,2.16.840.1.114274.1818.547401528059332297117640558119006322602,CT,DCM,DICOM,10000364-1615807/2.16.840.1.114274.1818.501424504759758794514122735929463913918/2.16.840.1.114274.1818.547401528059332297117640558119006322602.zip,29505260,c0544d55d5e946265d287c8bacb591d8,,10000364-1615807,OMNIPAQUE 350,STANDARD,,,,,"DERIVEDSECONDARYREFORMATTEDMIN IP,DERIVEDSECONDARYREFORMATTED",,GE MEDICAL SYSTEMS,LightSpeed VCT,CT,193.0,dg.MD1R/c295273c-fd29-4373-87de-e74c3bd0b3ef,,"1.330078,1.330078",2x2 sag abd,2.16.840.1.114274.1818.547401528059332297117640558119006322602,"2.0,0.748047",,59f32345-e328-4e77-8813-6fdff0a106e3,ACR_20220415,43f27907-f335-4079-b5d5-dfe93bb038b6,2.16.840.1.114274.1818.501424504759758794514122735929463913918,10000364-1615807,10000364-1615807,Yes,Female,52.0,White,False,False,0,1,0,0,0,0,0,,,,,0,1
ct_series_file,8c7ced7c-8b50-4a22-87dd-341af6d0b1ff,Open-A1,2.16.840.1.114274.1818.46701986899167109602474301749979509937,CT,DCM,DICOM,10000364-1272138/2.16.840.1.114274.1818.532496825353631269411884228826457437853/2.16.840.1.114274.1818.46701986899167109602474301749979509937.zip,43044752,7e74886a080b6df9fff0fb42a66cf79d,,10000364-1272138,,,,,,,,,GE MEDICAL SYSTEMS,Discovery CT750 HD,CT,168.0,dg.MD1R/cb3767d2-4093-4fa1-a9d4-134a597fbc14,,,LUNG,2.16.840.1.114274.1818.46701986899167109602474301749979509937,,,5f596eb7-d79b-47d3-8ff0-1d4ba3d2ea85,ACR_20210827,ff6c626b-99d3-4efc-8c9c-2f6ed688ab53,2.16.840.1.114274.1818.532496825353631269411884228826457437853,10000364-1272138,10000364-1272138,Yes,Female,57.0,Not Reported,,,0,1,0,0,0,0,0,,,,,0,1
ct_series_file,8c7e2bf3-f7f7-4f29-9852-47cea110aab4,Open-A1,2.16.840.1.114274.1818.498485127556174960616206084529240535426,CT,DCM,DICOM,10000364-163370/CT_2.16.840.1.114274.1818.56216389695629077988932422259568252599/2.16.840.1.114274.1818.498485127556174960616206084529240535426.zip,67756796,925f4402b635f9e972962c358279da00,,10000364-163370,,,,,,,,,GE MEDICAL SYSTEMS,LightSpeed VCT,CT,259.0,dg.MD1R/66e3a46f-aae7-44f3-a1ee-5d287ec28ab7,,,LUNG,2.16.840.1.114274.1818.498485127556174960616206084529240535426,,,23e8c279-92d2-47da-99de-97dedc454bb4,ACR_20211020,3857b2ba-e4b5-43ff-8972-675bc69d0e0e,2.16.840.1.114274.1818.56216389695629077988932422259568252599,10000364-163370,10000364-163370,Yes,Male,66.0,Black or African American,,,0,1,0,0,0,0,0,,,,,0,1
ct_series_file,c0d6eaa4-0063-45c8-a5fd-126cc4ff1380,Open-A1,2.16.840.1.114274.1818.47429541918263116118976690926564499638,CT,DCM,DICOM,2.16.840.1.114274.1818.5299090944448902766216688967156099236/2.16.840.1.114274.1818.47429541918263116118976690926564499638.zip,11029658,57245dc7521f30d086d4cb5015554f40,,10000364-1050195,,,,,,,,,GE MEDICAL SYSTEMS,Discovery CT750 HD,CT,44.0,dg.MD1R/cb4471a6-6a45-48ff-8b6e-de58dc1fb4e8,,,Lung MIPS,2.16.840.1.114274.1818.47429541918263116118976690926564499638,,,da2db6a3-93f5-4066-90b2-f8dd8afadd2c,ACR_20211115,dcd39a9e-630a-499a-aac3-8aa70d3ea918,2.16.840.1.114274.1818.5299090944448902766216688967156099236,10000364-1050195,10000364-1050195,Yes,Male,55.0,White,True,False,0,1,0,0,0,0,0,,,,,0,1
ct_series_file,47dd53ed-1210-4520-b829-734453a75692,Open-A1,2.16.840.1.114274.1818.521059043592053023516877834429730946208,CT,DCM,DICOM,2.16.840.1.114274.1818.57475181029282207602377921772225110712/2.16.840.1.114274.1818.521059043592053023516877834429730946208.zip,32861680,e14541a16287d4e1d489e13c53aa235a,,10000364-1518337,,,,,,,,,GE MEDICAL SYSTEMS,LightSpeed VCT,CT,158.0,dg.MD1R/45573ac3-c758-4c1b-8d30-d295e39f0c79,,,2x2 cor abd,2.16.840.1.114274.1818.521059043592053023516877834429730946208,,,da2db6a3-93f5-4066-90b2-f8dd8afadd2c,ACR_20211115,35d786ec-6f53-4439-9b90-f7a8b9bcb407,2.16.840.1.114274.1818.57475181029282207602377921772225110712,10000364-1518337,10000364-1518337,Yes,Female,61.0,White,True,False,0,1,0,0,0,0,0,,,,,0,1
ct_series_file,af652ed1-0ef0-4574-a96d-9fa4fb8dfbbd,Open-A1,2.16.840.1.114274.1818.556331277323863680217651822911647151259,CT,DCM,DICOM,2.16.840.1.114274.1818.498641362404844478217162480031729604246/2.16.840.1.114274.1818.556331277323863680217651822911647151259.zip,31854894,1ff7643bc51eae6d8da56f8ef9fe173b,,10000364-604300,,,,,,,,,GE MEDICAL SYSTEMS,Discovery CT750 HD,CT,147.0,dg.MD1R/a8bfa24f-3054-4e11-8034-d12ef59c50c3,,,coronal abdomen,2.16.840.1.114274.1818.556331277323863680217651822911647151259,,,da2db6a3-93f5-4066-90b2-f8dd8afadd2c,ACR_20211115,4fe9860b-55b8-4441-b3e3-57ca483a0e9f,2.16.840.1.114274.1818.498641362404844478217162480031729604246,10000364-604300,10000364-604300,Yes,Male,62.0,White,True,False,0,1,0,0,0,0,0,,,,,0,1
ct_series_file,66b8dcf9-3fb4-422b-b519-173aadf9c797,Open-A1,2.16.840.1.114274.1818.543246954942566024248197409590604218,CT,DCM,DICOM,10000364-1604033/2.16.840.1.114274.1818.52311809276056253788915166029372215223/2.16.840.1.114274.1818.543246954942566024248197409590604218.zip,18565824,284d62fb10351654b747919cd91970f9,,10000364-1604033,,STANDARD,,,,,"DERIVEDSECONDARYREFORMATTEDAVERAGE,DERIVEDSECONDARYREFORMATTEDMIP",,GE MEDICAL SYSTEMS,Discovery CT750 HD,CT,126.0,dg.MD1R/7e43ecc9-864d-4df9-b433-a9e6a48ac3dc,,"0.730469,0.730469",coronal mips chest,2.16.840.1.114274.1818.543246954942566024248197409590604218,"6.0,1.25",,59f32345-e328-4e77-8813-6fdff0a106e3,ACR_20220415,25d1fb5d-d5c9-4d5d-af88-842c488d9fa4,2.16.840.1.114274.1818.52311809276056253788915166029372215223,10000364-1604033,10000364-1604033,Yes,Female,43.0,Black or African American,,,0,1,0,0,0,0,0,,,,,0,1
ct_series_file,df517f6f-65ad-431e-865e-edf7d1ce7365,Open-A1,2.16.840.1.114274.1818.51915881595224741914751094995166814904,CT,DCM,DICOM,10000364-2371229/CT_2.16.840.1.114274.1818.54368556684211628417824247694881072304/2.16.840.1.114274.1818.51915881595224741914751094995166814904.zip,31905370,eb0e738cf1fe33ebd0b9d677ae96309e,,10000364-2371229,OMNIPAQUE 350 100,,,,,,,,GE MEDICAL SYSTEMS,Revolution HD,CT,183.0,dg.MD1R/48ad0d18-1c73-4840-8ab0-790d4e3a1540,,,COR BODY,2.16.840.1.114274.1818.51915881595224741914751094995166814904,,,23e8c279-92d2-47da-99de-97dedc454bb4,ACR_20211020,5068c295-4250-483f-9400-0919e59b0625,2.16.840.1.114274.1818.54368556684211628417824247694881072304,10000364-2371229,10000364-2371229,Yes,Female,77.0,White,,,0,1,0,0,0,0,0,,,,,0,1
ct_series_file,ee11e546-fb91-4f66-b9ee-cec2e727af8e,Open-A1,2.16.840.1.114274.1818.54323709148804905504221946778430016943,CT,DCM,DICOM,10000364-1803760/2.16.840.1.114274.1818.464948670519947034110939766688631364524/2.16.840.1.114274.1818.54323709148804905504221946778430016943.zip,156658570,a52c31a8bc2a8c0d4c83739a4f424179,,10000364-1803760,,Br36f,XYZ_EC,,,False,ORIGINAL_PRIMARY_AXIAL_CT_SOM5 SPI,,SIEMENS,SOMATOM Definition AS,CT,,dg.MD1R/b8b138d7-df86-4df6-9bfd-8687c27d739a,HFS,0.73046875,AXIAL LUNG 1.0/0.5  MM,2.16.840.1.114274.1818.54323709148804905504221946778430016943,1.0,,f704bef2-2e0f-450c-bbd0-8beaf82f4757,ACR_20241215,85c66574-c1e2-4094-b68c-5ec58fc28360,2.16.840.1.114274.1818.464948670519947034110939766688631364524,10000364-1803760,10000364-1803760,Yes,Male,75.0,White,True,False,0,1,0,0,0,0,0,,,,,0,1
ct_series_file,f04a419e-9f15-47dd-a7e5-e1ee8d262a33,Open-A1,2.16.840.1.114362.1.12046989.25378270694.615143232.968.258,CT,DCM,DICOM,10000364-1440998/2.16.840.1.114274.1818.483630942091580711916637608952471267994/2.16.840.1.114362.1.12046989.25378270694.615143232.968.258.zip,22346664,35b297a3a29d3f82e872ed05c353c6a6,,10000364-1440998,NONE,BONE,,Skull-stripping,2.0,True,DERIVED_PRIMARY_AXIAL,,GE MEDICAL SYSTEMS / MIM Software,Revolution HD,CT,256.0,dg.MD1R/d0398ab9-cb63-4a2c-ae0f-ab8fd683c624,HFS,0.429687977,BrainSegmentation,2.16.840.1.114362.1.12046989.25378270694.615143232.968.258,0.625000417,,f3a84a57-f61e-4953-af27-23f850bc857a,ACR_20230415,12e22376-aa63-457c-b1c6-14106ea7c6de,2.16.840.1.114274.1818.483630942091580711916637608952471267994,10000364-1440998,10000364-1440998,Yes,Female,40.0,Black or African American,False,False,0,1,0,0,0,0,0,,,,,0,1
ct_series_file,ce89bba7-93cb-4216-9b92-6974f50e7ddb,Open-A1,1.3.6.1.4.1.5962.99.1.3492129840.282517718.1618953007798.2457.0,CT,DCM,DICOM,10000364-920844/1.3.6.1.4.1.5962.99.1.3492129840.282517718.1618953007798.2451.0/1.3.6.1.4.1.5962.99.1.3492129840.282517718.1618953007798.2457.0.zip,85999600,77cef7ff7658ef3f753292b8b788cf11,,10000364-920844,,,,,,,ORIGINALPRIMARYAXIALCT_SOM5 SPI,,SIEMENS,SOMATOM Definition AS+,CT,163.0,dg.MD1R/5c798be5-cafe-4c7d-a6ec-7baf947fe9e2,,"0.701171875,0.701171875",PE Axials  1.5 MM,1.3.6.1.4.1.5962.99.1.3492129840.282517718.1618953007798.2457.0,,,327fee87-3f49-4553-8497-34275e2e879f,ACR_20210804,59b87b37-6a72-4e96-b102-d8fc01d7bd37,1.3.6.1.4.1.5962.99.1.3492129840.282517718.1618953007798.2451.0,10000364-920844,10000364-920844,Yes,Female,66.0,White,,,0,1,0,0,0,0,0,,,,,0,1
ct_series_file,6cb1ab6d-f5cd-4265-9b92-3320b6d22417,Open-A1,2.16.840.1.114274.1818.526695242361079961218149317823552490419,CT,DCM,DICOM,10000364-1649958/2.16.840.1.114274.1818.55421101221982940832198304120313160103/2.16.840.1.114274.1818.526695242361079961218149317823552490419.zip,44037274,cd0d2dbac2f9069cc5450d40bbaee429,,10000364-1649958,Omnipaque,I31f3,XYZ_EC,,,,ORIGINALPRIMARYAXIALCT_SOM5 SPI,,SIEMENS,SOMATOM Definition AS+,CT,208.0,dg.MD1R/d1cb0df3-767b-4758-9a2a-544db404b18d,,,PE Axials  1.5 MM,2.16.840.1.114274.1818.526695242361079961218149317823552490419,1.5,,59f32345-e328-4e77-8813-6fdff0a106e3,ACR_20220415,d5a9f2b6-8470-4bd1-96bd-e93509da623b,2.16.840.1.114274.1818.55421101221982940832198304120313160103,10000364-1649958,10000364-1649958,Yes,Male,47.0,White,,,0,1,0,0,0,0,0,,,,,0,1
ct_series_file,76b99ca6-ba3d-4d86-b623-5bfd8d09736f,Open-A1,2.16.840.1.114274.1818.55169353729088664296499403953942384787,CT,DCM,DICOM,2.16.840.1.114274.1818.50393371723786264838447151710679673775/2.16.840.1.114274.1818.55169353729088664296499403953942384787.zip,38634594,456646224df29328a7c4af83a0ba6d08,,10000364-1917172,Omnipaque,,,,,,,,SIEMENS,SOMATOM Definition AS+,CT,203.0,dg.MD1R/e61de45b-d23c-4928-b2b4-948254f14048,,,CT CAP WITH AXIALS 3.0 mm,2.16.840.1.114274.1818.55169353729088664296499403953942384787,,,da2db6a3-93f5-4066-90b2-f8dd8afadd2c,ACR_20211115,b07f112c-5c52-4251-b0b1-0683fa44f2db,2.16.840.1.114274.1818.50393371723786264838447151710679673775,10000364-1917172,10000364-1917172,Yes,Female,65.0,Black or African American,True,False,0,1,0,0,0,0,0,,,,,0,1
ct_series_file,8e78f25b-3918-4df2-926d-0e8ba78d14f7,Open-A1,2.16.840.1.114274.1818.528550813769750786513162088132283154566,CT,DCM,DICOM,10000364-930111/2.16.840.1.114274.1818.51857065678154985423729517527396249237/2.16.840.1.114274.1818.528550813769750786513162088132283154566.zip,21649922,5e3a827c44d1859a504f3611c7a28681,,10000364-930111,OMNI 350,Br59f1,,,,,DERIVEDSECONDARYOTHERCSA MPR THICKAXIALCT_SOM5 SPICSA RESAMPLED,,SIEMENS,SOMATOM Drive,CT,175.0,dg.MD1R/33afd586-7fed-48cb-a1c2-e54476c48db2,,,<MPR Thick Range>,2.16.840.1.114274.1818.528550813769750786513162088132283154566,5.0,,59f32345-e328-4e77-8813-6fdff0a106e3,ACR_20220415,b4e12516-07b8-4d3c-84fb-072aa94e8d51,2.16.840.1.114274.1818.51857065678154985423729517527396249237,10000364-930111,10000364-930111,Yes,Male,59.0,White,False,False,0,1,0,0,0,0,0,,,,,0,1
ct_series_file,4f6d65ad-9b12-41e7-8c0a-afcd8ae5c204,Open-A1,2.16.840.1.114274.1818.46171390416925376032458507232044089230,CT,DCM,DICOM,10003752-K8T8WTRcTkKoXSkzsi7Tnw/2.16.840.1.114274.1818.539921245400777513014050590324758437534/2.16.840.1.114274.1818.46171390416925376032458507232044089230.zip,64502140,800808e5eb4a4385c8f87d6e7a89235c,,10003752-K8T8WTRcTkKoXSkzsi7Tnw,,,,,,,,,GE MEDICAL SYSTEMS,Revolution CT,CT,251.0,dg.MD1R/03c51615-e1c9-426b-8a1b-17c2dd1d0de5,,,HI RES DLIR MED,2.16.840.1.114274.1818.46171390416925376032458507232044089230,,,06406925-1d98-4e8f-a0ce-c52b678bcb2a,ACR_20220107,79516d6c-9856-43dd-b7ec-715ec873378e,2.16.840.1.114274.1818.539921245400777513014050590324758437534,10003752-K8T8WTRcTkKoXSkzsi7Tnw,10003752-K8T8WTRcTkKoXSkzsi7Tnw,Yes,Male,74.0,Black or African American,,,0,1,0,0,0,0,0,,,,,0,1
ct_series_file,0c992e3b-760a-4e6c-b116-cfd098ea493b,Open-A1,2.16.840.1.114274.1818.54269587362938880783534043793051252669,CT,DCM,DICOM,10000364-257219/2.16.840.1.114274.1818.46721269474730200235536438829942871210/2.16.840.1.114274.1818.54269587362938880783534043793051252669.zip,36835548,4c12767ab983f6bb5489b3051f7335f7,,10000364-257219,OMNIPAQUE,I70f_1,XYZ_EC,,,False,ORIGINAL_PRIMARY_AXIAL_CT_SOM5 SPI,,SIEMENS,SOMATOM Definition AS,CT,,dg.MD1R/2095528d-fbc6-4931-9f4e-6004e06519f9,FFS,0.619140625,PE Lungs,2.16.840.1.114274.1818.54269587362938880783534043793051252669,2.0,,f704bef2-2e0f-450c-bbd0-8beaf82f4757,ACR_20241215,b5c8c034-f6aa-48b2-842b-0c0c3222d17a,2.16.840.1.114274.1818.46721269474730200235536438829942871210,10000364-257219,10000364-257219,Yes,Female,62.0,Black or African American,False,False,0,1,0,0,0,0,0,,,,,0,1
ct_series_file,56470bf7-2618-4264-8826-f133a97644e3,Open-A1,2.16.840.1.114274.1818.506327368872910587012406038574440885897,CT,DCM,DICOM,10008204-RDpgaQGJ9ESzovguXxZhTQ/2.16.840.1.114274.1818.506088112280499067014863259879335134597/2.16.840.1.114274.1818.506327368872910587012406038574440885897.zip,951554,4c6eef53ec82795f20286f366f372552,,10008204-RDpgaQGJ9ESzovguXxZhTQ,,STANDARD,,,,,ORIGINALPRIMARYLOCALIZER,0.0,GE MEDICAL SYSTEMS,Optima CT660,CT,2.0,dg.MD1R/b5b81944-ec6d-4db1-8101-a1982f30cc28,,"0.545455,0.634731",SCOUT,2.16.840.1.114274.1818.506327368872910587012406038574440885897,350.727295,10.0,59f32345-e328-4e77-8813-6fdff0a106e3,ACR_20220415,272aa0e5-eb2a-4d08-b754-7f3ec9209181,2.16.840.1.114274.1818.506088112280499067014863259879335134597,10008204-RDpgaQGJ9ESzovguXxZhTQ,10008204-RDpgaQGJ9ESzovguXxZhTQ,Yes,Male,59.0,White,,,0,1,0,0,0,0,0,,,,,0,1
ct_series_file,ab313574-5ec5-4bda-93e8-340a1d1fce43,Open-A1,2.16.840.1.114274.1818.500692281625947263617900966434960593591,CT,DCM,DICOM,2.16.840.1.114274.1818.510963599674833104115650187639680666290/2.16.840.1.114274.1818.500692281625947263617900966434960593591.zip,25811980,a3ec72e43a70530d20375e95aa64e856,,10000364-5894165,,,,,,,,,GE MEDICAL SYSTEMS,Discovery CT750 HD,CT,102.0,dg.MD1R/0c87a47a-a2f7-4b6c-b01f-cc49ca72ffaa,,,LUNG,2.16.840.1.114274.1818.500692281625947263617900966434960593591,,,da2db6a3-93f5-4066-90b2-f8dd8afadd2c,ACR_20211115,baa7cba0-0a1e-40bc-aea7-a970d72a016c,2.16.840.1.114274.1818.510963599674833104115650187639680666290,10000364-5894165,10000364-5894165,Yes,Male,71.0,White,False,False,0,1,0,0,0,0,0,,,,,0,1
ct_series_file,3de13205-cf49-4eee-8cf1-b530bd2054f4,Open-A1,2.16.840.1.114362.1.12359305.25874454649.712930940.583.910,CT,DCM,DICOM,10041569-5Fv9UwnuUiNYZzMtPzPQ/2.16.840.1.114274.1818.48377019796869208855036794937318547873/2.16.840.1.114362.1.12359305.25874454649.712930940.583.910.zip,7579402,72c988ec6c50330252990e9fc1798194,,10041569-5Fv9UwnuUiNYZzMtPzPQ,omnipaque 350,Bf37f,,Skull-stripping,,True,DERIVED_PRIMARY_AXIAL,0.0,SIEMENS / MIM Software,SOMATOM Definition Edge,CT,,dg.MD1R/9655b9b0-e1d7-4b62-8cab-043eb5edca44,HFS,0.390625,BrainSegmentation,2.16.840.1.114362.1.12359305.25874454649.712930940.583.910,1.9998071,,4fd56c15-6e2d-4b23-9089-796f313124bb,ACR_20250901,445216c6-98de-4962-9ab7-8841dec29a28,2.16.840.1.114274.1818.48377019796869208855036794937318547873,10041569-5Fv9UwnuUiNYZzMtPzPQ,10041569-5Fv9UwnuUiNYZzMtPzPQ,Yes,Female,73.0,White,False,True,0,1,0,0,0,0,0,,,,,0,1
ct_series_file,df6ddce1-39f3-4ba9-b356-c449093c6fdd,Open-A1,2.16.840.1.114274.1818.52060735130172466203856066490073864875,CT,DCM,DICOM,10003752-ddjVNYLZR0GKU9iHRMCOpg/2.16.840.1.114274.1818.53173677211254788772699954066186208419/2.16.840.1.114274.1818.52060735130172466203856066490073864875.zip,8659120,122706b80e1fe34206d01d230be0aa93,,10003752-ddjVNYLZR0GKU9iHRMCOpg,,,,,,,,,Philips,Brilliance 64,CT,29.0,dg.MD1R/6c6be393-660a-47b3-ba16-9db058ace9d7,,,"MINIP, iDose (2)",2.16.840.1.114274.1818.52060735130172466203856066490073864875,,,9de1d49d-ad56-44b3-be2e-a2795ce41ff3,ACR_20210915,9c79d4c2-9a70-4e0a-924e-17dc668af224,2.16.840.1.114274.1818.53173677211254788772699954066186208419,10003752-ddjVNYLZR0GKU9iHRMCOpg,10003752-ddjVNYLZR0GKU9iHRMCOpg,Yes,Female,,Black or African American,,,0,1,0,0,0,0,0,,,,,0,1
ct_series_file,022d5b30-c50d-4c38-acaf-56b23e0b537e,Open-A1,2.16.840.1.114274.1818.491376526727525953711337004900670153405,CT,DCM,DICOM,10000364-5435710/CT_2.16.840.1.114274.1818.5324195869777284871616373453549212555/2.16.840.1.114274.1818.491376526727525953711337004900670153405.zip,33836826,9869923fb5d6d1a1b1b5b8b250698807,,10000364-5435710,,,,,,,,,SIEMENS,SOMATOM Definition AS,CT,128.0,dg.MD1R/2dc1f4a6-08f4-4119-be7f-3b2d17af119b,,,Cor,2.16.840.1.114274.1818.491376526727525953711337004900670153405,,,23e8c279-92d2-47da-99de-97dedc454bb4,ACR_20211020,c231c377-54c8-4974-886e-c73a56f3a97c,2.16.840.1.114274.1818.5324195869777284871616373453549212555,10000364-5435710,10000364-5435710,Yes,Female,71.0,White,,,0,1,0,0,0,0,0,,,,,0,1
ct_series_file,68dcd2f4-3a7f-4a06-b346-f78accb26418,Open-A1,2.16.840.1.114274.1818.48669820506645073524548326335328400317,CT,DCM,DICOM,10003752-2KULAYbg20av09EIWpgCTw/2.16.840.1.114274.1818.46489591583487527247964617366730063266/2.16.840.1.114274.1818.48669820506645073524548326335328400317.zip,8811360,46ec415878c10f82e62a499252963231,,10003752-2KULAYbg20av09EIWpgCTw,,,,,,,,,GE MEDICAL SYSTEMS,Revolution CT,CT,49.0,dg.MD1R/e26116cb-535e-4825-9412-8d6b03df4da8,,,MINIP DLIR MED,2.16.840.1.114274.1818.48669820506645073524548326335328400317,,,06406925-1d98-4e8f-a0ce-c52b678bcb2a,ACR_20220107,64a60866-8e0b-4bb6-be94-875133f0c845,2.16.840.1.114274.1818.46489591583487527247964617366730063266,10003752-2KULAYbg20av09EIWpgCTw,10003752-2KULAYbg20av09EIWpgCTw,Yes,Male,66.0,American Indian or Alaska Native,,,0,1,0,0,0,0,0,,,,,0,1
ct_series_file,bd29221b-e4a1-45f5-adb3-82b5418e59d5,Open-A1,2.16.840.1.114274.1818.50844133021306863003907621356401935007,CT,DCM,DICOM,10041569-YIon3HGGUa4N81uJEoWmg/2.16.840.1.114274.1818.47437664331793591527886035402870054586/2.16.840.1.114274.1818.50844133021306863003907621356401935007.zip,1008368,4c16d492b35baf19bc40c01887d2386a,,10041569-YIon3HGGUa4N81uJEoWmg,,STANDARD,,,,False,ORIGINAL_PRIMARY_LOCALIZER,,GE MEDICAL SYSTEMS,Mirada Registration Server,CT,,dg.MD1R/f24a8cc7-2e6f-41fe-868f-55664db93006,FFS,0.636792,Scout,2.16.840.1.114274.1818.50844133021306863003907621356401935007,460.0,10.0,4fd56c15-6e2d-4b23-9089-796f313124bb,ACR_20250901,0d755dd4-d558-4ab3-b3d6-054272c73ab2,2.16.840.1.114274.1818.47437664331793591527886035402870054586,10041569-YIon3HGGUa4N81uJEoWmg,10041569-YIon3HGGUa4N81uJEoWmg,Yes,Male,84.0,Black or African American,False,False,1,1,1,1,0,1,1,,,,,0,6
ct_series_file,d9f96ce4-8f39-4f15-b5b4-7626ab8d4a34,Open-A1,2.16.840.1.114362.1.12359305.25874454649.712502615.882.946,CT,DCM,DICOM,10041569-DlqX5imb0ejWPhSL4fHg/2.16.840.1.114274.1818.49353064404970514575703307077465092537/2.16.840.1.114362.1.12359305.25874454649.712502615.882.946.zip,1825350,a9577dde619d3ea365772667d58bdbb9,,10041569-DlqX5imb0ejWPhSL4fHg,,SOFT,,Skull-stripping,,True,DERIVED_PRIMARY_AXIAL,,GE MEDICAL SYSTEMS / MIM Software,Revolution HD,CT,,dg.MD1R/ceeca3df-ce44-4f27-b9dd-f4e6ac3236d0,HFS,0.488281,BrainSegmentation,2.16.840.1.114362.1.12359305.25874454649.712502615.882.946,5.0,,4fd56c15-6e2d-4b23-9089-796f313124bb,ACR_20250901,24e10efb-b59f-4f0f-a8cd-dc96d1db4232,2.16.840.1.114274.1818.49353064404970514575703307077465092537,10041569-DlqX5imb0ejWPhSL4fHg,10041569-DlqX5imb0ejWPhSL4fHg,Yes,Female,73.0,Black or African American,False,True,0,1,1,1,0,1,1,,,,,0,5
ct_series_file,99035e10-7551-4f25-8d57-b8b6508148ee,Open-A1,2.16.840.1.114362.1.12359305.25874454649.713426113.507.962,CT,DCM,DICOM,10041569-VGNu6FLHPEiGjPVNhzb7rA/2.16.840.1.114274.1818.47692667331104462869725273007800853679/2.16.840.1.114362.1.12359305.25874454649.713426113.507.962.zip,4371172,07e282a4a9417477f8ab7b4ea975869f,,10041569-VGNu6FLHPEiGjPVNhzb7rA,,Hc40s,,Skull-stripping,,True,DERIVED_PRIMARY_AXIAL,,SIEMENS / MIM Software,SOMATOM Force,CT,,dg.MD1R/21aa909a-1a7d-4c21-bf9a-42073a56fcf8,HFS,0.36296296,BrainSegmentation,2.16.840.1.114362.1.12359305.25874454649.713426113.507.962,3.0,,4fd56c15-6e2d-4b23-9089-796f313124bb,ACR_20250901,7c53890b-93b2-4d7f-b291-8133bd750867,2.16.840.1.114274.1818.47692667331104462869725273007800853679,10041569-VGNu6FLHPEiGjPVNhzb7rA,10041569-VGNu6FLHPEiGjPVNhzb7rA,Yes,Female,38.0,Black or African American,False,True,0,1,1,0,0,1,1,,,,,0,4
ct_series_file,68dbfef8-dea1-44ac-b6e5-7a1d6fe1e418,Open-A1,2.16.840.1.114362.1.12359305.25874454649.713243716.961.1234,CT,DCM,DICOM,10041569-DlqX5imb0ejWPhSL4fHg/2.16.840.1.114274.1818.46822287575423285798927568582920089490/2.16.840.1.114362.1.12359305.25874454649.713243716.961.1234.zip,1735222,9625e49dc7f5a489516d2f2211617f99,,10041569-DlqX5imb0ejWPhSL4fHg,,STANDARD,,Skull-stripping,,True,DERIVED_PRIMARY_AXIAL,,GE MEDICAL SYSTEMS / MIM Software,Revolution CT,CT,,dg.MD1R/0c38295c-3177-43d9-b507-f334998ef14b,HFS,0.976563,BrainSegmentation,2.16.840.1.114362.1.12359305.25874454649.713243716.961.1234,5.0,,4fd56c15-6e2d-4b23-9089-796f313124bb,ACR_20250901,ca46b72f-5296-4100-9b65-28a91690b846,2.16.840.1.114274.1818.46822287575423285798927568582920089490,10041569-DlqX5imb0ejWPhSL4fHg,10041569-DlqX5imb0ejWPhSL4fHg,Yes,Female,73.0,Black or African American,False,True,0,1,1,1,0,1,1,,,,,0,5
ct_series_file,6713cfa3-f7d1-444e-b338-75836bfeecb9,Open-A1,2.16.840.1.114274.1818.548044266694078255910475083683840228000,CT,DCM,DICOM,2.16.840.1.114274.1818.554524330103345000412671718308035288463/2.16.840.1.114274.1818.548044266694078255910475083683840228000.zip,40591536,f53dc74a51884fbbdbf98672f15606ad,,10000364-1607263,NONE & NONE,,,,,,,,GE MEDICAL SYSTEMS,Revolution HD,CT,215.0,dg.MD1R/c1980f08-49c2-4cbf-88d1-85e8a8586209,,,SAG BODY,2.16.840.1.114274.1818.548044266694078255910475083683840228000,,,da2db6a3-93f5-4066-90b2-f8dd8afadd2c,ACR_20211115,68cda60a-5ff3-4848-936f-5eaf3c19aa14,2.16.840.1.114274.1818.554524330103345000412671718308035288463,10000364-1607263,10000364-1607263,Yes,Female,64.0,Black or African American,True,True,1,1,1,0,0,1,0,,,,,0,4
ct_series_file,f202ab12-5519-45f8-8e9f-4266fdf2934b,Open-A1,2.16.840.1.114274.1818.556095177992036851718403345935368847271,CT,DCM,DICOM,10041569-hGXklXiglkyibymE05GqA/2.16.840.1.114274.1818.553678517336377136617975424875169221004/2.16.840.1.114274.1818.556095177992036851718403345935368847271.zip,95163534,bc92b6b7b89ad7d6292f55f24f27137d,,10041569-hGXklXiglkyibymE05GqA,,Br51f_2,XYZ_EC,,,False,ORIGINAL_PRIMARY_AXIAL_CT_SOM5 SPI,,SIEMENS,SOMATOM Definition Edge,CT,,dg.MD1R/9f7d26d8-9e91-4023-8623-a9a4740a5945,FFS,0.73046875,LUNG_AX_THIN_1.0,2.16.840.1.114274.1818.556095177992036851718403345935368847271,1.0,,4fd56c15-6e2d-4b23-9089-796f313124bb,ACR_20250901,d5a34dd5-46ab-4fac-bcc8-ba5fa718eadd,2.16.840.1.114274.1818.553678517336377136617975424875169221004,10041569-hGXklXiglkyibymE05GqA,10041569-hGXklXiglkyibymE05GqA,Yes,Male,49.0,White,False,True,1,1,1,0,0,1,1,,,,,0,5
ct_series_file,57fabe44-d335-40f8-a8a4-354eb4ef1d29,Open-A1,2.16.840.1.114274.1818.514189573663024836813007688540964709812,CT,DCM,DICOM,2.16.840.1.114274.1818.537443693792971281211957486413624761766/2.16.840.1.114274.1818.514189573663024836813007688540964709812.zip,57074772,7e0eabb8ba84ae32017aa95aba09e141,,10000364-744747,OMNIPAQUE,,,,,,,,SIEMENS,SOMATOM Definition AS,CT,152.0,dg.MD1R/dab885fc-9b14-4a0d-8cf2-623bca34e754,,,Sag,2.16.840.1.114274.1818.514189573663024836813007688540964709812,,,da2db6a3-93f5-4066-90b2-f8dd8afadd2c,ACR_20211115,22ec2f9f-e906-4c20-8d75-4bef46323c7d,2.16.840.1.114274.1818.537443693792971281211957486413624761766,10000364-744747,10000364-744747,Yes,Male,77.0,White,True,True,0,1,1,0,0,1,0,,,,,0,3
ct_series_file,bffe2b75-5bbf-42a7-be2e-f05d374ef7a0,Open-A1,2.16.840.1.114274.1818.570768324607199082214217374041013932723,CT,DCM,DICOM,10041569-VGNu6FLHPEiGjPVNhzb7rA/2.16.840.1.114274.1818.530392076959669787318234793125821000585/2.16.840.1.114274.1818.570768324607199082214217374041013932723.zip,90338236,2a7acd59f035925f927e9b9f1c2c0d72,,10041569-VGNu6FLHPEiGjPVNhzb7rA,,"Br51f_2,Br51f",XYZ_EC,,,False,"DERIVED_PRIMARY_LOCALIZER_CT_SOM5 MPR,DERIVED_PRIMARY_AXIAL_CT_SOM5 MPR",,SIEMENS,SOMATOM Definition Edge,CT,,dg.MD1R/071f1270-0b8a-455e-a2d9-14430b35b9a8,HFS,"0.9765625,0.701171875",Thorax  1.0  MPR  cor,2.16.840.1.114274.1818.570768324607199082214217374041013932723,1.0,,4fd56c15-6e2d-4b23-9089-796f313124bb,ACR_20250901,27cb7a1e-4bab-4c42-8e26-051e1da8c962,2.16.840.1.114274.1818.530392076959669787318234793125821000585,10041569-VGNu6FLHPEiGjPVNhzb7rA,10041569-VGNu6FLHPEiGjPVNhzb7rA,Yes,Female,38.0,Black or African American,False,True,0,1,1,0,0,1,1,,,,,0,4
ct_series_file,4601a7d8-16da-48ab-89ca-e2260d4ae2bf,Open-A1,2.16.840.1.114274.1818.499918768209570564810230679374880275884,CT,DCM,DICOM,10000364-1607263/2.16.840.1.114274.1818.54883128069992455378191669346045303460/2.16.840.1.114274.1818.499918768209570564810230679374880275884.zip,10385036,adcf4d042d2f4a5db9e114cbebc0af52,,10000364-1607263,OMNIPAQUE 350 100,,,,,,,,GE MEDICAL SYSTEMS,Revolution HD,CT,46.0,dg.MD1R/7acf390a-2d13-4a85-8120-a138a0cd9cf3,,,PE LUNG,2.16.840.1.114274.1818.499918768209570564810230679374880275884,,,5f596eb7-d79b-47d3-8ff0-1d4ba3d2ea85,ACR_20210827,e98fc938-f22f-4651-b9a8-5a721e0938a1,2.16.840.1.114274.1818.54883128069992455378191669346045303460,10000364-1607263,10000364-1607263,Yes,Female,64.0,Black or African American,True,True,1,1,1,0,0,1,0,,,,,0,4
ct_series_file,e2d58c89-3ee0-4799-a9f2-eaa808c4a6cb,Open-A1,2.16.840.1.114274.1818.51342221796726081703353515095186593166,CT,DCM,DICOM,10041569-KTJisivBEW8eG11h3OmCQ/2.16.840.1.114274.1818.492274999100473584416433604080192392576/2.16.840.1.114274.1818.51342221796726081703353515095186593166.zip,84652176,dce4f840a6bfad1a805d5f038c678e89,,10041569-KTJisivBEW8eG11h3OmCQ,,Br49d_2,Z_EC,,,False,ORIGINAL_PRIMARY_AXIAL_CT_SOM5 SPI DUAL_STD_SNRG_DET_AB,,SIEMENS,SOMATOM Force,CT,,dg.MD1R/487425b8-09ca-4de0-b290-d830b44d3f5b,FFS,0.7734375,Fl_Thorax  1.0  Br49  2,2.16.840.1.114274.1818.51342221796726081703353515095186593166,1.0,,4fd56c15-6e2d-4b23-9089-796f313124bb,ACR_20250901,6f73cb85-010d-4c71-820f-5aaaaf040b36,2.16.840.1.114274.1818.492274999100473584416433604080192392576,10041569-KTJisivBEW8eG11h3OmCQ,10041569-KTJisivBEW8eG11h3OmCQ,Yes,Male,36.0,Not Reported,False,True,1,1,1,0,0,1,1,,,,,0,5
ct_series_file,c94a8350-1f73-49a0-bcf1-a27bb5371b22,Open-A1,2.16.840.1.114274.1818.495921115170822849713726625290568083851,CT,DCM,DICOM,10041569-g7BegS168EGCpgRylILjoA/2.16.840.1.114274.1818.49432318804283653755944501886812777407/2.16.840.1.114274.1818.495921115170822849713726625290568083851.zip,357494,64aba33378f07532f158b869ba9ff71e,,10041569-g7BegS168EGCpgRylILjoA,,Tr20f,NONE,,,False,ORIGINAL_PRIMARY_LOCALIZER_CT_SOM5 TOP,,SIEMENS,SOMATOM Drive,CT,,dg.MD1R/4818c77e-e40a-4b78-83af-c7ebc586b802,FFS,1.0,Topogram  1.0  Tr20,2.16.840.1.114274.1818.495921115170822849713726625290568083851,,,4fd56c15-6e2d-4b23-9089-796f313124bb,ACR_20250901,bb3f0740-6576-492e-b3af-171747887cba,2.16.840.1.114274.1818.49432318804283653755944501886812777407,10041569-g7BegS168EGCpgRylILjoA,10041569-g7BegS168EGCpgRylILjoA,Yes,Female,63.0,White,False,True,1,1,1,1,0,1,1,,,,,0,6
ct_series_file,1333fc34-46fa-4861-be90-6e96828ff221,Open-A1,2.16.840.1.114274.1818.508785309212656327815564726278948944291,CT,DCM,DICOM,10041569-c7w6HYO4oU7uSiC4lcZiA/2.16.840.1.114274.1818.53591528100724789206785027519051256766/2.16.840.1.114274.1818.508785309212656327815564726278948944291.zip,36858654,e1bc594602e9554e99940e5fd3ac3a86,,10041569-c7w6HYO4oU7uSiC4lcZiA,,"Bf37f,Bf37f_3",XYZ_EC,,,False,"DERIVED_PRIMARY_LOCALIZER_CT_SOM5 MPR,DERIVED_PRIMARY_AXIAL_CT_SOM5 MPR",,SIEMENS,SOMATOM Definition Flash,CT,,dg.MD1R/cf0d49ca-1950-4784-9316-37f96097894b,FFS,"0.603515625,1.09375",ST_COR_INSP_2.0,2.16.840.1.114274.1818.508785309212656327815564726278948944291,2.0,,4fd56c15-6e2d-4b23-9089-796f313124bb,ACR_20250901,7c7f0742-7546-45cf-a44b-7abbba512b53,2.16.840.1.114274.1818.53591528100724789206785027519051256766,10041569-c7w6HYO4oU7uSiC4lcZiA,10041569-c7w6HYO4oU7uSiC4lcZiA,Yes,Male,66.0,White,False,True,1,1,1,1,1,1,1,,,,,0,7
ct_series_file,815b90df-0d58-41d8-8abd-5677dbbf65fd,Open-A1,2.16.840.1.114274.1818.51126605795821020881288331483306945209,CT,DCM,DICOM,2.16.840.1.114274.1818.47139983139055301842325310534663283645/2.16.840.1.114274.1818.51126605795821020881288331483306945209.zip,43036170,9c21eedd5c0a403e3cfc65ad7e8319ee,,10000364-6303877,OMNIPAQUE,,,,,,,,SIEMENS,SOMATOM Definition AS,CT,195.0,dg.MD1R/feef5220-9b41-4eb4-a745-64ffad418a74,,,Sag,2.16.840.1.114274.1818.51126605795821020881288331483306945209,,,da2db6a3-93f5-4066-90b2-f8dd8afadd2c,ACR_20211115,0f6409e9-ae9a-4476-bf36-62eef7ea5f42,2.16.840.1.114274.1818.47139983139055301842325310534663283645,10000364-6303877,10000364-6303877,Yes,Female,64.0,White,True,False,1,1,1,0,0,0,0,,,,,0,3
ct_series_file,0d1a5fec-458f-497a-a55e-637ca4f0c3c8,Open-A1,2.16.840.1.114274.1818.47960247568906635194139370302729436594,CT,DCM,DICOM,10041569-KTJisivBEW8eG11h3OmCQ/2.16.840.1.114274.1818.478150811287494210812636428479558167946/2.16.840.1.114274.1818.47960247568906635194139370302729436594.zip,26267096,599d1604e5150d45fc0ef322cd6548a9,,10041569-KTJisivBEW8eG11h3OmCQ,,Br40d_3,Z_EC,,,False,ORIGINAL_PRIMARY_AXIAL_CT_SOM5 SPI DUAL_STD_SNRG_DET_AB,,SIEMENS,SOMATOM Force,CT,,dg.MD1R/be20e310-682d-4f4b-9a37-c5c73d06ab68,FFS,0.7734375,ST_AX_THICK_+C_3.0,2.16.840.1.114274.1818.47960247568906635194139370302729436594,3.0,,4fd56c15-6e2d-4b23-9089-796f313124bb,ACR_20250901,1464bd7f-eb90-4e9c-87a6-ef71e15d880d,2.16.840.1.114274.1818.478150811287494210812636428479558167946,10041569-KTJisivBEW8eG11h3OmCQ,10041569-KTJisivBEW8eG11h3OmCQ,Yes,Male,36.0,Not Reported,False,True,1,1,1,0,0,1,1,,,,,0,5
ct_series_file,93bf9ed1-357d-423b-a629-6cfd411f026d,Open-A1,2.16.840.1.114274.1818.52325800686453049324067095630381962683,CT,DCM,DICOM,10041569-c7w6HYO4oU7uSiC4lcZiA/2.16.840.1.114274.1818.57480567220781102391830955657535623052/2.16.840.1.114274.1818.52325800686453049324067095630381962683.zip,80128388,07fb12ea71f4d9dba8eeb60a38406b31,,10041569-c7w6HYO4oU7uSiC4lcZiA,APPLIED,Br51f_3,XYZ_EC,,,False,ORIGINAL_PRIMARY_AXIAL_CT_SOM5 SPI,,SIEMENS,SOMATOM Definition Flash,CT,,dg.MD1R/975c02d2-1606-4c1b-b370-82dea74535ee,FFS,0.841796875,LUNG_AX_+C_CHEST_1.0,2.16.840.1.114274.1818.52325800686453049324067095630381962683,1.0,,4fd56c15-6e2d-4b23-9089-796f313124bb,ACR_20250901,0f423ccf-e1b5-4c44-be26-1af212c84979,2.16.840.1.114274.1818.57480567220781102391830955657535623052,10041569-c7w6HYO4oU7uSiC4lcZiA,10041569-c7w6HYO4oU7uSiC4lcZiA,Yes,Male,66.0,White,False,True,1,1,1,1,1,1,1,,,,,0,7
ct_series_file,94c2c5bb-393a-4a5d-bda6-2eaeb08ed050,Open-A1,2.16.840.1.114274.1818.50786065832465380107050724755635228036,CT,DCM,DICOM,10041569-YwgotNEPQUS9rTCEmYfvGg/2.16.840.1.114274.1818.553691333543245390210168004104272721025/2.16.840.1.114274.1818.50786065832465380107050724755635228036.zip,44963864,9f97bd09d7467f47a0b4c595f34007f2,,10041569-YwgotNEPQUS9rTCEmYfvGg,,"I40f_3,B40f",XYZ_EC,,,False,"DERIVED_PRIMARY_LOCALIZER_CT_SOM5 MPR,DERIVED_PRIMARY_AXIAL_CT_SOM5 MPR",,SIEMENS,SOMATOM Definition AS+,CT,,dg.MD1R/d970b8e0-ac2a-40d6-bdc7-06ccd8aa0433,HFS,"1.052734375,0.61888111888112",SAG_VEN_3.0_AP,2.16.840.1.114274.1818.50786065832465380107050724755635228036,3.0,,4fd56c15-6e2d-4b23-9089-796f313124bb,ACR_20250901,4d73069b-e858-4b8f-8a50-f8e148687521,2.16.840.1.114274.1818.553691333543245390210168004104272721025,10041569-YwgotNEPQUS9rTCEmYfvGg,10041569-YwgotNEPQUS9rTCEmYfvGg,Yes,Male,43.0,Not Reported,False,True,1,1,1,1,0,1,1,,,,,0,6
ct_series_file,960d0784-24e7-4251-ae5a-e54b58920309,Open-A1,2.16.840.1.114362.1.12359305.25874454649.713247540.692.1234,CT,DCM,DICOM,10041569-DlqX5imb0ejWPhSL4fHg/2.16.840.1.114274.1818.46822287575423285798927568582920089490/2.16.840.1.114362.1.12359305.25874454649.713247540.692.1234.zip,1735186,43c159dca1c49d114d618ee12e6f83c5,,10041569-DlqX5imb0ejWPhSL4fHg,,STANDARD,,Skull-stripping,,True,DERIVED_PRIMARY_AXIAL,,GE MEDICAL SYSTEMS / MIM Software,Revolution CT,CT,,dg.MD1R/84d05e29-4e8e-41b2-a46e-bac4f35498a1,HFS,0.976563,BrainSegmentation,2.16.840.1.114362.1.12359305.25874454649.713247540.692.1234,5.0,,4fd56c15-6e2d-4b23-9089-796f313124bb,ACR_20250901,ca46b72f-5296-4100-9b65-28a91690b846,2.16.840.1.114274.1818.46822287575423285798927568582920089490,10041569-DlqX5imb0ejWPhSL4fHg,10041569-DlqX5imb0ejWPhSL4fHg,Yes,Female,73.0,Black or African American,False,True,0,1,1,1,0,1,1,,,,,0,5
ct_series_file,fec29b8e-5195-4270-a713-85315606d463,Open-A1,2.16.840.1.114274.1818.56933217379908180088635973107721119385,CT,DCM,DICOM,10041569-g7BegS168EGCpgRylILjoA/2.16.840.1.114274.1818.49344276643781840915314524543857703063/2.16.840.1.114274.1818.56933217379908180088635973107721119385.zip,150638,2d4ef3dc061745b19cf78ebc53465457,,10041569-g7BegS168EGCpgRylILjoA,,Tr20f,NONE,,,False,ORIGINAL_PRIMARY_LOCALIZER_CT_SOM5 TOP,,SIEMENS,SOMATOM Definition Edge,CT,,dg.MD1R/b9ec2db9-81ac-43bd-81ad-a1c32463a7d7,FFS,1.0,Topogram  1.0  Tr20,2.16.840.1.114274.1818.56933217379908180088635973107721119385,,,4fd56c15-6e2d-4b23-9089-796f313124bb,ACR_20250901,da48c333-6e07-4b86-81e6-28b848762644,2.16.840.1.114274.1818.49344276643781840915314524543857703063,10041569-g7BegS168EGCpgRylILjoA,10041569-g7BegS168EGCpgRylILjoA,Yes,Female,63.0,White,False,True,1,1,1,1,0,1,1,,,,,0,6
ct_series_file,b5d7afa3-e51e-4010-8c50-569ee8acefbd,Open-A1,2.16.840.1.114362.1.12046989.25389067164.615600640.1088.942,CT,DCM,DICOM,10000364-6303877/2.16.840.1.114274.1818.48489682386563703776663898082595543696/2.16.840.1.114362.1.12046989.25389067164.615600640.1088.942.zip,4546034,dd5f51751c0d84c71517b297258518e5,,10000364-6303877,,Hc40s,,Skull-stripping,2.0,True,DERIVED_PRIMARY_AXIAL,,SIEMENS / MIM Software,SOMATOM Drive,CT,55.0,dg.MD1R/edf6fb1c-477b-4880-af4d-72026656dea8,HFS,0.2890625,BrainSegmentation,2.16.840.1.114362.1.12046989.25389067164.615600640.1088.942,3.0,,f3a84a57-f61e-4953-af27-23f850bc857a,ACR_20230415,d9a1a275-ca7f-43c3-8fa7-3dd0f6bac394,2.16.840.1.114274.1818.48489682386563703776663898082595543696,10000364-6303877,10000364-6303877,Yes,Female,64.0,White,True,False,1,1,1,0,0,0,0,,,,,0,3
ct_series_file,9bee4c16-aeea-4e9c-a782-02c8e2fff08a,Open-A1,2.16.840.1.114362.1.12046989.25376105759.615046640.434.934,CT,DCM,DICOM,10000364-899490/2.16.840.1.114274.1818.522756121394275187812966737592049189051/2.16.840.1.114362.1.12046989.25376105759.615046640.434.934.zip,4533130,81d839696d8710e5cdc09d60411cdb01,,10000364-899490,,H30s,,Skull-stripping,2.0,True,DERIVED_PRIMARY_AXIAL,,SIEMENS / MIM Software,SOMATOM Definition AS,CT,71.0,dg.MD1R/d5cec877-cff5-46c2-8da9-874ee660d6da,HFS,0.3125,BrainSegmentation,2.16.840.1.114362.1.12046989.25376105759.615046640.434.934,3.0,,f3a84a57-f61e-4953-af27-23f850bc857a,ACR_20230415,78ec07c1-cb8f-4b0b-8436-83547e35624d,2.16.840.1.114274.1818.522756121394275187812966737592049189051,10000364-899490,10000364-899490,Yes,Female,71.0,White,False,True,1,1,1,0,0,0,1,,,,,0,4
ct_series_file,d7e87de2-981e-4a4a-b68c-e3ddeec3a40f,Open-A1,2.16.840.1.114274.1818.53325578540592365939838768113978501255,CT,DCM,DICOM,10041569-g7BegS168EGCpgRylILjoA/2.16.840.1.114274.1818.531705552272522870615982623405522797441/2.16.840.1.114274.1818.53325578540592365939838768113978501255.zip,361272,43cf8335219e9bd436beb0876b97daf3,,10041569-g7BegS168EGCpgRylILjoA,,Tr20f,NONE,,,False,ORIGINAL_PRIMARY_LOCALIZER_CT_SOM5 TOP,,SIEMENS,SOMATOM Drive,CT,,dg.MD1R/d719efaf-2c45-4768-9b81-310ab621002b,FFS,1.0,Topogram  1.0  Tr20,2.16.840.1.114274.1818.53325578540592365939838768113978501255,,,4fd56c15-6e2d-4b23-9089-796f313124bb,ACR_20250901,c0c1b40a-cab1-4bcd-9c20-192f7b5c194d,2.16.840.1.114274.1818.531705552272522870615982623405522797441,10041569-g7BegS168EGCpgRylILjoA,10041569-g7BegS168EGCpgRylILjoA,Yes,Female,63.0,White,False,True,1,1,1,1,0,1,1,,,,,0,6
ct_series_file,142b6f49-82f7-4929-b8f7-4741a6898043,Open-A1,2.16.840.1.114274.1818.510036431037767646610037297939544282772,CT,DCM,DICOM,10041569-c7w6HYO4oU7uSiC4lcZiA/2.16.840.1.114274.1818.53591528100724789206785027519051256766/2.16.840.1.114274.1818.510036431037767646610037297939544282772.zip,312584,b48f7ff0f1138666ba5630d1c65ac05d,,10041569-c7w6HYO4oU7uSiC4lcZiA,,Tr20f,NONE,,,False,ORIGINAL_PRIMARY_LOCALIZER_CT_SOM5 TOP,,SIEMENS,SOMATOM Definition Flash,CT,,dg.MD1R/7e503f75-dc6e-4e03-9d67-0d1551ca166e,FFS,1.0,AP SCOUT  1.0  Tr20,2.16.840.1.114274.1818.510036431037767646610037297939544282772,,,4fd56c15-6e2d-4b23-9089-796f313124bb,ACR_20250901,7c7f0742-7546-45cf-a44b-7abbba512b53,2.16.840.1.114274.1818.53591528100724789206785027519051256766,10041569-c7w6HYO4oU7uSiC4lcZiA,10041569-c7w6HYO4oU7uSiC4lcZiA,Yes,Male,66.0,White,False,True,1,1,1,1,1,1,1,,,,,0,7
ct_series_file,8b6782a8-af1f-422e-9832-4e5816d488ac,Open-A1,2.16.840.1.114362.1.12177026.25874454649.636692331.1028.946,CT,DCM,DICOM,10000364-5643090/2.16.840.1.114274.1818.54029683045754438857935906012365917591/2.16.840.1.114362.1.12177026.25874454649.636692331.1028.946.zip,3240012,6003468f661150de80052ec23ca2c139,,10000364-5643090,,H30f,,Skull-stripping,2.0,True,DERIVED_PRIMARY_AXIAL,,SIEMENS / MIM Software,Sensation 64,CT,67.0,dg.MD1R/a7c48315-12c9-4681-a091-92085c257d0d,HFS,0.48828125,BrainSegmentation,2.16.840.1.114362.1.12177026.25874454649.636692331.1028.946,3.0,,f3a84a57-f61e-4953-af27-23f850bc857a,ACR_20230415,8359771d-3d14-4411-95b3-edcce71be0c0,2.16.840.1.114274.1818.54029683045754438857935906012365917591,10000364-5643090,10000364-5643090,No,Female,76.0,White,False,True,0,0,1,0,0,0,0,,,,,0,1
ct_series_file,f82dc5f5-215a-477d-bbde-8c355666d395,Open-A1,2.16.840.1.114362.1.12359305.25874454649.713350091.584.954,CT,DCM,DICOM,10041569-NSEL0dEU50iSJEeE7kzpPQ/2.16.840.1.114274.1818.50130133256482075064823811934028366992/2.16.840.1.114362.1.12359305.25874454649.713350091.584.954.zip,15972180,69ca023206fe0539859c068cda71beea,,10041569-NSEL0dEU50iSJEeE7kzpPQ,,STANDARD,,Skull-stripping,,True,DERIVED_PRIMARY_AXIAL,,GE MEDICAL SYSTEMS / MIM Software,Optima CT660,CT,,dg.MD1R/e76f7be0-4f83-4b97-9763-2852869c7915,HFS,0.488281,BrainSegmentation,2.16.840.1.114362.1.12359305.25874454649.713350091.584.954,0.625,,4fd56c15-6e2d-4b23-9089-796f313124bb,ACR_20250901,4f6f0769-0ec1-4cb5-851a-f615cc8e3930,2.16.840.1.114274.1818.50130133256482075064823811934028366992,10041569-NSEL0dEU50iSJEeE7kzpPQ,10041569-NSEL0dEU50iSJEeE7kzpPQ,Yes,Male,58.0,White,False,True,1,1,1,1,0,0,1,,,,,0,5
ct_series_file,7b2bfaaf-493e-4fb9-8bda-d4cbcda2e418,Open-A1,2.16.840.1.114274.1818.523724913967078851617583888275435625880,CT,DCM,DICOM,10000364-1607263/2.16.840.1.114274.1818.502459629476507956812611337470653751205/2.16.840.1.114274.1818.523724913967078851617583888275435625880.zip,53524854,84be2e309fe1f0d05a02bd460978ad11,,10000364-1607263,OMNIPAQUE 350,,,,,,,,GE MEDICAL SYSTEMS,LightSpeed VCT,CT,296.0,dg.MD1R/5c470afc-5581-4e27-8048-c6d1df02eb96,,,SAGITTAL CHEST,2.16.840.1.114274.1818.523724913967078851617583888275435625880,,,5f596eb7-d79b-47d3-8ff0-1d4ba3d2ea85,ACR_20210827,cf194b9d-0440-41f7-9dc2-02a3a5f04963,2.16.840.1.114274.1818.502459629476507956812611337470653751205,10000364-1607263,10000364-1607263,Yes,Female,64.0,Black or African American,True,True,1,1,1,0,0,1,0,,,,,0,4
ct_series_file,997588a0-130e-4ff0-b99a-4d1918f73100,Open-A1,2.16.840.1.114362.1.12359305.25874454649.713241809.100.1654,CT,DCM,DICOM,10041569-DlqX5imb0ejWPhSL4fHg/2.16.840.1.114274.1818.46822287575423285798927568582920089490/2.16.840.1.114362.1.12359305.25874454649.713241809.100.1654.zip,6668732,3fcb31a56e4a64370950ed27fa56bf69,,10041569-DlqX5imb0ejWPhSL4fHg,,STANDARD,,Skull-stripping,,True,DERIVED_PRIMARY_AXIAL,,GE MEDICAL SYSTEMS / MIM Software,Revolution CT,CT,,dg.MD1R/e0ef0e8c-a345-4f2f-a2d1-ce06e53866e4,HFS,0.865234,BrainSegmentation,2.16.840.1.114362.1.12359305.25874454649.713241809.100.1654,1.25,,4fd56c15-6e2d-4b23-9089-796f313124bb,ACR_20250901,ca46b72f-5296-4100-9b65-28a91690b846,2.16.840.1.114274.1818.46822287575423285798927568582920089490,10041569-DlqX5imb0ejWPhSL4fHg,10041569-DlqX5imb0ejWPhSL4fHg,Yes,Female,73.0,Black or African American,False,True,0,1,1,1,0,1,1,,,,,0,5
ct_series_file,8772c93d-c8b5-4e7a-87ea-eeb733aec180,Open-A1,2.16.840.1.114274.1818.557611010105716901413707049095589327750,CT,DCM,DICOM,10041569-g7BegS168EGCpgRylILjoA/2.16.840.1.114274.1818.49432318804283653755944501886812777407/2.16.840.1.114274.1818.557611010105716901413707049095589327750.zip,22279908,54133c44c3f669e08fea1f06fb9357da,,10041569-g7BegS168EGCpgRylILjoA,,"Br40f,Br40f_3",XYZ_EC,,,False,"DERIVED_PRIMARY_LOCALIZER_CT_SOM5 MPR,DERIVED_PRIMARY_AXIAL_CT_SOM5 MPR",,SIEMENS,SOMATOM Drive,CT,,dg.MD1R/efd7894a-f092-4cc6-a14d-d9c86ca433d3,FFS,"0.990234375,0.63671875",INSPIRATION  3.0  MPR  cor,2.16.840.1.114274.1818.557611010105716901413707049095589327750,3.0,,4fd56c15-6e2d-4b23-9089-796f313124bb,ACR_20250901,bb3f0740-6576-492e-b3af-171747887cba,2.16.840.1.114274.1818.49432318804283653755944501886812777407,10041569-g7BegS168EGCpgRylILjoA,10041569-g7BegS168EGCpgRylILjoA,Yes,Female,63.0,White,False,True,1,1,1,1,0,1,1,,,,,0,6
ct_series_file,55d661da-50b8-452c-a524-5174c8e1053e,Open-A1,2.16.840.1.114274.1818.495312451876769946116390495027861174456,CT,DCM,DICOM,10041569-YwgotNEPQUS9rTCEmYfvGg/2.16.840.1.114274.1818.55591401017056064792144945380941789359/2.16.840.1.114274.1818.495312451876769946116390495027861174456.zip,110660,f6914841f2040a43440078b62aa6c150,,10041569-YwgotNEPQUS9rTCEmYfvGg,,Tr20f,NONE,,,False,ORIGINAL_PRIMARY_LOCALIZER_CT_SOM5 TOP,,SIEMENS,SOMATOM Definition Edge,CT,,dg.MD1R/8d55f217-9ac6-4e0a-9c3c-efd65df09a2e,HFS,2.0,Topogram  1.0  Tr20,2.16.840.1.114274.1818.495312451876769946116390495027861174456,,,4fd56c15-6e2d-4b23-9089-796f313124bb,ACR_20250901,110aeb76-c68d-44a0-bb04-c58335a44506,2.16.840.1.114274.1818.55591401017056064792144945380941789359,10041569-YwgotNEPQUS9rTCEmYfvGg,10041569-YwgotNEPQUS9rTCEmYfvGg,Yes,Male,43.0,Not Reported,False,True,1,1,1,1,0,1,1,,,,,0,6
ct_series_file,3f6ada3f-ffc4-422a-ba29-209a2e1b5461,Open-A1,2.16.840.1.114362.1.12177026.25874454649.636692230.192.962,CT,DCM,DICOM,10000364-5643090/2.16.840.1.114274.1818.54029683045754438857935906012365917591/2.16.840.1.114362.1.12177026.25874454649.636692230.192.962.zip,3150758,bdb6063c3946bba805f5b6654f8e4158,,10000364-5643090,,H30f,,Skull-stripping,2.0,True,DERIVED_PRIMARY_AXIAL,,SIEMENS / MIM Software,Sensation 64,CT,67.0,dg.MD1R/34271733-639f-45dd-a666-ab3a98f352f3,HFS,0.48828125,BrainSegmentation,2.16.840.1.114362.1.12177026.25874454649.636692230.192.962,3.0,,f3a84a57-f61e-4953-af27-23f850bc857a,ACR_20230415,8359771d-3d14-4411-95b3-edcce71be0c0,2.16.840.1.114274.1818.54029683045754438857935906012365917591,10000364-5643090,10000364-5643090,No,Female,76.0,White,False,True,0,0,1,0,0,0,0,,,,,0,1
ct_series_file,655ebfc8-4b09-41de-8f2d-d092435d9539,Open-A1,2.16.840.1.114274.1818.499716585449134611717086495914238517930,CT,DCM,DICOM,10041569-KTJisivBEW8eG11h3OmCQ/2.16.840.1.114274.1818.51521141472771467118207081443977726655/2.16.840.1.114274.1818.499716585449134611717086495914238517930.zip,25176448,1d982c4211fd51a0d18c517994e004b1,,10041569-KTJisivBEW8eG11h3OmCQ,,Br40d_3,Z_EC,,,False,ORIGINAL_PRIMARY_AXIAL_CT_SOM5 SPI DUAL_STD_SNRG_DET_AB,,SIEMENS,SOMATOM Force,CT,,dg.MD1R/80ae1c84-11ce-4624-9c11-1a195d2c7bfc,FFS,0.87109375,ST_AX_THICK_+C_3.0,2.16.840.1.114274.1818.499716585449134611717086495914238517930,3.0,,4fd56c15-6e2d-4b23-9089-796f313124bb,ACR_20250901,1ca3672c-425c-4d1b-9f55-6ac52824747a,2.16.840.1.114274.1818.51521141472771467118207081443977726655,10041569-KTJisivBEW8eG11h3OmCQ,10041569-KTJisivBEW8eG11h3OmCQ,Yes,Male,36.0,Not Reported,False,True,1,1,1,0,0,1,1,,,,,0,5
ct_series_file,b613cb00-4a1b-4a5e-9f23-1ef4cf5f3026,Open-A1,2.16.840.1.114274.1818.548926516908646011810703451846263432593,CT,DCM,DICOM,10041569-hGXklXiglkyibymE05GqA/2.16.840.1.114274.1818.56879504940677351477992645850126680742/2.16.840.1.114274.1818.548926516908646011810703451846263432593.zip,82811016,9039500bffa00bff73190ccc96978ad5,,10041569-hGXklXiglkyibymE05GqA,,I31f_3,XYZ_EC,,,False,ORIGINAL_PRIMARY_AXIAL_CT_SOM5 SPI,,SIEMENS,Mirada Registration Server,CT,,dg.MD1R/b08790c3-9814-4611-98ac-ba3b8fc64270,FFS,0.78125,ST_AX_THIN_1.0,2.16.840.1.114274.1818.548926516908646011810703451846263432593,1.0,,4fd56c15-6e2d-4b23-9089-796f313124bb,ACR_20250901,80279f6c-439b-499c-9dcd-b4eaa3500c09,2.16.840.1.114274.1818.56879504940677351477992645850126680742,10041569-hGXklXiglkyibymE05GqA,10041569-hGXklXiglkyibymE05GqA,Yes,Male,49.0,White,False,True,1,1,1,0,0,1,1,,,,,0,5
ct_series_file,06f487ab-a130-44ec-b1e1-46d16b9556c7,Open-A1,2.16.840.1.114274.1818.542511339360111997212383956903183791747,CT,DCM,DICOM,10041569-c7w6HYO4oU7uSiC4lcZiA/2.16.840.1.114274.1818.539374782057443449414133618129572386957/2.16.840.1.114274.1818.542511339360111997212383956903183791747.zip,89532024,ccd8596156b40d6004edc4cf9eaca3a1,,10041569-c7w6HYO4oU7uSiC4lcZiA,,Br51f_2,XYZ_EC,,,False,ORIGINAL_PRIMARY_AXIAL_CT_SOM5 SPI,,SIEMENS,SOMATOM Definition Flash,CT,,dg.MD1R/ff040502-a30d-4c5a-b282-cd038d8c1f5c,FFS,0.8671875,LUNG_AX_CHEST_1.0,2.16.840.1.114274.1818.542511339360111997212383956903183791747,1.0,,4fd56c15-6e2d-4b23-9089-796f313124bb,ACR_20250901,42058cf6-8f57-4b4d-9972-1b230f5a6a75,2.16.840.1.114274.1818.539374782057443449414133618129572386957,10041569-c7w6HYO4oU7uSiC4lcZiA,10041569-c7w6HYO4oU7uSiC4lcZiA,Yes,Male,66.0,White,False,True,1,1,1,1,1,1,1,,,,,0,7
ct_series_file,c0d6fb03-afa7-47bf-b399-921ad7163ffd,Open-A1,2.16.840.1.114362.1.12177026.25874454649.637248077.112.954,CT,DCM,DICOM,10000364-1288160/2.16.840.1.114274.1818.49715888454877057075569456959629154187/2.16.840.1.114362.1.12177026.25874454649.637248077.112.954.zip,5631522,72e1fa856384862aaf9339b2f9622a76,,10000364-1288160,,Hc40f,,Skull-stripping,2.0,True,DERIVED_PRIMARY_AXIAL,,SIEMENS / MIM Software,SOMATOM Drive,CT,76.0,dg.MD1R/fe4139d9-5b6d-4b1e-8a75-7420d01544e4,HFS,0.296875,BrainSegmentation,2.16.840.1.114362.1.12177026.25874454649.637248077.112.954,3.0,,f3a84a57-f61e-4953-af27-23f850bc857a,ACR_20230415,f5a57f86-99b8-4404-8d23-1cd739ba40af,2.16.840.1.114274.1818.49715888454877057075569456959629154187,10000364-1288160,10000364-1288160,Yes,Male,28.0,White,True,True,0,1,1,0,0,0,1,,,,,0,3
ct_series_file,a54826b6-79c4-4a44-af0b-b92cab613ae7,Open-A1,2.16.840.1.114274.1818.55587843181282736622076891779389661338,CT,DCM,DICOM,2.16.840.1.114274.1818.50671950309947828085632198919734722233/2.16.840.1.114274.1818.55587843181282736622076891779389661338.zip,38333014,1d2d2704dab8b2419ebaad757feeec92,,10000364-899490,,,,,,,,,SIEMENS,SOMATOM Definition AS,CT,140.0,dg.MD1R/c467bb6c-d527-48ca-ac27-3a46d5164843,,,Lungs,2.16.840.1.114274.1818.55587843181282736622076891779389661338,,,da2db6a3-93f5-4066-90b2-f8dd8afadd2c,ACR_20211115,c9bdc39b-4f4a-4992-89e9-4bbd0e95f869,2.16.840.1.114274.1818.50671950309947828085632198919734722233,10000364-899490,10000364-899490,Yes,Female,71.0,White,False,True,1,1,1,0,0,0,1,,,,,0,4
ct_series_file,7cd750d8-202b-4a83-b430-1c3af5dd89eb,Open-A1,2.16.840.1.114274.1818.529867852659089036710775841518030501816,CT,DCM,DICOM,10041569-VGNu6FLHPEiGjPVNhzb7rA/2.16.840.1.114274.1818.505465357668409780315231404211498495908/2.16.840.1.114274.1818.529867852659089036710775841518030501816.zip,112184,28a0756d8a32199d7d727d5a08b96522,,10041569-VGNu6FLHPEiGjPVNhzb7rA,,Tr20f,NONE,,,False,ORIGINAL_PRIMARY_LOCALIZER_CT_SOM5 TOP,,SIEMENS,SOMATOM Force,CT,,dg.MD1R/8c47f8bd-0189-40be-aa4c-0b4544d01ced,HFS,2.0,Lat Topogram  1.0  Tr20,2.16.840.1.114274.1818.529867852659089036710775841518030501816,,,4fd56c15-6e2d-4b23-9089-796f313124bb,ACR_20250901,1e1f915a-0c0a-45bf-b934-37f420525696,2.16.840.1.114274.1818.505465357668409780315231404211498495908,10041569-VGNu6FLHPEiGjPVNhzb7rA,10041569-VGNu6FLHPEiGjPVNhzb7rA,Yes,Female,38.0,Black or African American,False,True,0,1,1,0,0,1,1,,,,,0,4
ct_series_file,92678fb0-f791-410a-b848-5b1eef020054,Open-A1,2.16.840.1.114274.1818.508040604098094164717945999630947953797,CT,DCM,DICOM,10041569-c7w6HYO4oU7uSiC4lcZiA/2.16.840.1.114274.1818.539374782057443449414133618129572386957/2.16.840.1.114274.1818.508040604098094164717945999630947953797.zip,40861530,be671cc06939dc7d84efd4b6cd0f32c9,,10041569-c7w6HYO4oU7uSiC4lcZiA,,"Br51f_3,Br51f",XYZ_EC,,,False,"DERIVED_PRIMARY_LOCALIZER_CT_SOM5 MPR,DERIVED_PRIMARY_AXIAL_CT_SOM5 MPR",,SIEMENS,SOMATOM Definition Flash,CT,,dg.MD1R/f1c921dc-3c99-4417-adbf-2780f445a3b6,FFS,"0.634765625,0.98828125",LUNG_COR_CHEST_2.0,2.16.840.1.114274.1818.508040604098094164717945999630947953797,2.0,,4fd56c15-6e2d-4b23-9089-796f313124bb,ACR_20250901,42058cf6-8f57-4b4d-9972-1b230f5a6a75,2.16.840.1.114274.1818.539374782057443449414133618129572386957,10041569-c7w6HYO4oU7uSiC4lcZiA,10041569-c7w6HYO4oU7uSiC4lcZiA,Yes,Male,66.0,White,False,True,1,1,1,1,1,1,1,,,,,0,7
ct_series_file,8afdc764-9505-4a29-932f-247e53884f74,Open-A1,2.16.840.1.114274.1818.51338351466163024967427474174193005214,CT,DCM,DICOM,10041569-YwgotNEPQUS9rTCEmYfvGg/2.16.840.1.114274.1818.576071695310240000613270604560651416254/2.16.840.1.114274.1818.51338351466163024967427474174193005214.zip,108180,78b9f976486900b6ebf672f19750f7c6,,10041569-YwgotNEPQUS9rTCEmYfvGg,,Tr20f,NONE,,,False,ORIGINAL_PRIMARY_LOCALIZER_CT_SOM5 TOP,,SIEMENS,SOMATOM Definition Edge,CT,,dg.MD1R/d16db19d-3d40-40ac-ab26-16401847f904,HFS,2.0,Topogram  1.0  Tr20,2.16.840.1.114274.1818.51338351466163024967427474174193005214,,,4fd56c15-6e2d-4b23-9089-796f313124bb,ACR_20250901,8918735a-22c9-4ffb-937d-ab6e90b228b5,2.16.840.1.114274.1818.576071695310240000613270604560651416254,10041569-YwgotNEPQUS9rTCEmYfvGg,10041569-YwgotNEPQUS9rTCEmYfvGg,Yes,Male,43.0,Not Reported,False,True,1,1,1,1,0,1,1,,,,,0,6
ct_series_file,d7c32b1f-ec3d-4041-b67f-e275bc7521f3,Open-A1,2.16.840.1.114362.1.12359305.25874454649.713257735.302.954,CT,DCM,DICOM,10041569-DlqX5imb0ejWPhSL4fHg/2.16.840.1.114274.1818.537885397149896606815048264465937211051/2.16.840.1.114362.1.12359305.25874454649.713257735.302.954.zip,2144334,984d84c29d0567de1dd4dfdad7cc6c86,,10041569-DlqX5imb0ejWPhSL4fHg,,STND#,,Skull-stripping,,True,DERIVED_PRIMARY_AXIAL,,GE MEDICAL SYSTEMS / MIM Software,Revolution CT,CT,,dg.MD1R/a409d612-a4bf-4408-924d-0c128738373c,HFS,0.488281,BrainSegmentation,2.16.840.1.114362.1.12359305.25874454649.713257735.302.954,5.0,,4fd56c15-6e2d-4b23-9089-796f313124bb,ACR_20250901,44e95ee4-790a-4623-b76b-abf36b59b30b,2.16.840.1.114274.1818.537885397149896606815048264465937211051,10041569-DlqX5imb0ejWPhSL4fHg,10041569-DlqX5imb0ejWPhSL4fHg,Yes,Female,73.0,Black or African American,False,True,0,1,1,1,0,1,1,,,,,0,5
ct_series_file,3d4f7fee-922b-4649-9198-fa83d4a45d5c,Open-A1,2.16.840.1.114274.1818.550916104077317750011214230431880778916,CT,DCM,DICOM,10041569-SytwUN6koU6LLR3RcLHkA/2.16.840.1.114274.1818.506723302842102447210804068840395496847/2.16.840.1.114274.1818.550916104077317750011214230431880778916.zip,25659884,db95b6a7009ddd02e4dfdc6273cba3cc,,10041569-SytwUN6koU6LLR3RcLHkA,CE,FC07,3D,,,False,DERIVED_PRIMARY_MPR,,TOSHIBA,Aquilion,CT,,dg.MD1R/0f6b7f92-60f6-429b-8f78-cc21b026b7e2,FFS,0.885,Coronal Body CE,2.16.840.1.114274.1818.550916104077317750011214230431880778916,3.0,,4fd56c15-6e2d-4b23-9089-796f313124bb,ACR_20250901,779e6e01-dc74-4b23-a98e-d4487100e76d,2.16.840.1.114274.1818.506723302842102447210804068840395496847,10041569-SytwUN6koU6LLR3RcLHkA,10041569-SytwUN6koU6LLR3RcLHkA,Yes,Female,62.0,Black or African American,False,False,1,1,1,0,0,1,1,,,,,0,5
ct_series_file,39836232-864c-4d9f-8265-050ee210bcd9,Open-A1,2.16.840.1.114274.1818.550798978545305767616036353466456899203,CT,DCM,DICOM,10041569-c7w6HYO4oU7uSiC4lcZiA/2.16.840.1.114274.1818.57480567220781102391830955657535623052/2.16.840.1.114274.1818.550798978545305767616036353466456899203.zip,96655418,13862f7cc8a5c276e4d28a9edd80e186,,10041569-c7w6HYO4oU7uSiC4lcZiA,APPLIED,Bf37f_3,XYZ_EC,,,False,ORIGINAL_PRIMARY_AXIAL_CT_SOM5 SPI,,SIEMENS,SOMATOM Definition Flash,CT,,dg.MD1R/502d5d37-78db-4266-98da-63739faa149e,FFS,0.841796875,ST_AX_+C_CHEST_1.0,2.16.840.1.114274.1818.550798978545305767616036353466456899203,1.0,,4fd56c15-6e2d-4b23-9089-796f313124bb,ACR_20250901,0f423ccf-e1b5-4c44-be26-1af212c84979,2.16.840.1.114274.1818.57480567220781102391830955657535623052,10041569-c7w6HYO4oU7uSiC4lcZiA,10041569-c7w6HYO4oU7uSiC4lcZiA,Yes,Male,66.0,White,False,True,1,1,1,1,1,1,1,,,,,0,7
ct_series_file,5ac61851-0f10-44f8-a33f-abda9fcaf4d3,Open-A1,2.16.840.1.114274.1818.49760130668195880152800909733954174108,CT,DCM,DICOM,10041569-YIon3HGGUa4N81uJEoWmg/2.16.840.1.114274.1818.49933155566760895761316637615736415914/2.16.840.1.114274.1818.49760130668195880152800909733954174108.zip,1532922,8dbc44607d0eb8f8fa4e3a2bc5c87392,,10041569-YIon3HGGUa4N81uJEoWmg,,STANDARD,,,,False,ORIGINAL_PRIMARY_LOCALIZER,,GE MEDICAL SYSTEMS,Revolution CT,CT,,dg.MD1R/6645bfae-6954-421c-bd60-f2abfd5a16ef,HFS,0.636364,Scout,2.16.840.1.114274.1818.49760130668195880152800909733954174108,710.0,10.0,4fd56c15-6e2d-4b23-9089-796f313124bb,ACR_20250901,bbc05716-1f38-4863-8361-8b65131c05b4,2.16.840.1.114274.1818.49933155566760895761316637615736415914,10041569-YIon3HGGUa4N81uJEoWmg,10041569-YIon3HGGUa4N81uJEoWmg,Yes,Male,84.0,Black or African American,False,False,1,1,1,1,0,1,1,,,,,0,6
ct_series_file,67995bc1-ff65-49ca-82c4-7dca61f2346c,Open-A1,2.16.840.1.114274.1818.481095708491284381615348639817757369475,CT,DCM,DICOM,10041569-SytwUN6koU6LLR3RcLHkA/2.16.840.1.114274.1818.461581675593236005544160393246441089/2.16.840.1.114274.1818.481095708491284381615348639817757369475.zip,322644,94f741d822e1752eb46ee75f8cbff9c3,,10041569-SytwUN6koU6LLR3RcLHkA,,Tr20f,NONE,,,False,ORIGINAL_PRIMARY_LOCALIZER_CT_SOM5 TOP,,SIEMENS,SOMATOM Definition Flash,CT,,dg.MD1R/0c3b5b22-5d24-4a51-82d8-20a1352f0c83,FFS,1.0,AP SCOUT  1.0  Tr20,2.16.840.1.114274.1818.481095708491284381615348639817757369475,,,4fd56c15-6e2d-4b23-9089-796f313124bb,ACR_20250901,2d34278b-2acf-49bb-a56b-170f9118193a,2.16.840.1.114274.1818.461581675593236005544160393246441089,10041569-SytwUN6koU6LLR3RcLHkA,10041569-SytwUN6koU6LLR3RcLHkA,Yes,Female,62.0,Black or African American,False,False,1,1,1,0,0,1,1,,,,,0,5
ct_series_file,8dbfa25d-afa4-4b02-b6d2-dff6b09b996d,Open-A1,2.16.840.1.114274.1818.47561425346526557978238337105641222033,CT,DCM,DICOM,10041569-g7BegS168EGCpgRylILjoA/2.16.840.1.114274.1818.53545404512494855266004833202563902642/2.16.840.1.114274.1818.47561425346526557978238337105641222033.zip,73124956,0a2c8f911acf5e14f51a38650d7d053f,,10041569-g7BegS168EGCpgRylILjoA,Isovue 370,Bf37f_4,XYZ_EC,,,False,ORIGINAL_PRIMARY_AXIAL_CT_SOM5 SPI,,SIEMENS,SOMATOM Definition Edge,CT,,dg.MD1R/722b8863-437b-457e-b0d8-ca5674dba3a6,FFS,0.724609375,PE  1.0  Bf37  4 Axial,2.16.840.1.114274.1818.47561425346526557978238337105641222033,1.0,,4fd56c15-6e2d-4b23-9089-796f313124bb,ACR_20250901,2f3424dd-da14-4f41-990b-fd45c424eae1,2.16.840.1.114274.1818.53545404512494855266004833202563902642,10041569-g7BegS168EGCpgRylILjoA,10041569-g7BegS168EGCpgRylILjoA,Yes,Female,63.0,White,False,True,1,1,1,1,0,1,1,,,,,0,6
ct_series_file,1e07e09b-2247-4c88-86d7-25e5d2597548,Open-A1,2.16.840.1.114274.1818.562962079922750441116176706573327750590,CT,DCM,DICOM,10041569-2WbOmaZUqE23vA7fnyC4w/2.16.840.1.114274.1818.485611287757621328712309206724707583887/2.16.840.1.114274.1818.562962079922750441116176706573327750590.zip,2444880,e142970f1419e59e090754c136fd8756,,10041569-2WbOmaZUqE23vA7fnyC4w,,STANDARD,,,,False,ORIGINAL_PRIMARY_LOCALIZER,,GE MEDICAL SYSTEMS,Revolution CT,CT,,dg.MD1R/2d47824e-8f1b-4d4f-b6b2-647bcbb3020b,HFS,0.636364,Scout,2.16.840.1.114274.1818.562962079922750441116176706573327750590,928.0,10.0,4fd56c15-6e2d-4b23-9089-796f313124bb,ACR_20250901,c05daa60-d685-42aa-8c0a-5c8ef414f856,2.16.840.1.114274.1818.485611287757621328712309206724707583887,10041569-2WbOmaZUqE23vA7fnyC4w,10041569-2WbOmaZUqE23vA7fnyC4w,Yes,Male,48.0,Not Reported,False,True,1,1,1,0,0,1,1,,,,,0,5
ct_series_file,8301dac3-fb76-43aa-9013-ca6b5ed0d423,Open-A1,2.16.840.1.114274.1818.52929982398320633199496403949188967058,CT,DCM,DICOM,10041569-KTJisivBEW8eG11h3OmCQ/2.16.840.1.114274.1818.492274999100473584416433604080192392576/2.16.840.1.114274.1818.52929982398320633199496403949188967058.zip,34993996,558f8386b0e1c04e7e8091294a21c43c,,10041569-KTJisivBEW8eG11h3OmCQ,,Br49d_2,Z_EC,,,False,DERIVED_PRIMARY_AXIAL_CT_SOM5 MPR_STD_SNRG_DET_AB,,SIEMENS,SOMATOM Force,CT,,dg.MD1R/6c4cf1f3-6669-489b-99e4-90387c9ce9d3,FFS,0.625,Fl_Thorax  3.0  MPR  sag,2.16.840.1.114274.1818.52929982398320633199496403949188967058,3.0,,4fd56c15-6e2d-4b23-9089-796f313124bb,ACR_20250901,6f73cb85-010d-4c71-820f-5aaaaf040b36,2.16.840.1.114274.1818.492274999100473584416433604080192392576,10041569-KTJisivBEW8eG11h3OmCQ,10041569-KTJisivBEW8eG11h3OmCQ,Yes,Male,36.0,Not Reported,False,True,1,1,1,0,0,1,1,,,,,0,5
ct_series_file,316a8255-9737-4358-89ab-4f56377cd15c,Open-A1,2.16.840.1.114362.1.12359305.25874454649.712503438.991.954,CT,DCM,DICOM,10041569-DlqX5imb0ejWPhSL4fHg/2.16.840.1.114274.1818.46450951647836751622837827077564447386/2.16.840.1.114362.1.12359305.25874454649.712503438.991.954.zip,1658572,8794e054ca599fc159ad4bef3368c540,,10041569-DlqX5imb0ejWPhSL4fHg,,SOFT,,Skull-stripping,,True,DERIVED_PRIMARY_AXIAL,,GE MEDICAL SYSTEMS / MIM Software,Revolution HD,CT,,dg.MD1R/ed635894-efe5-4e74-926a-40952ff9663e,HFS,0.488281,BrainSegmentation,2.16.840.1.114362.1.12359305.25874454649.712503438.991.954,5.0,,4fd56c15-6e2d-4b23-9089-796f313124bb,ACR_20250901,1bba8608-7a43-448e-b2b6-2c6d054a9194,2.16.840.1.114274.1818.46450951647836751622837827077564447386,10041569-DlqX5imb0ejWPhSL4fHg,10041569-DlqX5imb0ejWPhSL4fHg,Yes,Female,73.0,Black or African American,False,True,0,1,1,1,0,1,1,,,,,0,5
ct_series_file,43414d59-9ae6-4ccd-9e24-fec67b06fcbf,Open-A1,2.16.840.1.114274.1818.541805144273492250511347883156394063518,CT,DCM,DICOM,10041569-KTJisivBEW8eG11h3OmCQ/2.16.840.1.114274.1818.548104650470475117512776779426212183442/2.16.840.1.114274.1818.541805144273492250511347883156394063518.zip,107988,7028345dd372747b7cba3fe554678076,,10041569-KTJisivBEW8eG11h3OmCQ,,Tx60f,NONE,,,False,ORIGINAL_PRIMARY_LOCALIZER_CT_SOM5 TOP,,SIEMENS,SOMATOM Force,CT,,dg.MD1R/c064e192-642a-4810-b39d-e958c75bf45b,FFS,2.0,Topogram  1.0  Tx60,2.16.840.1.114274.1818.541805144273492250511347883156394063518,,,4fd56c15-6e2d-4b23-9089-796f313124bb,ACR_20250901,0f09955e-9e3e-4aa9-9c92-5ba1c791fa24,2.16.840.1.114274.1818.548104650470475117512776779426212183442,10041569-KTJisivBEW8eG11h3OmCQ,10041569-KTJisivBEW8eG11h3OmCQ,Yes,Male,36.0,Not Reported,False,True,1,1,1,0,0,1,1,,,,,0,5
ct_series_file,fd7f760c-5b4d-4fd9-884b-137d782fb069,Open-A1,2.16.840.1.114274.1818.54461054807576931184826867061709298877,CT,DCM,DICOM,2.16.840.1.114274.1818.49182320293804197899336241449057882519/2.16.840.1.114274.1818.54461054807576931184826867061709298877.zip,170411720,83b3ac09ca7dffe3fed3d0f763beb860,,10000364-1607263,,,,,,,,,GE MEDICAL SYSTEMS,LightSpeed VCT,CT,816.0,dg.MD1R/9221ebc6-235b-4def-8b99-e3ef646025b3,,,THINS,2.16.840.1.114274.1818.54461054807576931184826867061709298877,,,da2db6a3-93f5-4066-90b2-f8dd8afadd2c,ACR_20211115,97c63a23-08c1-4f55-a10d-4b5b8498366e,2.16.840.1.114274.1818.49182320293804197899336241449057882519,10000364-1607263,10000364-1607263,Yes,Female,64.0,Black or African American,True,True,1,1,1,0,0,1,0,,,,,0,4
ct_series_file,57866e55-dc0d-4a05-b881-bc30169f6315,Open-A1,2.16.840.1.114274.1818.480848948692388780217635179155060346803,CT,DCM,DICOM,10041569-SytwUN6koU6LLR3RcLHkA/2.16.840.1.114274.1818.527732444474649071415108779862636941953/2.16.840.1.114274.1818.480848948692388780217635179155060346803.zip,19052656,a04d19536b8f1985b328d8cca38be4ca,,10041569-SytwUN6koU6LLR3RcLHkA,ISOVUE,STANDARD,,,,False,ORIGINAL_PRIMARY_AXIAL,,GE MEDICAL SYSTEMS,Revolution CT,CT,,dg.MD1R/e2ee8adf-138d-4ae2-ac79-a19af44d2eab,HFS,0.9375,AX_VEN_5.0_THICK_AP,2.16.840.1.114274.1818.480848948692388780217635179155060346803,5.0,5.0,4fd56c15-6e2d-4b23-9089-796f313124bb,ACR_20250901,44933012-7aba-4725-ac49-2b62a25e45c6,2.16.840.1.114274.1818.527732444474649071415108779862636941953,10041569-SytwUN6koU6LLR3RcLHkA,10041569-SytwUN6koU6LLR3RcLHkA,Yes,Female,62.0,Black or African American,False,False,1,1,1,0,0,1,1,,,,,0,5
ct_series_file,a24bd27c-6e7a-45d8-80a2-189b88e69ffb,Open-A1,2.16.840.1.114274.1818.50180697188702204646851434431221276812,CT,DCM,DICOM,10041569-YIon3HGGUa4N81uJEoWmg/2.16.840.1.114274.1818.51341731453717104421244787630599181472/2.16.840.1.114274.1818.50180697188702204646851434431221276812.zip,35809060,17b43eee1fd0b6ac020ee0fa62e3f447,,10041569-YIon3HGGUa4N81uJEoWmg,,"Br40d_3,Br40d",XYZ_EC,,,False,"DERIVED_PRIMARY_LOCALIZER_CT_SOM5 MPR,DERIVED_PRIMARY_AXIAL_CT_SOM5 MPR",,SIEMENS,SOMATOM Force,CT,,dg.MD1R/ca162d4a-67c0-468e-bef9-54658d3e83ee,FFS,"0.65846599131693,1.169921875",SAG_VEN_3.0_AP,2.16.840.1.114274.1818.50180697188702204646851434431221276812,3.0,,4fd56c15-6e2d-4b23-9089-796f313124bb,ACR_20250901,e0edb8b7-9dbd-43eb-b2f7-a6032f0b8c2f,2.16.840.1.114274.1818.51341731453717104421244787630599181472,10041569-YIon3HGGUa4N81uJEoWmg,10041569-YIon3HGGUa4N81uJEoWmg,Yes,Male,84.0,Black or African American,False,False,1,1,1,1,0,1,1,,,,,0,6
ct_series_file,80f007e8-6ede-4d27-a0b1-8007cdfb1ece,Open-A1,2.16.840.1.114274.1818.560967461915206351717605647894367915443,CT,DCM,DICOM,10041569-g7BegS168EGCpgRylILjoA/2.16.840.1.114274.1818.521129475173510895010286830025379579539/2.16.840.1.114274.1818.560967461915206351717605647894367915443.zip,1912396,02087ffb964a8a1eb03499b4f7be9036,,10041569-g7BegS168EGCpgRylILjoA,OMNI 350,STANDARD,,,,False,ORIGINAL_PRIMARY_LOCALIZER,,GE MEDICAL SYSTEMS,Revolution EVO,CT,,dg.MD1R/e874c62c-c098-4dde-bb77-7c42322f722f,FFS,0.545455,Scout,2.16.840.1.114274.1818.560967461915206351717605647894367915443,710.636353,10.0,4fd56c15-6e2d-4b23-9089-796f313124bb,ACR_20250901,6ceb7e91-4b56-42a5-be8c-b9d67705b517,2.16.840.1.114274.1818.521129475173510895010286830025379579539,10041569-g7BegS168EGCpgRylILjoA,10041569-g7BegS168EGCpgRylILjoA,Yes,Female,63.0,White,False,True,1,1,1,1,0,1,1,,,,,0,6
ct_series_file,28c04d27-56b0-4213-bdca-7a23e4e7876f,Open-A1,2.16.840.1.114274.1818.534195905175584242210149621889047970443,CT,DCM,DICOM,10041569-g7BegS168EGCpgRylILjoA/2.16.840.1.114274.1818.531705552272522870615982623405522797441/2.16.840.1.114274.1818.534195905175584242210149621889047970443.zip,24128928,767b5e93b9f62fb3ef7c2aca680193db,,10041569-g7BegS168EGCpgRylILjoA,,"Br49f_3,Br49f",Z_EC,,,False,"DERIVED_PRIMARY_LOCALIZER_CT_SOM5 MPR_STD_SNRG_DET_AB,DERIVED_PRIMARY_AXIAL_CT_SOM5 MPR_STD_SNRG_DET_AB",,SIEMENS,SOMATOM Drive,CT,,dg.MD1R/4564c512-1094-4ddc-9801-5389d08cdbe4,FFS,"0.80859375,0.724609375",LUNG_COR_CHEST_3.0,2.16.840.1.114274.1818.534195905175584242210149621889047970443,3.0,,4fd56c15-6e2d-4b23-9089-796f313124bb,ACR_20250901,c0c1b40a-cab1-4bcd-9c20-192f7b5c194d,2.16.840.1.114274.1818.531705552272522870615982623405522797441,10041569-g7BegS168EGCpgRylILjoA,10041569-g7BegS168EGCpgRylILjoA,Yes,Female,63.0,White,False,True,1,1,1,1,0,1,1,,,,,0,6
ct_series_file,c1957448-1244-4ca2-8149-b119307674aa,Open-A1,2.16.840.1.114274.1818.56202059846096794413613533322431449497,CT,DCM,DICOM,10041569-rdL12m75aU6AT4OZNtG2Aw/2.16.840.1.114274.1818.56976066282573544379958749681502823843/2.16.840.1.114274.1818.56202059846096794413613533322431449497.zip,17873898,09d0899037f56f7875546a9eede623c8,,10041569-rdL12m75aU6AT4OZNtG2Aw,,B31s,XYZ_EC,,,False,ORIGINAL_PRIMARY_AXIAL_CT_SOM5 SPI,,SIEMENS,Symbia Intevo Excel,CT,,dg.MD1R/2ef209c5-e169-48c5-bb48-c9b4980ed846,FFS,0.9765625,3D  ThorRoutine  5.0  B31s,2.16.840.1.114274.1818.56202059846096794413613533322431449497,5.0,,4fd56c15-6e2d-4b23-9089-796f313124bb,ACR_20250901,c66b167f-1c82-490b-8417-772b9082413f,2.16.840.1.114274.1818.56976066282573544379958749681502823843,10041569-rdL12m75aU6AT4OZNtG2Aw,10041569-rdL12m75aU6AT4OZNtG2Aw,Yes,Male,51.0,Black or African American,False,True,1,1,1,0,0,1,1,,,,,0,5
ct_series_file,d8bccfe4-9137-4529-a4b6-2d4b29c404bd,Open-A1,2.16.840.1.114274.1818.524667023536073701614460222691793859214,CT,DCM,DICOM,10041569-r2jQ1Jeo5UW7QlTnmJ2Ug/2.16.840.1.114274.1818.57129914175774871879381192139979811514/2.16.840.1.114274.1818.524667023536073701614460222691793859214.zip,31070356,1b45789d19c400b7b7d5064893858902,,10041569-r2jQ1Jeo5UW7QlTnmJ2Ug,,"Bf37f,Bf37f_3",XYZ_EC,,,False,"DERIVED_PRIMARY_LOCALIZER_CT_SOM5 MPR,DERIVED_PRIMARY_AXIAL_CT_SOM5 MPR",,SIEMENS,SOMATOM Definition AS+,CT,,dg.MD1R/2edf47f3-dc1c-4e7d-a45a-c7c1fda3dc5a,FFS,"0.5859375,0.9765625",ST_SAG_CHEST_3.0,2.16.840.1.114274.1818.524667023536073701614460222691793859214,3.0,,4fd56c15-6e2d-4b23-9089-796f313124bb,ACR_20250901,cc8d02ed-33b3-4965-a95e-2a91eb5b3390,2.16.840.1.114274.1818.57129914175774871879381192139979811514,10041569-r2jQ1Jeo5UW7QlTnmJ2Ug,10041569-r2jQ1Jeo5UW7QlTnmJ2Ug,Yes,Male,26.0,White,False,True,0,1,1,0,0,0,1,,,,,0,3
ct_series_file,e19890fe-b931-42a6-8ab5-c3b5d8c2f812,Open-A1,2.16.840.1.114362.1.12359305.25874454649.713234160.1098.1234,CT,DCM,DICOM,10041569-DlqX5imb0ejWPhSL4fHg/2.16.840.1.114274.1818.46822287575423285798927568582920089490/2.16.840.1.114362.1.12359305.25874454649.713234160.1098.1234.zip,7079072,4433a0c603fb770a957e062ffb368077,,10041569-DlqX5imb0ejWPhSL4fHg,,STANDARD,,Skull-stripping,,True,DERIVED_PRIMARY_AXIAL,,GE MEDICAL SYSTEMS / MIM Software,Revolution CT,CT,,dg.MD1R/0ba2f39c-9e3a-4c97-ab9d-93127448873c,HFS,0.976563,BrainSegmentation,2.16.840.1.114362.1.12359305.25874454649.713234160.1098.1234,1.25,,4fd56c15-6e2d-4b23-9089-796f313124bb,ACR_20250901,ca46b72f-5296-4100-9b65-28a91690b846,2.16.840.1.114274.1818.46822287575423285798927568582920089490,10041569-DlqX5imb0ejWPhSL4fHg,10041569-DlqX5imb0ejWPhSL4fHg,Yes,Female,73.0,Black or African American,False,True,0,1,1,1,0,1,1,,,,,0,5
ct_series_file,0de255d4-b7a8-426a-bb17-2a371291e728,Open-A1,2.16.840.1.114274.1818.505904694362262698711908281914967618232,CT,DCM,DICOM,2.16.840.1.114274.1818.537443693792971281211957486413624761766/2.16.840.1.114274.1818.505904694362262698711908281914967618232.zip,48847148,5c1f629c7130c2fbe8a7060fd8941aca,,10000364-744747,OMNIPAQUE,,,,,,,,SIEMENS,SOMATOM Definition AS,CT,164.0,dg.MD1R/a49a845d-29ae-4f9f-9e6e-394abf828736,,,Lungs,2.16.840.1.114274.1818.505904694362262698711908281914967618232,,,da2db6a3-93f5-4066-90b2-f8dd8afadd2c,ACR_20211115,22ec2f9f-e906-4c20-8d75-4bef46323c7d,2.16.840.1.114274.1818.537443693792971281211957486413624761766,10000364-744747,10000364-744747,Yes,Male,77.0,White,True,True,0,1,1,0,0,1,0,,,,,0,3
ct_series_file,9797b483-072e-405a-8068-8f05b512a32c,Open-A1,2.16.840.1.114274.1818.55414230580241612371214231123261701540,CT,DCM,DICOM,10041569-c7w6HYO4oU7uSiC4lcZiA/2.16.840.1.114274.1818.57408375792288589596569949991000334759/2.16.840.1.114274.1818.55414230580241612371214231123261701540.zip,72915786,84cd2c02f04c1dcf95e5bc35e5f47ad2,,10041569-c7w6HYO4oU7uSiC4lcZiA,,B40f,XYZ_EC,,,False,ORIGINAL_PRIMARY_AXIAL_CT_SOM5 SPI,,SIEMENS,Sensation 16 with Akron Q tube,CT,,dg.MD1R/def46a13-9629-4068-89c2-90c2e90d699d,FFS,0.73046875,ST_AX_CHEST_1.0,2.16.840.1.114274.1818.55414230580241612371214231123261701540,1.0,,4fd56c15-6e2d-4b23-9089-796f313124bb,ACR_20250901,6d1913a8-08b4-4dfe-bb0f-df5c7d6b1f1c,2.16.840.1.114274.1818.57408375792288589596569949991000334759,10041569-c7w6HYO4oU7uSiC4lcZiA,10041569-c7w6HYO4oU7uSiC4lcZiA,Yes,Male,66.0,White,False,True,1,1,1,1,1,1,1,,,,,0,7
ct_series_file,6aa61c18-24f1-443b-8367-d0af83a36822,Open-A1,2.16.840.1.114274.1818.527014534940453656818295640618215746996,CT,DCM,DICOM,10000364-1607263/2.16.840.1.114274.1818.502459629476507956812611337470653751205/2.16.840.1.114274.1818.527014534940453656818295640618215746996.zip,1093058,d74a63542ac682210aa35035f5b40574,,10000364-1607263,,,,,,,,,GE MEDICAL SYSTEMS,LightSpeed VCT,CT,2.0,dg.MD1R/31b51bc1-34d3-44bd-ac67-139d5f612a42,,,Scout apices-lung bases,2.16.840.1.114274.1818.527014534940453656818295640618215746996,,,5f596eb7-d79b-47d3-8ff0-1d4ba3d2ea85,ACR_20210827,cf194b9d-0440-41f7-9dc2-02a3a5f04963,2.16.840.1.114274.1818.502459629476507956812611337470653751205,10000364-1607263,10000364-1607263,Yes,Female,64.0,Black or African American,True,True,1,1,1,0,0,1,0,,,,,0,4
ct_series_file,86f39213-eb49-4b47-a71d-9902e0870c13,Open-A1,2.16.840.1.114362.1.12359305.25874454649.713426900.744.954,CT,DCM,DICOM,10041569-VGNu6FLHPEiGjPVNhzb7rA/2.16.840.1.114274.1818.465503572150709250710462845413653023378/2.16.840.1.114362.1.12359305.25874454649.713426900.744.954.zip,4163002,fa59b1d73d48d0e314d03a80f31ff480,,10041569-VGNu6FLHPEiGjPVNhzb7rA,,Hr59h,,Skull-stripping,,True,DERIVED_PRIMARY_AXIAL,,SIEMENS / MIM Software,SOMATOM Force,CT,,dg.MD1R/4af36815-373f-4261-bea7-ee0656ca3642,HFS,0.40816328,BrainSegmentation,2.16.840.1.114362.1.12359305.25874454649.713426900.744.954,3.0,,4fd56c15-6e2d-4b23-9089-796f313124bb,ACR_20250901,14fac8f2-56e2-4bc1-bfcd-d190d37aebd1,2.16.840.1.114274.1818.465503572150709250710462845413653023378,10041569-VGNu6FLHPEiGjPVNhzb7rA,10041569-VGNu6FLHPEiGjPVNhzb7rA,Yes,Female,38.0,Black or African American,False,True,0,1,1,0,0,1,1,,,,,0,4
ct_series_file,3fccc1d0-3c9c-404d-8246-3e03903c2f71,Open-A1,2.16.840.1.114274.1818.48724425816269834379621195644848217784,CT,DCM,DICOM,10041569-DlqX5imb0ejWPhSL4fHg/2.16.840.1.114274.1818.56028146263909395223440493815552548798/2.16.840.1.114274.1818.48724425816269834379621195644848217784.zip,1927104,77723a27de1cf388da7c7f6033a69dbe,,10041569-DlqX5imb0ejWPhSL4fHg,,STANDARD,,,,False,ORIGINAL_PRIMARY_LOCALIZER,,GE MEDICAL SYSTEMS,Revolution CT,CT,,dg.MD1R/0d04adaa-3095-4fd5-b7a3-e8c895608f4b,FFS,0.636364,Scout,2.16.840.1.114274.1818.48724425816269834379621195644848217784,710.0,10.0,4fd56c15-6e2d-4b23-9089-796f313124bb,ACR_20250901,81934b86-23a2-49aa-a41e-b59f30ce4617,2.16.840.1.114274.1818.56028146263909395223440493815552548798,10041569-DlqX5imb0ejWPhSL4fHg,10041569-DlqX5imb0ejWPhSL4fHg,Yes,Female,73.0,Black or African American,False,True,0,1,1,1,0,1,1,,,,,0,5
ct_series_file,74b3adce-40bc-4b19-bc72-c7490af0eb35,Open-A1,2.16.840.1.114274.1818.47572134576812267574980912191627150003,CT,DCM,DICOM,10041569-KTJisivBEW8eG11h3OmCQ/2.16.840.1.114274.1818.512419069153944780610277813753729629073/2.16.840.1.114274.1818.47572134576812267574980912191627150003.zip,90128982,262aefae0a06d1a56f5e618dbd82dbc0,,10041569-KTJisivBEW8eG11h3OmCQ,,Br49d_2,Z_EC,,,False,ORIGINAL_PRIMARY_AXIAL_CT_SOM5 SPI DUAL_STD_SNRG_DET_AB,,SIEMENS,SOMATOM Force,CT,,dg.MD1R/245be41c-8964-4c65-aadb-bcce53c98286,FFS,0.8828125,LUNG_AX_THIN_1.0,2.16.840.1.114274.1818.47572134576812267574980912191627150003,1.0,,4fd56c15-6e2d-4b23-9089-796f313124bb,ACR_20250901,fc9dfc85-75ec-45e1-97ca-24bbc5a66651,2.16.840.1.114274.1818.512419069153944780610277813753729629073,10041569-KTJisivBEW8eG11h3OmCQ,10041569-KTJisivBEW8eG11h3OmCQ,Yes,Male,36.0,Not Reported,False,True,1,1,1,0,0,1,1,,,,,0,5
ct_series_file,505542f5-3195-4d94-86b4-e924e001b8ee,Open-A1,2.16.840.1.114362.1.12359305.25874454649.712517556.389.946,CT,DCM,DICOM,10041569-0MlpwvpeqkmKqEG4iMez6g/2.16.840.1.114274.1818.516287239119536037111226113971135270787/2.16.840.1.114362.1.12359305.25874454649.712517556.389.946.zip,3420230,45fd7b020808e7e89426d04018cf054b,,10041569-0MlpwvpeqkmKqEG4iMez6g,,H32s,,Skull-stripping,,True,DERIVED_PRIMARY_AXIAL,,SIEMENS / MIM Software,SOMATOM Definition AS+,CT,,dg.MD1R/6dd285de-7de8-4875-86dc-11d9fbf51af1,HFS,0.34375,BrainSegmentation,2.16.840.1.114362.1.12359305.25874454649.712517556.389.946,3.0,,4fd56c15-6e2d-4b23-9089-796f313124bb,ACR_20250901,f247003e-b590-4d01-ac53-f0d85b7bbcef,2.16.840.1.114274.1818.516287239119536037111226113971135270787,10041569-0MlpwvpeqkmKqEG4iMez6g,10041569-0MlpwvpeqkmKqEG4iMez6g,Yes,Male,54.0,White,False,True,1,1,1,0,0,0,1,,,,,0,4
ct_series_file,f9a9e395-9ba8-4137-b2df-e2301f331465,Open-A1,2.16.840.1.114274.1818.501922292564946680415871051153148754619,CT,DCM,DICOM,10041569-KTJisivBEW8eG11h3OmCQ/2.16.840.1.114274.1818.492274999100473584416433604080192392576/2.16.840.1.114274.1818.501922292564946680415871051153148754619.zip,35751188,5262b874f291eb05016eca488e382a01,,10041569-KTJisivBEW8eG11h3OmCQ,,Br40d_3,Z_EC,,,False,ORIGINAL_PRIMARY_AXIAL_CT_SOM5 SPI DUAL_STD_SNRG_DET_AB,,SIEMENS,SOMATOM Force,CT,,dg.MD1R/0256bd77-48b1-44f2-b59c-82a3d2308914,FFS,0.7734375,Fl_Thorax  2.0  Br40  3,2.16.840.1.114274.1818.501922292564946680415871051153148754619,2.0,,4fd56c15-6e2d-4b23-9089-796f313124bb,ACR_20250901,6f73cb85-010d-4c71-820f-5aaaaf040b36,2.16.840.1.114274.1818.492274999100473584416433604080192392576,10041569-KTJisivBEW8eG11h3OmCQ,10041569-KTJisivBEW8eG11h3OmCQ,Yes,Male,36.0,Not Reported,False,True,1,1,1,0,0,1,1,,,,,0,5
ct_series_file,a7dde73b-e76f-49cc-aef4-6999d8682380,Open-A1,2.16.840.1.114362.1.12046989.25454232014.618193456.403.898,CT,DCM,DICOM,10000364-899490/2.16.840.1.114274.1818.462325808401759840017981656069541651856/2.16.840.1.114362.1.12046989.25454232014.618193456.403.898.zip,4242496,27b77444d6cc3d4ddd99f5379bcba2a2,,10000364-899490,,H30s,,Skull-stripping,2.0,True,DERIVED_PRIMARY_AXIAL,,SIEMENS / MIM Software,SOMATOM Definition AS,CT,65.0,dg.MD1R/808a0f36-b0e1-4ca8-8166-b5f530834894,HFS,0.30078125,BrainSegmentation,2.16.840.1.114362.1.12046989.25454232014.618193456.403.898,3.0,,f3a84a57-f61e-4953-af27-23f850bc857a,ACR_20230415,abccc64a-7b51-44b7-a869-1f6f79dbb243,2.16.840.1.114274.1818.462325808401759840017981656069541651856,10000364-899490,10000364-899490,Yes,Female,71.0,White,False,True,1,1,1,0,0,0,1,,,,,0,4
ct_series_file,50a330f6-5a2c-400c-b7f0-26f40de2efe6,Open-A1,2.16.840.1.114274.1818.503757841614544599411578809220260197270,CT,DCM,DICOM,10041569-NSEL0dEU50iSJEeE7kzpPQ/2.16.840.1.114274.1818.554805252888330918513360343928018403474/2.16.840.1.114274.1818.503757841614544599411578809220260197270.zip,227532294,a593f51ba74a7c1f05f25ff5ed54c4de,,10041569-NSEL0dEU50iSJEeE7kzpPQ,,STANDARD,,,,False,ORIGINAL_PRIMARY_AXIAL,,GE MEDICAL SYSTEMS,Optima CT660,CT,,dg.MD1R/230cc86b-ca80-46e3-96ce-96b8998b6c6e,HFS,0.738281,THINS,2.16.840.1.114274.1818.503757841614544599411578809220260197270,0.625,0.625,4fd56c15-6e2d-4b23-9089-796f313124bb,ACR_20250901,59eff483-af6e-4f18-a032-a4ddb1a73df6,2.16.840.1.114274.1818.554805252888330918513360343928018403474,10041569-NSEL0dEU50iSJEeE7kzpPQ,10041569-NSEL0dEU50iSJEeE7kzpPQ,Yes,Male,58.0,White,False,True,1,1,1,1,0,0,1,,,,,0,5
ct_series_file,ac1fdfbe-3d39-45d9-950c-702889f28d63,Open-A1,2.16.840.1.114362.1.12359305.25874454649.713241334.382.1234,CT,DCM,DICOM,10041569-DlqX5imb0ejWPhSL4fHg/2.16.840.1.114274.1818.46822287575423285798927568582920089490/2.16.840.1.114362.1.12359305.25874454649.713241334.382.1234.zip,1735186,c4f3c18af94db1474c57701645f33314,,10041569-DlqX5imb0ejWPhSL4fHg,,STANDARD,,Skull-stripping,,True,DERIVED_PRIMARY_AXIAL,,GE MEDICAL SYSTEMS / MIM Software,Revolution CT,CT,,dg.MD1R/ea21150e-b449-4398-99ab-6094ce88d049,HFS,0.976563,BrainSegmentation,2.16.840.1.114362.1.12359305.25874454649.713241334.382.1234,5.0,,4fd56c15-6e2d-4b23-9089-796f313124bb,ACR_20250901,ca46b72f-5296-4100-9b65-28a91690b846,2.16.840.1.114274.1818.46822287575423285798927568582920089490,10041569-DlqX5imb0ejWPhSL4fHg,10041569-DlqX5imb0ejWPhSL4fHg,Yes,Female,73.0,Black or African American,False,True,0,1,1,1,0,1,1,,,,,0,5
ct_series_file,aab3ffb3-1039-4f0b-9ea2-23471c007e56,Open-A1,2.16.840.1.114274.1818.502202410558558115416836941495210302652,CT,DCM,DICOM,10000364-1607263/2.16.840.1.114274.1818.54883128069992455378191669346045303460/2.16.840.1.114274.1818.502202410558558115416836941495210302652.zip,26114108,b758c60ecac3f4828c35feb54d07c069,,10000364-1607263,OMNIPAQUE 350 100,,,,,,,,GE MEDICAL SYSTEMS,Revolution HD,CT,181.0,dg.MD1R/0cee3b4e-78ab-4027-a574-14e611370690,,,SAG BODY,2.16.840.1.114274.1818.502202410558558115416836941495210302652,,,5f596eb7-d79b-47d3-8ff0-1d4ba3d2ea85,ACR_20210827,e98fc938-f22f-4651-b9a8-5a721e0938a1,2.16.840.1.114274.1818.54883128069992455378191669346045303460,10000364-1607263,10000364-1607263,Yes,Female,64.0,Black or African American,True,True,1,1,1,0,0,1,0,,,,,0,4
ct_series_file,f39ed114-2083-4826-8a8b-b4e7e0724e8a,Open-A1,2.16.840.1.114274.1818.472459043859767222012774087485976760723,CT,DCM,DICOM,10041569-YIon3HGGUa4N81uJEoWmg/2.16.840.1.114274.1818.46213516937756425162077192930343084169/2.16.840.1.114274.1818.472459043859767222012774087485976760723.zip,34978812,5f5db9fbf9b7c899004b4390805e50a4,,10041569-YIon3HGGUa4N81uJEoWmg,,Br40d_3,Z_EC,,,False,ORIGINAL_PRIMARY_AXIAL_CT_SOM5 SPI DUAL_STD_SNRG_DET_AB,,SIEMENS,SOMATOM Force,CT,,dg.MD1R/4beb6647-4b40-44af-ad68-12e50de320db,FFS,0.7734375,INSPIRATION  2.0  Br40  3,2.16.840.1.114274.1818.472459043859767222012774087485976760723,2.0,,4fd56c15-6e2d-4b23-9089-796f313124bb,ACR_20250901,93c2b51c-9bf5-4315-b6ca-35feb693bc6b,2.16.840.1.114274.1818.46213516937756425162077192930343084169,10041569-YIon3HGGUa4N81uJEoWmg,10041569-YIon3HGGUa4N81uJEoWmg,Yes,Male,84.0,Black or African American,False,False,1,1,1,1,0,1,1,,,,,0,6
ct_series_file,40e998e2-1d34-4a0c-b0ed-39e11dfe22ba,Open-A1,2.16.840.1.114274.1818.50640088137958077832239599152112081296,CT,DCM,DICOM,10041569-g7BegS168EGCpgRylILjoA/2.16.840.1.114274.1818.49432318804283653755944501886812777407/2.16.840.1.114274.1818.50640088137958077832239599152112081296.zip,35809228,676666aa41eb7cf4ae7a97bc6994f5e8,,10041569-g7BegS168EGCpgRylILjoA,,Br40f_3,XYZ_EC,,,False,ORIGINAL_PRIMARY_AXIAL_CT_SOM5 SPI,,SIEMENS,SOMATOM Drive,CT,,dg.MD1R/e828cfa7-25df-42a0-a212-f81349c75ae9,FFS,0.74609375,INSPIRATION  2.0  Br40  3,2.16.840.1.114274.1818.50640088137958077832239599152112081296,2.0,,4fd56c15-6e2d-4b23-9089-796f313124bb,ACR_20250901,bb3f0740-6576-492e-b3af-171747887cba,2.16.840.1.114274.1818.49432318804283653755944501886812777407,10041569-g7BegS168EGCpgRylILjoA,10041569-g7BegS168EGCpgRylILjoA,Yes,Female,63.0,White,False,True,1,1,1,1,0,1,1,,,,,0,6
ct_series_file,12d63db2-9a9a-430c-8ba7-d708dcd51c64,Open-A1,2.16.840.1.114362.1.12359305.25874454649.713248986.854.1234,CT,DCM,DICOM,10041569-DlqX5imb0ejWPhSL4fHg/2.16.840.1.114274.1818.46822287575423285798927568582920089490/2.16.840.1.114362.1.12359305.25874454649.713248986.854.1234.zip,1735202,3f543fcc18f285c2bc00a7fac3706978,,10041569-DlqX5imb0ejWPhSL4fHg,,STANDARD,,Skull-stripping,,True,DERIVED_PRIMARY_AXIAL,,GE MEDICAL SYSTEMS / MIM Software,Revolution CT,CT,,dg.MD1R/4d135030-8b43-429b-96c8-ff45d86e4532,HFS,0.976563,BrainSegmentation,2.16.840.1.114362.1.12359305.25874454649.713248986.854.1234,5.0,,4fd56c15-6e2d-4b23-9089-796f313124bb,ACR_20250901,ca46b72f-5296-4100-9b65-28a91690b846,2.16.840.1.114274.1818.46822287575423285798927568582920089490,10041569-DlqX5imb0ejWPhSL4fHg,10041569-DlqX5imb0ejWPhSL4fHg,Yes,Female,73.0,Black or African American,False,True,0,1,1,1,0,1,1,,,,,0,5
ct_series_file,d0e45b2a-dec7-4445-a10b-ec7073dffecb,Open-A1,2.16.840.1.114274.1818.493126107883842454411485354529147716994,CT,DCM,DICOM,10041569-YwgotNEPQUS9rTCEmYfvGg/2.16.840.1.114274.1818.48726585573245811187613117959563105674/2.16.840.1.114274.1818.493126107883842454411485354529147716994.zip,36440756,c94bbeb23261e8b2917779320fc130d6,,10041569-YwgotNEPQUS9rTCEmYfvGg,,Br49d_2,Z_EC,,,False,DERIVED_PRIMARY_AXIAL_CT_SOM5 MPR_STD_SNRG_DET_AB,,SIEMENS,SOMATOM Force,CT,,dg.MD1R/e3e6f1f6-cfb0-4560-a07e-d32098c56368,FFS,0.703125,INSPIRATION  3.0  MPR  sag,2.16.840.1.114274.1818.493126107883842454411485354529147716994,3.0,,4fd56c15-6e2d-4b23-9089-796f313124bb,ACR_20250901,ee21aa30-4140-4a1c-a469-b7ceca309930,2.16.840.1.114274.1818.48726585573245811187613117959563105674,10041569-YwgotNEPQUS9rTCEmYfvGg,10041569-YwgotNEPQUS9rTCEmYfvGg,Yes,Male,43.0,Not Reported,False,True,1,1,1,1,0,1,1,,,,,0,6
ct_series_file,3eecdbcb-2681-42a2-b92a-73a7b2fbb416,Open-A1,2.16.840.1.114362.1.12359305.25874454649.713425718.1060.954,CT,DCM,DICOM,10041569-VGNu6FLHPEiGjPVNhzb7rA/2.16.840.1.114274.1818.47692667331104462869725273007800853679/2.16.840.1.114362.1.12359305.25874454649.713425718.1060.954.zip,5014532,de6f58354485cc27221b2eec9211e4cf,,10041569-VGNu6FLHPEiGjPVNhzb7rA,,Hr59h,,Skull-stripping,,True,DERIVED_PRIMARY_AXIAL,,SIEMENS / MIM Software,SOMATOM Force,CT,,dg.MD1R/811107ef-b12c-499b-90a7-ca77ae00cf15,HFS,0.3632,BrainSegmentation,2.16.840.1.114362.1.12359305.25874454649.713425718.1060.954,3.0,,4fd56c15-6e2d-4b23-9089-796f313124bb,ACR_20250901,7c53890b-93b2-4d7f-b291-8133bd750867,2.16.840.1.114274.1818.47692667331104462869725273007800853679,10041569-VGNu6FLHPEiGjPVNhzb7rA,10041569-VGNu6FLHPEiGjPVNhzb7rA,Yes,Female,38.0,Black or African American,False,True,0,1,1,0,0,1,1,,,,,0,4
ct_series_file,8b9bc45b-c690-4d84-a307-eb977fbc8ce0,Open-A1,2.16.840.1.114362.1.12046989.25398265497.615992540.438.31,CT,DCM,DICOM,10000364-899490/2.16.840.1.114274.1818.481925761232972402218274252443294239918/2.16.840.1.114362.1.12046989.25398265497.615992540.438.31.zip,1682128,f860a2e2ecee7434312ac69ac28fa492,,10000364-899490,,J30s,,Skull-stripping,2.0,True,DERIVED_PRIMARY_AXIAL,,SIEMENS / MIM Software,SOMATOM Definition AS,CT,29.0,dg.MD1R/ac47d472-1eb6-4b24-a311-05923d877435,HFS,0.41406247,BrainSegmentation,2.16.840.1.114362.1.12046989.25398265497.615992540.438.31,4.945079327,,f3a84a57-f61e-4953-af27-23f850bc857a,ACR_20230415,9649b379-c17c-4bb9-a6db-aaa295f40ce5,2.16.840.1.114274.1818.481925761232972402218274252443294239918,10000364-899490,10000364-899490,Yes,Female,71.0,White,False,True,1,1,1,0,0,0,1,,,,,0,4
ct_series_file,18e41acf-5e78-4e46-ba80-82f69eb64459,Open-A1,2.16.840.1.114274.1818.48581762203400734688576140896110124698,CT,DCM,DICOM,10041569-KTJisivBEW8eG11h3OmCQ/2.16.840.1.114274.1818.548104650470475117512776779426212183442/2.16.840.1.114274.1818.48581762203400734688576140896110124698.zip,36406374,753fad069898bef5706ed116c6127595,,10041569-KTJisivBEW8eG11h3OmCQ,,Br49d_2,Z_EC,,,False,DERIVED_PRIMARY_AXIAL_CT_SOM5 MPR_STD_SNRG_DET_AB,,SIEMENS,SOMATOM Force,CT,,dg.MD1R/29a79538-d939-4459-a780-8d7df8a33a28,FFS,0.664165103,Fl_Thorax  3.0  MPR  sag,2.16.840.1.114274.1818.48581762203400734688576140896110124698,3.0,,4fd56c15-6e2d-4b23-9089-796f313124bb,ACR_20250901,0f09955e-9e3e-4aa9-9c92-5ba1c791fa24,2.16.840.1.114274.1818.548104650470475117512776779426212183442,10041569-KTJisivBEW8eG11h3OmCQ,10041569-KTJisivBEW8eG11h3OmCQ,Yes,Male,36.0,Not Reported,False,True,1,1,1,0,0,1,1,,,,,0,5
ct_series_file,d1c2ae03-01e2-4ccc-bec1-43a084468493,Open-A1,2.16.840.1.114362.1.12359305.25874454649.712519571.144.946,CT,DCM,DICOM,10041569-0MlpwvpeqkmKqEG4iMez6g/2.16.840.1.114274.1818.516287239119536037111226113971135270787/2.16.840.1.114362.1.12359305.25874454649.712519571.144.946.zip,3419376,76e62f398960da9c2c3ab5304afb03b6,,10041569-0MlpwvpeqkmKqEG4iMez6g,,H32s,,Skull-stripping,,True,DERIVED_PRIMARY_AXIAL,,SIEMENS / MIM Software,SOMATOM Definition AS+,CT,,dg.MD1R/0eb9313f-33bb-4d8a-8a15-269407f269fb,HFS,0.34375,BrainSegmentation,2.16.840.1.114362.1.12359305.25874454649.712519571.144.946,3.0,,4fd56c15-6e2d-4b23-9089-796f313124bb,ACR_20250901,f247003e-b590-4d01-ac53-f0d85b7bbcef,2.16.840.1.114274.1818.516287239119536037111226113971135270787,10041569-0MlpwvpeqkmKqEG4iMez6g,10041569-0MlpwvpeqkmKqEG4iMez6g,Yes,Male,54.0,White,False,True,1,1,1,0,0,0,1,,,,,0,4
ct_series_file,1ecb51c2-f819-463f-bca7-335e07e8b274,Open-A1,2.16.840.1.114274.1818.479446357079437622017303847693996990394,CT,DCM,DICOM,10041569-YIon3HGGUa4N81uJEoWmg/2.16.840.1.114274.1818.51027274488211992514241515792310146994/2.16.840.1.114274.1818.479446357079437622017303847693996990394.zip,377066,0a527dfa5db180d6e3691a400c541bb7,,10041569-YIon3HGGUa4N81uJEoWmg,,Tr20f,NONE,,,False,ORIGINAL_PRIMARY_LOCALIZER_CT_SOM5 TOP,,SIEMENS,SOMATOM Definition Flash,CT,,dg.MD1R/4c96bf05-d82c-493c-b4f6-db20885b6a81,FFS,1.0,AP SCOUT  1.0  Tr20,2.16.840.1.114274.1818.479446357079437622017303847693996990394,,,4fd56c15-6e2d-4b23-9089-796f313124bb,ACR_20250901,514dc775-0dd7-469e-9ccb-ded5004542e7,2.16.840.1.114274.1818.51027274488211992514241515792310146994,10041569-YIon3HGGUa4N81uJEoWmg,10041569-YIon3HGGUa4N81uJEoWmg,Yes,Male,84.0,Black or African American,False,False,1,1,1,1,0,1,1,,,,,0,6
ct_series_file,cf804ed1-b02f-4f6c-ab3c-204aee1442b4,Open-A1,2.16.840.1.114274.1818.54063222021852717719767864396419576988,CT,DCM,DICOM,10041569-YIon3HGGUa4N81uJEoWmg/2.16.840.1.114274.1818.488780372084415092017739372329774591652/2.16.840.1.114274.1818.54063222021852717719767864396419576988.zip,1372828,656cda31513d25c0098d789ea74eab99,,10041569-YIon3HGGUa4N81uJEoWmg,,STANDARD,,,,False,ORIGINAL_PRIMARY_LOCALIZER,,GE MEDICAL SYSTEMS,Revolution HD,CT,,dg.MD1R/656e9609-d253-48fe-b4b9-5cca530c91a3,FFS,0.545455,SCOUT,2.16.840.1.114274.1818.54063222021852717719767864396419576988,520.545471,-10.0,4fd56c15-6e2d-4b23-9089-796f313124bb,ACR_20250901,0a324107-8d32-4d37-a6ea-da06fcb7caf6,2.16.840.1.114274.1818.488780372084415092017739372329774591652,10041569-YIon3HGGUa4N81uJEoWmg,10041569-YIon3HGGUa4N81uJEoWmg,Yes,Male,84.0,Black or African American,False,False,1,1,1,1,0,1,1,,,,,0,6
ct_series_file,75b841b2-540c-4909-a27e-32c3e78e007b,Open-A1,2.16.840.1.114274.1818.55766078368412446172890217971948717724,CT,DCM,DICOM,10000364-744747/CT_2.16.840.1.114274.1818.48366533890060013305073239629363251901/2.16.840.1.114274.1818.55766078368412446172890217971948717724.zip,46495186,29bfa014722a4e053b3aa5612253504f,,10000364-744747,,,,,,,,,SIEMENS,Sensation 64,CT,186.0,dg.MD1R/027aee7e-5a41-4800-8b0e-5d97444fbbe1,,,CHEST W/O  2.0  SPO  sag,2.16.840.1.114274.1818.55766078368412446172890217971948717724,,,23e8c279-92d2-47da-99de-97dedc454bb4,ACR_20211020,8cd6ca62-c915-45f4-abbe-f24b78803489,2.16.840.1.114274.1818.48366533890060013305073239629363251901,10000364-744747,10000364-744747,Yes,Male,77.0,White,True,True,0,1,1,0,0,1,0,,,,,0,3
ct_series_file,e820df75-3abf-422d-95e2-7b4c90851610,Open-A1,2.16.840.1.114362.1.12359305.25874454649.712518362.502.946,CT,DCM,DICOM,10041569-0MlpwvpeqkmKqEG4iMez6g/2.16.840.1.114274.1818.516287239119536037111226113971135270787/2.16.840.1.114362.1.12359305.25874454649.712518362.502.946.zip,3419744,35bf5fa05cbad46086083c5deb444400,,10041569-0MlpwvpeqkmKqEG4iMez6g,,H32s,,Skull-stripping,,True,DERIVED_PRIMARY_AXIAL,,SIEMENS / MIM Software,SOMATOM Definition AS+,CT,,dg.MD1R/b9a79b6f-705e-4d6d-8ad1-a044be65d8f2,HFS,0.34375,BrainSegmentation,2.16.840.1.114362.1.12359305.25874454649.712518362.502.946,3.0,,4fd56c15-6e2d-4b23-9089-796f313124bb,ACR_20250901,f247003e-b590-4d01-ac53-f0d85b7bbcef,2.16.840.1.114274.1818.516287239119536037111226113971135270787,10041569-0MlpwvpeqkmKqEG4iMez6g,10041569-0MlpwvpeqkmKqEG4iMez6g,Yes,Male,54.0,White,False,True,1,1,1,0,0,0,1,,,,,0,4
ct_series_file,b6efedc0-99ac-400f-9c2f-4c3511c3e408,Open-A1,2.16.840.1.114274.1818.48667542629366431994796171476293589664,CT,DCM,DICOM,10041569-KTJisivBEW8eG11h3OmCQ/2.16.840.1.114274.1818.489729909069159720915226796625714263178/2.16.840.1.114274.1818.48667542629366431994796171476293589664.zip,76827628,1257a10fa9bb18675c9cc00e01d83a39,,10041569-KTJisivBEW8eG11h3OmCQ,,Br40f_3,ELLIP_ZEC,,,False,ORIGINAL_PRIMARY_AXIAL_VMI_CT_SOM10 DEMEP_ME70KEV_COUNT_CONVCT,0.0,Siemens Healthineers,NAEOTOM Alpha,CT,,dg.MD1R/46a2732e-e96a-4218-9629-cffba2cd0471,FFS,0.763980469,Thorax 1.00 Br40,2.16.840.1.114274.1818.48667542629366431994796171476293589664,1.0,,4fd56c15-6e2d-4b23-9089-796f313124bb,ACR_20250901,61ae4049-b219-4bf2-b87d-956f4c653ba0,2.16.840.1.114274.1818.489729909069159720915226796625714263178,10041569-KTJisivBEW8eG11h3OmCQ,10041569-KTJisivBEW8eG11h3OmCQ,Yes,Male,36.0,Not Reported,False,True,1,1,1,0,0,1,1,,,,,0,5
ct_series_file,a1481f5d-75c7-40c8-8c44-5b6131ce6ed4,Open-A1,2.16.840.1.114274.1818.52002306767812207533475860808785050250,CT,DCM,DICOM,10000364-1288160/2.16.840.1.114274.1818.48556986962317854749608715518531094962/2.16.840.1.114274.1818.52002306767812207533475860808785050250.zip,31670960,99eb1545f1552211bf3d32fb4df3e818,,10000364-1288160,,Bf37f,XYZ_EC,,,,DERIVEDPRIMARYAXIALCT_SOM5 MPR,,SIEMENS,SOMATOM Definition AS,CT,98.0,dg.MD1R/a1072f32-da93-4d23-abb3-aab708ae80f4,,,CORONAL MPR,2.16.840.1.114274.1818.52002306767812207533475860808785050250,3.0,,59f32345-e328-4e77-8813-6fdff0a106e3,ACR_20220415,ccacc002-d606-473f-93bb-9f8e13eac4f3,2.16.840.1.114274.1818.48556986962317854749608715518531094962,10000364-1288160,10000364-1288160,Yes,Male,28.0,White,True,True,0,1,1,0,0,0,1,,,,,0,3
ct_series_file,2f6c6595-d2ef-4ea4-82ed-d6b2e61aecd6,Open-A1,2.16.840.1.114274.1818.477734933976179341916267055461931483293,CT,DCM,DICOM,10041569-r2jQ1Jeo5UW7QlTnmJ2Ug/2.16.840.1.114274.1818.565745305030371947517429095906584634024/2.16.840.1.114274.1818.477734933976179341916267055461931483293.zip,21100578,8bb829b88cae24409aacbc42d6165338,,10041569-r2jQ1Jeo5UW7QlTnmJ2Ug,,Br40f_2,XYZ_EC,,,False,ORIGINAL_PRIMARY_AXIAL_CT_SOM5 SPI,,SIEMENS,SOMATOM Definition AS+,CT,,dg.MD1R/9de40da9-8ede-48a4-9c8e-c0e9c235bb31,FFS,0.90625,Abd/Pel  5.0  Br40  2,2.16.840.1.114274.1818.477734933976179341916267055461931483293,5.0,,4fd56c15-6e2d-4b23-9089-796f313124bb,ACR_20250901,7e0ec736-be96-4409-8503-070d74b954b6,2.16.840.1.114274.1818.565745305030371947517429095906584634024,10041569-r2jQ1Jeo5UW7QlTnmJ2Ug,10041569-r2jQ1Jeo5UW7QlTnmJ2Ug,Yes,Male,26.0,White,False,True,0,1,1,0,0,0,1,,,,,0,3
ct_series_file,280d59ca-c509-4b48-b652-924ce3fdce9f,Open-A1,2.16.840.1.114274.1818.57390335923871203591293351681348420543,CT,DCM,DICOM,10041569-PM8BrEOGvEyWPkLhhZ94XQ/2.16.840.1.114274.1818.477948804248284359315753006550599360942/2.16.840.1.114274.1818.57390335923871203591293351681348420543.zip,36995326,08d8184494170ec95c83231be1ea7aee,,10041569-PM8BrEOGvEyWPkLhhZ94XQ,,Bf37f_2,XYZ_EC,,,False,DERIVED_PRIMARY_AXIAL_CT_SOM5 MPR,,SIEMENS,SOMATOM Definition AS+,CT,,dg.MD1R/0f4191c5-54b1-4a15-a9e2-cc5cd6951c6d,FFS,0.564453125,ST_COR_CHEST_2.0,2.16.840.1.114274.1818.57390335923871203591293351681348420543,2.0,,4fd56c15-6e2d-4b23-9089-796f313124bb,ACR_20250901,abe96281-73d4-42dd-b520-a1f05b8479dd,2.16.840.1.114274.1818.477948804248284359315753006550599360942,10041569-PM8BrEOGvEyWPkLhhZ94XQ,10041569-PM8BrEOGvEyWPkLhhZ94XQ,Yes,Male,66.0,Black or African American,False,True,1,1,1,0,0,1,1,,,,,0,5
ct_series_file,fdfb095b-c69a-4465-b167-89ea8eb83d50,Open-A1,2.16.840.1.114362.1.12359305.25874454649.713234633.299.1654,CT,DCM,DICOM,10041569-DlqX5imb0ejWPhSL4fHg/2.16.840.1.114274.1818.46822287575423285798927568582920089490/2.16.840.1.114362.1.12359305.25874454649.713234633.299.1654.zip,1741138,2badfc398c887c4f06d65df8c5495783,,10041569-DlqX5imb0ejWPhSL4fHg,,STANDARD,,Skull-stripping,,True,DERIVED_PRIMARY_AXIAL,,GE MEDICAL SYSTEMS / MIM Software,Revolution CT,CT,,dg.MD1R/6fed6b9b-84a0-474f-a1c1-c6f2ac563b7d,HFS,0.865234,BrainSegmentation,2.16.840.1.114362.1.12359305.25874454649.713234633.299.1654,5.0,,4fd56c15-6e2d-4b23-9089-796f313124bb,ACR_20250901,ca46b72f-5296-4100-9b65-28a91690b846,2.16.840.1.114274.1818.46822287575423285798927568582920089490,10041569-DlqX5imb0ejWPhSL4fHg,10041569-DlqX5imb0ejWPhSL4fHg,Yes,Female,73.0,Black or African American,False,True,0,1,1,1,0,1,1,,,,,0,5
ct_series_file,2841ca11-b02d-400b-8991-bf9fa3189fc8,Open-A1,2.16.840.1.114362.1.12359305.25874454649.713251370.636.1654,CT,DCM,DICOM,10041569-DlqX5imb0ejWPhSL4fHg/2.16.840.1.114274.1818.46822287575423285798927568582920089490/2.16.840.1.114362.1.12359305.25874454649.713251370.636.1654.zip,1740952,d149c4a1b150c0e6e9b5d99ebc1b8185,,10041569-DlqX5imb0ejWPhSL4fHg,,STANDARD,,Skull-stripping,,True,DERIVED_PRIMARY_AXIAL,,GE MEDICAL SYSTEMS / MIM Software,Revolution CT,CT,,dg.MD1R/4b519349-e176-4efa-acec-a815424cdfad,HFS,0.865234,BrainSegmentation,2.16.840.1.114362.1.12359305.25874454649.713251370.636.1654,5.0,,4fd56c15-6e2d-4b23-9089-796f313124bb,ACR_20250901,ca46b72f-5296-4100-9b65-28a91690b846,2.16.840.1.114274.1818.46822287575423285798927568582920089490,10041569-DlqX5imb0ejWPhSL4fHg,10041569-DlqX5imb0ejWPhSL4fHg,Yes,Female,73.0,Black or African American,False,True,0,1,1,1,0,1,1,,,,,0,5
ct_series_file,51a89d04-3153-4d94-9700-56dbc2650503,Open-A1,2.16.840.1.114274.1818.536609202294355414915870465001249491390,CT,DCM,DICOM,10041569-YwgotNEPQUS9rTCEmYfvGg/2.16.840.1.114274.1818.553691333543245390210168004104272721025/2.16.840.1.114274.1818.536609202294355414915870465001249491390.zip,118376792,e66ba4a84b6fffd0ed6ff4dd083e7e79,,10041569-YwgotNEPQUS9rTCEmYfvGg,,I40f_3,XYZ_EC,,,False,ORIGINAL_PRIMARY_AXIAL_CT_SOM5 SPI,,SIEMENS,SOMATOM Definition AS+,CT,,dg.MD1R/e2a0d098-4525-475c-affa-811b24d30598,HFS,0.8125,AX_VEN_2.0_THIN_AP,2.16.840.1.114274.1818.536609202294355414915870465001249491390,2.0,,4fd56c15-6e2d-4b23-9089-796f313124bb,ACR_20250901,4d73069b-e858-4b8f-8a50-f8e148687521,2.16.840.1.114274.1818.553691333543245390210168004104272721025,10041569-YwgotNEPQUS9rTCEmYfvGg,10041569-YwgotNEPQUS9rTCEmYfvGg,Yes,Male,43.0,Not Reported,False,True,1,1,1,1,0,1,1,,,,,0,6
ct_series_file,d4d3a00e-76a1-4ffd-b807-7fb3c1270203,Open-A1,2.16.840.1.114362.1.12359305.25874454649.712509447.394.962,CT,DCM,DICOM,10041569-DlqX5imb0ejWPhSL4fHg/2.16.840.1.114274.1818.54048575710726017766706517818911918775/2.16.840.1.114362.1.12359305.25874454649.712509447.394.962.zip,11435664,a89780cfc2548c73af4abb174e9f87a2,,10041569-DlqX5imb0ejWPhSL4fHg,,STANDARD,,Skull-stripping,,True,DERIVED_PRIMARY_AXIAL,,GE MEDICAL SYSTEMS / MIM Software,Revolution CT,CT,,dg.MD1R/39f939de-b478-4bda-b690-75c6b3abc930,HFS,0.976563,BrainSegmentation,2.16.840.1.114362.1.12359305.25874454649.712509447.394.962,0.625,,4fd56c15-6e2d-4b23-9089-796f313124bb,ACR_20250901,8756a0f2-5502-4af8-98d8-9f6149c6246a,2.16.840.1.114274.1818.54048575710726017766706517818911918775,10041569-DlqX5imb0ejWPhSL4fHg,10041569-DlqX5imb0ejWPhSL4fHg,Yes,Female,73.0,Black or African American,False,True,0,1,1,1,0,1,1,,,,,0,5
ct_series_file,a2897b1d-322a-4de8-af68-fca3eaf3c213,Open-A1,2.16.840.1.114274.1818.56328565602218458318942921975876305303,CT,DCM,DICOM,10041569-KTJisivBEW8eG11h3OmCQ/2.16.840.1.114274.1818.492274999100473584416433604080192392576/2.16.840.1.114274.1818.56328565602218458318942921975876305303.zip,33766414,d8a96acd311f1094848220331fdb03b3,,10041569-KTJisivBEW8eG11h3OmCQ,,Br49d_2,Z_EC,,,False,DERIVED_PRIMARY_AXIAL_CT_SOM5 MPR_STD_SNRG_DET_AB,,SIEMENS,SOMATOM Force,CT,,dg.MD1R/4c997767-3698-4eda-95e9-134150a45f51,FFS,0.625,Fl_Thorax  3.0  MPR  cor,2.16.840.1.114274.1818.56328565602218458318942921975876305303,3.0,,4fd56c15-6e2d-4b23-9089-796f313124bb,ACR_20250901,6f73cb85-010d-4c71-820f-5aaaaf040b36,2.16.840.1.114274.1818.492274999100473584416433604080192392576,10041569-KTJisivBEW8eG11h3OmCQ,10041569-KTJisivBEW8eG11h3OmCQ,Yes,Male,36.0,Not Reported,False,True,1,1,1,0,0,1,1,,,,,0,5
ct_series_file,5c2c18b4-597b-4cc8-9d0d-fca593d8227a,Open-A1,2.16.840.1.114274.1818.47562488888630222097254685658544797876,CT,DCM,DICOM,10041569-VGNu6FLHPEiGjPVNhzb7rA/2.16.840.1.114274.1818.532130688583365348215187499045406352281/2.16.840.1.114274.1818.47562488888630222097254685658544797876.zip,22064926,9c49f8e79aec184195cc318182525c8f,,10041569-VGNu6FLHPEiGjPVNhzb7rA,,Br40f_3,XYZ_EC,,,False,ORIGINAL_PRIMARY_AXIAL_CT_SOM5 SPI,,SIEMENS,SOMATOM Definition Edge,CT,,dg.MD1R/cd70272d-6b82-48af-8569-b77b50e8ffbd,FFS,0.794921875,AX_VEN_5.0_THICK_AP,2.16.840.1.114274.1818.47562488888630222097254685658544797876,5.0,,4fd56c15-6e2d-4b23-9089-796f313124bb,ACR_20250901,23087cbf-1969-4fbb-b3ac-558fe6158815,2.16.840.1.114274.1818.532130688583365348215187499045406352281,10041569-VGNu6FLHPEiGjPVNhzb7rA,10041569-VGNu6FLHPEiGjPVNhzb7rA,Yes,Female,38.0,Black or African American,False,True,0,1,1,0,0,1,1,,,,,0,4
ct_series_file,9cc4953f-0532-4231-91b8-04a01618e7ab,Open-A1,2.16.840.1.114274.1818.560713159786694141214751014830987919510,CT,DCM,DICOM,10041569-ObI0JieKtE2oeNm5iAtegA/2.16.840.1.114274.1818.4825752548563243692875737745844527239/2.16.840.1.114274.1818.560713159786694141214751014830987919510.zip,2508502,af3f76f98a6a365d5ff7248409842f90,,10041569-ObI0JieKtE2oeNm5iAtegA,,STANDARD,,,,False,ORIGINAL_PRIMARY_LOCALIZER,,GE MEDICAL SYSTEMS,Revolution CT,CT,,dg.MD1R/515c2824-9590-4ad6-9271-e0e733a5769f,HFS,0.636364,Scout,2.16.840.1.114274.1818.560713159786694141214751014830987919510,950.0,10.0,4fd56c15-6e2d-4b23-9089-796f313124bb,ACR_20250901,82d523bc-96d3-4d0a-b13e-1d355ae87375,2.16.840.1.114274.1818.4825752548563243692875737745844527239,10041569-ObI0JieKtE2oeNm5iAtegA,10041569-ObI0JieKtE2oeNm5iAtegA,Yes,Male,57.0,Not Reported,False,True,1,1,1,0,0,1,1,,,,,0,5
ct_series_file,e6da399e-8e4f-41a7-b7cb-2ebcf4db2d15,Open-A1,2.16.840.1.114274.1818.553092696957594176416436031500096984713,CT,DCM,DICOM,10041569-c7w6HYO4oU7uSiC4lcZiA/2.16.840.1.114274.1818.53591528100724789206785027519051256766/2.16.840.1.114274.1818.553092696957594176416436031500096984713.zip,72429408,d34c6bd19148b3a412b3922b231dbb5c,,10041569-c7w6HYO4oU7uSiC4lcZiA,,Bf37f_3,XYZ_EC,,,False,ORIGINAL_PRIMARY_AXIAL_CT_SOM5 SPI,,SIEMENS,SOMATOM Definition Flash,CT,,dg.MD1R/9a02800c-3209-4041-a598-6add272a7826,FFS,0.80078125,ST_AX_INSP_1.0,2.16.840.1.114274.1818.553092696957594176416436031500096984713,1.0,,4fd56c15-6e2d-4b23-9089-796f313124bb,ACR_20250901,7c7f0742-7546-45cf-a44b-7abbba512b53,2.16.840.1.114274.1818.53591528100724789206785027519051256766,10041569-c7w6HYO4oU7uSiC4lcZiA,10041569-c7w6HYO4oU7uSiC4lcZiA,Yes,Male,66.0,White,False,True,1,1,1,1,1,1,1,,,,,0,7
ct_series_file,4820c592-4b43-471f-b5d6-0b96bf38b868,Open-A1,2.16.840.1.114362.1.12359305.25874454649.712508565.776.954,CT,DCM,DICOM,10041569-DlqX5imb0ejWPhSL4fHg/2.16.840.1.114274.1818.537885397149896606815048264465937211051/2.16.840.1.114362.1.12359305.25874454649.712508565.776.954.zip,2143310,1d3fd6d4b9545dff814486de91579c45,,10041569-DlqX5imb0ejWPhSL4fHg,,STND#,,Skull-stripping,,True,DERIVED_PRIMARY_AXIAL,,GE MEDICAL SYSTEMS / MIM Software,Revolution CT,CT,,dg.MD1R/ac0a487d-5fdf-4a5a-9e49-db36a90e30cf,HFS,0.488281,BrainSegmentation,2.16.840.1.114362.1.12359305.25874454649.712508565.776.954,5.0,,4fd56c15-6e2d-4b23-9089-796f313124bb,ACR_20250901,44e95ee4-790a-4623-b76b-abf36b59b30b,2.16.840.1.114274.1818.537885397149896606815048264465937211051,10041569-DlqX5imb0ejWPhSL4fHg,10041569-DlqX5imb0ejWPhSL4fHg,Yes,Female,73.0,Black or African American,False,True,0,1,1,1,0,1,1,,,,,0,5
ct_series_file,42141bba-42d3-4aff-bc4f-c5b75adfe6c6,Open-A1,2.16.840.1.114362.1.12359305.25874454649.713247060.338.1654,CT,DCM,DICOM,10041569-DlqX5imb0ejWPhSL4fHg/2.16.840.1.114274.1818.46822287575423285798927568582920089490/2.16.840.1.114362.1.12359305.25874454649.713247060.338.1654.zip,6665540,ec540b5e94cfe6c08b8fb5c44d2499b0,,10041569-DlqX5imb0ejWPhSL4fHg,,STANDARD,,Skull-stripping,,True,DERIVED_PRIMARY_AXIAL,,GE MEDICAL SYSTEMS / MIM Software,Revolution CT,CT,,dg.MD1R/7e651b9c-fb5e-4db8-9fe9-83e0bd6ff461,HFS,0.865234,BrainSegmentation,2.16.840.1.114362.1.12359305.25874454649.713247060.338.1654,1.25,,4fd56c15-6e2d-4b23-9089-796f313124bb,ACR_20250901,ca46b72f-5296-4100-9b65-28a91690b846,2.16.840.1.114274.1818.46822287575423285798927568582920089490,10041569-DlqX5imb0ejWPhSL4fHg,10041569-DlqX5imb0ejWPhSL4fHg,Yes,Female,73.0,Black or African American,False,True,0,1,1,1,0,1,1,,,,,0,5
ct_series_file,a16373e9-4b48-4fb0-877e-85c4ab866249,Open-A1,2.16.840.1.114362.1.12359305.25874454649.713461828.1080.910,CT,DCM,DICOM,10041569-YwgotNEPQUS9rTCEmYfvGg/2.16.840.1.114274.1818.53188290128094412416014769843543194510/2.16.840.1.114362.1.12359305.25874454649.713461828.1080.910.zip,3478150,7fa63e75bc7695b11269f104302066e4,,10041569-YwgotNEPQUS9rTCEmYfvGg,,Hr60s,,Skull-stripping,,True,DERIVED_PRIMARY_AXIAL,,SIEMENS / MIM Software,SOMATOM Definition Edge,CT,,dg.MD1R/0aa8a927-1e64-4d5b-9cc6-8647bcc0359f,HFS,0.45117188,BrainSegmentation,2.16.840.1.114362.1.12359305.25874454649.713461828.1080.910,3.0,,4fd56c15-6e2d-4b23-9089-796f313124bb,ACR_20250901,0ce9d1ad-76cc-493d-aab8-5eef9e70df7e,2.16.840.1.114274.1818.53188290128094412416014769843543194510,10041569-YwgotNEPQUS9rTCEmYfvGg,10041569-YwgotNEPQUS9rTCEmYfvGg,Yes,Male,43.0,Not Reported,False,True,1,1,1,1,0,1,1,,,,,0,6
ct_series_file,69f92c1f-3692-4819-81f8-9c203b907a8a,Open-A1,2.16.840.1.114274.1818.51561626912200196466937739167478853510,CT,DCM,DICOM,10041569-YIon3HGGUa4N81uJEoWmg/2.16.840.1.114274.1818.46213516937756425162077192930343084169/2.16.840.1.114274.1818.51561626912200196466937739167478853510.zip,34149570,47692c4d9e075b39ffb9efff8b91d1e7,,10041569-YIon3HGGUa4N81uJEoWmg,,"Br49d,Br49d_2",Z_EC,,,False,"DERIVED_PRIMARY_LOCALIZER_CT_SOM5 MPR_STD_SNRG_DET_AB,DERIVED_PRIMARY_AXIAL_CT_SOM5 MPR_STD_SNRG_DET_AB",,SIEMENS,SOMATOM Force,CT,,dg.MD1R/5c6d5bc0-b9ba-417d-8d28-298e1e2ece0f,FFS,"0.56877323420074,0.8515625",INSPIRATION  3.0  MPR  sag,2.16.840.1.114274.1818.51561626912200196466937739167478853510,3.0,,4fd56c15-6e2d-4b23-9089-796f313124bb,ACR_20250901,93c2b51c-9bf5-4315-b6ca-35feb693bc6b,2.16.840.1.114274.1818.46213516937756425162077192930343084169,10041569-YIon3HGGUa4N81uJEoWmg,10041569-YIon3HGGUa4N81uJEoWmg,Yes,Male,84.0,Black or African American,False,False,1,1,1,1,0,1,1,,,,,0,6
ct_series_file,3e398663-3182-466b-9fdf-6b8a3cac11a8,Open-A1,2.16.840.1.114274.1818.497006346979527231114764580058882317477,CT,DCM,DICOM,10041569-c7w6HYO4oU7uSiC4lcZiA/2.16.840.1.114274.1818.57480567220781102391830955657535623052/2.16.840.1.114274.1818.497006346979527231114764580058882317477.zip,31204086,7794e5b7aa130d04342888c92197f2aa,,10041569-c7w6HYO4oU7uSiC4lcZiA,APPLIED,Bf37f_2,XYZ_EC,,,False,ORIGINAL_PRIMARY_AXIAL_CT_SOM5 SPI,,SIEMENS,SOMATOM Definition Flash,CT,,dg.MD1R/18c5a8bc-319f-4147-91eb-86b349eb112a,FFS,0.841796875,ST_AX_+C_CHEST_3.0,2.16.840.1.114274.1818.497006346979527231114764580058882317477,3.0,,4fd56c15-6e2d-4b23-9089-796f313124bb,ACR_20250901,0f423ccf-e1b5-4c44-be26-1af212c84979,2.16.840.1.114274.1818.57480567220781102391830955657535623052,10041569-c7w6HYO4oU7uSiC4lcZiA,10041569-c7w6HYO4oU7uSiC4lcZiA,Yes,Male,66.0,White,False,True,1,1,1,1,1,1,1,,,,,0,7
ct_series_file,b297893c-c62c-4461-a901-73a4a59149d6,Open-A1,2.16.840.1.114362.1.12359305.25874454649.713233669.120.1234,CT,DCM,DICOM,10041569-DlqX5imb0ejWPhSL4fHg/2.16.840.1.114274.1818.46822287575423285798927568582920089490/2.16.840.1.114362.1.12359305.25874454649.713233669.120.1234.zip,7078672,2d8470646a367fb7445d388006c2a456,,10041569-DlqX5imb0ejWPhSL4fHg,,STANDARD,,Skull-stripping,,True,DERIVED_PRIMARY_AXIAL,,GE MEDICAL SYSTEMS / MIM Software,Revolution CT,CT,,dg.MD1R/a7413ca0-bf67-49c9-9e3e-637f1edcfb78,HFS,0.976563,BrainSegmentation,2.16.840.1.114362.1.12359305.25874454649.713233669.120.1234,1.25,,4fd56c15-6e2d-4b23-9089-796f313124bb,ACR_20250901,ca46b72f-5296-4100-9b65-28a91690b846,2.16.840.1.114274.1818.46822287575423285798927568582920089490,10041569-DlqX5imb0ejWPhSL4fHg,10041569-DlqX5imb0ejWPhSL4fHg,Yes,Female,73.0,Black or African American,False,True,0,1,1,1,0,1,1,,,,,0,5
ct_series_file,b960c879-346b-4e23-a166-b367c108c643,Open-A1,2.16.840.1.114274.1818.541488839803307064915960742012929961142,CT,DCM,DICOM,10041569-YIon3HGGUa4N81uJEoWmg/2.16.840.1.114274.1818.54410048836163784816225480419029672380/2.16.840.1.114274.1818.541488839803307064915960742012929961142.zip,135141646,a4857b34957431eb3ada5e6442fb581c,,10041569-YIon3HGGUa4N81uJEoWmg,,LUNG,,,,False,ORIGINAL_PRIMARY_AXIAL,,GE MEDICAL SYSTEMS,Revolution CT,CT,,dg.MD1R/176cfb5a-102b-4f2f-a570-759c2cae0ce3,FFS,0.714844,LUNG,2.16.840.1.114274.1818.541488839803307064915960742012929961142,0.625,0.625,4fd56c15-6e2d-4b23-9089-796f313124bb,ACR_20250901,314a438c-8e46-45de-8b35-66155ab7e653,2.16.840.1.114274.1818.54410048836163784816225480419029672380,10041569-YIon3HGGUa4N81uJEoWmg,10041569-YIon3HGGUa4N81uJEoWmg,Yes,Male,84.0,Black or African American,False,False,1,1,1,1,0,1,1,,,,,0,6
ct_series_file,370dc721-8244-42fd-9fe7-378cb403704d,Open-A1,2.16.840.1.114362.1.12359305.25874454649.713236558.1064.1234,CT,DCM,DICOM,10041569-DlqX5imb0ejWPhSL4fHg/2.16.840.1.114274.1818.46822287575423285798927568582920089490/2.16.840.1.114362.1.12359305.25874454649.713236558.1064.1234.zip,1735284,3b2cbe5cfb45c70af97944cd36561182,,10041569-DlqX5imb0ejWPhSL4fHg,,STANDARD,,Skull-stripping,,True,DERIVED_PRIMARY_AXIAL,,GE MEDICAL SYSTEMS / MIM Software,Revolution CT,CT,,dg.MD1R/c7e3c8d2-5f94-43ef-8c4e-429ba406ac55,HFS,0.976563,BrainSegmentation,2.16.840.1.114362.1.12359305.25874454649.713236558.1064.1234,5.0,,4fd56c15-6e2d-4b23-9089-796f313124bb,ACR_20250901,ca46b72f-5296-4100-9b65-28a91690b846,2.16.840.1.114274.1818.46822287575423285798927568582920089490,10041569-DlqX5imb0ejWPhSL4fHg,10041569-DlqX5imb0ejWPhSL4fHg,Yes,Female,73.0,Black or African American,False,True,0,1,1,1,0,1,1,,,,,0,5
ct_series_file,9a086f6c-b4c0-4cb2-9c6c-f51e69087625,Open-A1,2.16.840.1.114362.1.12359305.25874454649.713235596.212.1234,CT,DCM,DICOM,10041569-DlqX5imb0ejWPhSL4fHg/2.16.840.1.114274.1818.46822287575423285798927568582920089490/2.16.840.1.114362.1.12359305.25874454649.713235596.212.1234.zip,1735752,2fc84579f5c366697ceeac409adb5cc1,,10041569-DlqX5imb0ejWPhSL4fHg,,STANDARD,,Skull-stripping,,True,DERIVED_PRIMARY_AXIAL,,GE MEDICAL SYSTEMS / MIM Software,Revolution CT,CT,,dg.MD1R/b39424f8-953c-43de-ae57-a9594ee32b14,HFS,0.976563,BrainSegmentation,2.16.840.1.114362.1.12359305.25874454649.713235596.212.1234,5.0,,4fd56c15-6e2d-4b23-9089-796f313124bb,ACR_20250901,ca46b72f-5296-4100-9b65-28a91690b846,2.16.840.1.114274.1818.46822287575423285798927568582920089490,10041569-DlqX5imb0ejWPhSL4fHg,10041569-DlqX5imb0ejWPhSL4fHg,Yes,Female,73.0,Black or African American,False,True,0,1,1,1,0,1,1,,,,,0,5
ct_series_file,8a819c32-094b-417d-af02-f877a624d86d,Open-A1,2.16.840.1.114274.1818.46287112615735552591666804082874667915,CT,DCM,DICOM,10041569-VGNu6FLHPEiGjPVNhzb7rA/2.16.840.1.114274.1818.530392076959669787318234793125821000585/2.16.840.1.114274.1818.46287112615735552591666804082874667915.zip,185534,3f736dde53ac1953fd369a856571d6dc,,10041569-VGNu6FLHPEiGjPVNhzb7rA,,Tr20f,NONE,,,False,ORIGINAL_PRIMARY_LOCALIZER_CT_SOM5 TOP,,SIEMENS,SOMATOM Definition Edge,CT,,dg.MD1R/8debc335-bbea-4fd1-8314-6edd50f7d458,HFS,1.0,Topogram  1.0  Tr20,2.16.840.1.114274.1818.46287112615735552591666804082874667915,,,4fd56c15-6e2d-4b23-9089-796f313124bb,ACR_20250901,27cb7a1e-4bab-4c42-8e26-051e1da8c962,2.16.840.1.114274.1818.530392076959669787318234793125821000585,10041569-VGNu6FLHPEiGjPVNhzb7rA,10041569-VGNu6FLHPEiGjPVNhzb7rA,Yes,Female,38.0,Black or African American,False,True,0,1,1,0,0,1,1,,,,,0,4
ct_series_file,db710d67-1b61-400d-b76e-eabd58b0b706,Open-A1,2.16.840.1.114274.1818.551490472614631039113391248727311505557,CT,DCM,DICOM,10000364-5643090/2.16.840.1.114274.1818.56824366123877733393102945991286166197/2.16.840.1.114274.1818.551490472614631039113391248727311505557.zip,34413066,7952157025a836ade79cff1df8c8c797,,10000364-5643090,OMNIPAQUE,,,,,,,,SIEMENS,SOMATOM Definition AS,CT,156.0,dg.MD1R/77b08278-6ab4-43a7-99e8-a32a163a0f5b,,,Cor MIP,2.16.840.1.114274.1818.551490472614631039113391248727311505557,,,4a5dd86d-7965-48bb-9c2b-c6d36089c780,ACR_20220314,f228bfaa-f772-4a8b-8228-57caaccb1dc1,2.16.840.1.114274.1818.56824366123877733393102945991286166197,10000364-5643090,10000364-5643090,No,Female,76.0,White,False,True,0,0,1,0,0,0,0,,,,,0,1
ct_series_file,c99e52f7-c05a-456c-af46-c050a3187bb3,Open-A1,2.16.840.1.114274.1818.47192608059978093796129424995210657433,CT,DCM,DICOM,10000364-1288160/2.16.840.1.114274.1818.48556986962317854749608715518531094962/2.16.840.1.114274.1818.47192608059978093796129424995210657433.zip,19759604,8ec306c09ae139755234ec882b6a3923,,10000364-1288160,,Bf37f2,XYZ_EC,,,,ORIGINALPRIMARYAXIALCT_SOM5 SPI,,SIEMENS,SOMATOM Definition AS,CT,97.0,dg.MD1R/a554dd8d-df40-49e3-85f6-045a0832dbca,,,AXIAL SOFT TISSUE,2.16.840.1.114274.1818.47192608059978093796129424995210657433,3.0,,59f32345-e328-4e77-8813-6fdff0a106e3,ACR_20220415,ccacc002-d606-473f-93bb-9f8e13eac4f3,2.16.840.1.114274.1818.48556986962317854749608715518531094962,10000364-1288160,10000364-1288160,Yes,Male,28.0,White,True,True,0,1,1,0,0,0,1,,,,,0,3
ct_series_file,fc37a4e0-9946-404f-b982-875e0e25e7fa,Open-A1,2.16.840.1.114274.1818.505086360757934995517681666314450298766,CT,DCM,DICOM,10041569-hGXklXiglkyibymE05GqA/2.16.840.1.114274.1818.531341274525390498714461490575260664760/2.16.840.1.114274.1818.505086360757934995517681666314450298766.zip,29892774,85d55079ff32f3e3502edbac121e80ed,,10041569-hGXklXiglkyibymE05GqA,,Br43s,XYZ_EC,,,False,ORIGINAL_PRIMARY_AXIAL_CT_SOM5 SPI,,SIEMENS,SOMATOM Definition Edge,CT,,dg.MD1R/f2870d21-1f0c-4fb8-9d98-05f49240ca98,FFS,0.3125,ST_AX_TSP,2.16.840.1.114274.1818.505086360757934995517681666314450298766,2.0,,4fd56c15-6e2d-4b23-9089-796f313124bb,ACR_20250901,00946003-f9ab-4d88-b2a7-2329ba25304a,2.16.840.1.114274.1818.531341274525390498714461490575260664760,10041569-hGXklXiglkyibymE05GqA,10041569-hGXklXiglkyibymE05GqA,Yes,Male,49.0,White,False,True,1,1,1,0,0,1,1,,,,,0,5
ct_series_file,1ad671db-bf15-4f04-9150-ec2e8bae6076,Open-A1,2.16.840.1.114274.1818.54774520917736189736776678850968369032,CT,DCM,DICOM,10041569-SytwUN6koU6LLR3RcLHkA/2.16.840.1.114274.1818.461581675593236005544160393246441089/2.16.840.1.114274.1818.54774520917736189736776678850968369032.zip,44813676,f64c188a0135424dddff651a92b65fe5,,10041569-SytwUN6koU6LLR3RcLHkA,,"Br51f_3,Br51f",XYZ_EC,,,False,"DERIVED_PRIMARY_LOCALIZER_CT_SOM5 MPR,DERIVED_PRIMARY_AXIAL_CT_SOM5 MPR",,SIEMENS,SOMATOM Definition Flash,CT,,dg.MD1R/accc3945-eaef-4955-b261-dcbbe9c943c6,FFS,"1.080078125,0.58984375",LUNG_COR_CHEST_2.0,2.16.840.1.114274.1818.54774520917736189736776678850968369032,2.0,,4fd56c15-6e2d-4b23-9089-796f313124bb,ACR_20250901,2d34278b-2acf-49bb-a56b-170f9118193a,2.16.840.1.114274.1818.461581675593236005544160393246441089,10041569-SytwUN6koU6LLR3RcLHkA,10041569-SytwUN6koU6LLR3RcLHkA,Yes,Female,62.0,Black or African American,False,False,1,1,1,0,0,1,1,,,,,0,5
ct_series_file,aa78b64d-68b7-4d41-8159-d4c78997ad51,Open-A1,2.16.840.1.114274.1818.476541091676419959014789215394786953141,CT,DCM,DICOM,10000364-744747/CT_2.16.840.1.114274.1818.48366533890060013305073239629363251901/2.16.840.1.114274.1818.476541091676419959014789215394786953141.zip,37307636,cd8209c0089e214ddb7b4b8e00cb558a,,10000364-744747,,,,,,,,,SIEMENS,Sensation 64,CT,154.0,dg.MD1R/f0852b1b-c6cd-4122-974c-79a477c6edfd,,,CHEST W/O  2.0  SPO  cor,2.16.840.1.114274.1818.476541091676419959014789215394786953141,,,23e8c279-92d2-47da-99de-97dedc454bb4,ACR_20211020,8cd6ca62-c915-45f4-abbe-f24b78803489,2.16.840.1.114274.1818.48366533890060013305073239629363251901,10000364-744747,10000364-744747,Yes,Male,77.0,White,True,True,0,1,1,0,0,1,0,,,,,0,3
ct_series_file,2081875c-b487-45d8-98a7-6db3098291a6,Open-A1,2.16.840.1.114362.1.12046989.25391884018.615731476.174.32,CT,DCM,DICOM,10000364-6303877/2.16.840.1.114274.1818.536968047396698367512337420052820514487/2.16.840.1.114362.1.12046989.25391884018.615731476.174.32.zip,1641132,4d845b4ec77932057e98f4c546f24eb9,,10000364-6303877,,J30s,,Skull-stripping,2.0,True,DERIVED_PRIMARY_AXIAL,,SIEMENS / MIM Software,SOMATOM Definition AS,CT,29.0,dg.MD1R/ec34bb31-c4df-40eb-9b09-e5a8bedf23dd,HFS,0.433593839,BrainSegmentation,2.16.840.1.114362.1.12046989.25391884018.615731476.174.32,4.953739166,,f3a84a57-f61e-4953-af27-23f850bc857a,ACR_20230415,d7613a97-9ccb-4a2f-90e5-2cd29f6d7d68,2.16.840.1.114274.1818.536968047396698367512337420052820514487,10000364-6303877,10000364-6303877,Yes,Female,64.0,White,True,False,1,1,1,0,0,0,0,,,,,0,3
ct_series_file,5d3b67fc-9669-47af-bc83-391caf9b7d78,Open-A1,2.16.840.1.114274.1818.54266490959595401174578383159399313547,CT,DCM,DICOM,10041569-KTJisivBEW8eG11h3OmCQ/2.16.840.1.114274.1818.51521141472771467118207081443977726655/2.16.840.1.114274.1818.54266490959595401174578383159399313547.zip,37322550,c7c90bc406a1bb179884e34e036f5d08,,10041569-KTJisivBEW8eG11h3OmCQ,,Br49d_2,Z_EC,,,False,DERIVED_PRIMARY_AXIAL_CT_SOM5 MPR_STD_SNRG_DET_AB,,SIEMENS,SOMATOM Force,CT,,dg.MD1R/d9254e12-2909-4b21-bd48-8ef3984757b4,FFS,0.68,LUNG_SAG_CHEST_3.0,2.16.840.1.114274.1818.54266490959595401174578383159399313547,3.0,,4fd56c15-6e2d-4b23-9089-796f313124bb,ACR_20250901,1ca3672c-425c-4d1b-9f55-6ac52824747a,2.16.840.1.114274.1818.51521141472771467118207081443977726655,10041569-KTJisivBEW8eG11h3OmCQ,10041569-KTJisivBEW8eG11h3OmCQ,Yes,Male,36.0,Not Reported,False,True,1,1,1,0,0,1,1,,,,,0,5
ct_series_file,ab173672-8863-433b-b211-72c5ad541ffe,Open-A1,2.16.840.1.114274.1818.513575112540090122311674746603518045845,CT,DCM,DICOM,10041569-eL6G9dsawkq2QuiCGa8i7Q/2.16.840.1.114274.1818.530740311365197360114542054095361591229/2.16.840.1.114274.1818.513575112540090122311674746603518045845.zip,17857994,b60d53c12712d82a6cf645047f572bb0,,10041569-eL6G9dsawkq2QuiCGa8i7Q,,B30s,NONE,,,False,ORIGINAL_PRIMARY_AXIAL_CT_SOM5 FLU,,SIEMENS,SOMATOM Definition AS+,CT,,dg.MD1R/bbff3a9d-f3cc-4dea-a5d7-dac338cb7211,FFP,0.71875,i-Fluoro  2.4  B30s,2.16.840.1.114274.1818.513575112540090122311674746603518045845,2.4,,4fd56c15-6e2d-4b23-9089-796f313124bb,ACR_20250901,3573e98e-a3b9-485d-9b9d-75b77112cf5c,2.16.840.1.114274.1818.530740311365197360114542054095361591229,10041569-eL6G9dsawkq2QuiCGa8i7Q,10041569-eL6G9dsawkq2QuiCGa8i7Q,Yes,Male,62.0,White,False,False,0,1,1,0,0,1,1,,,,,0,4
ct_series_file,8a12d536-8120-4eaa-b0b1-9e60a83f48bc,Open-A1,2.16.840.1.114362.1.12359305.25874454649.713393782.1010.954,CT,DCM,DICOM,10041569-rdL12m75aU6AT4OZNtG2Aw/2.16.840.1.114274.1818.469669685829222112910369422364920065444/2.16.840.1.114362.1.12359305.25874454649.713393782.1010.954.zip,4817308,5ead0b0aa53a7409ed3dbd3f2ff0f26c,,10041569-rdL12m75aU6AT4OZNtG2Aw,,Hr59h,,Skull-stripping,,True,DERIVED_PRIMARY_AXIAL,,SIEMENS / MIM Software,SOMATOM Force,CT,,dg.MD1R/8ebd98bc-0fa0-4c7c-a5dd-ff693f2351d8,HFS,0.36334404,BrainSegmentation,2.16.840.1.114362.1.12359305.25874454649.713393782.1010.954,3.0,,4fd56c15-6e2d-4b23-9089-796f313124bb,ACR_20250901,21092322-1c4a-4862-a522-83949bb42e1f,2.16.840.1.114274.1818.469669685829222112910369422364920065444,10041569-rdL12m75aU6AT4OZNtG2Aw,10041569-rdL12m75aU6AT4OZNtG2Aw,Yes,Male,51.0,Black or African American,False,True,1,1,1,0,0,1,1,,,,,0,5
ct_series_file,6406adad-53dd-415f-82d7-6476ea98a276,Open-A1,2.16.840.1.114274.1818.507369494615990824217896973373108711098,CT,DCM,DICOM,10000364-1288160/2.16.840.1.114274.1818.46908320112862438847512126322573281940/2.16.840.1.114274.1818.507369494615990824217896973373108711098.zip,66308174,1272e2a9df9471f1234fb6376ee0d2a3,,10000364-1288160,,LUNG,,,,,ORIGINALPRIMARYAXIAL,,GE MEDICAL SYSTEMS,Discovery CT750 HD,CT,266.0,dg.MD1R/d3849078-9076-44e8-8dbb-d2843d54b714,,,Lung 1.25,2.16.840.1.114274.1818.507369494615990824217896973373108711098,1.25,-1.25,59f32345-e328-4e77-8813-6fdff0a106e3,ACR_20220415,cac1c707-b128-4155-96d0-f348826c3388,2.16.840.1.114274.1818.46908320112862438847512126322573281940,10000364-1288160,10000364-1288160,Yes,Male,28.0,White,True,True,0,1,1,0,0,0,1,,,,,0,3
ct_series_file,17acab30-e1ca-476c-a983-effbebe12c36,Open-A1,2.16.840.1.114274.1818.55370589994341027058630230667743133355,CT,DCM,DICOM,2.16.840.1.114274.1818.46725268645564961056589856862176911774/2.16.840.1.114274.1818.55370589994341027058630230667743133355.zip,29298594,a65b9e95a800e6698f31d75ca97c4d0d,,10000364-6303877,OMNIPAQUE,,,,,,,,SIEMENS,SOMATOM Definition AS,CT,134.0,dg.MD1R/882944eb-abbe-4091-877b-ad373e2a1bad,,,Routine Chest,2.16.840.1.114274.1818.55370589994341027058630230667743133355,,,da2db6a3-93f5-4066-90b2-f8dd8afadd2c,ACR_20211115,54c67356-20a2-438f-9cc1-8b840310e9fd,2.16.840.1.114274.1818.46725268645564961056589856862176911774,10000364-6303877,10000364-6303877,Yes,Female,64.0,White,True,False,1,1,1,0,0,0,0,,,,,0,3
ct_series_file,a9da6c6e-12ce-423d-b0a5-876dfc690581,Open-A1,2.16.840.1.114274.1818.54907630104804706856095027770081884835,CT,DCM,DICOM,10000364-1288160/2.16.840.1.114274.1818.46908320112862438847512126322573281940/2.16.840.1.114274.1818.54907630104804706856095027770081884835.zip,27440622,6c3b6aac88ca13b6b5d70ac6f0d30890,,10000364-1288160,,LUNG,,,,,"DERIVEDSECONDARYREFORMATTEDMIP,DERIVEDSECONDARYREFORMATTEDAVERAGE",,GE MEDICAL SYSTEMS,Discovery CT750 HD,CT,112.0,dg.MD1R/242072d9-d4c9-440a-9def-07322b3a4769,,,Lung MIPS,2.16.840.1.114274.1818.54907630104804706856095027770081884835,"20.0,1.25",,59f32345-e328-4e77-8813-6fdff0a106e3,ACR_20220415,cac1c707-b128-4155-96d0-f348826c3388,2.16.840.1.114274.1818.46908320112862438847512126322573281940,10000364-1288160,10000364-1288160,Yes,Male,28.0,White,True,True,0,1,1,0,0,0,1,,,,,0,3
ct_series_file,7d521510-c68f-4ccd-83c6-576dcc6744fd,Open-A1,2.16.840.1.114274.1818.53847124103267815382130695889759258763,CT,DCM,DICOM,10041569-YwgotNEPQUS9rTCEmYfvGg/2.16.840.1.114274.1818.553691333543245390210168004104272721025/2.16.840.1.114274.1818.53847124103267815382130695889759258763.zip,108484,0de2f2b3de72e98d2cf0e6981a231727,,10041569-YwgotNEPQUS9rTCEmYfvGg,,T20f,NONE,,,False,ORIGINAL_PRIMARY_LOCALIZER_CT_SOM5 TOP,,SIEMENS,SOMATOM Definition AS+,CT,,dg.MD1R/b2b2280c-ba67-463c-a27a-806477bdac9d,HFS,2.0,Topogram  0.6  T20f,2.16.840.1.114274.1818.53847124103267815382130695889759258763,,,4fd56c15-6e2d-4b23-9089-796f313124bb,ACR_20250901,4d73069b-e858-4b8f-8a50-f8e148687521,2.16.840.1.114274.1818.553691333543245390210168004104272721025,10041569-YwgotNEPQUS9rTCEmYfvGg,10041569-YwgotNEPQUS9rTCEmYfvGg,Yes,Male,43.0,Not Reported,False,True,1,1,1,1,0,1,1,,,,,0,6
ct_series_file,e553b60b-daef-434f-9a19-3f34becd3a1c,Open-A1,2.16.840.1.114274.1818.543679801964417315113033307832797366460,CT,DCM,DICOM,10041569-c7w6HYO4oU7uSiC4lcZiA/2.16.840.1.114274.1818.50972627898838145808253465038154409149/2.16.840.1.114274.1818.543679801964417315113033307832797366460.zip,12760832,e1d167de0f3a97f89e74d7822ef14274,,10041569-c7w6HYO4oU7uSiC4lcZiA,,"Br51f_3,Br51f",XYZ_EC,,,False,"DERIVED_PRIMARY_LOCALIZER_CT_SOM5 MIP,DERIVED_PRIMARY_AXIAL_CT_SOM5 MIP",,SIEMENS,,CT,,dg.MD1R/5b978063-5e54-434e-bbef-7c511ee8f9fe,FFS,"0.99609375,0.62109375",LUNG_AX_MIP_7.0,2.16.840.1.114274.1818.543679801964417315113033307832797366460,7.0,,4fd56c15-6e2d-4b23-9089-796f313124bb,ACR_20250901,6da94247-ae80-4cf1-9b2f-deacecacbc85,2.16.840.1.114274.1818.50972627898838145808253465038154409149,10041569-c7w6HYO4oU7uSiC4lcZiA,10041569-c7w6HYO4oU7uSiC4lcZiA,Yes,Male,66.0,White,False,True,1,1,1,1,1,1,1,,,,,0,7
ct_series_file,a7d8c654-32d4-40ca-a1c1-357b651049cc,Open-A1,2.16.840.1.114274.1818.503797768000941260518204774712527452061,CT,DCM,DICOM,10000364-1288160/2.16.840.1.114274.1818.51717950649543211558071162404886860434/2.16.840.1.114274.1818.503797768000941260518204774712527452061.zip,26097954,ca83f3d64fff0841672f6c0e0b5844f6,,10000364-1288160,,Br40f,Z_EC,,,,DERIVEDPRIMARYAXIALCT_SOM5 MPRSTDSNRGDET_AB,,SIEMENS,SOMATOM Definition Flash,CT,101.0,dg.MD1R/93884da5-6cf9-4774-a793-fe1ca7101a9d,,,CORONAL,2.16.840.1.114274.1818.503797768000941260518204774712527452061,3.0,,59f32345-e328-4e77-8813-6fdff0a106e3,ACR_20220415,1d7eb499-1c33-49bb-b297-a71880448316,2.16.840.1.114274.1818.51717950649543211558071162404886860434,10000364-1288160,10000364-1288160,Yes,Male,28.0,White,True,True,0,1,1,0,0,0,1,,,,,0,3
ct_series_file,828a8b4a-804d-4120-8062-9baac3d8ff14,Open-A1,2.16.840.1.114274.1818.469454473758841714315722733503634679231,CT,DCM,DICOM,10041569-ObI0JieKtE2oeNm5iAtegA/2.16.840.1.114274.1818.4825752548563243692875737745844527239/2.16.840.1.114274.1818.469454473758841714315722733503634679231.zip,160455358,85297574c8456338a78048d674ca50a1,,10041569-ObI0JieKtE2oeNm5iAtegA,,LUNG,,,,False,ORIGINAL_PRIMARY_AXIAL,,GE MEDICAL SYSTEMS,Revolution CT,CT,,dg.MD1R/f352d9be-425c-4a62-aa8a-be8b56834f79,HFS,0.876953,LUNG THINS,2.16.840.1.114274.1818.469454473758841714315722733503634679231,0.625,0.625,4fd56c15-6e2d-4b23-9089-796f313124bb,ACR_20250901,82d523bc-96d3-4d0a-b13e-1d355ae87375,2.16.840.1.114274.1818.4825752548563243692875737745844527239,10041569-ObI0JieKtE2oeNm5iAtegA,10041569-ObI0JieKtE2oeNm5iAtegA,Yes,Male,57.0,Not Reported,False,True,1,1,1,0,0,1,1,,,,,0,5
ct_series_file,13f3c802-a617-400e-8185-ad5415962fe7,Open-A1,2.16.840.1.114274.1818.561893793153674040815853361666910741939,CT,DCM,DICOM,10041569-c7w6HYO4oU7uSiC4lcZiA/2.16.840.1.114274.1818.53591528100724789206785027519051256766/2.16.840.1.114274.1818.561893793153674040815853361666910741939.zip,50974814,e1884b36475f23b5526242403bcdc9ae,,10041569-c7w6HYO4oU7uSiC4lcZiA,,"Br51f_3,Br51f",XYZ_EC,,,False,"DERIVED_PRIMARY_LOCALIZER_CT_SOM5 MPR,DERIVED_PRIMARY_AXIAL_CT_SOM5 MPR",,SIEMENS,SOMATOM Definition Flash,CT,,dg.MD1R/7fc3e7cb-3594-44da-8708-1f62c34448b9,FFS,"0.58412098298677,1.09375",LUNG_SAG_INSP_2.0,2.16.840.1.114274.1818.561893793153674040815853361666910741939,2.0,,4fd56c15-6e2d-4b23-9089-796f313124bb,ACR_20250901,7c7f0742-7546-45cf-a44b-7abbba512b53,2.16.840.1.114274.1818.53591528100724789206785027519051256766,10041569-c7w6HYO4oU7uSiC4lcZiA,10041569-c7w6HYO4oU7uSiC4lcZiA,Yes,Male,66.0,White,False,True,1,1,1,1,1,1,1,,,,,0,7
ct_series_file,e9e14f7b-2412-4349-978a-de95c5a82159,Open-A1,2.16.840.1.114274.1818.555860141442013930514626499097131135362,CT,DCM,DICOM,10041569-DlqX5imb0ejWPhSL4fHg/2.16.840.1.114274.1818.50794916158995103098278624700660885390/2.16.840.1.114274.1818.555860141442013930514626499097131135362.zip,20536162,15b31183bdb0fe89ea79b81856943c7c,,10041569-DlqX5imb0ejWPhSL4fHg,,BONEPLUS2,,,,False,ORIGINAL_PRIMARY_AXIAL,,GE MEDICAL SYSTEMS,Revolution HD,CT,77.0,dg.MD1R/5de393fa-41f8-463b-86e5-cac8c88b4759,HFS,0.488281,BONE_AX_CSP,2.16.840.1.114274.1818.555860141442013930514626499097131135362,2.5,-2.5,cf1d94c4-c27b-40ea-8825-172e4550a131,ACR_20240115,d4ceab3b-23cc-4603-be2a-a7f0f364cbef,2.16.840.1.114274.1818.50794916158995103098278624700660885390,10041569-DlqX5imb0ejWPhSL4fHg,10041569-DlqX5imb0ejWPhSL4fHg,Yes,Female,73.0,Black or African American,False,True,0,1,1,1,0,1,1,,,,,0,5
ct_series_file,44e1dac8-837a-46f0-858b-c127a1000142,Open-A1,2.16.840.1.114362.1.12359305.25874454649.713230331.159.1654,CT,DCM,DICOM,10041569-DlqX5imb0ejWPhSL4fHg/2.16.840.1.114274.1818.46822287575423285798927568582920089490/2.16.840.1.114362.1.12359305.25874454649.713230331.159.1654.zip,1741138,072fcc6992efbe7c6f63e16d572d35d6,,10041569-DlqX5imb0ejWPhSL4fHg,,STANDARD,,Skull-stripping,,True,DERIVED_PRIMARY_AXIAL,,GE MEDICAL SYSTEMS / MIM Software,Revolution CT,CT,,dg.MD1R/3944b04e-091c-4cbf-b698-9e99977979d0,HFS,0.865234,BrainSegmentation,2.16.840.1.114362.1.12359305.25874454649.713230331.159.1654,5.0,,4fd56c15-6e2d-4b23-9089-796f313124bb,ACR_20250901,ca46b72f-5296-4100-9b65-28a91690b846,2.16.840.1.114274.1818.46822287575423285798927568582920089490,10041569-DlqX5imb0ejWPhSL4fHg,10041569-DlqX5imb0ejWPhSL4fHg,Yes,Female,73.0,Black or African American,False,True,0,1,1,1,0,1,1,,,,,0,5
ct_series_file,bf8df014-bb37-4534-994a-693d4aea6176,Open-A1,2.16.840.1.114274.1818.473658728516475042818118403067067997830,CT,DCM,DICOM,10041569-KTJisivBEW8eG11h3OmCQ/2.16.840.1.114274.1818.478150811287494210812636428479558167946/2.16.840.1.114274.1818.473658728516475042818118403067067997830.zip,186942,9e01e490defde9229a438e822e4edf56,,10041569-KTJisivBEW8eG11h3OmCQ,,Tr20f,NONE,,,False,ORIGINAL_PRIMARY_LOCALIZER_CT_SOM5 TOP,,SIEMENS,,CT,,dg.MD1R/0826e2d3-560f-4e1d-8022-167fa7a339e5,FFS,1.0,Topogram  1.0  Tr20,2.16.840.1.114274.1818.473658728516475042818118403067067997830,,,4fd56c15-6e2d-4b23-9089-796f313124bb,ACR_20250901,1464bd7f-eb90-4e9c-87a6-ef71e15d880d,2.16.840.1.114274.1818.478150811287494210812636428479558167946,10041569-KTJisivBEW8eG11h3OmCQ,10041569-KTJisivBEW8eG11h3OmCQ,Yes,Male,36.0,Not Reported,False,True,1,1,1,0,0,1,1,,,,,0,5
ct_series_file,5a696df1-eeaf-4ef7-a35b-af517b7c12ab,Open-A1,2.16.840.1.114274.1818.52349317186473476827524705301203136899,CT,DCM,DICOM,10000364-5643090/2.16.840.1.114274.1818.56824366123877733393102945991286166197/2.16.840.1.114274.1818.52349317186473476827524705301203136899.zip,45413806,0225e060ec28ace45a4a66dfe576f67a,,10000364-5643090,OMNIPAQUE,,,,,,,,SIEMENS,SOMATOM Definition AS,CT,182.0,dg.MD1R/5e1318e7-2fdf-4e3d-98d2-c31ca39bcb74,,,Sag MIP,2.16.840.1.114274.1818.52349317186473476827524705301203136899,,,4a5dd86d-7965-48bb-9c2b-c6d36089c780,ACR_20220314,f228bfaa-f772-4a8b-8228-57caaccb1dc1,2.16.840.1.114274.1818.56824366123877733393102945991286166197,10000364-5643090,10000364-5643090,No,Female,76.0,White,False,True,0,0,1,0,0,0,0,,,,,0,1
ct_series_file,2fd51547-4359-4ed9-8145-57254412603b,Open-A1,2.16.840.1.114274.1818.54559544063357034838819235804906621597,CT,DCM,DICOM,10041569-g7BegS168EGCpgRylILjoA/2.16.840.1.114274.1818.49344276643781840915314524543857703063/2.16.840.1.114274.1818.54559544063357034838819235804906621597.zip,69993490,9111a817070c7773897d91f8a3696465,,10041569-g7BegS168EGCpgRylILjoA,Isovue 370,Bf37f_4,XYZ_EC,,,False,ORIGINAL_PRIMARY_AXIAL_CT_SOM5 SPI,,SIEMENS,SOMATOM Definition Edge,CT,,dg.MD1R/5b9decc9-980d-4105-9684-efdc3f4f14fa,FFS,0.69140625,PE  1.0  Bf37  4 Axial,2.16.840.1.114274.1818.54559544063357034838819235804906621597,1.0,,4fd56c15-6e2d-4b23-9089-796f313124bb,ACR_20250901,da48c333-6e07-4b86-81e6-28b848762644,2.16.840.1.114274.1818.49344276643781840915314524543857703063,10041569-g7BegS168EGCpgRylILjoA,10041569-g7BegS168EGCpgRylILjoA,Yes,Female,63.0,White,False,True,1,1,1,1,0,1,1,,,,,0,6
ct_series_file,f57c8462-cabc-48ee-bb0b-41989b54d907,Open-A1,2.16.840.1.114274.1818.52141023687322435399314933799881203386,CT,DCM,DICOM,10041569-ObI0JieKtE2oeNm5iAtegA/2.16.840.1.114274.1818.56674513135355594609423224305369110944/2.16.840.1.114274.1818.52141023687322435399314933799881203386.zip,19612042,f1cbd14aa86224e33d8bf03ae815f28d,,10041569-ObI0JieKtE2oeNm5iAtegA,ISOVUE,STANDARD,,,,False,ORIGINAL_PRIMARY_AXIAL,,GE MEDICAL SYSTEMS,Revolution CT,CT,,dg.MD1R/7ebfaaf7-e1b5-465d-b44d-bba3602b612d,HFS,0.941406,AX_VEN_5.0_THICK_AP,2.16.840.1.114274.1818.52141023687322435399314933799881203386,5.0,5.0,4fd56c15-6e2d-4b23-9089-796f313124bb,ACR_20250901,8c5f3104-f7ec-4e28-a75c-8fe916ac6667,2.16.840.1.114274.1818.56674513135355594609423224305369110944,10041569-ObI0JieKtE2oeNm5iAtegA,10041569-ObI0JieKtE2oeNm5iAtegA,Yes,Male,57.0,Not Reported,False,True,1,1,1,0,0,1,1,,,,,0,5
ct_series_file,82bd3626-9e30-40cc-80e8-c20f75d579d0,Open-A1,2.16.840.1.114274.1818.54898912515770621299948787550592966825,CT,DCM,DICOM,10041569-YwgotNEPQUS9rTCEmYfvGg/2.16.840.1.114274.1818.572057649757037972315924528491279030175/2.16.840.1.114274.1818.54898912515770621299948787550592966825.zip,180366,fa2e3a8a5faf78bd01e2d953ea3e1e5d,,10041569-YwgotNEPQUS9rTCEmYfvGg,,Tr20f,NONE,,,False,ORIGINAL_PRIMARY_LOCALIZER_CT_SOM5 TOP,,SIEMENS,SOMATOM Drive,CT,,dg.MD1R/72519c5f-2512-4041-a6b7-e2c59e815974,FFS,1.0,Topogram  1.0  Tr20,2.16.840.1.114274.1818.54898912515770621299948787550592966825,,,4fd56c15-6e2d-4b23-9089-796f313124bb,ACR_20250901,a006c919-e484-4b52-879a-a27845f7784f,2.16.840.1.114274.1818.572057649757037972315924528491279030175,10041569-YwgotNEPQUS9rTCEmYfvGg,10041569-YwgotNEPQUS9rTCEmYfvGg,Yes,Male,43.0,Not Reported,False,True,1,1,1,1,0,1,1,,,,,0,6
ct_series_file,1054e569-a8ae-431e-b1d2-8e833077482a,Open-A1,2.16.840.1.114274.1818.463746425435572215715990848773610560903,CT,DCM,DICOM,2.16.840.1.114274.1818.46725268645564961056589856862176911774/2.16.840.1.114274.1818.463746425435572215715990848773610560903.zip,159744,d6334cb311bd2f5078a2bb7bbe9494cc,,10000364-6303877,,,,,,,,,SIEMENS,SOMATOM Definition AS,CT,1.0,dg.MD1R/69fc56ac-6296-4471-ab60-c7008e2f0295,,,Topogram  0.6  T20f,2.16.840.1.114274.1818.463746425435572215715990848773610560903,,,da2db6a3-93f5-4066-90b2-f8dd8afadd2c,ACR_20211115,54c67356-20a2-438f-9cc1-8b840310e9fd,2.16.840.1.114274.1818.46725268645564961056589856862176911774,10000364-6303877,10000364-6303877,Yes,Female,64.0,White,True,False,1,1,1,0,0,0,0,,,,,0,3
ct_series_file,c18a9070-b99e-48b4-b7e1-c91399a1e07d,Open-A1,2.16.840.1.114274.1818.4655224291202283824664873406688289187,CT,DCM,DICOM,10041569-YwgotNEPQUS9rTCEmYfvGg/2.16.840.1.114274.1818.553691333543245390210168004104272721025/2.16.840.1.114274.1818.4655224291202283824664873406688289187.zip,34661310,688c40a10c1eb096d650dfd32ba22c2f,,10041569-YwgotNEPQUS9rTCEmYfvGg,,"I40f_3,B40f",XYZ_EC,,,False,"DERIVED_PRIMARY_LOCALIZER_CT_SOM5 MPR,DERIVED_PRIMARY_AXIAL_CT_SOM5 MPR",,SIEMENS,SOMATOM Definition AS+,CT,,dg.MD1R/9e7cfdbe-77f9-49c4-80e4-37e69b819035,HFS,"0.76136363636364,1.052734375",COR_VEN_3.0_AP,2.16.840.1.114274.1818.4655224291202283824664873406688289187,3.0,,4fd56c15-6e2d-4b23-9089-796f313124bb,ACR_20250901,4d73069b-e858-4b8f-8a50-f8e148687521,2.16.840.1.114274.1818.553691333543245390210168004104272721025,10041569-YwgotNEPQUS9rTCEmYfvGg,10041569-YwgotNEPQUS9rTCEmYfvGg,Yes,Male,43.0,Not Reported,False,True,1,1,1,1,0,1,1,,,,,0,6
ct_series_file,4e0e0625-c5d7-4791-9828-c0f1a72cbffd,Open-A1,2.16.840.1.114274.1818.54536672029012434318195285142489525922,CT,DCM,DICOM,10000364-744747/CT_2.16.840.1.114274.1818.48366533890060013305073239629363251901/2.16.840.1.114274.1818.54536672029012434318195285142489525922.zip,46430370,4df21789f469a180b6faebc7933ecfe8,,10000364-744747,,,,,,,,,SIEMENS,Sensation 64,CT,155.0,dg.MD1R/a5b7dc91-869a-4199-a6f1-7c072d47e8bb,,,CHEST W/O  2.0  B70f LUNG,2.16.840.1.114274.1818.54536672029012434318195285142489525922,,,23e8c279-92d2-47da-99de-97dedc454bb4,ACR_20211020,8cd6ca62-c915-45f4-abbe-f24b78803489,2.16.840.1.114274.1818.48366533890060013305073239629363251901,10000364-744747,10000364-744747,Yes,Male,77.0,White,True,True,0,1,1,0,0,1,0,,,,,0,3
ct_series_file,94b03622-76e6-45dc-bb30-f8e795378470,Open-A1,2.16.840.1.114362.1.12359305.25874454649.713391697.726.910,CT,DCM,DICOM,10041569-rdL12m75aU6AT4OZNtG2Aw/2.16.840.1.114274.1818.51700577760549465141465534460619229589/2.16.840.1.114362.1.12359305.25874454649.713391697.726.910.zip,2216368,52b7e2d88829296c7acda98ec8a6899b,,10041569-rdL12m75aU6AT4OZNtG2Aw,,Hc40s,,Skull-stripping,,True,DERIVED_PRIMARY_AXIAL,,SIEMENS / MIM Software,Mirada Registration Server,CT,,dg.MD1R/05ccec04-6521-47ec-a28b-7f6930cd7fe1,HFS,0.38305086,BrainSegmentation,2.16.840.1.114362.1.12359305.25874454649.713391697.726.910,4.999762,,4fd56c15-6e2d-4b23-9089-796f313124bb,ACR_20250901,413c1db4-183f-42fc-a3b7-2f3150d44ab8,2.16.840.1.114274.1818.51700577760549465141465534460619229589,10041569-rdL12m75aU6AT4OZNtG2Aw,10041569-rdL12m75aU6AT4OZNtG2Aw,Yes,Male,51.0,Black or African American,False,True,1,1,1,0,0,1,1,,,,,0,5
ct_series_file,6c0ff88f-981d-47b6-ab9c-f4e385702501,Open-A1,2.16.840.1.114362.1.12359305.25874454649.712503028.736.954,CT,DCM,DICOM,10041569-DlqX5imb0ejWPhSL4fHg/2.16.840.1.114274.1818.49353064404970514575703307077465092537/2.16.840.1.114362.1.12359305.25874454649.712503028.736.954.zip,4813230,824a64fee1aebbdabb97820bec5335f2,,10041569-DlqX5imb0ejWPhSL4fHg,,BONEPLUS,,Skull-stripping,,True,DERIVED_PRIMARY_AXIAL,,GE MEDICAL SYSTEMS / MIM Software,Revolution HD,CT,,dg.MD1R/2b9156c1-684f-47f8-8219-c227f70e9553,HFS,0.488281,BrainSegmentation,2.16.840.1.114362.1.12359305.25874454649.712503028.736.954,2.5,,4fd56c15-6e2d-4b23-9089-796f313124bb,ACR_20250901,24e10efb-b59f-4f0f-a8cd-dc96d1db4232,2.16.840.1.114274.1818.49353064404970514575703307077465092537,10041569-DlqX5imb0ejWPhSL4fHg,10041569-DlqX5imb0ejWPhSL4fHg,Yes,Female,73.0,Black or African American,False,True,0,1,1,1,0,1,1,,,,,0,5
ct_series_file,b622d38b-e207-41f1-befa-67a521d0116e,Open-A1,2.16.840.1.114362.1.12359305.25874454649.713232221.1077.1654,CT,DCM,DICOM,10041569-DlqX5imb0ejWPhSL4fHg/2.16.840.1.114274.1818.46822287575423285798927568582920089490/2.16.840.1.114362.1.12359305.25874454649.713232221.1077.1654.zip,1740988,01631386b13420bb3c9ba93d2c075266,,10041569-DlqX5imb0ejWPhSL4fHg,,STANDARD,,Skull-stripping,,True,DERIVED_PRIMARY_AXIAL,,GE MEDICAL SYSTEMS / MIM Software,Revolution CT,CT,,dg.MD1R/aac0aa13-c7cd-413e-926d-c439640e7abe,HFS,0.865234,BrainSegmentation,2.16.840.1.114362.1.12359305.25874454649.713232221.1077.1654,5.0,,4fd56c15-6e2d-4b23-9089-796f313124bb,ACR_20250901,ca46b72f-5296-4100-9b65-28a91690b846,2.16.840.1.114274.1818.46822287575423285798927568582920089490,10041569-DlqX5imb0ejWPhSL4fHg,10041569-DlqX5imb0ejWPhSL4fHg,Yes,Female,73.0,Black or African American,False,True,0,1,1,1,0,1,1,,,,,0,5
ct_series_file,1f074ee2-f90c-48d1-afda-581696c68da6,Open-A1,2.16.840.1.114362.1.12359305.25874454649.713258558.742.954,CT,DCM,DICOM,10041569-DlqX5imb0ejWPhSL4fHg/2.16.840.1.114274.1818.54048575710726017766706517818911918775/2.16.840.1.114362.1.12359305.25874454649.713258558.742.954.zip,17634400,6bf8efc6b567f4b3e125108c2d1b241b,,10041569-DlqX5imb0ejWPhSL4fHg,,STANDARD,,Skull-stripping,,True,DERIVED_PRIMARY_AXIAL,,GE MEDICAL SYSTEMS / MIM Software,Revolution CT,CT,,dg.MD1R/d3da660b-0a0b-4454-a36d-4e695f3d8b10,HFS,0.482422,BrainSegmentation,2.16.840.1.114362.1.12359305.25874454649.713258558.742.954,0.625,,4fd56c15-6e2d-4b23-9089-796f313124bb,ACR_20250901,8756a0f2-5502-4af8-98d8-9f6149c6246a,2.16.840.1.114274.1818.54048575710726017766706517818911918775,10041569-DlqX5imb0ejWPhSL4fHg,10041569-DlqX5imb0ejWPhSL4fHg,Yes,Female,73.0,Black or African American,False,True,0,1,1,1,0,1,1,,,,,0,5
ct_series_file,ec054497-9221-4459-b081-008b4de0e8df,Open-A1,2.16.840.1.114274.1818.548923108956899993413287536130758956686,CT,DCM,DICOM,10041569-c7w6HYO4oU7uSiC4lcZiA/2.16.840.1.114274.1818.545419882860540676114273843422259529647/2.16.840.1.114274.1818.548923108956899993413287536130758956686.zip,67963772,7ee2f6a3f82ba6b54889fa16d1f43353,,10041569-c7w6HYO4oU7uSiC4lcZiA,,Br51f_2,XYZ_EC,,,False,ORIGINAL_PRIMARY_AXIAL_CT_SOM5 SPI,,SIEMENS,SOMATOM Definition Flash,CT,,dg.MD1R/8c9a54f5-ec7c-4654-8f6d-8fb8114f8b3c,FFS,0.6484375,LUNG_AX_CHEST_1.0,2.16.840.1.114274.1818.548923108956899993413287536130758956686,1.0,,4fd56c15-6e2d-4b23-9089-796f313124bb,ACR_20250901,7170facb-9786-48f0-a7ef-dd6f72759e48,2.16.840.1.114274.1818.545419882860540676114273843422259529647,10041569-c7w6HYO4oU7uSiC4lcZiA,10041569-c7w6HYO4oU7uSiC4lcZiA,Yes,Male,66.0,White,False,True,1,1,1,1,1,1,1,,,,,0,7
ct_series_file,4096d060-d3de-423a-83af-cb97a24563cd,Open-A1,2.16.840.1.114362.1.12359305.25874454649.713274897.943.962,CT,DCM,DICOM,10041569-g7BegS168EGCpgRylILjoA/2.16.840.1.114274.1818.54760767744575793606718643093812697273/2.16.840.1.114362.1.12359305.25874454649.713274897.943.962.zip,4697948,6f2e5539ad1c5ca7f8e1291243ae07e0,,10041569-g7BegS168EGCpgRylILjoA,,Hc40s,,Skull-stripping,,True,DERIVED_PRIMARY_AXIAL,,SIEMENS / MIM Software,SOMATOM Force,CT,,dg.MD1R/8fa81c7d-4a51-4211-a37b-5822466b03bf,HFS,0.31657356,BrainSegmentation,2.16.840.1.114362.1.12359305.25874454649.713274897.943.962,3.0,,4fd56c15-6e2d-4b23-9089-796f313124bb,ACR_20250901,039cb434-202e-4f29-8414-c4177ea26aac,2.16.840.1.114274.1818.54760767744575793606718643093812697273,10041569-g7BegS168EGCpgRylILjoA,10041569-g7BegS168EGCpgRylILjoA,Yes,Female,63.0,White,False,True,1,1,1,1,0,1,1,,,,,0,6
ct_series_file,a80e8f61-01fa-42f2-84ae-51bfc797836c,Open-A1,2.16.840.1.114362.1.12359305.25874454649.713254250.697.1234,CT,DCM,DICOM,10041569-DlqX5imb0ejWPhSL4fHg/2.16.840.1.114274.1818.46822287575423285798927568582920089490/2.16.840.1.114362.1.12359305.25874454649.713254250.697.1234.zip,1735186,9cd489f9250b0cf56e972bf5f737b500,,10041569-DlqX5imb0ejWPhSL4fHg,,STANDARD,,Skull-stripping,,True,DERIVED_PRIMARY_AXIAL,,GE MEDICAL SYSTEMS / MIM Software,Revolution CT,CT,,dg.MD1R/2df9bb5e-5fbe-479c-bfd4-26d44feebfdb,HFS,0.976563,BrainSegmentation,2.16.840.1.114362.1.12359305.25874454649.713254250.697.1234,5.0,,4fd56c15-6e2d-4b23-9089-796f313124bb,ACR_20250901,ca46b72f-5296-4100-9b65-28a91690b846,2.16.840.1.114274.1818.46822287575423285798927568582920089490,10041569-DlqX5imb0ejWPhSL4fHg,10041569-DlqX5imb0ejWPhSL4fHg,Yes,Female,73.0,Black or African American,False,True,0,1,1,1,0,1,1,,,,,0,5
ct_series_file,833e1136-3081-447e-8b55-383d9b6a0a53,Open-A1,2.16.840.1.114274.1818.48170243292501193146867360600098051742,CT,DCM,DICOM,10041569-5mEhtO0KQ0Ocq21FWZ6jQ/2.16.840.1.114274.1818.53201221218493509343339847608812980412/2.16.840.1.114274.1818.48170243292501193146867360600098051742.zip,46162948,058732ada571811bcc170b6a4b4a155a,,10041569-5mEhtO0KQ0Ocq21FWZ6jQ,,"Br59f_2,Br59f",XYZ_EC,,,False,"DERIVED_PRIMARY_LOCALIZER_CT_SOM5 MPR,DERIVED_PRIMARY_AXIAL_CT_SOM5 MPR",,SIEMENS,SOMATOM Definition Edge,CT,,dg.MD1R/1e85a47f-378c-445f-b804-34d2b6c1b63c,FFS,"0.994140625,0.75390625",CHEST  2.0  MPR  cor,2.16.840.1.114274.1818.48170243292501193146867360600098051742,2.0,,4fd56c15-6e2d-4b23-9089-796f313124bb,ACR_20250901,0011c71f-3d2c-4a3b-90cc-03c972adf1f0,2.16.840.1.114274.1818.53201221218493509343339847608812980412,10041569-5mEhtO0KQ0Ocq21FWZ6jQ,10041569-5mEhtO0KQ0Ocq21FWZ6jQ,Yes,Male,65.0,Black or African American,False,True,0,1,1,1,0,0,1,,,,,0,4
ct_series_file,afc1a38f-530f-43bf-a9ed-85a61ca246fc,Open-A1,2.16.840.1.114274.1818.46527639183668458627519094370946127793,CT,DCM,DICOM,10041569-g7BegS168EGCpgRylILjoA/2.16.840.1.114274.1818.529233245438746652912141099077703301047/2.16.840.1.114274.1818.46527639183668458627519094370946127793.zip,160140,9d0c4b24302ccff62437257c21b68d2c,,10041569-g7BegS168EGCpgRylILjoA,,Tr20f,NONE,,,False,ORIGINAL_PRIMARY_LOCALIZER_CT_SOM5 TOP,,SIEMENS,SOMATOM Definition Edge,CT,,dg.MD1R/84fc2418-dbdd-46aa-9d1c-a853f64d89e3,FFS,1.0,Topogram  1.0  Tr20,2.16.840.1.114274.1818.46527639183668458627519094370946127793,,,4fd56c15-6e2d-4b23-9089-796f313124bb,ACR_20250901,3c7b35af-6fd8-42bd-8253-d96f103ec2b5,2.16.840.1.114274.1818.529233245438746652912141099077703301047,10041569-g7BegS168EGCpgRylILjoA,10041569-g7BegS168EGCpgRylILjoA,Yes,Female,63.0,White,False,True,1,1,1,1,0,1,1,,,,,0,6
ct_series_file,e486c826-adaf-428c-996f-df1e44bbda44,Open-A1,2.16.840.1.114362.1.12359305.25874454649.713229860.423.1654,CT,DCM,DICOM,10041569-DlqX5imb0ejWPhSL4fHg/2.16.840.1.114274.1818.46822287575423285798927568582920089490/2.16.840.1.114362.1.12359305.25874454649.713229860.423.1654.zip,1740952,1bdc0b77180ac5edb45a76ed4949eb4d,,10041569-DlqX5imb0ejWPhSL4fHg,,STANDARD,,Skull-stripping,,True,DERIVED_PRIMARY_AXIAL,,GE MEDICAL SYSTEMS / MIM Software,Revolution CT,CT,,dg.MD1R/23ed912e-4f91-4592-83c3-f1aec361deb5,HFS,0.865234,BrainSegmentation,2.16.840.1.114362.1.12359305.25874454649.713229860.423.1654,5.0,,4fd56c15-6e2d-4b23-9089-796f313124bb,ACR_20250901,ca46b72f-5296-4100-9b65-28a91690b846,2.16.840.1.114274.1818.46822287575423285798927568582920089490,10041569-DlqX5imb0ejWPhSL4fHg,10041569-DlqX5imb0ejWPhSL4fHg,Yes,Female,73.0,Black or African American,False,True,0,1,1,1,0,1,1,,,,,0,5
ct_series_file,2a9a0a8e-5dfd-4891-9501-eae4d43c975d,Open-A1,2.16.840.1.114274.1818.55005869067094890358982868219998082953,CT,DCM,DICOM,10041569-g7BegS168EGCpgRylILjoA/2.16.840.1.114274.1818.48308814719584810156436643307300641687/2.16.840.1.114274.1818.55005869067094890358982868219998082953.zip,80950996,e04e2dee9c7a1a40469fe75ff1868c94,,10041569-g7BegS168EGCpgRylILjoA,APPLIED,I50f_4,XYZ_EC,,,False,ORIGINAL_PRIMARY_AXIAL_CT_SOM5 SPI,,SIEMENS,SOMATOM Definition AS+,CT,,dg.MD1R/7eb66c80-64a1-48bf-9059-f99427fe1cb2,FFS,0.716796875,LUNG_AX_PE_1.0,2.16.840.1.114274.1818.55005869067094890358982868219998082953,1.0,,4fd56c15-6e2d-4b23-9089-796f313124bb,ACR_20250901,0551808d-9101-47ec-9e1f-679bc4edcfc1,2.16.840.1.114274.1818.48308814719584810156436643307300641687,10041569-g7BegS168EGCpgRylILjoA,10041569-g7BegS168EGCpgRylILjoA,Yes,Female,63.0,White,False,True,1,1,1,1,0,1,1,,,,,0,6
ct_series_file,cea5ee33-6cb3-4be8-a509-94cbe58861c4,Open-A1,2.16.840.1.114274.1818.530009383046787720417693958489711577769,CT,DCM,DICOM,10041569-YIon3HGGUa4N81uJEoWmg/2.16.840.1.114274.1818.56709377258982926323042697852460262554/2.16.840.1.114274.1818.530009383046787720417693958489711577769.zip,171458,97d3af2f4663e57e0fd544594e33610c,,10041569-YIon3HGGUa4N81uJEoWmg,,Tr20f,NONE,,,False,ORIGINAL_PRIMARY_LOCALIZER_CT_SOM5 TOP,,SIEMENS,SOMATOM Force,CT,,dg.MD1R/4842def0-2abd-4773-bfd7-f78c2759c1ba,FFS,1.0,PA TopoThorax  1.0  Tr20,2.16.840.1.114274.1818.530009383046787720417693958489711577769,,,4fd56c15-6e2d-4b23-9089-796f313124bb,ACR_20250901,113b69a6-ad03-47bc-a49a-4c807e39a8b2,2.16.840.1.114274.1818.56709377258982926323042697852460262554,10041569-YIon3HGGUa4N81uJEoWmg,10041569-YIon3HGGUa4N81uJEoWmg,Yes,Male,84.0,Black or African American,False,False,1,1,1,1,0,1,1,,,,,0,6
ct_series_file,d0818c8b-cea1-49b2-af87-275ce248c52d,Open-A1,2.16.840.1.114274.1818.466611916912459200715701313389470063289,CT,DCM,DICOM,10041569-c7w6HYO4oU7uSiC4lcZiA/2.16.840.1.114274.1818.57480567220781102391830955657535623052/2.16.840.1.114274.1818.466611916912459200715701313389470063289.zip,13638362,71ca1635c405a04f7e0a1042eb77a32a,,10041569-c7w6HYO4oU7uSiC4lcZiA,APPLIED,"Br51f_2,Br51f",XYZ_EC,,,False,"DERIVED_PRIMARY_LOCALIZER_CT_SOM5 MIP,DERIVED_PRIMARY_AXIAL_CT_SOM5 MIP",,SIEMENS,SOMATOM Definition Flash,CT,,dg.MD1R/1a093fcf-65de-4caa-b851-8d3828a1b3b4,FFS,"0.53515625,0.998046875",LUNG_AX_+C_MIP_7.0,2.16.840.1.114274.1818.466611916912459200715701313389470063289,7.0,,4fd56c15-6e2d-4b23-9089-796f313124bb,ACR_20250901,0f423ccf-e1b5-4c44-be26-1af212c84979,2.16.840.1.114274.1818.57480567220781102391830955657535623052,10041569-c7w6HYO4oU7uSiC4lcZiA,10041569-c7w6HYO4oU7uSiC4lcZiA,Yes,Male,66.0,White,False,True,1,1,1,1,1,1,1,,,,,0,7
ct_series_file,efebae71-1dd5-46f7-ada5-043b7b898a7c,Open-A1,2.16.840.1.114274.1818.49564735944802564886516983081981952441,CT,DCM,DICOM,10041569-c7w6HYO4oU7uSiC4lcZiA/2.16.840.1.114274.1818.53591528100724789206785027519051256766/2.16.840.1.114274.1818.49564735944802564886516983081981952441.zip,41150824,b7d1d5b6a93ff5338fb368cc4f12c8c0,,10041569-c7w6HYO4oU7uSiC4lcZiA,,"Br51f_3,Br51f",XYZ_EC,,,False,"DERIVED_PRIMARY_LOCALIZER_CT_SOM5 MPR,DERIVED_PRIMARY_AXIAL_CT_SOM5 MPR",,SIEMENS,SOMATOM Definition Flash,CT,,dg.MD1R/da4a0e9a-ae80-4877-bc03-27c12f7dc34d,FFS,"1.09375,0.59765625",LUNG_COR_INSP_2.0,2.16.840.1.114274.1818.49564735944802564886516983081981952441,2.0,,4fd56c15-6e2d-4b23-9089-796f313124bb,ACR_20250901,7c7f0742-7546-45cf-a44b-7abbba512b53,2.16.840.1.114274.1818.53591528100724789206785027519051256766,10041569-c7w6HYO4oU7uSiC4lcZiA,10041569-c7w6HYO4oU7uSiC4lcZiA,Yes,Male,66.0,White,False,True,1,1,1,1,1,1,1,,,,,0,7
ct_series_file,0654979b-fe04-4dfb-9657-e7e461391a86,Open-A1,2.16.840.1.114274.1818.57313884218398998716919111142462491539,CT,DCM,DICOM,2.16.840.1.114274.1818.48915825978567343131646980941824062894/2.16.840.1.114274.1818.57313884218398998716919111142462491539.zip,90975526,b54fa8b571339e6f40d302065fcc7db9,,10000364-1439411,OMNI 350,,,,,,,,Siemens Healthineers,syngo.via.VB30A,CT,135.0,dg.MD1R/e4147dbf-bcee-4ab7-8415-b87948db6f2c,,,Liver VNC VNC MPR tra 5mm Range (Auto),2.16.840.1.114274.1818.57313884218398998716919111142462491539,,,da2db6a3-93f5-4066-90b2-f8dd8afadd2c,ACR_20211115,a5c26513-f169-458e-8cb0-4c692fe29719,2.16.840.1.114274.1818.48915825978567343131646980941824062894,10000364-1439411,10000364-1439411,Yes,Male,88.0,White,False,False,0,1,0,1,0,0,0,,,,,0,2
ct_series_file,feecc3da-85d6-40e1-a049-6d04fe169933,Open-A1,2.16.840.1.114362.1.12359305.25874454649.713244665.368.1654,CT,DCM,DICOM,10041569-DlqX5imb0ejWPhSL4fHg/2.16.840.1.114274.1818.46822287575423285798927568582920089490/2.16.840.1.114362.1.12359305.25874454649.713244665.368.1654.zip,1740952,94018b489be70e083122f86a64450c37,,10041569-DlqX5imb0ejWPhSL4fHg,,STANDARD,,Skull-stripping,,True,DERIVED_PRIMARY_AXIAL,,GE MEDICAL SYSTEMS / MIM Software,Revolution CT,CT,,dg.MD1R/3caecd5d-ab43-40b5-a406-e4f28febbb28,HFS,0.865234,BrainSegmentation,2.16.840.1.114362.1.12359305.25874454649.713244665.368.1654,5.0,,4fd56c15-6e2d-4b23-9089-796f313124bb,ACR_20250901,ca46b72f-5296-4100-9b65-28a91690b846,2.16.840.1.114274.1818.46822287575423285798927568582920089490,10041569-DlqX5imb0ejWPhSL4fHg,10041569-DlqX5imb0ejWPhSL4fHg,Yes,Female,73.0,Black or African American,False,True,0,1,1,1,0,1,1,,,,,0,5
ct_series_file,28c90995-f97b-478a-9f02-e400f73ce7c7,Open-A1,2.16.840.1.114274.1818.49148752572451234374690987597871315894,CT,DCM,DICOM,10041569-k8IVxNVD0GPgNtSsov6lw/2.16.840.1.114274.1818.472845605552393945717492188516369856189/2.16.840.1.114274.1818.49148752572451234374690987597871315894.zip,51072158,aab5168209a27361310d5252edcc955e,,10041569-k8IVxNVD0GPgNtSsov6lw,,"Br51f_2,Br51f",XYZ_EC,,,False,"DERIVED_PRIMARY_LOCALIZER_CT_SOM5 MPR,DERIVED_PRIMARY_AXIAL_CT_SOM5 MPR",,SIEMENS,SOMATOM Definition Edge,CT,,dg.MD1R/cb923ea4-b82b-45bb-9d2d-9ebeb17e999e,FFS,"0.552734375,1.0234375",INSPIRATION  2.0  MPR  cor,2.16.840.1.114274.1818.49148752572451234374690987597871315894,2.0,,4fd56c15-6e2d-4b23-9089-796f313124bb,ACR_20250901,b545b007-85d2-43d6-9e54-e57beaed0566,2.16.840.1.114274.1818.472845605552393945717492188516369856189,10041569-k8IVxNVD0GPgNtSsov6lw,10041569-k8IVxNVD0GPgNtSsov6lw,Yes,Female,70.0,Black or African American,False,True,1,1,0,1,0,1,1,,,,,0,5
ct_series_file,8e8ab157-dd6c-4b37-a7f9-507121d52c0c,Open-A1,2.16.840.1.114274.1818.501354499409877488211723212369413162152,CT,DCM,DICOM,10041569-NSEL0dEU50iSJEeE7kzpPQ/2.16.840.1.114274.1818.56749787320645874132503072663578901162/2.16.840.1.114274.1818.501354499409877488211723212369413162152.zip,28133028,7e597e0b63f7972f7c1b378de275fa34,,10041569-NSEL0dEU50iSJEeE7kzpPQ,,"Br51f_2,Br51f",XYZ_EC,,,False,"DERIVED_PRIMARY_LOCALIZER_CT_SOM5 MPR,DERIVED_PRIMARY_AXIAL_CT_SOM5 MPR",,SIEMENS,SOMATOM Definition Edge,CT,,dg.MD1R/5e6cb9f0-b22a-4327-85a8-06fc35a35cbc,HFS,"1.14453125,0.5625",LUNG_COR_CHEST_+C_3.0,2.16.840.1.114274.1818.501354499409877488211723212369413162152,3.0,,4fd56c15-6e2d-4b23-9089-796f313124bb,ACR_20250901,809ba20a-ce92-41c3-9b49-d8954c0ab9c6,2.16.840.1.114274.1818.56749787320645874132503072663578901162,10041569-NSEL0dEU50iSJEeE7kzpPQ,10041569-NSEL0dEU50iSJEeE7kzpPQ,Yes,Male,58.0,White,False,True,1,1,1,1,0,0,1,,,,,0,5
ct_series_file,43b683a8-4ae6-414c-a422-6d67526a6f86,Open-A1,2.16.840.1.114274.1818.491397266260950660318199835170076979853,CT,DCM,DICOM,10041569-g7BegS168EGCpgRylILjoA/2.16.840.1.114274.1818.53545404512494855266004833202563902642/2.16.840.1.114274.1818.491397266260950660318199835170076979853.zip,87283202,8b04585eab4d74d2024fa5a3e1aa12e2,,10041569-g7BegS168EGCpgRylILjoA,Isovue 370,"Bf37f_4,Bf37f",XYZ_EC,,,False,"DERIVED_PRIMARY_LOCALIZER_CT_SOM5 MPR,DERIVED_PRIMARY_AXIAL_CT_SOM5 MPR",,SIEMENS,SOMATOM Definition Edge,CT,,dg.MD1R/e9b6d002-60ec-4776-852c-ceaac6c87c34,FFS,"0.9765625,0.55673758865248",PE  1.0  MPR Sagittal,2.16.840.1.114274.1818.491397266260950660318199835170076979853,1.0,,4fd56c15-6e2d-4b23-9089-796f313124bb,ACR_20250901,2f3424dd-da14-4f41-990b-fd45c424eae1,2.16.840.1.114274.1818.53545404512494855266004833202563902642,10041569-g7BegS168EGCpgRylILjoA,10041569-g7BegS168EGCpgRylILjoA,Yes,Female,63.0,White,False,True,1,1,1,1,0,1,1,,,,,0,6
ct_series_file,e5168239-df08-4b37-9a57-9f4aa15a8798,Open-A1,2.16.840.1.114362.1.12359305.25874454649.713275299.827.954,CT,DCM,DICOM,10041569-g7BegS168EGCpgRylILjoA/2.16.840.1.114274.1818.54760767744575793606718643093812697273/2.16.840.1.114362.1.12359305.25874454649.713275299.827.954.zip,5681812,1a43b742b8f69e0b8a1f8a60994585c4,,10041569-g7BegS168EGCpgRylILjoA,,Hr59h,,Skull-stripping,,True,DERIVED_PRIMARY_AXIAL,,SIEMENS / MIM Software,Mirada Registration Server,CT,,dg.MD1R/d77d246b-4536-432c-9715-3184c1859dd7,HFS,0.31631204,BrainSegmentation,2.16.840.1.114362.1.12359305.25874454649.713275299.827.954,3.0,,4fd56c15-6e2d-4b23-9089-796f313124bb,ACR_20250901,039cb434-202e-4f29-8414-c4177ea26aac,2.16.840.1.114274.1818.54760767744575793606718643093812697273,10041569-g7BegS168EGCpgRylILjoA,10041569-g7BegS168EGCpgRylILjoA,Yes,Female,63.0,White,False,True,1,1,1,1,0,1,1,,,,,0,6
ct_series_file,e2555cac-0f26-4b40-94f2-7b3c4638985d,Open-A1,2.16.840.1.114274.1818.552163957423184811316076476450472592774,CT,DCM,DICOM,10041569-g7BegS168EGCpgRylILjoA/2.16.840.1.114274.1818.529233245438746652912141099077703301047/2.16.840.1.114274.1818.552163957423184811316076476450472592774.zip,67249480,a593e3696d65b6d585201a57eb181bff,,10041569-g7BegS168EGCpgRylILjoA,Isovue 370,Bf37f_4,XYZ_EC,,,False,ORIGINAL_PRIMARY_AXIAL_CT_SOM5 SPI,,SIEMENS,SOMATOM Definition Edge,CT,,dg.MD1R/a7f2ab88-76d1-4914-8a25-46c6b7763042,FFS,0.697265625,PE  1.0  Bf37  4 Axial,2.16.840.1.114274.1818.552163957423184811316076476450472592774,1.0,,4fd56c15-6e2d-4b23-9089-796f313124bb,ACR_20250901,3c7b35af-6fd8-42bd-8253-d96f103ec2b5,2.16.840.1.114274.1818.529233245438746652912141099077703301047,10041569-g7BegS168EGCpgRylILjoA,10041569-g7BegS168EGCpgRylILjoA,Yes,Female,63.0,White,False,True,1,1,1,1,0,1,1,,,,,0,6
ct_series_file,f6e7afc1-4a10-4718-94b4-c9ede80ff51d,Open-A1,2.16.840.1.114362.1.12359305.25874454649.713242764.314.1234,CT,DCM,DICOM,10041569-DlqX5imb0ejWPhSL4fHg/2.16.840.1.114274.1818.46822287575423285798927568582920089490/2.16.840.1.114362.1.12359305.25874454649.713242764.314.1234.zip,1735186,7edb88db11e4074d894a37d6c0456077,,10041569-DlqX5imb0ejWPhSL4fHg,,STANDARD,,Skull-stripping,,True,DERIVED_PRIMARY_AXIAL,,GE MEDICAL SYSTEMS / MIM Software,Revolution CT,CT,,dg.MD1R/23ff9580-d06c-4cba-9316-b7be82a724f6,HFS,0.976563,BrainSegmentation,2.16.840.1.114362.1.12359305.25874454649.713242764.314.1234,5.0,,4fd56c15-6e2d-4b23-9089-796f313124bb,ACR_20250901,ca46b72f-5296-4100-9b65-28a91690b846,2.16.840.1.114274.1818.46822287575423285798927568582920089490,10041569-DlqX5imb0ejWPhSL4fHg,10041569-DlqX5imb0ejWPhSL4fHg,Yes,Female,73.0,Black or African American,False,True,0,1,1,1,0,1,1,,,,,0,5
ct_series_file,755420a3-8ab6-4e1f-84e9-f0ad4f1e7293,Open-A1,2.16.840.1.114274.1818.521017040876721370817298551020237577627,CT,DCM,DICOM,10041569-c7w6HYO4oU7uSiC4lcZiA/2.16.840.1.114274.1818.520382416662923180810807269414538471839/2.16.840.1.114274.1818.521017040876721370817298551020237577627.zip,51791872,f32549aa22f8af35e07c289d9a0d7b0b,,10041569-c7w6HYO4oU7uSiC4lcZiA,,B50f,XYZ_EC,,,False,"DERIVED_PRIMARY_LOCALIZER_CT_SOM5 MPR,DERIVED_PRIMARY_AXIAL_CT_SOM5 MPR",,SIEMENS,Biograph40,CT,,dg.MD1R/b351d773-471f-4bcd-b16e-3fa6b4405909,FFS,"0.9765625,0.599609375",CHEST WO  2.0  MPR  sag,2.16.840.1.114274.1818.521017040876721370817298551020237577627,2.0,,4fd56c15-6e2d-4b23-9089-796f313124bb,ACR_20250901,d7a14869-7da7-444b-bda6-0d7bec25e644,2.16.840.1.114274.1818.520382416662923180810807269414538471839,10041569-c7w6HYO4oU7uSiC4lcZiA,10041569-c7w6HYO4oU7uSiC4lcZiA,Yes,Male,66.0,White,False,True,1,1,1,1,1,1,1,,,,,0,7
ct_series_file,7325deed-7018-4cfa-9da2-c85a4ecb7ceb,Open-A1,2.16.840.1.114274.1818.53176643475796417602774841288921756814,CT,DCM,DICOM,10041569-g7BegS168EGCpgRylILjoA/2.16.840.1.114274.1818.507775836070599428116236643975517488005/2.16.840.1.114274.1818.53176643475796417602774841288921756814.zip,97313522,d94b8d9170fb6f3c6db1b757d5605828,,10041569-g7BegS168EGCpgRylILjoA,APPLIED,Br40d_3,XYZ_EC,,,False,ORIGINAL_PRIMARY_AXIAL_CT_SOM5 SPI DUAL_STD_DNRG_DET_AB,,SIEMENS,SOMATOM Force,CT,,dg.MD1R/ccc95f15-2c38-43ca-b6bb-20cb899beb1a,HFS,0.828125,AX_NC_2.0_THIN_AP  F_0.6,2.16.840.1.114274.1818.53176643475796417602774841288921756814,2.0,,4fd56c15-6e2d-4b23-9089-796f313124bb,ACR_20250901,a789e6ae-3b86-41f6-85ca-eb397509c695,2.16.840.1.114274.1818.507775836070599428116236643975517488005,10041569-g7BegS168EGCpgRylILjoA,10041569-g7BegS168EGCpgRylILjoA,Yes,Female,63.0,White,False,True,1,1,1,1,0,1,1,,,,,0,6
ct_series_file,2d4adbb7-9a7e-42a8-af09-a0ef4059d3fb,Open-A1,2.16.840.1.114274.1818.52089884144220889993077984862371113648,CT,DCM,DICOM,10041569-YwgotNEPQUS9rTCEmYfvGg/2.16.840.1.114274.1818.576071695310240000613270604560651416254/2.16.840.1.114274.1818.52089884144220889993077984862371113648.zip,54503980,98cbaf7c4a4c1b949c4836fcc4b7bb91,,10041569-YwgotNEPQUS9rTCEmYfvGg,,"Br40f_3,Br40f",XYZ_EC,,,False,"DERIVED_PRIMARY_LOCALIZER_CT_SOM5 MPR,DERIVED_PRIMARY_AXIAL_CT_SOM5 MPR",,SIEMENS,SOMATOM Definition Edge,CT,,dg.MD1R/9043cd8f-4bdb-428a-bd0b-093d94ecacaa,HFS,"1.1171875,0.51576994434137",SAG_VEN_3.0_AP,2.16.840.1.114274.1818.52089884144220889993077984862371113648,3.0,,4fd56c15-6e2d-4b23-9089-796f313124bb,ACR_20250901,8918735a-22c9-4ffb-937d-ab6e90b228b5,2.16.840.1.114274.1818.576071695310240000613270604560651416254,10041569-YwgotNEPQUS9rTCEmYfvGg,10041569-YwgotNEPQUS9rTCEmYfvGg,Yes,Male,43.0,Not Reported,False,True,1,1,1,1,0,1,1,,,,,0,6
ct_series_file,c097ab14-ceca-4e33-8c99-eb87a1984c58,Open-A1,2.16.840.1.114274.1818.5052922855215068778757846493236723356,CT,DCM,DICOM,2.16.840.1.114274.1818.48915825978567343131646980941824062894/2.16.840.1.114274.1818.5052922855215068778757846493236723356.zip,151658998,c8024ecd43d32068d97b3b932f8f06d7,,10000364-1439411,OMNI 350,,,,,,,,SIEMENS,SOMATOM Drive,CT,671.0,dg.MD1R/353fa9b6-f984-429d-b7dd-5e91c6097e1f,,,#PP   DE CAP   1.5  Qr40  2  M_0.5,2.16.840.1.114274.1818.5052922855215068778757846493236723356,,,da2db6a3-93f5-4066-90b2-f8dd8afadd2c,ACR_20211115,a5c26513-f169-458e-8cb0-4c692fe29719,2.16.840.1.114274.1818.48915825978567343131646980941824062894,10000364-1439411,10000364-1439411,Yes,Male,88.0,White,False,False,0,1,0,1,0,0,0,,,,,0,2
ct_series_file,d2bfbb06-053e-44b8-b6d8-f4505dd117e9,Open-A1,2.16.840.1.114362.1.12359305.25874454649.712506927.163.1234,CT,DCM,DICOM,10041569-DlqX5imb0ejWPhSL4fHg/2.16.840.1.114274.1818.46822287575423285798927568582920089490/2.16.840.1.114362.1.12359305.25874454649.712506927.163.1234.zip,7078672,b6517008cfd9951068c1c56659953f6e,,10041569-DlqX5imb0ejWPhSL4fHg,,STANDARD,,Skull-stripping,,True,DERIVED_PRIMARY_AXIAL,,GE MEDICAL SYSTEMS / MIM Software,Revolution CT,CT,,dg.MD1R/8a234845-0c2a-440b-8613-2b0e9f44bbd7,HFS,0.976563,BrainSegmentation,2.16.840.1.114362.1.12359305.25874454649.712506927.163.1234,1.25,,4fd56c15-6e2d-4b23-9089-796f313124bb,ACR_20250901,ca46b72f-5296-4100-9b65-28a91690b846,2.16.840.1.114274.1818.46822287575423285798927568582920089490,10041569-DlqX5imb0ejWPhSL4fHg,10041569-DlqX5imb0ejWPhSL4fHg,Yes,Female,73.0,Black or African American,False,True,0,1,1,1,0,1,1,,,,,0,5
ct_series_file,4939c791-76ab-4deb-8c1f-f4d178d72795,Open-A1,2.16.840.1.114362.1.12359305.25874454649.713246114.299.1234,CT,DCM,DICOM,10041569-DlqX5imb0ejWPhSL4fHg/2.16.840.1.114274.1818.46822287575423285798927568582920089490/2.16.840.1.114362.1.12359305.25874454649.713246114.299.1234.zip,7078672,f6498d2fc341d78d19680734714f6a29,,10041569-DlqX5imb0ejWPhSL4fHg,,STANDARD,,Skull-stripping,,True,DERIVED_PRIMARY_AXIAL,,GE MEDICAL SYSTEMS / MIM Software,Revolution CT,CT,,dg.MD1R/c98f5749-de82-464b-a2a9-9fc7a832aa30,HFS,0.976563,BrainSegmentation,2.16.840.1.114362.1.12359305.25874454649.713246114.299.1234,1.25,,4fd56c15-6e2d-4b23-9089-796f313124bb,ACR_20250901,ca46b72f-5296-4100-9b65-28a91690b846,2.16.840.1.114274.1818.46822287575423285798927568582920089490,10041569-DlqX5imb0ejWPhSL4fHg,10041569-DlqX5imb0ejWPhSL4fHg,Yes,Female,73.0,Black or African American,False,True,0,1,1,1,0,1,1,,,,,0,5
ct_series_file,0d1e51dc-2f64-40a2-abd1-40ea9d494512,Open-A1,2.16.840.1.114274.1818.558241581667507970716738120636538623667,CT,DCM,DICOM,10041569-c7w6HYO4oU7uSiC4lcZiA/2.16.840.1.114274.1818.50972627898838145808253465038154409149/2.16.840.1.114274.1818.558241581667507970716738120636538623667.zip,22570844,c178aa68b13c3b314692db9d55cdbcc9,,10041569-c7w6HYO4oU7uSiC4lcZiA,,Br38f_3,XYZ_EC,,,False,ORIGINAL_PRIMARY_AXIAL_CT_SOM5 SPI,,SIEMENS,SOMATOM Definition Flash,CT,,dg.MD1R/0d456bc2-e438-4342-8aee-598be4fe88ef,FFS,0.77734375,ST_AX_CHEST_3.0,2.16.840.1.114274.1818.558241581667507970716738120636538623667,3.0,,4fd56c15-6e2d-4b23-9089-796f313124bb,ACR_20250901,6da94247-ae80-4cf1-9b2f-deacecacbc85,2.16.840.1.114274.1818.50972627898838145808253465038154409149,10041569-c7w6HYO4oU7uSiC4lcZiA,10041569-c7w6HYO4oU7uSiC4lcZiA,Yes,Male,66.0,White,False,True,1,1,1,1,1,1,1,,,,,0,7
ct_series_file,e1a80b2d-d55c-44e4-a463-07f4ac9effd9,Open-A1,2.16.840.1.114274.1818.52701300047445604576637435726250155412,CT,DCM,DICOM,10041569-YwgotNEPQUS9rTCEmYfvGg/2.16.840.1.114274.1818.576071695310240000613270604560651416254/2.16.840.1.114274.1818.52701300047445604576637435726250155412.zip,20894052,aa1ecb825e3d836e19a4b61684a23386,,10041569-YwgotNEPQUS9rTCEmYfvGg,,Br40f_3,XYZ_EC,,,False,ORIGINAL_PRIMARY_AXIAL_CT_SOM5 SPI,,SIEMENS,SOMATOM Definition Edge,CT,,dg.MD1R/75f6560c-8eea-4d5b-9e7f-cc7dcc05c025,HFS,0.939453125,AX_VEN_5.0_THICK_AP,2.16.840.1.114274.1818.52701300047445604576637435726250155412,5.0,,4fd56c15-6e2d-4b23-9089-796f313124bb,ACR_20250901,8918735a-22c9-4ffb-937d-ab6e90b228b5,2.16.840.1.114274.1818.576071695310240000613270604560651416254,10041569-YwgotNEPQUS9rTCEmYfvGg,10041569-YwgotNEPQUS9rTCEmYfvGg,Yes,Male,43.0,Not Reported,False,True,1,1,1,1,0,1,1,,,,,0,6
ct_series_file,013b03a1-0d8f-474d-b08f-d03d21fdfb68,Open-A1,2.16.840.1.114362.1.12359305.25874454649.712505091.673.910,CT,DCM,DICOM,10041569-DlqX5imb0ejWPhSL4fHg/2.16.840.1.114274.1818.462099157782828032416704236881742821041/2.16.840.1.114362.1.12359305.25874454649.712505091.673.910.zip,1932744,36cce7b31ac6092d4350f5f9c79707e1,,10041569-DlqX5imb0ejWPhSL4fHg,,STND#,,Skull-stripping,,True,DERIVED_PRIMARY_AXIAL,,GE MEDICAL SYSTEMS / MIM Software,Revolution CT,CT,,dg.MD1R/bad3b5ea-7037-447f-92a5-ba7c341f9f91,HFS,0.498047,BrainSegmentation,2.16.840.1.114362.1.12359305.25874454649.712505091.673.910,5.0,,4fd56c15-6e2d-4b23-9089-796f313124bb,ACR_20250901,14edbc8b-db31-417f-bcd2-d1d91badfe7b,2.16.840.1.114274.1818.462099157782828032416704236881742821041,10041569-DlqX5imb0ejWPhSL4fHg,10041569-DlqX5imb0ejWPhSL4fHg,Yes,Female,73.0,Black or African American,False,True,0,1,1,1,0,1,1,,,,,0,5
ct_series_file,7384265a-96cf-463a-bf23-a5f3c0404724,Open-A1,2.16.840.1.114274.1818.477586988827952369916012482799455180462,CT,DCM,DICOM,10041569-c7w6HYO4oU7uSiC4lcZiA/2.16.840.1.114274.1818.57408375792288589596569949991000334759/2.16.840.1.114274.1818.477586988827952369916012482799455180462.zip,323062,c8457f960fa63311b2f7a2056eda4f79,,10041569-c7w6HYO4oU7uSiC4lcZiA,,T20s,NONE,,,False,ORIGINAL_PRIMARY_LOCALIZER_CT_SOM5 TOP,,SIEMENS,Sensation 16 with Akron Q tube,CT,,dg.MD1R/307b0592-5f5c-4a6d-aecb-ee17e941a108,FFS,1.0,AP SCOUT  1.0  T20s,2.16.840.1.114274.1818.477586988827952369916012482799455180462,1.0,,4fd56c15-6e2d-4b23-9089-796f313124bb,ACR_20250901,6d1913a8-08b4-4dfe-bb0f-df5c7d6b1f1c,2.16.840.1.114274.1818.57408375792288589596569949991000334759,10041569-c7w6HYO4oU7uSiC4lcZiA,10041569-c7w6HYO4oU7uSiC4lcZiA,Yes,Male,66.0,White,False,True,1,1,1,1,1,1,1,,,,,0,7
ct_series_file,9dd32f9e-36af-46e3-9215-51ef7bdf368b,Open-A1,2.16.840.1.114274.1818.545033689370015040116200561020151264646,CT,DCM,DICOM,10041569-g7BegS168EGCpgRylILjoA/2.16.840.1.114274.1818.49407950232910888607662077718151322277/2.16.840.1.114274.1818.545033689370015040116200561020151264646.zip,27094050,923786ef705654689c4ecaab711a9b85,,10041569-g7BegS168EGCpgRylILjoA,,"Br40f_3,Br40f",XYZ_EC,,,False,"DERIVED_PRIMARY_LOCALIZER_CT_SOM5 MPR,DERIVED_PRIMARY_AXIAL_CT_SOM5 MPR",,SIEMENS,Mirada Registration Server,CT,,dg.MD1R/e9931d87-31a1-4a74-a079-07484258d0f6,FFS,"0.517578125,0.986328125",INSPIRATION  3.0  MPR  cor,2.16.840.1.114274.1818.545033689370015040116200561020151264646,3.0,,4fd56c15-6e2d-4b23-9089-796f313124bb,ACR_20250901,fae66339-daf4-42a8-a92b-1c10997f92dd,2.16.840.1.114274.1818.49407950232910888607662077718151322277,10041569-g7BegS168EGCpgRylILjoA,10041569-g7BegS168EGCpgRylILjoA,Yes,Female,63.0,White,False,True,1,1,1,1,0,1,1,,,,,0,6
ct_series_file,d8f0667e-4a04-493e-928c-4769647011a7,Open-A1,2.16.840.1.114362.1.12359305.25874454649.713273688.181.954,CT,DCM,DICOM,10041569-g7BegS168EGCpgRylILjoA/2.16.840.1.114274.1818.5377148994594629303257838193147626373/2.16.840.1.114362.1.12359305.25874454649.713273688.181.954.zip,2686112,3ebb1b73f57d7bd6d3a9780822e14ff1,,10041569-g7BegS168EGCpgRylILjoA,,BONEPLUS,,Skull-stripping,,True,DERIVED_PRIMARY_AXIAL,,GE MEDICAL SYSTEMS / MIM Software,Revolution EVO,CT,,dg.MD1R/7e25cff6-b367-4104-8f3a-fa224d58243b,HFS,0.507812,BrainSegmentation,2.16.840.1.114362.1.12359305.25874454649.713273688.181.954,3.75,,4fd56c15-6e2d-4b23-9089-796f313124bb,ACR_20250901,940e64f9-56d2-496f-b769-084427fc0af2,2.16.840.1.114274.1818.5377148994594629303257838193147626373,10041569-g7BegS168EGCpgRylILjoA,10041569-g7BegS168EGCpgRylILjoA,Yes,Female,63.0,White,False,True,1,1,1,1,0,1,1,,,,,0,6
ct_series_file,2a474ec4-87e7-48ca-b0e4-305bdd1dda01,Open-A1,2.16.840.1.114362.1.12359305.25874454649.713231279.451.1654,CT,DCM,DICOM,10041569-DlqX5imb0ejWPhSL4fHg/2.16.840.1.114274.1818.46822287575423285798927568582920089490/2.16.840.1.114362.1.12359305.25874454649.713231279.451.1654.zip,1740702,669b197447cc02d3dcfb1014e961cfa3,,10041569-DlqX5imb0ejWPhSL4fHg,,STANDARD,,Skull-stripping,,True,DERIVED_PRIMARY_AXIAL,,GE MEDICAL SYSTEMS / MIM Software,Revolution CT,CT,,dg.MD1R/2a6f1ded-be47-4d1d-9aa6-831be9df933c,HFS,0.865234,BrainSegmentation,2.16.840.1.114362.1.12359305.25874454649.713231279.451.1654,5.0,,4fd56c15-6e2d-4b23-9089-796f313124bb,ACR_20250901,ca46b72f-5296-4100-9b65-28a91690b846,2.16.840.1.114274.1818.46822287575423285798927568582920089490,10041569-DlqX5imb0ejWPhSL4fHg,10041569-DlqX5imb0ejWPhSL4fHg,Yes,Female,73.0,Black or African American,False,True,0,1,1,1,0,1,1,,,,,0,5
ct_series_file,35b18319-9c54-48b1-887b-30a768584b1e,Open-A1,2.16.840.1.114362.1.12046989.25857177543.634328699.488.53,CT,DCM,DICOM,10000364-1439411/2.16.840.1.114274.1818.52156382748510945695507930870946517950/2.16.840.1.114362.1.12046989.25857177543.634328699.488.53.zip,4449396,24332b325794bb6ebc8507d5dea6a11e,,10000364-1439411,,J37s,,Skull-stripping,2.0,True,DERIVED_PRIMARY_AXIAL,,SIEMENS / MIM Software,SOMATOM Definition AS,CT,51.0,dg.MD1R/04fae738-616a-433c-90d6-a4c4bdcfa1f4,HFS,0.314453095,BrainSegmentation,2.16.840.1.114362.1.12046989.25857177543.634328699.488.53,3.0,,f3a84a57-f61e-4953-af27-23f850bc857a,ACR_20230415,115d6e9d-99cf-4df8-89c2-c5f381d827c7,2.16.840.1.114274.1818.52156382748510945695507930870946517950,10000364-1439411,10000364-1439411,Yes,Male,88.0,White,False,False,0,1,0,1,0,0,0,,,,,0,2
ct_series_file,43d85a3a-3b09-47da-8283-a3accbd9c0cf,Open-A1,2.16.840.1.114362.1.12046989.25380425975.615231729.902.942,CT,DCM,DICOM,10000364-1439411/2.16.840.1.114274.1818.52442165994927412468406707500310640285/2.16.840.1.114362.1.12046989.25380425975.615231729.902.942.zip,4864370,6ab37d1b0c49f8bd934d0dadc341a1b8,,10000364-1439411,,Hc40f,,Skull-stripping,2.0,True,DERIVED_PRIMARY_AXIAL,,SIEMENS / MIM Software,SOMATOM Drive,CT,73.0,dg.MD1R/130539ce-4731-4d1a-a107-6012f093f43b,HFS,0.326171875,BrainSegmentation,2.16.840.1.114362.1.12046989.25380425975.615231729.902.942,3.0,,f3a84a57-f61e-4953-af27-23f850bc857a,ACR_20230415,660f6368-f687-4a3f-a599-62131a5de02a,2.16.840.1.114274.1818.52442165994927412468406707500310640285,10000364-1439411,10000364-1439411,Yes,Male,88.0,White,False,False,0,1,0,1,0,0,0,,,,,0,2
ct_series_file,37fc0afb-be25-4e57-b8d9-c53cd5b218b9,Open-A1,2.16.840.1.114274.1818.57464534576566504559029825455479157168,CT,DCM,DICOM,10041569-5mEhtO0KQ0Ocq21FWZ6jQ/2.16.840.1.114274.1818.53201221218493509343339847608812980412/2.16.840.1.114274.1818.57464534576566504559029825455479157168.zip,55492944,3c48b09f1a743c532c3bb9ba7ad60365,,10041569-5mEhtO0KQ0Ocq21FWZ6jQ,,"Bf37f,Bf37f_3",XYZ_EC,,,False,"DERIVED_PRIMARY_LOCALIZER_CT_SOM5 MPR,DERIVED_PRIMARY_AXIAL_CT_SOM5 MPR",,SIEMENS,SOMATOM Definition Edge,CT,,dg.MD1R/424df1e8-0975-4860-baf8-cf256d446e09,FFS,"0.994140625,0.62459546925566",CHEST  2.0  MPR  sag,2.16.840.1.114274.1818.57464534576566504559029825455479157168,2.0,,4fd56c15-6e2d-4b23-9089-796f313124bb,ACR_20250901,0011c71f-3d2c-4a3b-90cc-03c972adf1f0,2.16.840.1.114274.1818.53201221218493509343339847608812980412,10041569-5mEhtO0KQ0Ocq21FWZ6jQ,10041569-5mEhtO0KQ0Ocq21FWZ6jQ,Yes,Male,65.0,Black or African American,False,True,0,1,1,1,0,0,1,,,,,0,4
ct_series_file,b618c580-1c7a-4ffe-a390-05a82478bc4d,Open-A1,2.16.840.1.114274.1818.46939836746212310637853505379134658211,CT,DCM,DICOM,10041569-DlqX5imb0ejWPhSL4fHg/2.16.840.1.114274.1818.57500923408510014592632294198372013494/2.16.840.1.114274.1818.46939836746212310637853505379134658211.zip,553402,8f3c573cf9f41ae94c7422eafa14a60c,,10041569-DlqX5imb0ejWPhSL4fHg,,STANDARD,,,,False,ORIGINAL_PRIMARY_LOCALIZER,,GE MEDICAL SYSTEMS,Revolution CT,CT,,dg.MD1R/f106578a-ff29-4e54-a0bf-aeb7d1a3b12a,HFS,0.636792,Scout,2.16.840.1.114274.1818.46939836746212310637853505379134658211,"224.764151,224.198113,189.127358",10.0,4fd56c15-6e2d-4b23-9089-796f313124bb,ACR_20250901,71d41cb0-994c-4a12-8870-8c4546268f26,2.16.840.1.114274.1818.57500923408510014592632294198372013494,10041569-DlqX5imb0ejWPhSL4fHg,10041569-DlqX5imb0ejWPhSL4fHg,Yes,Female,73.0,Black or African American,False,True,0,1,1,1,0,1,1,,,,,0,5
ct_series_file,f8fe0685-7a6c-4c40-9211-2cbaaf969dd4,Open-A1,2.16.840.1.114362.1.12359305.25874454649.713236073.1003.1654,CT,DCM,DICOM,10041569-DlqX5imb0ejWPhSL4fHg/2.16.840.1.114274.1818.46822287575423285798927568582920089490/2.16.840.1.114362.1.12359305.25874454649.713236073.1003.1654.zip,1741234,be2ab9c7ce5532c1751b3da3cf8dcfd2,,10041569-DlqX5imb0ejWPhSL4fHg,,STANDARD,,Skull-stripping,,True,DERIVED_PRIMARY_AXIAL,,GE MEDICAL SYSTEMS / MIM Software,Revolution CT,CT,,dg.MD1R/31b139ef-8463-40fb-9052-c5b44f0b6b25,HFS,0.865234,BrainSegmentation,2.16.840.1.114362.1.12359305.25874454649.713236073.1003.1654,5.0,,4fd56c15-6e2d-4b23-9089-796f313124bb,ACR_20250901,ca46b72f-5296-4100-9b65-28a91690b846,2.16.840.1.114274.1818.46822287575423285798927568582920089490,10041569-DlqX5imb0ejWPhSL4fHg,10041569-DlqX5imb0ejWPhSL4fHg,Yes,Female,73.0,Black or African American,False,True,0,1,1,1,0,1,1,,,,,0,5
ct_series_file,1896fa9a-90e8-4278-a655-01c0414f4227,Open-A1,2.16.840.1.114362.1.12359305.25874454649.713482825.663.1654,CT,DCM,DICOM,10041569-DlqX5imb0ejWPhSL4fHg/2.16.840.1.114274.1818.46822287575423285798927568582920089490/2.16.840.1.114362.1.12359305.25874454649.713482825.663.1654.zip,6664816,ee35193c034c32890336953620bc0640,,10041569-DlqX5imb0ejWPhSL4fHg,,STANDARD,,Skull-stripping,,True,DERIVED_PRIMARY_AXIAL,,GE MEDICAL SYSTEMS / MIM Software,Revolution CT,CT,,dg.MD1R/138f5794-1eec-43d4-8b7a-ea3e467e257a,HFS,0.865234,BrainSegmentation,2.16.840.1.114362.1.12359305.25874454649.713482825.663.1654,1.25,,4fd56c15-6e2d-4b23-9089-796f313124bb,ACR_20250901,ca46b72f-5296-4100-9b65-28a91690b846,2.16.840.1.114274.1818.46822287575423285798927568582920089490,10041569-DlqX5imb0ejWPhSL4fHg,10041569-DlqX5imb0ejWPhSL4fHg,Yes,Female,73.0,Black or African American,False,True,0,1,1,1,0,1,1,,,,,0,5
ct_series_file,6d353c51-d490-42fa-bb39-46737dc3fe8c,Open-A1,2.16.840.1.114362.1.12359305.25874454649.713231755.295.1234,CT,DCM,DICOM,10041569-DlqX5imb0ejWPhSL4fHg/2.16.840.1.114274.1818.46822287575423285798927568582920089490/2.16.840.1.114362.1.12359305.25874454649.713231755.295.1234.zip,1735186,466285d75e1db6f956e7689b29d1baa9,,10041569-DlqX5imb0ejWPhSL4fHg,,STANDARD,,Skull-stripping,,True,DERIVED_PRIMARY_AXIAL,,GE MEDICAL SYSTEMS / MIM Software,Revolution CT,CT,,dg.MD1R/37cff01d-8871-40c8-a88e-68320af6406f,HFS,0.976563,BrainSegmentation,2.16.840.1.114362.1.12359305.25874454649.713231755.295.1234,5.0,,4fd56c15-6e2d-4b23-9089-796f313124bb,ACR_20250901,ca46b72f-5296-4100-9b65-28a91690b846,2.16.840.1.114274.1818.46822287575423285798927568582920089490,10041569-DlqX5imb0ejWPhSL4fHg,10041569-DlqX5imb0ejWPhSL4fHg,Yes,Female,73.0,Black or African American,False,True,0,1,1,1,0,1,1,,,,,0,5
ct_series_file,56573960-16df-47f8-89da-420e00f81015,Open-A1,2.16.840.1.114274.1818.48713491631097720757018224651621081759,CT,DCM,DICOM,10041569-YIon3HGGUa4N81uJEoWmg/2.16.840.1.114274.1818.56709377258982926323042697852460262554/2.16.840.1.114274.1818.48713491631097720757018224651621081759.zip,78308390,4d49515c38af188d4c81b1f22bd5f8fd,,10041569-YIon3HGGUa4N81uJEoWmg,,Br49d_2,Z_EC,,,False,ORIGINAL_PRIMARY_AXIAL_CT_SOM5 SPI DUAL_STD_SNRG_DET_AB,,SIEMENS,SOMATOM Force,CT,,dg.MD1R/de761936-8573-4767-838f-a7aafe363e9f,FFS,0.8046875,LUNG_AX_THIN_1.0,2.16.840.1.114274.1818.48713491631097720757018224651621081759,1.0,,4fd56c15-6e2d-4b23-9089-796f313124bb,ACR_20250901,113b69a6-ad03-47bc-a49a-4c807e39a8b2,2.16.840.1.114274.1818.56709377258982926323042697852460262554,10041569-YIon3HGGUa4N81uJEoWmg,10041569-YIon3HGGUa4N81uJEoWmg,Yes,Male,84.0,Black or African American,False,False,1,1,1,1,0,1,1,,,,,0,6
ct_series_file,17986942-ee64-45e3-8223-3482c204dd37,Open-A1,2.16.840.1.114274.1818.47888451450889425872078663554966339007,CT,DCM,DICOM,10041569-YwgotNEPQUS9rTCEmYfvGg/2.16.840.1.114274.1818.572057649757037972315924528491279030175/2.16.840.1.114274.1818.47888451450889425872078663554966339007.zip,32381322,bc6900ecc0e750782a0e18cddf099584,,10041569-YwgotNEPQUS9rTCEmYfvGg,,"Br49f_3,Br49f",XYZ_EC,,,False,"DERIVED_PRIMARY_LOCALIZER_CT_SOM5 MPR,DERIVED_PRIMARY_AXIAL_CT_SOM5 MPR",,SIEMENS,SOMATOM Drive,CT,,dg.MD1R/af14d281-5539-409b-85f3-450da319a0b0,FFP,"0.564453125,1.041015625",INSPIRATION  3.0  MPR,2.16.840.1.114274.1818.47888451450889425872078663554966339007,3.0,,4fd56c15-6e2d-4b23-9089-796f313124bb,ACR_20250901,a006c919-e484-4b52-879a-a27845f7784f,2.16.840.1.114274.1818.572057649757037972315924528491279030175,10041569-YwgotNEPQUS9rTCEmYfvGg,10041569-YwgotNEPQUS9rTCEmYfvGg,Yes,Male,43.0,Not Reported,False,True,1,1,1,1,0,1,1,,,,,0,6
ct_series_file,623cf0f1-a0c0-438a-adb4-ff5fd4c076d5,Open-A1,2.16.840.1.114362.1.12359305.25874454649.713245625.464.1234,CT,DCM,DICOM,10041569-DlqX5imb0ejWPhSL4fHg/2.16.840.1.114274.1818.46822287575423285798927568582920089490/2.16.840.1.114362.1.12359305.25874454649.713245625.464.1234.zip,1735186,46cd4f7a67d696ba04d88ad6a23cf283,,10041569-DlqX5imb0ejWPhSL4fHg,,STANDARD,,Skull-stripping,,True,DERIVED_PRIMARY_AXIAL,,GE MEDICAL SYSTEMS / MIM Software,Revolution CT,CT,,dg.MD1R/8e1c9be9-d1c8-45f2-9051-47cea2842c85,HFS,0.976563,BrainSegmentation,2.16.840.1.114362.1.12359305.25874454649.713245625.464.1234,5.0,,4fd56c15-6e2d-4b23-9089-796f313124bb,ACR_20250901,ca46b72f-5296-4100-9b65-28a91690b846,2.16.840.1.114274.1818.46822287575423285798927568582920089490,10041569-DlqX5imb0ejWPhSL4fHg,10041569-DlqX5imb0ejWPhSL4fHg,Yes,Female,73.0,Black or African American,False,True,0,1,1,1,0,1,1,,,,,0,5
ct_series_file,80916241-72f0-4952-b78d-ddd00b50c8a0,Open-A1,2.16.840.1.114274.1818.547537446855351718017366920101305511857,CT,DCM,DICOM,10041569-g7BegS168EGCpgRylILjoA/2.16.840.1.114274.1818.51949992674445653363779016573323848074/2.16.840.1.114274.1818.547537446855351718017366920101305511857.zip,91243120,12c204264f1187865a1b9939827c70b8,,10041569-g7BegS168EGCpgRylILjoA,APPLIED,Bl64d_4,XYZ_EC,,,False,ORIGINAL_PRIMARY_AXIAL_CT_SOM5 SPI,,SIEMENS,SOMATOM Force,CT,,dg.MD1R/eb51f052-2927-4ceb-8405-2af7b96859ed,FFS,0.666015625,LUNG_AX_PE_1.0,2.16.840.1.114274.1818.547537446855351718017366920101305511857,1.0,,4fd56c15-6e2d-4b23-9089-796f313124bb,ACR_20250901,ed40c453-9586-4b7c-9ad6-ba6bff076273,2.16.840.1.114274.1818.51949992674445653363779016573323848074,10041569-g7BegS168EGCpgRylILjoA,10041569-g7BegS168EGCpgRylILjoA,Yes,Female,63.0,White,False,True,1,1,1,1,0,1,1,,,,,0,6
ct_series_file,535d4160-3143-4f52-b41d-14fc71ae130b,Open-A1,2.16.840.1.114362.1.12359305.25874454649.713471834.369.1234,CT,DCM,DICOM,10041569-DlqX5imb0ejWPhSL4fHg/2.16.840.1.114274.1818.46822287575423285798927568582920089490/2.16.840.1.114362.1.12359305.25874454649.713471834.369.1234.zip,7078672,5cc6127f8bf70cb28e18cd3e601b98cc,,10041569-DlqX5imb0ejWPhSL4fHg,,STANDARD,,Skull-stripping,,True,DERIVED_PRIMARY_AXIAL,,GE MEDICAL SYSTEMS / MIM Software,Revolution CT,CT,,dg.MD1R/73c7383e-2078-4e44-9110-0424a1354dfb,HFS,0.976563,BrainSegmentation,2.16.840.1.114362.1.12359305.25874454649.713471834.369.1234,1.25,,4fd56c15-6e2d-4b23-9089-796f313124bb,ACR_20250901,ca46b72f-5296-4100-9b65-28a91690b846,2.16.840.1.114274.1818.46822287575423285798927568582920089490,10041569-DlqX5imb0ejWPhSL4fHg,10041569-DlqX5imb0ejWPhSL4fHg,Yes,Female,73.0,Black or African American,False,True,0,1,1,1,0,1,1,,,,,0,5
ct_series_file,2d1ea097-a97f-4cc1-8d08-17d246070c15,Open-A1,2.16.840.1.114274.1818.57486143034017395755566163014260533900,CT,DCM,DICOM,10041569-YwgotNEPQUS9rTCEmYfvGg/2.16.840.1.114274.1818.52179194608022432028892629146297067446/2.16.840.1.114274.1818.57486143034017395755566163014260533900.zip,28632944,1646a7c86acb79f5a77094913ee4ea3f,,10041569-YwgotNEPQUS9rTCEmYfvGg,,Bf37f_3,XYZ_EC,,,False,ORIGINAL_PRIMARY_AXIAL_CT_SOM5 SPI,,SIEMENS,SOMATOM Definition Edge,CT,,dg.MD1R/8ff48477-b0ab-418e-add0-da94a31f7d0e,HFS,0.826171875,ST_AX_THICK_+C_2.0,2.16.840.1.114274.1818.57486143034017395755566163014260533900,2.0,,4fd56c15-6e2d-4b23-9089-796f313124bb,ACR_20250901,9e3fe024-a92e-46dd-8579-d93325bb1500,2.16.840.1.114274.1818.52179194608022432028892629146297067446,10041569-YwgotNEPQUS9rTCEmYfvGg,10041569-YwgotNEPQUS9rTCEmYfvGg,Yes,Male,43.0,Not Reported,False,True,1,1,1,1,0,1,1,,,,,0,6
ct_series_file,1ab3f5c3-4f52-4de8-9e7a-f16f28d9275d,Open-A1,2.16.840.1.114274.1818.535620860212138000210427529134994512541,CT,DCM,DICOM,10041569-YIon3HGGUa4N81uJEoWmg/2.16.840.1.114274.1818.56709377258982926323042697852460262554/2.16.840.1.114274.1818.535620860212138000210427529134994512541.zip,33552918,26e4441ab64606987e7348c57b621a8b,,10041569-YIon3HGGUa4N81uJEoWmg,,Br40d_3,Z_EC,,,False,ORIGINAL_PRIMARY_AXIAL_CT_SOM5 SPI DUAL_STD_SNRG_DET_AB,,SIEMENS,SOMATOM Force,CT,,dg.MD1R/4d34afa2-fac2-48c2-8325-96e4061f34ea,FFS,0.8046875,ST_AX_THICK_2.0,2.16.840.1.114274.1818.535620860212138000210427529134994512541,2.0,,4fd56c15-6e2d-4b23-9089-796f313124bb,ACR_20250901,113b69a6-ad03-47bc-a49a-4c807e39a8b2,2.16.840.1.114274.1818.56709377258982926323042697852460262554,10041569-YIon3HGGUa4N81uJEoWmg,10041569-YIon3HGGUa4N81uJEoWmg,Yes,Male,84.0,Black or African American,False,False,1,1,1,1,0,1,1,,,,,0,6
ct_series_file,2c479a08-2252-454b-9e76-2e2dd3f87a52,Open-A1,2.16.840.1.114274.1818.464918958650469339514560669571325263033,CT,DCM,DICOM,10041569-c7w6HYO4oU7uSiC4lcZiA/2.16.840.1.114274.1818.545419882860540676114273843422259529647/2.16.840.1.114274.1818.464918958650469339514560669571325263033.zip,81434766,4fce5b5aace7ce32ca8e860a244ecd14,,10041569-c7w6HYO4oU7uSiC4lcZiA,,Bf37f_3,XYZ_EC,,,False,ORIGINAL_PRIMARY_AXIAL_CT_SOM5 SPI,,SIEMENS,SOMATOM Definition Flash,CT,,dg.MD1R/d142c94e-fe13-420c-833d-4bbf461d9b1d,FFS,0.736328125,ST_AX_CHEST_1.0,2.16.840.1.114274.1818.464918958650469339514560669571325263033,1.0,,4fd56c15-6e2d-4b23-9089-796f313124bb,ACR_20250901,7170facb-9786-48f0-a7ef-dd6f72759e48,2.16.840.1.114274.1818.545419882860540676114273843422259529647,10041569-c7w6HYO4oU7uSiC4lcZiA,10041569-c7w6HYO4oU7uSiC4lcZiA,Yes,Male,66.0,White,False,True,1,1,1,1,1,1,1,,,,,0,7
ct_series_file,d44c33a8-3c2d-46bd-bb74-8b587114b1d5,Open-A1,2.16.840.1.114274.1818.542047036810426534817586066457146447273,CT,DCM,DICOM,10041569-YwgotNEPQUS9rTCEmYfvGg/2.16.840.1.114274.1818.55591401017056064792144945380941789359/2.16.840.1.114274.1818.542047036810426534817586066457146447273.zip,63282294,48afc1faa48c3a66f0257e04bfb20aa7,,10041569-YwgotNEPQUS9rTCEmYfvGg,,Bf37f_3,XYZ_EC,,,False,ORIGINAL_PRIMARY_AXIAL_CT_SOM5 SPI,,SIEMENS,SOMATOM Definition Edge,CT,,dg.MD1R/be44a4bd-f5e7-4fea-8c95-724c5f20982d,HFS,0.828125,ST_AX_THIN_+C_1.0,2.16.840.1.114274.1818.542047036810426534817586066457146447273,1.0,,4fd56c15-6e2d-4b23-9089-796f313124bb,ACR_20250901,110aeb76-c68d-44a0-bb04-c58335a44506,2.16.840.1.114274.1818.55591401017056064792144945380941789359,10041569-YwgotNEPQUS9rTCEmYfvGg,10041569-YwgotNEPQUS9rTCEmYfvGg,Yes,Male,43.0,Not Reported,False,True,1,1,1,1,0,1,1,,,,,0,6
ct_series_file,8807efc8-b500-4a72-b99e-4ecbc8d8f264,Open-A1,2.16.840.1.114274.1818.54906708005402903558024801366284599942,CT,DCM,DICOM,2.16.840.1.114274.1818.48915825978567343131646980941824062894/2.16.840.1.114274.1818.54906708005402903558024801366284599942.zip,80764108,8e75e11f1ce041ce030495b779bfedd8,,10000364-1439411,OMNI 350,,,,,,,,SIEMENS,SOMATOM Drive,CT,166.0,dg.MD1R/10b1cfba-fa8f-40f5-b42f-1c48e4a9bfc8,,,SAGITTAL  F_0.5,2.16.840.1.114274.1818.54906708005402903558024801366284599942,,,da2db6a3-93f5-4066-90b2-f8dd8afadd2c,ACR_20211115,a5c26513-f169-458e-8cb0-4c692fe29719,2.16.840.1.114274.1818.48915825978567343131646980941824062894,10000364-1439411,10000364-1439411,Yes,Male,88.0,White,False,False,0,1,0,1,0,0,0,,,,,0,2
ct_series_file,5c9ca500-b8c7-4913-841c-c1d9cba7cf86,Open-A1,2.16.840.1.114274.1818.48520351426639078951465255098622381478,CT,DCM,DICOM,10041569-YIon3HGGUa4N81uJEoWmg/2.16.840.1.114274.1818.46213516937756425162077192930343084169/2.16.840.1.114274.1818.48520351426639078951465255098622381478.zip,81063366,fa5bd207fe5aeb0b5e28560923f50bb3,,10041569-YIon3HGGUa4N81uJEoWmg,,Br49d_2,Z_EC,,,False,ORIGINAL_PRIMARY_AXIAL_CT_SOM5 SPI DUAL_STD_SNRG_DET_AB,,SIEMENS,SOMATOM Force,CT,,dg.MD1R/ba691001-6859-42e1-9973-545c9bdbb86a,FFS,0.7734375,EXPIRATION  1.0  Br49  2,2.16.840.1.114274.1818.48520351426639078951465255098622381478,1.0,,4fd56c15-6e2d-4b23-9089-796f313124bb,ACR_20250901,93c2b51c-9bf5-4315-b6ca-35feb693bc6b,2.16.840.1.114274.1818.46213516937756425162077192930343084169,10041569-YIon3HGGUa4N81uJEoWmg,10041569-YIon3HGGUa4N81uJEoWmg,Yes,Male,84.0,Black or African American,False,False,1,1,1,1,0,1,1,,,,,0,6
ct_series_file,1fe13331-3e14-4d24-840a-3226f490dcf6,Open-A1,2.16.840.1.114362.1.12359305.25874454649.712503855.984.954,CT,DCM,DICOM,10041569-DlqX5imb0ejWPhSL4fHg/2.16.840.1.114274.1818.5406136835163657318940035298043226795/2.16.840.1.114362.1.12359305.25874454649.712503855.984.954.zip,1595176,e317c1f93752f0f18f984c2052aa7fd7,,10041569-DlqX5imb0ejWPhSL4fHg,,STND#,,Skull-stripping,,True,DERIVED_PRIMARY_AXIAL,,GE MEDICAL SYSTEMS / MIM Software,Revolution CT,CT,,dg.MD1R/8fbef0b8-c193-4e9d-a166-feef246860f8,HFS,0.609375,BrainSegmentation,2.16.840.1.114362.1.12359305.25874454649.712503855.984.954,5.0,,4fd56c15-6e2d-4b23-9089-796f313124bb,ACR_20250901,1e82fbc2-9de1-442e-8781-0740ae19a180,2.16.840.1.114274.1818.5406136835163657318940035298043226795,10041569-DlqX5imb0ejWPhSL4fHg,10041569-DlqX5imb0ejWPhSL4fHg,Yes,Female,73.0,Black or African American,False,True,0,1,1,1,0,1,1,,,,,0,5
ct_series_file,111b8625-7ca5-4b5a-bb99-cc8f1a7a12fb,Open-A1,2.16.840.1.114274.1818.49475605151106029702205228266621997718,CT,DCM,DICOM,10041569-YIon3HGGUa4N81uJEoWmg/2.16.840.1.114274.1818.49252408960383494347352526721023077508/2.16.840.1.114274.1818.49475605151106029702205228266621997718.zip,39173428,c77726a4db19d39722aa99a0fc4b3a85,,10041569-YIon3HGGUa4N81uJEoWmg,,"Bf37f,Bf37f_3",XYZ_EC,,,False,"DERIVED_PRIMARY_LOCALIZER_CT_SOM5 MPR,DERIVED_PRIMARY_AXIAL_CT_SOM5 MPR",,SIEMENS,SOMATOM Definition Edge,CT,,dg.MD1R/a5118ae0-90d9-4688-88bb-92a956bae965,FFS,"0.5724907063197,1.03125",CHEST  2.0  MPR  sag,2.16.840.1.114274.1818.49475605151106029702205228266621997718,2.0,,4fd56c15-6e2d-4b23-9089-796f313124bb,ACR_20250901,cc660938-8f8b-4b74-be11-b18bb9fa2569,2.16.840.1.114274.1818.49252408960383494347352526721023077508,10041569-YIon3HGGUa4N81uJEoWmg,10041569-YIon3HGGUa4N81uJEoWmg,Yes,Male,84.0,Black or African American,False,False,1,1,1,1,0,1,1,,,,,0,6
ct_series_file,0d48f106-3395-46c6-85b6-ad275447e5da,Open-A1,2.16.840.1.114362.1.12046989.25857177543.634328228.911.73,CT,DCM,DICOM,10000364-1439411/2.16.840.1.114274.1818.52156382748510945695507930870946517950/2.16.840.1.114362.1.12046989.25857177543.634328228.911.73.zip,4978406,89af2dfcd54d12fb4ba51947eb86eb3f,,10000364-1439411,,J37s,,Skull-stripping,2.0,True,DERIVED_PRIMARY_AXIAL,,SIEMENS / MIM Software,SOMATOM Definition AS,CT,71.0,dg.MD1R/d7a28bc0-4912-45fb-b0ae-f2399736f8ee,HFS,0.302631587,BrainSegmentation,2.16.840.1.114362.1.12046989.25857177543.634328228.911.73,3.0,,f3a84a57-f61e-4953-af27-23f850bc857a,ACR_20230415,115d6e9d-99cf-4df8-89c2-c5f381d827c7,2.16.840.1.114274.1818.52156382748510945695507930870946517950,10000364-1439411,10000364-1439411,Yes,Male,88.0,White,False,False,0,1,0,1,0,0,0,,,,,0,2
ct_series_file,f63e5f61-123c-4bcd-bb8c-f34efc6645a1,Open-A1,2.16.840.1.114274.1818.507279681834700101716944530044364137123,CT,DCM,DICOM,10041569-YIon3HGGUa4N81uJEoWmg/2.16.840.1.114274.1818.56709377258982926323042697852460262554/2.16.840.1.114274.1818.507279681834700101716944530044364137123.zip,194196,f4ea2bca45808efe5bc0d5d621ec4ca8,,10041569-YIon3HGGUa4N81uJEoWmg,,Tr20f,NONE,,,False,ORIGINAL_PRIMARY_LOCALIZER_CT_SOM5 TOP,,SIEMENS,SOMATOM Force,CT,,dg.MD1R/5c7f362a-da39-464a-9c1a-a1db3b4c6c6a,FFS,1.0,LAT TopoThorax  1.0  Tr20,2.16.840.1.114274.1818.507279681834700101716944530044364137123,,,4fd56c15-6e2d-4b23-9089-796f313124bb,ACR_20250901,113b69a6-ad03-47bc-a49a-4c807e39a8b2,2.16.840.1.114274.1818.56709377258982926323042697852460262554,10041569-YIon3HGGUa4N81uJEoWmg,10041569-YIon3HGGUa4N81uJEoWmg,Yes,Male,84.0,Black or African American,False,False,1,1,1,1,0,1,1,,,,,0,6
ct_series_file,f6bdb697-532b-4ccc-b584-5929b204c261,Open-A1,2.16.840.1.114274.1818.538414829606243036110996045463925127864,CT,DCM,DICOM,10041569-DlqX5imb0ejWPhSL4fHg/2.16.840.1.114274.1818.56028146263909395223440493815552548798/2.16.840.1.114274.1818.538414829606243036110996045463925127864.zip,17556712,c01afcce4a2436969fe260e6161105fd,,10041569-DlqX5imb0ejWPhSL4fHg,,STANDARD,,,,False,ORIGINAL_PRIMARY_AXIAL,,GE MEDICAL SYSTEMS,Revolution CT,CT,,dg.MD1R/a567405e-aa77-40a7-baac-3d163c8515de,FFS,0.976563,AX_NC_5.0_THICK_AP,2.16.840.1.114274.1818.538414829606243036110996045463925127864,5.0,5.0,4fd56c15-6e2d-4b23-9089-796f313124bb,ACR_20250901,81934b86-23a2-49aa-a41e-b59f30ce4617,2.16.840.1.114274.1818.56028146263909395223440493815552548798,10041569-DlqX5imb0ejWPhSL4fHg,10041569-DlqX5imb0ejWPhSL4fHg,Yes,Female,73.0,Black or African American,False,True,0,1,1,1,0,1,1,,,,,0,5
ct_series_file,be0a48c6-f516-487d-a22d-f80f11271829,Open-A1,2.16.840.1.114274.1818.5449839230827168348662028797298275995,CT,DCM,DICOM,10041569-g7BegS168EGCpgRylILjoA/2.16.840.1.114274.1818.52420683747491488693394781188600595122/2.16.840.1.114274.1818.5449839230827168348662028797298275995.zip,65290158,1f731bd70b6c4b009fbdc95cabb9f8ff,,10041569-g7BegS168EGCpgRylILjoA,APPLIED,Br40d_4,XYZ_EC,,,False,ORIGINAL_PRIMARY_AXIAL_CT_SOM5 SPI,,SIEMENS,SOMATOM Force,CT,,dg.MD1R/91ad692c-5471-4370-8bc8-7808f19d31c5,HFS,0.783203125,ST_AX_PE_1.0,2.16.840.1.114274.1818.5449839230827168348662028797298275995,1.0,,4fd56c15-6e2d-4b23-9089-796f313124bb,ACR_20250901,baedc573-1339-49fe-b43d-47404cd231ff,2.16.840.1.114274.1818.52420683747491488693394781188600595122,10041569-g7BegS168EGCpgRylILjoA,10041569-g7BegS168EGCpgRylILjoA,Yes,Female,63.0,White,False,True,1,1,1,1,0,1,1,,,,,0,6
ct_series_file,601723c0-3aef-4418-8e2d-a889f29c9b47,Open-A1,2.16.840.1.114362.1.12359305.25874454649.713238957.955.1654,CT,DCM,DICOM,10041569-DlqX5imb0ejWPhSL4fHg/2.16.840.1.114274.1818.46822287575423285798927568582920089490/2.16.840.1.114362.1.12359305.25874454649.713238957.955.1654.zip,1740722,409dc2d91eb1f194040243019e7a3658,,10041569-DlqX5imb0ejWPhSL4fHg,,STANDARD,,Skull-stripping,,True,DERIVED_PRIMARY_AXIAL,,GE MEDICAL SYSTEMS / MIM Software,Revolution CT,CT,,dg.MD1R/386aa5d5-2655-4749-8361-a2bc5d06f723,HFS,0.865234,BrainSegmentation,2.16.840.1.114362.1.12359305.25874454649.713238957.955.1654,5.0,,4fd56c15-6e2d-4b23-9089-796f313124bb,ACR_20250901,ca46b72f-5296-4100-9b65-28a91690b846,2.16.840.1.114274.1818.46822287575423285798927568582920089490,10041569-DlqX5imb0ejWPhSL4fHg,10041569-DlqX5imb0ejWPhSL4fHg,Yes,Female,73.0,Black or African American,False,True,0,1,1,1,0,1,1,,,,,0,5
ct_series_file,81e7ea06-76e3-44f0-bda3-5087a13fecde,Open-A1,2.16.840.1.114274.1818.54215841996676863741845647843245280679,CT,DCM,DICOM,10041569-YwgotNEPQUS9rTCEmYfvGg/2.16.840.1.114274.1818.52179194608022432028892629146297067446/2.16.840.1.114274.1818.54215841996676863741845647843245280679.zip,31737284,69e8e4b40e2184794f5fadafe727e842,,10041569-YwgotNEPQUS9rTCEmYfvGg,,"Br51f_2,Br51f",XYZ_EC,,,False,"DERIVED_PRIMARY_LOCALIZER_CT_SOM5 MPR,DERIVED_PRIMARY_AXIAL_CT_SOM5 MPR",,SIEMENS,SOMATOM Definition Edge,CT,,dg.MD1R/a1c86879-2368-4750-a253-0ae3af38cf46,HFS,"0.533203125,1.009765625",LUNG_COR_CHEST_+C_3.0,2.16.840.1.114274.1818.54215841996676863741845647843245280679,3.0,,4fd56c15-6e2d-4b23-9089-796f313124bb,ACR_20250901,9e3fe024-a92e-46dd-8579-d93325bb1500,2.16.840.1.114274.1818.52179194608022432028892629146297067446,10041569-YwgotNEPQUS9rTCEmYfvGg,10041569-YwgotNEPQUS9rTCEmYfvGg,Yes,Male,43.0,Not Reported,False,True,1,1,1,1,0,1,1,,,,,0,6
ct_series_file,311a0b12-fff3-448b-97f0-9fe9f81924c5,Open-A1,2.16.840.1.114274.1818.46849695811454543949110842277791520910,CT,DCM,DICOM,2.16.840.1.114274.1818.48915825978567343131646980941824062894/2.16.840.1.114274.1818.46849695811454543949110842277791520910.zip,97656128,a8bf2e07b8b1b7142a31d386d5da009d,,10000364-1439411,OMNI 350,,,,,,,,Siemens Healthineers,syngo.via.VB30A,CT,135.0,dg.MD1R/b4a63a19-d183-4646-bf9a-e956770fee63,,,Monoenergetic Plus 50 keV MPR tra 5mm Range (Auto),2.16.840.1.114274.1818.46849695811454543949110842277791520910,,,da2db6a3-93f5-4066-90b2-f8dd8afadd2c,ACR_20211115,a5c26513-f169-458e-8cb0-4c692fe29719,2.16.840.1.114274.1818.48915825978567343131646980941824062894,10000364-1439411,10000364-1439411,Yes,Male,88.0,White,False,False,0,1,0,1,0,0,0,,,,,0,2
ct_series_file,fd6c86f8-4265-4645-922c-e71bb403af1a,Open-A1,2.16.840.1.114274.1818.56855635857207925478269226729480789165,CT,DCM,DICOM,10041569-YwgotNEPQUS9rTCEmYfvGg/2.16.840.1.114274.1818.52179194608022432028892629146297067446/2.16.840.1.114274.1818.56855635857207925478269226729480789165.zip,108176,011a80b1ed304e79144202920a5236a0,,10041569-YwgotNEPQUS9rTCEmYfvGg,,Tr20f,NONE,,,False,ORIGINAL_PRIMARY_LOCALIZER_CT_SOM5 TOP,,SIEMENS,SOMATOM Definition Edge,CT,,dg.MD1R/d6605a4d-9e14-4e0b-bdcb-631380260fe3,HFS,2.0,Topogram  1.0  Tr20,2.16.840.1.114274.1818.56855635857207925478269226729480789165,,,4fd56c15-6e2d-4b23-9089-796f313124bb,ACR_20250901,9e3fe024-a92e-46dd-8579-d93325bb1500,2.16.840.1.114274.1818.52179194608022432028892629146297067446,10041569-YwgotNEPQUS9rTCEmYfvGg,10041569-YwgotNEPQUS9rTCEmYfvGg,Yes,Male,43.0,Not Reported,False,True,1,1,1,1,0,1,1,,,,,0,6
ct_series_file,03b007a7-55f2-4d7a-ae4d-8f258cceb3cd,Open-A1,2.16.840.1.114362.1.12359305.25874454649.713255683.774.1234,CT,DCM,DICOM,10041569-DlqX5imb0ejWPhSL4fHg/2.16.840.1.114274.1818.46822287575423285798927568582920089490/2.16.840.1.114362.1.12359305.25874454649.713255683.774.1234.zip,7078752,9ec46b2ff50d027a3a6c2581a0885e1c,,10041569-DlqX5imb0ejWPhSL4fHg,,STANDARD,,Skull-stripping,,True,DERIVED_PRIMARY_AXIAL,,GE MEDICAL SYSTEMS / MIM Software,Revolution CT,CT,,dg.MD1R/323a8db3-489f-43e5-adec-f22a4d7b6215,HFS,0.976563,BrainSegmentation,2.16.840.1.114362.1.12359305.25874454649.713255683.774.1234,1.25,,4fd56c15-6e2d-4b23-9089-796f313124bb,ACR_20250901,ca46b72f-5296-4100-9b65-28a91690b846,2.16.840.1.114274.1818.46822287575423285798927568582920089490,10041569-DlqX5imb0ejWPhSL4fHg,10041569-DlqX5imb0ejWPhSL4fHg,Yes,Female,73.0,Black or African American,False,True,0,1,1,1,0,1,1,,,,,0,5
ct_series_file,1ab2e2d8-5a89-4639-9f3d-7acf1e997954,Open-A1,2.16.840.1.114274.1818.54394152745117804184721987497383770290,CT,DCM,DICOM,10041569-c7w6HYO4oU7uSiC4lcZiA/2.16.840.1.114274.1818.554882618114603365311133123469988476853/2.16.840.1.114274.1818.54394152745117804184721987497383770290.zip,440648,078bf28575ba0869d0b1911dd0f3b4db,,10041569-c7w6HYO4oU7uSiC4lcZiA,,,NONE,,,False,ORIGINAL_PRIMARY_LOCALIZER,0.0,Philips,Spectral CT,CT,,dg.MD1R/f9594571-a934-48fc-a16a-e5c702161b68,FFS,0.9765625,SCOUT,2.16.840.1.114274.1818.54394152745117804184721987497383770290,0.625,,4fd56c15-6e2d-4b23-9089-796f313124bb,ACR_20250901,261c6ae1-782e-401c-a94f-adb958b573d1,2.16.840.1.114274.1818.554882618114603365311133123469988476853,10041569-c7w6HYO4oU7uSiC4lcZiA,10041569-c7w6HYO4oU7uSiC4lcZiA,Yes,Male,66.0,White,False,True,1,1,1,1,1,1,1,,,,,0,7
ct_series_file,f98bb8d6-bb6b-494d-b3d7-f1fa7d0733fd,Open-A1,2.16.840.1.114362.1.12046989.25857177543.634329022.1033.271,CT,DCM,DICOM,10000364-1439411/2.16.840.1.114274.1818.52156382748510945695507930870946517950/2.16.840.1.114362.1.12046989.25857177543.634329022.1033.271.zip,18257004,7096ee14cc69391d2624b8c3eccc4020,,10000364-1439411,,J70h,,Skull-stripping,2.0,True,DERIVED_PRIMARY_AXIAL,,SIEMENS / MIM Software,SOMATOM Definition AS,CT,269.0,dg.MD1R/bed0f60e-0da7-4eb9-9d33-0371595c1390,HFS,0.5859375,BrainSegmentation,2.16.840.1.114362.1.12046989.25857177543.634329022.1033.271,0.593409538,,f3a84a57-f61e-4953-af27-23f850bc857a,ACR_20230415,115d6e9d-99cf-4df8-89c2-c5f381d827c7,2.16.840.1.114274.1818.52156382748510945695507930870946517950,10000364-1439411,10000364-1439411,Yes,Male,88.0,White,False,False,0,1,0,1,0,0,0,,,,,0,2
ct_series_file,f78c30d7-6058-4d13-8d2b-185f7f34519a,Open-A1,2.16.840.1.114274.1818.47359525926196606568716342841579885473,CT,DCM,DICOM,10041569-c7w6HYO4oU7uSiC4lcZiA/2.16.840.1.114274.1818.520382416662923180810807269414538471839/2.16.840.1.114274.1818.47359525926196606568716342841579885473.zip,67019454,fe30bd2a0947e2699931c371d7fd3dab,,10041569-c7w6HYO4oU7uSiC4lcZiA,,B31f,XYZ_EC,,,False,ORIGINAL_PRIMARY_AXIAL_CT_SOM5 SPI,,SIEMENS,Biograph40,CT,,dg.MD1R/69e00425-36c4-4e79-ae9c-674c77892083,FFS,0.806640625,CHEST WO  1.0  B31f Axial,2.16.840.1.114274.1818.47359525926196606568716342841579885473,1.0,,4fd56c15-6e2d-4b23-9089-796f313124bb,ACR_20250901,d7a14869-7da7-444b-bda6-0d7bec25e644,2.16.840.1.114274.1818.520382416662923180810807269414538471839,10041569-c7w6HYO4oU7uSiC4lcZiA,10041569-c7w6HYO4oU7uSiC4lcZiA,Yes,Male,66.0,White,False,True,1,1,1,1,1,1,1,,,,,0,7
ct_series_file,efb88866-b742-49e4-8e4b-688f7a8e9dea,Open-A1,2.16.840.1.114362.1.12359305.25874454649.713235114.629.1234,CT,DCM,DICOM,10041569-DlqX5imb0ejWPhSL4fHg/2.16.840.1.114274.1818.46822287575423285798927568582920089490/2.16.840.1.114362.1.12359305.25874454649.713235114.629.1234.zip,1735186,d53f78b59a6722f782fcb7e5a69d7346,,10041569-DlqX5imb0ejWPhSL4fHg,,STANDARD,,Skull-stripping,,True,DERIVED_PRIMARY_AXIAL,,GE MEDICAL SYSTEMS / MIM Software,Revolution CT,CT,,dg.MD1R/83f5e6d9-7a86-433e-ab26-c8a610a0540e,HFS,0.976563,BrainSegmentation,2.16.840.1.114362.1.12359305.25874454649.713235114.629.1234,5.0,,4fd56c15-6e2d-4b23-9089-796f313124bb,ACR_20250901,ca46b72f-5296-4100-9b65-28a91690b846,2.16.840.1.114274.1818.46822287575423285798927568582920089490,10041569-DlqX5imb0ejWPhSL4fHg,10041569-DlqX5imb0ejWPhSL4fHg,Yes,Female,73.0,Black or African American,False,True,0,1,1,1,0,1,1,,,,,0,5
ct_series_file,02b7bbd8-bf3f-4e51-a861-8011df95ed1c,Open-A1,2.16.840.1.114274.1818.553443475503480895614174452134721056686,CT,DCM,DICOM,10041569-YwgotNEPQUS9rTCEmYfvGg/2.16.840.1.114274.1818.572057649757037972315924528491279030175/2.16.840.1.114274.1818.553443475503480895614174452134721056686.zip,366232,9a244a61d7a88801df19db08ebb005bd,,10041569-YwgotNEPQUS9rTCEmYfvGg,,Tr20f,NONE,,,False,ORIGINAL_PRIMARY_LOCALIZER_CT_SOM5 TOP,,SIEMENS,SOMATOM Drive,CT,,dg.MD1R/1a55f455-70d6-47a6-8a96-68b113d0f9e2,FFS,1.0,Topogram  1.0  Tr20,2.16.840.1.114274.1818.553443475503480895614174452134721056686,,,4fd56c15-6e2d-4b23-9089-796f313124bb,ACR_20250901,a006c919-e484-4b52-879a-a27845f7784f,2.16.840.1.114274.1818.572057649757037972315924528491279030175,10041569-YwgotNEPQUS9rTCEmYfvGg,10041569-YwgotNEPQUS9rTCEmYfvGg,Yes,Male,43.0,Not Reported,False,True,1,1,1,1,0,1,1,,,,,0,6
ct_series_file,0dd53468-cc57-47e9-959b-18a38d06222d,Open-A1,2.16.840.1.114274.1818.494891687366122284316795809379655449239,CT,DCM,DICOM,10041569-c7w6HYO4oU7uSiC4lcZiA/2.16.840.1.114274.1818.57408375792288589596569949991000334759/2.16.840.1.114274.1818.494891687366122284316795809379655449239.zip,22657264,a68b60f7a801b0b91af82a2e4b5321a7,,10041569-c7w6HYO4oU7uSiC4lcZiA,,B40f,XYZ_EC,,,False,ORIGINAL_PRIMARY_AXIAL_CT_SOM5 SPI,,SIEMENS,Sensation 16 with Akron Q tube,CT,,dg.MD1R/721ef06c-38c8-4064-9d3d-6707d0434553,FFS,0.73046875,ST_AX_CHEST_3.0,2.16.840.1.114274.1818.494891687366122284316795809379655449239,3.0,,4fd56c15-6e2d-4b23-9089-796f313124bb,ACR_20250901,6d1913a8-08b4-4dfe-bb0f-df5c7d6b1f1c,2.16.840.1.114274.1818.57408375792288589596569949991000334759,10041569-c7w6HYO4oU7uSiC4lcZiA,10041569-c7w6HYO4oU7uSiC4lcZiA,Yes,Male,66.0,White,False,True,1,1,1,1,1,1,1,,,,,0,7
ct_series_file,4421e127-4022-409b-ba73-8e52db2b70c2,Open-A1,2.16.840.1.114362.1.12359305.25874454649.712506052.849.1654,CT,DCM,DICOM,10041569-DlqX5imb0ejWPhSL4fHg/2.16.840.1.114274.1818.46822287575423285798927568582920089490/2.16.840.1.114362.1.12359305.25874454649.712506052.849.1654.zip,1741162,b402d075328229219277f4ec345f4f4b,,10041569-DlqX5imb0ejWPhSL4fHg,,STANDARD,,Skull-stripping,,True,DERIVED_PRIMARY_AXIAL,,GE MEDICAL SYSTEMS / MIM Software,Revolution CT,CT,,dg.MD1R/2e591fba-9d03-442c-b047-00af29d1367b,HFS,0.865234,BrainSegmentation,2.16.840.1.114362.1.12359305.25874454649.712506052.849.1654,5.0,,4fd56c15-6e2d-4b23-9089-796f313124bb,ACR_20250901,ca46b72f-5296-4100-9b65-28a91690b846,2.16.840.1.114274.1818.46822287575423285798927568582920089490,10041569-DlqX5imb0ejWPhSL4fHg,10041569-DlqX5imb0ejWPhSL4fHg,Yes,Female,73.0,Black or African American,False,True,0,1,1,1,0,1,1,,,,,0,5
ct_series_file,23e4a18e-e85e-430d-acd0-cb37e71a56c7,Open-A1,2.16.840.1.114274.1818.480175684551129621817192071586166861751,CT,DCM,DICOM,10041569-c7w6HYO4oU7uSiC4lcZiA/2.16.840.1.114274.1818.545419882860540676114273843422259529647/2.16.840.1.114274.1818.480175684551129621817192071586166861751.zip,33086772,848d59fc77568b70dcef8bac90d29cfc,,10041569-c7w6HYO4oU7uSiC4lcZiA,,"Br38f,Br38f_2",XYZ_EC,,,False,"DERIVED_PRIMARY_LOCALIZER_CT_SOM5 MPR,DERIVED_PRIMARY_AXIAL_CT_SOM5 MPR",,SIEMENS,SOMATOM Definition Flash,CT,,dg.MD1R/d36338df-d912-4fc7-ac11-b2a849a7e55e,FFS,"0.65625,1.017578125",ST_COR_CHEST_2.0,2.16.840.1.114274.1818.480175684551129621817192071586166861751,2.0,,4fd56c15-6e2d-4b23-9089-796f313124bb,ACR_20250901,7170facb-9786-48f0-a7ef-dd6f72759e48,2.16.840.1.114274.1818.545419882860540676114273843422259529647,10041569-c7w6HYO4oU7uSiC4lcZiA,10041569-c7w6HYO4oU7uSiC4lcZiA,Yes,Male,66.0,White,False,True,1,1,1,1,1,1,1,,,,,0,7
ct_series_file,f867cd92-08c8-44ca-ac17-e0b5462ed746,Open-A1,2.16.840.1.114362.1.12359305.25874454649.713229388.574.1234,CT,DCM,DICOM,10041569-DlqX5imb0ejWPhSL4fHg/2.16.840.1.114274.1818.46822287575423285798927568582920089490/2.16.840.1.114362.1.12359305.25874454649.713229388.574.1234.zip,7086108,6288143e3ea77699a4f668dd491fe295,,10041569-DlqX5imb0ejWPhSL4fHg,,STANDARD,,Skull-stripping,,True,DERIVED_PRIMARY_AXIAL,,GE MEDICAL SYSTEMS / MIM Software,Revolution CT,CT,,dg.MD1R/8c19e5b6-c9cc-42dd-8e5d-e494957077f5,HFS,0.976563,BrainSegmentation,2.16.840.1.114362.1.12359305.25874454649.713229388.574.1234,1.25,,4fd56c15-6e2d-4b23-9089-796f313124bb,ACR_20250901,ca46b72f-5296-4100-9b65-28a91690b846,2.16.840.1.114274.1818.46822287575423285798927568582920089490,10041569-DlqX5imb0ejWPhSL4fHg,10041569-DlqX5imb0ejWPhSL4fHg,Yes,Female,73.0,Black or African American,False,True,0,1,1,1,0,1,1,,,,,0,5
ct_series_file,25def233-7e71-4a33-a7b0-b3d09c9d6913,Open-A1,2.16.840.1.114362.1.12359305.25874454649.713243236.371.1654,CT,DCM,DICOM,10041569-DlqX5imb0ejWPhSL4fHg/2.16.840.1.114274.1818.46822287575423285798927568582920089490/2.16.840.1.114362.1.12359305.25874454649.713243236.371.1654.zip,1740972,36c3485530029757219647660d9f2fde,,10041569-DlqX5imb0ejWPhSL4fHg,,STANDARD,,Skull-stripping,,True,DERIVED_PRIMARY_AXIAL,,GE MEDICAL SYSTEMS / MIM Software,Revolution CT,CT,,dg.MD1R/82e2eadb-e8c5-4bdd-893f-64ac1b2f9d36,HFS,0.865234,BrainSegmentation,2.16.840.1.114362.1.12359305.25874454649.713243236.371.1654,5.0,,4fd56c15-6e2d-4b23-9089-796f313124bb,ACR_20250901,ca46b72f-5296-4100-9b65-28a91690b846,2.16.840.1.114274.1818.46822287575423285798927568582920089490,10041569-DlqX5imb0ejWPhSL4fHg,10041569-DlqX5imb0ejWPhSL4fHg,Yes,Female,73.0,Black or African American,False,True,0,1,1,1,0,1,1,,,,,0,5
ct_series_file,efce71a5-9d05-4555-8d63-7bc5eed97d51,Open-A1,2.16.840.1.114274.1818.49743079177456652271312453676567745710,CT,DCM,DICOM,10041569-YwgotNEPQUS9rTCEmYfvGg/2.16.840.1.114274.1818.50134359029082275648585618139493214907/2.16.840.1.114274.1818.49743079177456652271312453676567745710.zip,70610892,4f9e20cd87e02fff1f0c71e99a63f417,,10041569-YwgotNEPQUS9rTCEmYfvGg,,I31f_3,XYZ_EC,,,False,ORIGINAL_PRIMARY_AXIAL_CT_SOM5 SPI,,SIEMENS,SOMATOM Definition Flash,CT,,dg.MD1R/c4383f1b-af09-4483-82ef-31f2a2625c1c,FFS,0.833984375,ST_AX_THIN_1.0,2.16.840.1.114274.1818.49743079177456652271312453676567745710,1.0,,4fd56c15-6e2d-4b23-9089-796f313124bb,ACR_20250901,08f28b2c-eaad-4658-a879-f2ae5e6c1d59,2.16.840.1.114274.1818.50134359029082275648585618139493214907,10041569-YwgotNEPQUS9rTCEmYfvGg,10041569-YwgotNEPQUS9rTCEmYfvGg,Yes,Male,43.0,Not Reported,False,True,1,1,1,1,0,1,1,,,,,0,6
ct_series_file,cc4bb6e5-6835-4694-9656-00713a7b1e93,Open-A1,2.16.840.1.114274.1818.48149663445664214683543527799676090762,CT,DCM,DICOM,10041569-DlqX5imb0ejWPhSL4fHg/2.16.840.1.114274.1818.57500923408510014592632294198372013494/2.16.840.1.114274.1818.48149663445664214683543527799676090762.zip,214740,4727d7f7108df209b58db3a6249fad5c,,10041569-DlqX5imb0ejWPhSL4fHg,,STANDARD,,,,False,ORIGINAL_PRIMARY_LOCALIZER,,GE MEDICAL SYSTEMS,Revolution CT,CT,,dg.MD1R/17846053-3d3c-4f2b-b8c2-75abdffaf8ac,HFS,0.636364,Scout,2.16.840.1.114274.1818.48149663445664214683543527799676090762,260.272727,10.0,4fd56c15-6e2d-4b23-9089-796f313124bb,ACR_20250901,71d41cb0-994c-4a12-8870-8c4546268f26,2.16.840.1.114274.1818.57500923408510014592632294198372013494,10041569-DlqX5imb0ejWPhSL4fHg,10041569-DlqX5imb0ejWPhSL4fHg,Yes,Female,73.0,Black or African American,False,True,0,1,1,1,0,1,1,,,,,0,5
ct_series_file,fb2f7f74-c61a-42f4-ac02-b7d231cdb7b9,Open-A1,2.16.840.1.114274.1818.52310223985676961592594895129232201371,CT,DCM,DICOM,10041569-g7BegS168EGCpgRylILjoA/2.16.840.1.114274.1818.51949992674445653363779016573323848074/2.16.840.1.114274.1818.52310223985676961592594895129232201371.zip,213508,529bf529a7453eacbd6e81de0fa1b997,,10041569-g7BegS168EGCpgRylILjoA,APPLIED,Br36f,NONE,,,False,ORIGINAL_PRIMARY_AXIAL_CT_SOM5 MON,,SIEMENS,Mirada Registration Server,CT,,dg.MD1R/56dffd30-6040-4f00-ba56-e4691532aba9,FFS,0.5234375,Monitoring  10.0  Br36,2.16.840.1.114274.1818.52310223985676961592594895129232201371,10.0,,4fd56c15-6e2d-4b23-9089-796f313124bb,ACR_20250901,ed40c453-9586-4b7c-9ad6-ba6bff076273,2.16.840.1.114274.1818.51949992674445653363779016573323848074,10041569-g7BegS168EGCpgRylILjoA,10041569-g7BegS168EGCpgRylILjoA,Yes,Female,63.0,White,False,True,1,1,1,1,0,1,1,,,,,0,6
ct_series_file,9884f6af-dd88-4f0a-86e3-50ee99d64bf3,Open-A1,2.16.840.1.114274.1818.53456551845316061565682362254579132802,CT,DCM,DICOM,10041569-g7BegS168EGCpgRylILjoA/2.16.840.1.114274.1818.49344276643781840915314524543857703063/2.16.840.1.114274.1818.53456551845316061565682362254579132802.zip,229268,f3fc5c13c85ddb612be66c83c8e48dbb,,10041569-g7BegS168EGCpgRylILjoA,Isovue 370,Bf37f,NONE,,,False,ORIGINAL_PRIMARY_AXIAL_CT_SOM5 MON,,SIEMENS,SOMATOM Definition Edge,CT,,dg.MD1R/f79324cb-ec27-4ac7-9049-8d9f3db22da5,FFS,0.5859375,Monitoring  10.0  Bf37,2.16.840.1.114274.1818.53456551845316061565682362254579132802,10.0,,4fd56c15-6e2d-4b23-9089-796f313124bb,ACR_20250901,da48c333-6e07-4b86-81e6-28b848762644,2.16.840.1.114274.1818.49344276643781840915314524543857703063,10041569-g7BegS168EGCpgRylILjoA,10041569-g7BegS168EGCpgRylILjoA,Yes,Female,63.0,White,False,True,1,1,1,1,0,1,1,,,,,0,6
ct_series_file,95b431c2-d3c6-4f7e-9a16-18d99871e728,Open-A1,2.16.840.1.114274.1818.56075198702137255269903745848337702836,CT,DCM,DICOM,10041569-g7BegS168EGCpgRylILjoA/2.16.840.1.114274.1818.52420683747491488693394781188600595122/2.16.840.1.114274.1818.56075198702137255269903745848337702836.zip,157514,08d30bc89c329f84143dbe18f7c76017,,10041569-g7BegS168EGCpgRylILjoA,,Tx60f,NONE,,,False,ORIGINAL_PRIMARY_LOCALIZER_CT_SOM5 TOP,,SIEMENS,SOMATOM Force,CT,,dg.MD1R/b97184a1-f52f-4947-a2cc-43fa216cd877,HFS,1.0,Topogram  1.0  Tx60,2.16.840.1.114274.1818.56075198702137255269903745848337702836,,,4fd56c15-6e2d-4b23-9089-796f313124bb,ACR_20250901,baedc573-1339-49fe-b43d-47404cd231ff,2.16.840.1.114274.1818.52420683747491488693394781188600595122,10041569-g7BegS168EGCpgRylILjoA,10041569-g7BegS168EGCpgRylILjoA,Yes,Female,63.0,White,False,True,1,1,1,1,0,1,1,,,,,0,6
ct_series_file,3e070f1f-e02f-4625-8c6a-5441ac3abe84,Open-A1,2.16.840.1.114274.1818.5293528667811188966163440212650236336,CT,DCM,DICOM,10041569-YwgotNEPQUS9rTCEmYfvGg/2.16.840.1.114274.1818.576071695310240000613270604560651416254/2.16.840.1.114274.1818.5293528667811188966163440212650236336.zip,22116768,a38eac0fab357b1ad4d6f05f0525b541,,10041569-YwgotNEPQUS9rTCEmYfvGg,,"Br40f,Br40f_3",XYZ_EC,,,False,"DERIVED_PRIMARY_LOCALIZER_CT_SOM5 MPR,DERIVED_PRIMARY_AXIAL_CT_SOM5 MPR",,SIEMENS,SOMATOM Definition Edge,CT,,dg.MD1R/3032150d-09d5-422b-92f0-ae9448e3a975,HFS,"0.9205298013245,1.072265625",COR_VEN_3.0_AP,2.16.840.1.114274.1818.5293528667811188966163440212650236336,3.0,,4fd56c15-6e2d-4b23-9089-796f313124bb,ACR_20250901,8918735a-22c9-4ffb-937d-ab6e90b228b5,2.16.840.1.114274.1818.576071695310240000613270604560651416254,10041569-YwgotNEPQUS9rTCEmYfvGg,10041569-YwgotNEPQUS9rTCEmYfvGg,Yes,Male,43.0,Not Reported,False,True,1,1,1,1,0,1,1,,,,,0,6
ct_series_file,9ff92078-c9b1-4307-b36d-1a6bc92af45c,Open-A1,2.16.840.1.114274.1818.49331269918462452769359272570039449,CT,DCM,DICOM,10041569-c7w6HYO4oU7uSiC4lcZiA/2.16.840.1.114274.1818.53591528100724789206785027519051256766/2.16.840.1.114274.1818.49331269918462452769359272570039449.zip,76942664,8f842fbee9a83d07ef0b9ac6ee0adc98,,10041569-c7w6HYO4oU7uSiC4lcZiA,,Br51f_3,XYZ_EC,,,False,ORIGINAL_PRIMARY_AXIAL_CT_SOM5 SPI,,SIEMENS,SOMATOM Definition Flash,CT,,dg.MD1R/e7d7e46e-8556-433d-b758-43c52e9b336c,FFS,0.794921875,LUNG_AX_EXP_1.0,2.16.840.1.114274.1818.49331269918462452769359272570039449,1.0,,4fd56c15-6e2d-4b23-9089-796f313124bb,ACR_20250901,7c7f0742-7546-45cf-a44b-7abbba512b53,2.16.840.1.114274.1818.53591528100724789206785027519051256766,10041569-c7w6HYO4oU7uSiC4lcZiA,10041569-c7w6HYO4oU7uSiC4lcZiA,Yes,Male,66.0,White,False,True,1,1,1,1,1,1,1,,,,,0,7
ct_series_file,4cfc9427-9219-42de-9b71-f0a082f8f181,Open-A1,2.16.840.1.114274.1818.48789878158237362978250065904066509243,CT,DCM,DICOM,10041569-YIon3HGGUa4N81uJEoWmg/2.16.840.1.114274.1818.55485674927826798141368793300377977521/2.16.840.1.114274.1818.48789878158237362978250065904066509243.zip,1064810,120e40379451a03acd16c7cb4119b4b7,,10041569-YIon3HGGUa4N81uJEoWmg,,STANDARD,,,,False,ORIGINAL_PRIMARY_LOCALIZER,,GE MEDICAL SYSTEMS,Mirada Registration Server,CT,,dg.MD1R/1e917d0f-80b5-4004-a92c-93732c740343,FFS,0.636364,Scout,2.16.840.1.114274.1818.48789878158237362978250065904066509243,460.0,10.0,4fd56c15-6e2d-4b23-9089-796f313124bb,ACR_20250901,a09318b6-8c89-43d7-828c-a5ad21dd993f,2.16.840.1.114274.1818.55485674927826798141368793300377977521,10041569-YIon3HGGUa4N81uJEoWmg,10041569-YIon3HGGUa4N81uJEoWmg,Yes,Male,84.0,Black or African American,False,False,1,1,1,1,0,1,1,,,,,0,6
ct_series_file,f2c62783-5c34-41b3-aad7-cf3c648f7a67,Open-A1,2.16.840.1.114274.1818.497271241762208045616374225036883583395,CT,DCM,DICOM,10041569-c7w6HYO4oU7uSiC4lcZiA/2.16.840.1.114274.1818.539374782057443449414133618129572386957/2.16.840.1.114274.1818.497271241762208045616374225036883583395.zip,52864118,09885c2e4e24573982dc46857dd3ad06,,10041569-c7w6HYO4oU7uSiC4lcZiA,,"Br38f,Br38f_3",XYZ_EC,,,False,"DERIVED_PRIMARY_LOCALIZER_CT_SOM5 MPR,DERIVED_PRIMARY_AXIAL_CT_SOM5 MPR",,SIEMENS,SOMATOM Definition Flash,CT,,dg.MD1R/2178b317-63b2-40fd-8a82-70d685c6bf1f,FFS,"0.634765625,1.09375",ST_SAG_CHEST_2.0,2.16.840.1.114274.1818.497271241762208045616374225036883583395,2.0,,4fd56c15-6e2d-4b23-9089-796f313124bb,ACR_20250901,42058cf6-8f57-4b4d-9972-1b230f5a6a75,2.16.840.1.114274.1818.539374782057443449414133618129572386957,10041569-c7w6HYO4oU7uSiC4lcZiA,10041569-c7w6HYO4oU7uSiC4lcZiA,Yes,Male,66.0,White,False,True,1,1,1,1,1,1,1,,,,,0,7
ct_series_file,b1c72905-6be3-4484-a2fc-bcd942f836d4,Open-A1,2.16.840.1.114274.1818.56001292809923935582108316587046427265,CT,DCM,DICOM,2.16.840.1.114274.1818.48915825978567343131646980941824062894/2.16.840.1.114274.1818.56001292809923935582108316587046427265.zip,116841134,765410497320cdeaba99ba70830fad41,,10000364-1439411,OMNI 350,,,,,,,,SIEMENS,SOMATOM Drive,CT,671.0,dg.MD1R/c47fac4d-d01c-4321-9794-53a42b078919,,,#PP   DE CAP   1.5  Qr40  2  B_Sn140kV,2.16.840.1.114274.1818.56001292809923935582108316587046427265,,,da2db6a3-93f5-4066-90b2-f8dd8afadd2c,ACR_20211115,a5c26513-f169-458e-8cb0-4c692fe29719,2.16.840.1.114274.1818.48915825978567343131646980941824062894,10000364-1439411,10000364-1439411,Yes,Male,88.0,White,False,False,0,1,0,1,0,0,0,,,,,0,2
ct_series_file,92d00044-941b-47db-8b89-e4a9ad80b0f5,Open-A1,2.16.840.1.114274.1818.557124339802763528112283087278127890601,CT,DCM,DICOM,10041569-YIon3HGGUa4N81uJEoWmg/2.16.840.1.114274.1818.53315290447199956253890249299591264641/2.16.840.1.114274.1818.557124339802763528112283087278127890601.zip,1270800,a1dae49159bc1d76585269a98f0d2843,,10041569-YIon3HGGUa4N81uJEoWmg,,STANDARD,,,,False,ORIGINAL_PRIMARY_LOCALIZER,,GE MEDICAL SYSTEMS,Revolution HD,CT,,dg.MD1R/f306dc0f-1009-4571-94f0-b0ffd17d82c2,FFS,0.545455,SCOUTS,2.16.840.1.114274.1818.557124339802763528112283087278127890601,"420.545471,500.636353",-10.0,4fd56c15-6e2d-4b23-9089-796f313124bb,ACR_20250901,d8e0d708-4e22-4dac-8c86-595eb1acbb85,2.16.840.1.114274.1818.53315290447199956253890249299591264641,10041569-YIon3HGGUa4N81uJEoWmg,10041569-YIon3HGGUa4N81uJEoWmg,Yes,Male,84.0,Black or African American,False,False,1,1,1,1,0,1,1,,,,,0,6
ct_series_file,2bb44613-a613-4bf2-9256-ba8e44a57504,Open-A1,2.16.840.1.114274.1818.49317031038602255657610222793415299749,CT,DCM,DICOM,10041569-c7w6HYO4oU7uSiC4lcZiA/2.16.840.1.114274.1818.53591528100724789206785027519051256766/2.16.840.1.114274.1818.49317031038602255657610222793415299749.zip,82910294,d99dac01a4fac4db7eba4bf6f27be82b,,10041569-c7w6HYO4oU7uSiC4lcZiA,,Br51f_3,XYZ_EC,,,False,ORIGINAL_PRIMARY_AXIAL_CT_SOM5 SPI,,SIEMENS,SOMATOM Definition Flash,CT,,dg.MD1R/fedaa826-69fc-4bd9-b184-0b8e568aca26,FFS,0.802734375,LUNG_AX_INSP_1.0,2.16.840.1.114274.1818.49317031038602255657610222793415299749,1.0,,4fd56c15-6e2d-4b23-9089-796f313124bb,ACR_20250901,7c7f0742-7546-45cf-a44b-7abbba512b53,2.16.840.1.114274.1818.53591528100724789206785027519051256766,10041569-c7w6HYO4oU7uSiC4lcZiA,10041569-c7w6HYO4oU7uSiC4lcZiA,Yes,Male,66.0,White,False,True,1,1,1,1,1,1,1,,,,,0,7
ct_series_file,4823bcac-9b16-4cbd-aedf-2d9194377bb4,Open-A1,2.16.840.1.114362.1.12359305.25874454649.713250895.361.1654,CT,DCM,DICOM,10041569-DlqX5imb0ejWPhSL4fHg/2.16.840.1.114274.1818.46822287575423285798927568582920089490/2.16.840.1.114362.1.12359305.25874454649.713250895.361.1654.zip,6665216,95cfa30a41632bf50093a91f5681b80e,,10041569-DlqX5imb0ejWPhSL4fHg,,STANDARD,,Skull-stripping,,True,DERIVED_PRIMARY_AXIAL,,GE MEDICAL SYSTEMS / MIM Software,Revolution CT,CT,,dg.MD1R/62425beb-2f73-410f-a024-5a8ba6284dad,HFS,0.865234,BrainSegmentation,2.16.840.1.114362.1.12359305.25874454649.713250895.361.1654,1.25,,4fd56c15-6e2d-4b23-9089-796f313124bb,ACR_20250901,ca46b72f-5296-4100-9b65-28a91690b846,2.16.840.1.114274.1818.46822287575423285798927568582920089490,10041569-DlqX5imb0ejWPhSL4fHg,10041569-DlqX5imb0ejWPhSL4fHg,Yes,Female,73.0,Black or African American,False,True,0,1,1,1,0,1,1,,,,,0,5
ct_series_file,0d21ed74-e9d1-4973-aba2-b5df5a7e7f6a,Open-A1,2.16.840.1.114274.1818.469535681820806781317391961713539656873,CT,DCM,DICOM,10041569-k8IVxNVD0GPgNtSsov6lw/2.16.840.1.114274.1818.472845605552393945717492188516369856189/2.16.840.1.114274.1818.469535681820806781317391961713539656873.zip,78438496,fe332df966ac0df8f2cebf55094b1167,,10041569-k8IVxNVD0GPgNtSsov6lw,,Br51f_2,XYZ_EC,,,False,ORIGINAL_PRIMARY_AXIAL_CT_SOM5 SPI,,SIEMENS,SOMATOM Definition Edge,CT,,dg.MD1R/8f72babd-306a-402b-b05b-c97f91225011,FFS,0.744140625,INSPIRATION  1.0  Br51  2,2.16.840.1.114274.1818.469535681820806781317391961713539656873,1.0,,4fd56c15-6e2d-4b23-9089-796f313124bb,ACR_20250901,b545b007-85d2-43d6-9e54-e57beaed0566,2.16.840.1.114274.1818.472845605552393945717492188516369856189,10041569-k8IVxNVD0GPgNtSsov6lw,10041569-k8IVxNVD0GPgNtSsov6lw,Yes,Female,70.0,Black or African American,False,True,1,1,0,1,0,1,1,,,,,0,5
ct_series_file,27f16c43-a67c-4645-8027-56070679fe79,Open-A1,2.16.840.1.114274.1818.46758859729669508747183094923292663450,CT,DCM,DICOM,10041569-c7w6HYO4oU7uSiC4lcZiA/2.16.840.1.114274.1818.57623866155974343822467426985555094179/2.16.840.1.114274.1818.46758859729669508747183094923292663450.zip,23734670,2e4510690b152fd3705ac7d54cbcaf37,,10041569-c7w6HYO4oU7uSiC4lcZiA,,B40f,XYZ_EC,,,False,ORIGINAL_PRIMARY_AXIAL_CT_SOM5 SPI,,SIEMENS,Sensation 16 with Akron Q tube,CT,,dg.MD1R/a0b39381-3994-4654-99b1-836b86395712,FFS,0.7265625,ST_AX_CHEST_3.0,2.16.840.1.114274.1818.46758859729669508747183094923292663450,3.0,,4fd56c15-6e2d-4b23-9089-796f313124bb,ACR_20250901,bc870531-9a18-4482-a516-4f9dfd5c14ef,2.16.840.1.114274.1818.57623866155974343822467426985555094179,10041569-c7w6HYO4oU7uSiC4lcZiA,10041569-c7w6HYO4oU7uSiC4lcZiA,Yes,Male,66.0,White,False,True,1,1,1,1,1,1,1,,,,,0,7
ct_series_file,64fb253a-07bf-42c8-b9c3-539bdddedaac,Open-A1,2.16.840.1.114274.1818.496137306493514295611530166190230365864,CT,DCM,DICOM,10041569-YIon3HGGUa4N81uJEoWmg/2.16.840.1.114274.1818.51341731453717104421244787630599181472/2.16.840.1.114274.1818.496137306493514295611530166190230365864.zip,89904,1ef088800ff990c2cdbc4f29f22c9ff7,,10041569-YIon3HGGUa4N81uJEoWmg,,Tx60f,NONE,,,False,ORIGINAL_PRIMARY_LOCALIZER_CT_SOM5 TOP,,SIEMENS,Mirada Registration Server,CT,,dg.MD1R/16a5aa71-3cae-4991-bca8-5c223ce5a4d1,FFS,2.0,Topogram  1.0  Tx60,2.16.840.1.114274.1818.496137306493514295611530166190230365864,,,4fd56c15-6e2d-4b23-9089-796f313124bb,ACR_20250901,e0edb8b7-9dbd-43eb-b2f7-a6032f0b8c2f,2.16.840.1.114274.1818.51341731453717104421244787630599181472,10041569-YIon3HGGUa4N81uJEoWmg,10041569-YIon3HGGUa4N81uJEoWmg,Yes,Male,84.0,Black or African American,False,False,1,1,1,1,0,1,1,,,,,0,6
ct_series_file,040b7eb5-87a0-4236-a036-a96d05ef9bb4,Open-A1,2.16.840.1.114274.1818.54457160468107970593051353981847143597,CT,DCM,DICOM,2.16.840.1.114274.1818.48915825978567343131646980941824062894/2.16.840.1.114274.1818.54457160468107970593051353981847143597.zip,132928,a7be76ee229597dcf280e2084b454f27,,10000364-1439411,,,,,,,,,SIEMENS,SOMATOM Drive,CT,1.0,dg.MD1R/0aaee119-145b-4dea-8c0a-6c324c2bfb3f,,,Topogram  1.0  Tr20,2.16.840.1.114274.1818.54457160468107970593051353981847143597,,,da2db6a3-93f5-4066-90b2-f8dd8afadd2c,ACR_20211115,a5c26513-f169-458e-8cb0-4c692fe29719,2.16.840.1.114274.1818.48915825978567343131646980941824062894,10000364-1439411,10000364-1439411,Yes,Male,88.0,White,False,False,0,1,0,1,0,0,0,,,,,0,2
ct_series_file,56c6ba18-1d67-496f-b3b7-36832be3afc7,Open-A1,2.16.840.1.114274.1818.498002619366854545010334833635321661374,CT,DCM,DICOM,10041569-g7BegS168EGCpgRylILjoA/2.16.840.1.114274.1818.49407950232910888607662077718151322277/2.16.840.1.114274.1818.498002619366854545010334833635321661374.zip,32527582,3f67501ab48b63d34905d8778f292b73,,10041569-g7BegS168EGCpgRylILjoA,,"Br49f_3,Br49f",XYZ_EC,,,False,"DERIVED_PRIMARY_LOCALIZER_CT_SOM5 MPR,DERIVED_PRIMARY_AXIAL_CT_SOM5 MPR",,SIEMENS,,CT,,dg.MD1R/1a9a0a89-6281-4252-a628-6a5f6d6331c2,FFS,"0.517578125,0.986328125",INSPIRATION  3.0  MPR  cor,2.16.840.1.114274.1818.498002619366854545010334833635321661374,3.0,,4fd56c15-6e2d-4b23-9089-796f313124bb,ACR_20250901,fae66339-daf4-42a8-a92b-1c10997f92dd,2.16.840.1.114274.1818.49407950232910888607662077718151322277,10041569-g7BegS168EGCpgRylILjoA,10041569-g7BegS168EGCpgRylILjoA,Yes,Female,63.0,White,False,True,1,1,1,1,0,1,1,,,,,0,6
ct_series_file,0e13273b-84b0-4380-8d11-dd549789acc4,Open-A1,2.16.840.1.114362.1.12359305.25874454649.713238485.226.1234,CT,DCM,DICOM,10041569-DlqX5imb0ejWPhSL4fHg/2.16.840.1.114274.1818.46822287575423285798927568582920089490/2.16.840.1.114362.1.12359305.25874454649.713238485.226.1234.zip,1735186,8594f591adef53b481b3e1b8829032c5,,10041569-DlqX5imb0ejWPhSL4fHg,,STANDARD,,Skull-stripping,,True,DERIVED_PRIMARY_AXIAL,,GE MEDICAL SYSTEMS / MIM Software,Revolution CT,CT,,dg.MD1R/6cf19440-d346-4479-b68c-79cbbd8302a4,HFS,0.976563,BrainSegmentation,2.16.840.1.114362.1.12359305.25874454649.713238485.226.1234,5.0,,4fd56c15-6e2d-4b23-9089-796f313124bb,ACR_20250901,ca46b72f-5296-4100-9b65-28a91690b846,2.16.840.1.114274.1818.46822287575423285798927568582920089490,10041569-DlqX5imb0ejWPhSL4fHg,10041569-DlqX5imb0ejWPhSL4fHg,Yes,Female,73.0,Black or African American,False,True,0,1,1,1,0,1,1,,,,,0,5
ct_series_file,dc52c350-f678-4352-bdb9-a6dd96630843,Open-A1,2.16.840.1.114274.1818.57476657043336908293952893077313666204,CT,DCM,DICOM,10041569-NSEL0dEU50iSJEeE7kzpPQ/2.16.840.1.114274.1818.56749787320645874132503072663578901162/2.16.840.1.114274.1818.57476657043336908293952893077313666204.zip,73981628,93a462d794fef99b22d5ea11cbfe46d0,,10041569-NSEL0dEU50iSJEeE7kzpPQ,,Br51f_2,XYZ_EC,,,False,ORIGINAL_PRIMARY_AXIAL_CT_SOM5 SPI,,SIEMENS,SOMATOM Definition Edge,CT,,dg.MD1R/95074eeb-e7b2-4c01-b86d-409d9e738000,HFS,0.828125,LUNG_AX_THIN_+C_1.0,2.16.840.1.114274.1818.57476657043336908293952893077313666204,1.0,,4fd56c15-6e2d-4b23-9089-796f313124bb,ACR_20250901,809ba20a-ce92-41c3-9b49-d8954c0ab9c6,2.16.840.1.114274.1818.56749787320645874132503072663578901162,10041569-NSEL0dEU50iSJEeE7kzpPQ,10041569-NSEL0dEU50iSJEeE7kzpPQ,Yes,Male,58.0,White,False,True,1,1,1,1,0,0,1,,,,,0,5
ct_series_file,f8562100-b68f-4f10-b327-d3e95c649fdd,Open-A1,2.16.840.1.114274.1818.48558917749406817051384973516397414810,CT,DCM,DICOM,10041569-c7w6HYO4oU7uSiC4lcZiA/2.16.840.1.114274.1818.545419882860540676114273843422259529647/2.16.840.1.114274.1818.48558917749406817051384973516397414810.zip,12917920,5b9fa19309fbdc3cc97cf580e4ee203e,,10041569-c7w6HYO4oU7uSiC4lcZiA,,"Br51f_3,Br51f",XYZ_EC,,,False,"DERIVED_PRIMARY_LOCALIZER_CT_SOM5 MIP,DERIVED_PRIMARY_AXIAL_CT_SOM5 MIP",,SIEMENS,SOMATOM Definition Flash,CT,,dg.MD1R/d1a589e4-e1b5-463d-9674-b91f5d812eb3,FFS,"0.45703125,0.998046875",LUNG_AX_MIP_7.0,2.16.840.1.114274.1818.48558917749406817051384973516397414810,7.0,,4fd56c15-6e2d-4b23-9089-796f313124bb,ACR_20250901,7170facb-9786-48f0-a7ef-dd6f72759e48,2.16.840.1.114274.1818.545419882860540676114273843422259529647,10041569-c7w6HYO4oU7uSiC4lcZiA,10041569-c7w6HYO4oU7uSiC4lcZiA,Yes,Male,66.0,White,False,True,1,1,1,1,1,1,1,,,,,0,7
ct_series_file,cab15a1d-7398-45d5-9512-2d44ffcb7c71,Open-A1,2.16.840.1.114274.1818.564758683367049290212188957093015906472,CT,DCM,DICOM,10041569-5mEhtO0KQ0Ocq21FWZ6jQ/2.16.840.1.114274.1818.53201221218493509343339847608812980412/2.16.840.1.114274.1818.564758683367049290212188957093015906472.zip,172940,aeec36d9d966409ebabbca81475b8ed7,,10041569-5mEhtO0KQ0Ocq21FWZ6jQ,,Tr20f,NONE,,,False,ORIGINAL_PRIMARY_LOCALIZER_CT_SOM5 TOP,,SIEMENS,SOMATOM Definition Edge,CT,,dg.MD1R/7d67b7a3-016b-4d84-a381-af9d6e90126f,FFS,1.0,Topogram  1.0  Tr20,2.16.840.1.114274.1818.564758683367049290212188957093015906472,,,4fd56c15-6e2d-4b23-9089-796f313124bb,ACR_20250901,0011c71f-3d2c-4a3b-90cc-03c972adf1f0,2.16.840.1.114274.1818.53201221218493509343339847608812980412,10041569-5mEhtO0KQ0Ocq21FWZ6jQ,10041569-5mEhtO0KQ0Ocq21FWZ6jQ,Yes,Male,65.0,Black or African American,False,True,0,1,1,1,0,0,1,,,,,0,4
ct_series_file,7d8329fc-89de-4fba-b373-ef8ce5ddb087,Open-A1,2.16.840.1.114274.1818.50003109274771134034942501065522740876,CT,DCM,DICOM,10041569-YwgotNEPQUS9rTCEmYfvGg/2.16.840.1.114274.1818.48726585573245811187613117959563105674/2.16.840.1.114274.1818.50003109274771134034942501065522740876.zip,195226,174da83cc289852e7d905c962c27283b,,10041569-YwgotNEPQUS9rTCEmYfvGg,,Tr20f,NONE,,,False,ORIGINAL_PRIMARY_LOCALIZER_CT_SOM5 TOP,,SIEMENS,SOMATOM Force,CT,,dg.MD1R/eeeb803e-b5fe-4b79-b97f-fde69269854b,FFS,1.0,PA TopoThorax  1.0  Tr20,2.16.840.1.114274.1818.50003109274771134034942501065522740876,,,4fd56c15-6e2d-4b23-9089-796f313124bb,ACR_20250901,ee21aa30-4140-4a1c-a469-b7ceca309930,2.16.840.1.114274.1818.48726585573245811187613117959563105674,10041569-YwgotNEPQUS9rTCEmYfvGg,10041569-YwgotNEPQUS9rTCEmYfvGg,Yes,Male,43.0,Not Reported,False,True,1,1,1,1,0,1,1,,,,,0,6
ct_series_file,409d5b9d-3e1d-4b33-9e06-2cf6c2d9728d,Open-A1,2.16.840.1.114274.1818.51459160432047074806045961016887975310,CT,DCM,DICOM,10041569-c7w6HYO4oU7uSiC4lcZiA/2.16.840.1.114274.1818.545419882860540676114273843422259529647/2.16.840.1.114274.1818.51459160432047074806045961016887975310.zip,24928092,7833e790d7bbe3ad5421d86745b3fd54,,10041569-c7w6HYO4oU7uSiC4lcZiA,,Br38f_3,XYZ_EC,,,False,ORIGINAL_PRIMARY_AXIAL_CT_SOM5 SPI,,SIEMENS,SOMATOM Definition Flash,CT,,dg.MD1R/f7e6da80-014a-4148-8ff4-fc39c0276f96,FFS,0.736328125,ST_AX_CHEST_3.0,2.16.840.1.114274.1818.51459160432047074806045961016887975310,3.0,,4fd56c15-6e2d-4b23-9089-796f313124bb,ACR_20250901,7170facb-9786-48f0-a7ef-dd6f72759e48,2.16.840.1.114274.1818.545419882860540676114273843422259529647,10041569-c7w6HYO4oU7uSiC4lcZiA,10041569-c7w6HYO4oU7uSiC4lcZiA,Yes,Male,66.0,White,False,True,1,1,1,1,1,1,1,,,,,0,7
ct_series_file,69d6aa2c-b9c8-4a8a-851d-ba0db6a668f6,Open-A1,2.16.840.1.114274.1818.56947579353295068358707693484120401797,CT,DCM,DICOM,10041569-c7w6HYO4oU7uSiC4lcZiA/2.16.840.1.114274.1818.53591528100724789206785027519051256766/2.16.840.1.114274.1818.56947579353295068358707693484120401797.zip,22025606,0bd559a4bfca0d85b506f3a54dbb2099,,10041569-c7w6HYO4oU7uSiC4lcZiA,,Br38f_3,XYZ_EC,,,False,ORIGINAL_PRIMARY_AXIAL_CT_SOM5 SPI,,SIEMENS,,CT,,dg.MD1R/0a6c3b52-befd-46eb-9f19-754ecd552b6e,FFS,0.802734375,ST_AX_INSP_3.0,2.16.840.1.114274.1818.56947579353295068358707693484120401797,3.0,,4fd56c15-6e2d-4b23-9089-796f313124bb,ACR_20250901,7c7f0742-7546-45cf-a44b-7abbba512b53,2.16.840.1.114274.1818.53591528100724789206785027519051256766,10041569-c7w6HYO4oU7uSiC4lcZiA,10041569-c7w6HYO4oU7uSiC4lcZiA,Yes,Male,66.0,White,False,True,1,1,1,1,1,1,1,,,,,0,7
ct_series_file,8f917984-72a9-4a5d-a011-8b3937594ffc,Open-A1,2.16.840.1.114362.1.12359305.25874454649.713245144.1027.1234,CT,DCM,DICOM,10041569-DlqX5imb0ejWPhSL4fHg/2.16.840.1.114274.1818.46822287575423285798927568582920089490/2.16.840.1.114362.1.12359305.25874454649.713245144.1027.1234.zip,1735288,d74700593198ed28c402790cc45385ca,,10041569-DlqX5imb0ejWPhSL4fHg,,STANDARD,,Skull-stripping,,True,DERIVED_PRIMARY_AXIAL,,GE MEDICAL SYSTEMS / MIM Software,Revolution CT,CT,,dg.MD1R/5c492bcb-1a81-4bf3-a858-d3e27c5b1588,HFS,0.976563,BrainSegmentation,2.16.840.1.114362.1.12359305.25874454649.713245144.1027.1234,5.0,,4fd56c15-6e2d-4b23-9089-796f313124bb,ACR_20250901,ca46b72f-5296-4100-9b65-28a91690b846,2.16.840.1.114274.1818.46822287575423285798927568582920089490,10041569-DlqX5imb0ejWPhSL4fHg,10041569-DlqX5imb0ejWPhSL4fHg,Yes,Female,73.0,Black or African American,False,True,0,1,1,1,0,1,1,,,,,0,5
ct_series_file,b82dde04-24e7-4010-842b-8a4076fe36ad,Open-A1,2.16.840.1.114362.1.12046989.25380425975.615228708.224.942,CT,DCM,DICOM,10000364-1439411/2.16.840.1.114274.1818.52442165994927412468406707500310640285/2.16.840.1.114362.1.12046989.25380425975.615228708.224.942.zip,1774948,c47169d56bfa0bd97e1d2df5d1a4d0aa,,10000364-1439411,,Hc40f,,Skull-stripping,2.0,True,DERIVED_PRIMARY_AXIAL,,SIEMENS / MIM Software,SOMATOM Drive,CT,33.0,dg.MD1R/4cb507b3-5463-4c31-981b-5852db0a0dc5,HFS,0.478515625,BrainSegmentation,2.16.840.1.114362.1.12046989.25380425975.615228708.224.942,5.0,,f3a84a57-f61e-4953-af27-23f850bc857a,ACR_20230415,660f6368-f687-4a3f-a599-62131a5de02a,2.16.840.1.114274.1818.52442165994927412468406707500310640285,10000364-1439411,10000364-1439411,Yes,Male,88.0,White,False,False,0,1,0,1,0,0,0,,,,,0,2
ct_series_file,30d65048-0520-4a20-8be1-5d63309997b1,Open-A1,2.16.840.1.114274.1818.55372495000251053343769079437342972844,CT,DCM,DICOM,10041569-c7w6HYO4oU7uSiC4lcZiA/2.16.840.1.114274.1818.520382416662923180810807269414538471839/2.16.840.1.114274.1818.55372495000251053343769079437342972844.zip,76287688,f786d8de3fe71fd0801056ea8f2d8d3a,,10041569-c7w6HYO4oU7uSiC4lcZiA,,B50f,XYZ_EC,,,False,ORIGINAL_PRIMARY_AXIAL_CT_SOM5 SPI,,SIEMENS,Biograph40,CT,,dg.MD1R/7a4361bd-c24d-4e88-9c4b-3999e2697322,FFS,0.806640625,CHEST WO  1.0  B50f Axial,2.16.840.1.114274.1818.55372495000251053343769079437342972844,1.0,,4fd56c15-6e2d-4b23-9089-796f313124bb,ACR_20250901,d7a14869-7da7-444b-bda6-0d7bec25e644,2.16.840.1.114274.1818.520382416662923180810807269414538471839,10041569-c7w6HYO4oU7uSiC4lcZiA,10041569-c7w6HYO4oU7uSiC4lcZiA,Yes,Male,66.0,White,False,True,1,1,1,1,1,1,1,,,,,0,7
ct_series_file,961e47fc-ae50-4e55-96b1-0ceee24131c7,Open-A1,2.16.840.1.114274.1818.48022334830905474373997343811868839608,CT,DCM,DICOM,10041569-g7BegS168EGCpgRylILjoA/2.16.840.1.114274.1818.531705552272522870615982623405522797441/2.16.840.1.114274.1818.48022334830905474373997343811868839608.zip,142806,0b3547ccdfede695977e04d011060de4,,10041569-g7BegS168EGCpgRylILjoA,,Tr20f,NONE,,,False,ORIGINAL_PRIMARY_LOCALIZER_CT_SOM5 TOP,,SIEMENS,SOMATOM Drive,CT,,dg.MD1R/a15628aa-0401-4c79-b00c-9e9f8ced4a0c,FFS,1.0,Topogram  1.0  Tr20,2.16.840.1.114274.1818.48022334830905474373997343811868839608,,,4fd56c15-6e2d-4b23-9089-796f313124bb,ACR_20250901,c0c1b40a-cab1-4bcd-9c20-192f7b5c194d,2.16.840.1.114274.1818.531705552272522870615982623405522797441,10041569-g7BegS168EGCpgRylILjoA,10041569-g7BegS168EGCpgRylILjoA,Yes,Female,63.0,White,False,True,1,1,1,1,0,1,1,,,,,0,6
ct_series_file,60060d7c-f1d6-4914-9d50-bcc7c57c3368,Open-A1,2.16.840.1.114362.1.12359305.25874454649.713462222.1045.910,CT,DCM,DICOM,10041569-YwgotNEPQUS9rTCEmYfvGg/2.16.840.1.114274.1818.53188290128094412416014769843543194510/2.16.840.1.114362.1.12359305.25874454649.713462222.1045.910.zip,2803560,f265d48b8fe488396aec3fea88f1422e,,10041569-YwgotNEPQUS9rTCEmYfvGg,,Hr38s,,Skull-stripping,,True,DERIVED_PRIMARY_AXIAL,,SIEMENS / MIM Software,SOMATOM Definition Edge,CT,,dg.MD1R/515b6276-12c7-4e05-b354-3803a72981c6,HFS,0.45117188,BrainSegmentation,2.16.840.1.114362.1.12359305.25874454649.713462222.1045.910,3.0,,4fd56c15-6e2d-4b23-9089-796f313124bb,ACR_20250901,0ce9d1ad-76cc-493d-aab8-5eef9e70df7e,2.16.840.1.114274.1818.53188290128094412416014769843543194510,10041569-YwgotNEPQUS9rTCEmYfvGg,10041569-YwgotNEPQUS9rTCEmYfvGg,Yes,Male,43.0,Not Reported,False,True,1,1,1,1,0,1,1,,,,,0,6
ct_series_file,2b4e8e62-136b-4fb9-9fa8-69814aec8fa2,Open-A1,2.16.840.1.114274.1818.52064854205720506478073002200886322095,CT,DCM,DICOM,10041569-c7w6HYO4oU7uSiC4lcZiA/2.16.840.1.114274.1818.57408375792288589596569949991000334759/2.16.840.1.114274.1818.52064854205720506478073002200886322095.zip,44406156,e1717209849054359c0188e53822fdf6,,10041569-c7w6HYO4oU7uSiC4lcZiA,,B40f,XYZ_EC,,,False,"DERIVED_PRIMARY_AXIAL_CT_SOM5 SPO,DERIVED_PRIMARY_LOCALIZER_CT_SOM5 SPO",,SIEMENS,Sensation 16 with Akron Q tube,CT,,dg.MD1R/94fe7504-192e-492d-94d2-cb234f5d8924,FFS,"0.875,0.51926605504587",ST_SAG_CHEST_2.0,2.16.840.1.114274.1818.52064854205720506478073002200886322095,2.0,,4fd56c15-6e2d-4b23-9089-796f313124bb,ACR_20250901,6d1913a8-08b4-4dfe-bb0f-df5c7d6b1f1c,2.16.840.1.114274.1818.57408375792288589596569949991000334759,10041569-c7w6HYO4oU7uSiC4lcZiA,10041569-c7w6HYO4oU7uSiC4lcZiA,Yes,Male,66.0,White,False,True,1,1,1,1,1,1,1,,,,,0,7
ct_series_file,87a1d844-ff25-43e3-96fc-2d5abdbae273,Open-A1,2.16.840.1.114362.1.12359305.25874454649.712504678.900.946,CT,DCM,DICOM,10041569-DlqX5imb0ejWPhSL4fHg/2.16.840.1.114274.1818.52459326923093934458831769454694043068/2.16.840.1.114362.1.12359305.25874454649.712504678.900.946.zip,1806274,c1a6e6cfd7c6b213fab3243d3ef463d2,,10041569-DlqX5imb0ejWPhSL4fHg,,SOFT,,Skull-stripping,,True,DERIVED_PRIMARY_AXIAL,,GE MEDICAL SYSTEMS / MIM Software,Revolution HD,CT,,dg.MD1R/e9072230-4871-4fbc-b4ef-6204e715c7cb,HFS,0.488281,BrainSegmentation,2.16.840.1.114362.1.12359305.25874454649.712504678.900.946,5.0,,4fd56c15-6e2d-4b23-9089-796f313124bb,ACR_20250901,3c0bc4de-4d8f-4c3c-b599-8119e9094bde,2.16.840.1.114274.1818.52459326923093934458831769454694043068,10041569-DlqX5imb0ejWPhSL4fHg,10041569-DlqX5imb0ejWPhSL4fHg,Yes,Female,73.0,Black or African American,False,True,0,1,1,1,0,1,1,,,,,0,5
ct_series_file,4662e7a1-32f3-45e3-b786-c6c87f4a4a5f,Open-A1,2.16.840.1.114362.1.12359305.25874454649.713237044.854.1234,CT,DCM,DICOM,10041569-DlqX5imb0ejWPhSL4fHg/2.16.840.1.114274.1818.46822287575423285798927568582920089490/2.16.840.1.114362.1.12359305.25874454649.713237044.854.1234.zip,1735254,d267602011e7e995b845f73bb41791cb,,10041569-DlqX5imb0ejWPhSL4fHg,,STANDARD,,Skull-stripping,,True,DERIVED_PRIMARY_AXIAL,,GE MEDICAL SYSTEMS / MIM Software,Revolution CT,CT,,dg.MD1R/dc67a4ab-37a2-48ec-8364-82615de2078a,HFS,0.976563,BrainSegmentation,2.16.840.1.114362.1.12359305.25874454649.713237044.854.1234,5.0,,4fd56c15-6e2d-4b23-9089-796f313124bb,ACR_20250901,ca46b72f-5296-4100-9b65-28a91690b846,2.16.840.1.114274.1818.46822287575423285798927568582920089490,10041569-DlqX5imb0ejWPhSL4fHg,10041569-DlqX5imb0ejWPhSL4fHg,Yes,Female,73.0,Black or African American,False,True,0,1,1,1,0,1,1,,,,,0,5
ct_series_file,f82db0f5-eb42-4634-88b1-2268837c3cee,Open-A1,2.16.840.1.114274.1818.543454005939035171710200950148393506443,CT,DCM,DICOM,10041569-g7BegS168EGCpgRylILjoA/2.16.840.1.114274.1818.507775836070599428116236643975517488005/2.16.840.1.114274.1818.543454005939035171710200950148393506443.zip,100768,d42db19aea72b0127a45f64e7a61fc09,,10041569-g7BegS168EGCpgRylILjoA,,Tx60f,NONE,,,False,ORIGINAL_PRIMARY_LOCALIZER_CT_SOM5 TOP,,SIEMENS,,CT,,dg.MD1R/12bed164-126a-4ab5-bf01-ad16e2af4f62,HFS,2.0,Topogram  1.0  Tx60,2.16.840.1.114274.1818.543454005939035171710200950148393506443,,,4fd56c15-6e2d-4b23-9089-796f313124bb,ACR_20250901,a789e6ae-3b86-41f6-85ca-eb397509c695,2.16.840.1.114274.1818.507775836070599428116236643975517488005,10041569-g7BegS168EGCpgRylILjoA,10041569-g7BegS168EGCpgRylILjoA,Yes,Female,63.0,White,False,True,1,1,1,1,0,1,1,,,,,0,6
ct_series_file,e0b286b9-5be5-433a-bf13-7edf3de96fcc,Open-A1,2.16.840.1.114274.1818.50778245200539221968277226595107147450,CT,DCM,DICOM,10041569-YwgotNEPQUS9rTCEmYfvGg/2.16.840.1.114274.1818.572057649757037972315924528491279030175/2.16.840.1.114274.1818.50778245200539221968277226595107147450.zip,37444394,1294d4f3570e1ee214087a10650a8b33,,10041569-YwgotNEPQUS9rTCEmYfvGg,,Br40f_3,XYZ_EC,,,False,ORIGINAL_PRIMARY_AXIAL_CT_SOM5 SPI,,SIEMENS,SOMATOM Drive,CT,,dg.MD1R/a936a43f-5b7d-4a5a-a924-e8250e76ee88,FFS,0.783203125,INSPIRATION  2.0  Br40  3,2.16.840.1.114274.1818.50778245200539221968277226595107147450,2.0,,4fd56c15-6e2d-4b23-9089-796f313124bb,ACR_20250901,a006c919-e484-4b52-879a-a27845f7784f,2.16.840.1.114274.1818.572057649757037972315924528491279030175,10041569-YwgotNEPQUS9rTCEmYfvGg,10041569-YwgotNEPQUS9rTCEmYfvGg,Yes,Male,43.0,Not Reported,False,True,1,1,1,1,0,1,1,,,,,0,6
ct_series_file,d2aef448-cf23-42f1-bf93-a5ccb89fd353,Open-A1,2.16.840.1.114274.1818.553878467678918809610588166647238135729,CT,DCM,DICOM,10041569-YwgotNEPQUS9rTCEmYfvGg/2.16.840.1.114274.1818.466218158717378562211933069546479704763/2.16.840.1.114274.1818.553878467678918809610588166647238135729.zip,710462,987ba7f6b14bb610cadee8ec1417cc17,,10041569-YwgotNEPQUS9rTCEmYfvGg,Isovue 370,Bf37f,NONE,,,False,ORIGINAL_PRIMARY_AXIAL_CT_SOM5 MON,,SIEMENS,SOMATOM Definition Edge,CT,,dg.MD1R/dff895da-4d61-41bf-84c0-8cf9427786a1,FFS,0.5859375,Monitoring  10.0  Bf37,2.16.840.1.114274.1818.553878467678918809610588166647238135729,10.0,,4fd56c15-6e2d-4b23-9089-796f313124bb,ACR_20250901,d40fa438-6bdc-4956-9394-9b8ecd8b0221,2.16.840.1.114274.1818.466218158717378562211933069546479704763,10041569-YwgotNEPQUS9rTCEmYfvGg,10041569-YwgotNEPQUS9rTCEmYfvGg,Yes,Male,43.0,Not Reported,False,True,1,1,1,1,0,1,1,,,,,0,6
ct_series_file,0053fea4-75de-4b84-b285-271289ab21d0,Open-A1,2.16.840.1.114362.1.12046989.25857177543.634333488.984.934,CT,DCM,DICOM,10000364-2089207/2.16.840.1.114274.1818.51164509120722846491859198800967263629/2.16.840.1.114362.1.12046989.25857177543.634333488.984.934.zip,3799638,d81ab41584fd9baa37207cb539b5ae6b,,10000364-2089207,,H70h,,Skull-stripping,2.0,True,DERIVED_PRIMARY_AXIAL,,SIEMENS / MIM Software,Sensation 64,CT,36.0,dg.MD1R/e2844e31-0b26-4a57-b7aa-a56da633fc8f,HFS,0.390625,BrainSegmentation,2.16.840.1.114362.1.12046989.25857177543.634333488.984.934,4.0,,f3a84a57-f61e-4953-af27-23f850bc857a,ACR_20230415,f80eea7a-da86-4c9e-8e80-cf724fc1afcb,2.16.840.1.114274.1818.51164509120722846491859198800967263629,10000364-2089207,10000364-2089207,Yes,Male,71.0,White,False,False,0,1,0,0,1,0,1,,,,,0,3
ct_series_file,34b0f5b1-fff3-4261-ae1b-5a6e2dc14465,Open-A1,2.16.840.1.114274.1818.53900198358385410885812648413983873205,CT,DCM,DICOM,10041569-qyn7o7O1MkWMKhOmffWoA/2.16.840.1.114274.1818.512376336585194132417374532421167013264/2.16.840.1.114274.1818.53900198358385410885812648413983873205.zip,1094450,2f1c979ec4a76b47aa067c5b64e06a4e,,10041569-qyn7o7O1MkWMKhOmffWoA,,STANDARD,,,,False,ORIGINAL_PRIMARY_LOCALIZER,,GE MEDICAL SYSTEMS,Revolution HD,CT,,dg.MD1R/6bde2aa0-9ac2-4cd0-b6fd-17bdca7afa23,HFS,0.545455,SCOUTS,2.16.840.1.114274.1818.53900198358385410885812648413983873205,420.545471,-10.0,4fd56c15-6e2d-4b23-9089-796f313124bb,ACR_20250901,4ba5493c-c1da-4c0a-8aa1-46878631711e,2.16.840.1.114274.1818.512376336585194132417374532421167013264,10041569-qyn7o7O1MkWMKhOmffWoA,10041569-qyn7o7O1MkWMKhOmffWoA,Yes,Male,67.0,Black or African American,False,False,1,1,1,0,1,1,1,,,,,0,6
ct_series_file,2c25efd3-7241-4c23-aafb-35f1d2323e3c,Open-A1,2.16.840.1.114274.1818.50224223764691127704871941237534676870,CT,DCM,DICOM,2.16.840.1.114274.1818.508630570373657313110696456920691806096/2.16.840.1.114274.1818.50224223764691127704871941237534676870.zip,39652130,cb78ced3e47187fb4679b5e83f572fbf,,10000364-2089207,,,,,,,,,SIEMENS,Sensation 64,CT,131.0,dg.MD1R/1213cc4e-f5f2-4f8d-ae1e-d1580c8b292c,,,UROGRAM  3.0  SPO  sag  sag  sag,2.16.840.1.114274.1818.50224223764691127704871941237534676870,,,da2db6a3-93f5-4066-90b2-f8dd8afadd2c,ACR_20211115,4cf71672-deec-47ca-8482-71560ee1aa14,2.16.840.1.114274.1818.508630570373657313110696456920691806096,10000364-2089207,10000364-2089207,Yes,Male,71.0,White,False,False,0,1,0,0,1,0,1,,,,,0,3
ct_series_file,bcec2522-e60b-4369-86b5-1937382803a0,Open-A1,2.16.840.1.114274.1818.55038322523391393034332125951552947863,CT,DCM,DICOM,2.16.840.1.114274.1818.55052854025409948648246539810688847245/2.16.840.1.114274.1818.55038322523391393034332125951552947863.zip,41305088,c8960cc883c8506de32ef61f9900bff1,,10000364-2089207,OMNIPAQUE,,,,,,,,SIEMENS,Sensation 64,CT,179.0,dg.MD1R/f66b9c2e-040f-4c15-8bce-a6e2b470a99e,,,CHEST WITH  2.0  B31f,2.16.840.1.114274.1818.55038322523391393034332125951552947863,,,da2db6a3-93f5-4066-90b2-f8dd8afadd2c,ACR_20211115,0f4395b8-1204-450d-a3df-b5ac62e14163,2.16.840.1.114274.1818.55052854025409948648246539810688847245,10000364-2089207,10000364-2089207,Yes,Male,71.0,White,False,False,0,1,0,0,1,0,1,,,,,0,3
ct_series_file,1462a6e8-d35a-44c8-9cd2-7f5e2b7d8ce5,Open-A1,2.16.840.1.114274.1818.54055819823995659741117842964211220878,CT,DCM,DICOM,10041569-c7w6HYO4oU7uSiC4lcZiA/2.16.840.1.114274.1818.539374782057443449414133618129572386957/2.16.840.1.114274.1818.54055819823995659741117842964211220878.zip,151282,a621d2605e18931f069485d3c8b1308f,,10041569-c7w6HYO4oU7uSiC4lcZiA,,Tr20f,NONE,,,False,ORIGINAL_PRIMARY_LOCALIZER_CT_SOM5 TOP,,SIEMENS,SOMATOM Definition Flash,CT,,dg.MD1R/a3fde5e9-9073-447b-9d44-3710e118a6dd,FFS,1.0,AP SCOUT  1.0  Tr20,2.16.840.1.114274.1818.54055819823995659741117842964211220878,,,4fd56c15-6e2d-4b23-9089-796f313124bb,ACR_20250901,42058cf6-8f57-4b4d-9972-1b230f5a6a75,2.16.840.1.114274.1818.539374782057443449414133618129572386957,10041569-c7w6HYO4oU7uSiC4lcZiA,10041569-c7w6HYO4oU7uSiC4lcZiA,Yes,Male,66.0,White,False,True,1,1,1,1,1,1,1,,,,,0,7
ct_series_file,29cdf611-a24f-488f-b5f8-239ddc05f5e4,Open-A1,2.16.840.1.114274.1818.524949664309364705014276290314339306684,CT,DCM,DICOM,10041569-qyn7o7O1MkWMKhOmffWoA/2.16.840.1.114274.1818.512376336585194132417374532421167013264/2.16.840.1.114274.1818.524949664309364705014276290314339306684.zip,130497842,e58f6c99db70ee72ffb494a7d5cfc03c,,10041569-qyn7o7O1MkWMKhOmffWoA,,LUNG,,,,False,ORIGINAL_PRIMARY_AXIAL,,GE MEDICAL SYSTEMS,Revolution HD,CT,,dg.MD1R/b50e0f47-553d-4870-a8b1-50f002c868db,HFS,0.638672,LUNG THINS,2.16.840.1.114274.1818.524949664309364705014276290314339306684,0.625,-0.625,4fd56c15-6e2d-4b23-9089-796f313124bb,ACR_20250901,4ba5493c-c1da-4c0a-8aa1-46878631711e,2.16.840.1.114274.1818.512376336585194132417374532421167013264,10041569-qyn7o7O1MkWMKhOmffWoA,10041569-qyn7o7O1MkWMKhOmffWoA,Yes,Male,67.0,Black or African American,False,False,1,1,1,0,1,1,1,,,,,0,6
ct_series_file,c143540b-d169-4daa-b5a1-9639539c7f5c,Open-A1,2.16.840.1.114274.1818.520878700450976775011703526443056733063,CT,DCM,DICOM,10041569-c7w6HYO4oU7uSiC4lcZiA/2.16.840.1.114274.1818.57623866155974343822467426985555094179/2.16.840.1.114274.1818.520878700450976775011703526443056733063.zip,26240464,4fb47e5bf1f8420540d001e219933dcc,,10041569-c7w6HYO4oU7uSiC4lcZiA,,B40f,XYZ_EC,,,False,"DERIVED_PRIMARY_AXIAL_CT_SOM5 SPO,DERIVED_PRIMARY_LOCALIZER_CT_SOM5 SPO",,SIEMENS,Sensation 16 with Akron Q tube,CT,,dg.MD1R/8f503a02-f0f6-4e41-8b39-8c5d500d4a43,FFS,"0.87109375,0.673828125",ST_COR_CHEST_2.0,2.16.840.1.114274.1818.520878700450976775011703526443056733063,2.0,,4fd56c15-6e2d-4b23-9089-796f313124bb,ACR_20250901,bc870531-9a18-4482-a516-4f9dfd5c14ef,2.16.840.1.114274.1818.57623866155974343822467426985555094179,10041569-c7w6HYO4oU7uSiC4lcZiA,10041569-c7w6HYO4oU7uSiC4lcZiA,Yes,Male,66.0,White,False,True,1,1,1,1,1,1,1,,,,,0,7
ct_series_file,a4cb7fb1-6212-4422-9f47-740783fa71ba,Open-A1,2.16.840.1.114274.1818.48841103471129327804636170239708400035,CT,DCM,DICOM,10041569-c7w6HYO4oU7uSiC4lcZiA/2.16.840.1.114274.1818.539374782057443449414133618129572386957/2.16.840.1.114274.1818.48841103471129327804636170239708400035.zip,19417912,59a8018de48e14541807a18114bede78,,10041569-c7w6HYO4oU7uSiC4lcZiA,,"Br51f_3,Br51f",XYZ_EC,,,False,"DERIVED_PRIMARY_LOCALIZER_CT_SOM5 MIP,DERIVED_PRIMARY_AXIAL_CT_SOM5 MIP",,SIEMENS,SOMATOM Definition Flash,CT,,dg.MD1R/40a31152-f6a7-4957-9fd2-2266c68d5b42,FFS,"0.98828125,0.4921875",LUNG_AX_MIP_7.0,2.16.840.1.114274.1818.48841103471129327804636170239708400035,7.0,,4fd56c15-6e2d-4b23-9089-796f313124bb,ACR_20250901,42058cf6-8f57-4b4d-9972-1b230f5a6a75,2.16.840.1.114274.1818.539374782057443449414133618129572386957,10041569-c7w6HYO4oU7uSiC4lcZiA,10041569-c7w6HYO4oU7uSiC4lcZiA,Yes,Male,66.0,White,False,True,1,1,1,1,1,1,1,,,,,0,7
ct_series_file,76288120-42d2-4949-90bc-a5d2e011c004,Open-A1,2.16.840.1.114274.1818.48772433440999502783376554528574376088,CT,DCM,DICOM,10041569-c7w6HYO4oU7uSiC4lcZiA/2.16.840.1.114274.1818.545419882860540676114273843422259529647/2.16.840.1.114274.1818.48772433440999502783376554528574376088.zip,41868002,915e24af45d5a6c21ad280ab31ac8152,,10041569-c7w6HYO4oU7uSiC4lcZiA,,"Br51f_3,Br51f",XYZ_EC,,,False,"DERIVED_PRIMARY_LOCALIZER_CT_SOM5 MPR,DERIVED_PRIMARY_AXIAL_CT_SOM5 MPR",,SIEMENS,SOMATOM Definition Flash,CT,,dg.MD1R/94a0dfa5-33e4-4f36-bd26-db5a69e8c872,FFS,"0.46484375,0.998046875",LUNG_COR_CHEST_2.0,2.16.840.1.114274.1818.48772433440999502783376554528574376088,2.0,,4fd56c15-6e2d-4b23-9089-796f313124bb,ACR_20250901,7170facb-9786-48f0-a7ef-dd6f72759e48,2.16.840.1.114274.1818.545419882860540676114273843422259529647,10041569-c7w6HYO4oU7uSiC4lcZiA,10041569-c7w6HYO4oU7uSiC4lcZiA,Yes,Male,66.0,White,False,True,1,1,1,1,1,1,1,,,,,0,7
ct_series_file,edf114a5-b94b-4154-ad38-7acfd4d07b58,Open-A1,2.16.840.1.114274.1818.500386365134641795811016941964471624606,CT,DCM,DICOM,10041569-c7w6HYO4oU7uSiC4lcZiA/2.16.840.1.114274.1818.539374782057443449414133618129572386957/2.16.840.1.114274.1818.500386365134641795811016941964471624606.zip,76860328,84cebb178a78582dc35c6a48585fbb36,,10041569-c7w6HYO4oU7uSiC4lcZiA,,Bf37f_3,XYZ_EC,,,False,ORIGINAL_PRIMARY_AXIAL_CT_SOM5 SPI,,SIEMENS,SOMATOM Definition Flash,CT,,dg.MD1R/f12ea89b-ec46-4a09-a1e6-6a6c28611ea6,FFS,0.8671875,ST_AX_CHEST_1.0,2.16.840.1.114274.1818.500386365134641795811016941964471624606,1.0,,4fd56c15-6e2d-4b23-9089-796f313124bb,ACR_20250901,42058cf6-8f57-4b4d-9972-1b230f5a6a75,2.16.840.1.114274.1818.539374782057443449414133618129572386957,10041569-c7w6HYO4oU7uSiC4lcZiA,10041569-c7w6HYO4oU7uSiC4lcZiA,Yes,Male,66.0,White,False,True,1,1,1,1,1,1,1,,,,,0,7
ct_series_file,3b1b706d-60da-41af-955a-30d871894949,Open-A1,2.16.840.1.114274.1818.47328283439605452947293494735421451938,CT,DCM,DICOM,2.16.840.1.114274.1818.55052854025409948648246539810688847245/2.16.840.1.114274.1818.47328283439605452947293494735421451938.zip,331878,4e58e182effdc7d337022baadd549fc2,,10000364-2089207,,,,,,,,,SIEMENS,Sensation 64,CT,2.0,dg.MD1R/5b73e851-4fd1-46d9-b68e-2c60d17eb6dd,,,Topogram  0.6  T20s,2.16.840.1.114274.1818.47328283439605452947293494735421451938,,,da2db6a3-93f5-4066-90b2-f8dd8afadd2c,ACR_20211115,0f4395b8-1204-450d-a3df-b5ac62e14163,2.16.840.1.114274.1818.55052854025409948648246539810688847245,10000364-2089207,10000364-2089207,Yes,Male,71.0,White,False,False,0,1,0,0,1,0,1,,,,,0,3
ct_series_file,485e9496-5caf-4a1e-b467-7cccde4edaf0,Open-A1,2.16.840.1.114274.1818.516971150606534735910561124306763691442,CT,DCM,DICOM,10041569-c7w6HYO4oU7uSiC4lcZiA/2.16.840.1.114274.1818.545419882860540676114273843422259529647/2.16.840.1.114274.1818.516971150606534735910561124306763691442.zip,329700,e455b7ac6f7f1e2b5e88680910861aad,,10041569-c7w6HYO4oU7uSiC4lcZiA,,Tr20f,NONE,,,False,ORIGINAL_PRIMARY_LOCALIZER_CT_SOM5 TOP,,SIEMENS,SOMATOM Definition Flash,CT,,dg.MD1R/bd8b4432-9f0b-42ab-8eb0-913c047d02b6,FFS,1.0,AP SCOUT  1.0  Tr20,2.16.840.1.114274.1818.516971150606534735910561124306763691442,,,4fd56c15-6e2d-4b23-9089-796f313124bb,ACR_20250901,7170facb-9786-48f0-a7ef-dd6f72759e48,2.16.840.1.114274.1818.545419882860540676114273843422259529647,10041569-c7w6HYO4oU7uSiC4lcZiA,10041569-c7w6HYO4oU7uSiC4lcZiA,Yes,Male,66.0,White,False,True,1,1,1,1,1,1,1,,,,,0,7
ct_series_file,3607f115-263c-4bb9-9002-21557daaa173,Open-A1,2.16.840.1.114274.1818.480945540702576320516427815538914199457,CT,DCM,DICOM,10041569-c7w6HYO4oU7uSiC4lcZiA/2.16.840.1.114274.1818.57408375792288589596569949991000334759/2.16.840.1.114274.1818.480945540702576320516427815538914199457.zip,39321696,e2b1b80dc57253cd1c0adb60628b4698,,10041569-c7w6HYO4oU7uSiC4lcZiA,,"B50f,B40f",XYZ_EC,,,False,"DERIVED_PRIMARY_AXIAL_CT_SOM5 SPO,DERIVED_PRIMARY_LOCALIZER_CT_SOM5 SPO",,SIEMENS,Sensation 16 with Akron Q tube,CT,,dg.MD1R/3850118e-945a-4517-b9cf-dcc1efcb2659,FFS,"0.552734375,0.875",LUNG_COR_CHEST_2.0,2.16.840.1.114274.1818.480945540702576320516427815538914199457,2.0,,4fd56c15-6e2d-4b23-9089-796f313124bb,ACR_20250901,6d1913a8-08b4-4dfe-bb0f-df5c7d6b1f1c,2.16.840.1.114274.1818.57408375792288589596569949991000334759,10041569-c7w6HYO4oU7uSiC4lcZiA,10041569-c7w6HYO4oU7uSiC4lcZiA,Yes,Male,66.0,White,False,True,1,1,1,1,1,1,1,,,,,0,7
ct_series_file,a75e1bff-2a08-4995-a786-f959848863db,Open-A1,2.16.840.1.114274.1818.486640664697458435213175087583903411645,CT,DCM,DICOM,2.16.840.1.114274.1818.508630570373657313110696456920691806096/2.16.840.1.114274.1818.486640664697458435213175087583903411645.zip,21275480,67b1702f91c1547e58d054559abf9b94,,10000364-2089207,,,,,,,,,SIEMENS,Sensation 64,CT,97.0,dg.MD1R/b379c6c0-4607-48e1-b996-8e9b0fe1cd62,,,UROGRAM  5.0  B31f,2.16.840.1.114274.1818.486640664697458435213175087583903411645,,,da2db6a3-93f5-4066-90b2-f8dd8afadd2c,ACR_20211115,4cf71672-deec-47ca-8482-71560ee1aa14,2.16.840.1.114274.1818.508630570373657313110696456920691806096,10000364-2089207,10000364-2089207,Yes,Male,71.0,White,False,False,0,1,0,0,1,0,1,,,,,0,3
ct_series_file,4710d85a-946c-4803-a567-9289e7619546,Open-A1,2.16.840.1.114274.1818.49072713802715758026163276855661228446,CT,DCM,DICOM,10041569-c7w6HYO4oU7uSiC4lcZiA/2.16.840.1.114274.1818.57623866155974343822467426985555094179/2.16.840.1.114274.1818.49072713802715758026163276855661228446.zip,87652394,39e2fd6f32165754f16b6e0a2184ab59,,10041569-c7w6HYO4oU7uSiC4lcZiA,,B50f,XYZ_EC,,,False,ORIGINAL_PRIMARY_AXIAL_CT_SOM5 SPI,,SIEMENS,Sensation 16 with Akron Q tube,CT,,dg.MD1R/972f07e3-5b73-401d-803c-75007a436c93,FFS,0.7265625,LUNG_AX_CHEST_1.0,2.16.840.1.114274.1818.49072713802715758026163276855661228446,1.0,,4fd56c15-6e2d-4b23-9089-796f313124bb,ACR_20250901,bc870531-9a18-4482-a516-4f9dfd5c14ef,2.16.840.1.114274.1818.57623866155974343822467426985555094179,10041569-c7w6HYO4oU7uSiC4lcZiA,10041569-c7w6HYO4oU7uSiC4lcZiA,Yes,Male,66.0,White,False,True,1,1,1,1,1,1,1,,,,,0,7
ct_series_file,39de13a3-211d-4f9c-8fca-ba56caf83409,Open-A1,2.16.840.1.114274.1818.46764004127188644411481610979998311086,CT,DCM,DICOM,10041569-c7w6HYO4oU7uSiC4lcZiA/2.16.840.1.114274.1818.520382416662923180810807269414538471839/2.16.840.1.114274.1818.46764004127188644411481610979998311086.zip,25534336,2af5ce4083ce2a0936d12982fc7cbaf0,,10041569-c7w6HYO4oU7uSiC4lcZiA,,B31f,XYZ_EC,,,False,"DERIVED_PRIMARY_LOCALIZER_CT_SOM5 MPR,DERIVED_PRIMARY_AXIAL_CT_SOM5 MPR",,SIEMENS,Biograph40,CT,,dg.MD1R/555b718d-e0cd-4ff0-b1b4-af67c12ad7a7,FFS,"0.9765625,0.802734375",CHEST WO  2.0  MPR  cor,2.16.840.1.114274.1818.46764004127188644411481610979998311086,2.0,,4fd56c15-6e2d-4b23-9089-796f313124bb,ACR_20250901,d7a14869-7da7-444b-bda6-0d7bec25e644,2.16.840.1.114274.1818.520382416662923180810807269414538471839,10041569-c7w6HYO4oU7uSiC4lcZiA,10041569-c7w6HYO4oU7uSiC4lcZiA,Yes,Male,66.0,White,False,True,1,1,1,1,1,1,1,,,,,0,7
ct_series_file,573d84f2-1a84-4fe2-add7-6d0f1404396e,Open-A1,2.16.840.1.114274.1818.490390470925566802617262936794890337982,CT,DCM,DICOM,10041569-c7w6HYO4oU7uSiC4lcZiA/2.16.840.1.114274.1818.50972627898838145808253465038154409149/2.16.840.1.114274.1818.490390470925566802617262936794890337982.zip,42554530,f2c2abebb19bd88c9187a3fa441dfd5a,,10041569-c7w6HYO4oU7uSiC4lcZiA,,"Br38f,Br38f_2",XYZ_EC,,,False,"DERIVED_PRIMARY_LOCALIZER_CT_SOM5 MPR,DERIVED_PRIMARY_AXIAL_CT_SOM5 MPR",,SIEMENS,SOMATOM Definition Flash,CT,,dg.MD1R/ff18c2e8-406f-45ab-a004-4d9d3024a213,FFS,"0.611328125,1.03515625",ST_COR_CHEST_2.0,2.16.840.1.114274.1818.490390470925566802617262936794890337982,2.0,,4fd56c15-6e2d-4b23-9089-796f313124bb,ACR_20250901,6da94247-ae80-4cf1-9b2f-deacecacbc85,2.16.840.1.114274.1818.50972627898838145808253465038154409149,10041569-c7w6HYO4oU7uSiC4lcZiA,10041569-c7w6HYO4oU7uSiC4lcZiA,Yes,Male,66.0,White,False,True,1,1,1,1,1,1,1,,,,,0,7
ct_series_file,523ed0db-627a-40ea-aac0-8f44c2b1729b,Open-A1,2.16.840.1.114274.1818.525956534281892562517149065606577761409,CT,DCM,DICOM,10041569-c7w6HYO4oU7uSiC4lcZiA/2.16.840.1.114274.1818.50972627898838145808253465038154409149/2.16.840.1.114274.1818.525956534281892562517149065606577761409.zip,45367376,8d14b13e9632ffde9155bd48ac3ada82,,10041569-c7w6HYO4oU7uSiC4lcZiA,,"Br38f_3,Br38f",XYZ_EC,,,False,"DERIVED_PRIMARY_LOCALIZER_CT_SOM5 MPR,DERIVED_PRIMARY_AXIAL_CT_SOM5 MPR",,SIEMENS,SOMATOM Definition Flash,CT,,dg.MD1R/758e4302-63d9-46fd-a81a-f5959f4dfdaf,FFS,"0.56805807622505,1.03515625",ST_SAG_CHEST_2.0,2.16.840.1.114274.1818.525956534281892562517149065606577761409,2.0,,4fd56c15-6e2d-4b23-9089-796f313124bb,ACR_20250901,6da94247-ae80-4cf1-9b2f-deacecacbc85,2.16.840.1.114274.1818.50972627898838145808253465038154409149,10041569-c7w6HYO4oU7uSiC4lcZiA,10041569-c7w6HYO4oU7uSiC4lcZiA,Yes,Male,66.0,White,False,True,1,1,1,1,1,1,1,,,,,0,7
ct_series_file,6d52a50d-30f4-4edb-bdaa-dd0de722331e,Open-A1,2.16.840.1.114274.1818.56145585170039071992956687654631283081,CT,DCM,DICOM,10041569-c7w6HYO4oU7uSiC4lcZiA/2.16.840.1.114274.1818.57623866155974343822467426985555094179/2.16.840.1.114274.1818.56145585170039071992956687654631283081.zip,10753512,d7c32e0b434458d0741476194735f986,,10041569-c7w6HYO4oU7uSiC4lcZiA,,"B50f,B40f",XYZ_EC,,,False,"DERIVED_PRIMARY_LOCALIZER_CT_SOM5 MIP,DERIVED_PRIMARY_AXIAL_CT_SOM5 MIP",,SIEMENS,Sensation 16 with Akron Q tube,CT,,dg.MD1R/4f9246af-774e-4c1d-aba7-e9d81219cf58,FFS,"0.87109375,0.673828125",LUNG_AX_MIP_7.0,2.16.840.1.114274.1818.56145585170039071992956687654631283081,7.0,,4fd56c15-6e2d-4b23-9089-796f313124bb,ACR_20250901,bc870531-9a18-4482-a516-4f9dfd5c14ef,2.16.840.1.114274.1818.57623866155974343822467426985555094179,10041569-c7w6HYO4oU7uSiC4lcZiA,10041569-c7w6HYO4oU7uSiC4lcZiA,Yes,Male,66.0,White,False,True,1,1,1,1,1,1,1,,,,,0,7
ct_series_file,67dfae30-1d07-4aa5-ae0e-8f6ec381703d,Open-A1,2.16.840.1.114274.1818.55204925443116223088204297277290192574,CT,DCM,DICOM,10041569-c7w6HYO4oU7uSiC4lcZiA/2.16.840.1.114274.1818.57480567220781102391830955657535623052/2.16.840.1.114274.1818.55204925443116223088204297277290192574.zip,60953496,da04483adf69ec29d3f9c525c1c90c36,,10041569-c7w6HYO4oU7uSiC4lcZiA,APPLIED,"Bf37f_2,Bf37f",XYZ_EC,,,False,"DERIVED_PRIMARY_LOCALIZER_CT_SOM5 MPR,DERIVED_PRIMARY_AXIAL_CT_SOM5 MPR",,SIEMENS,SOMATOM Definition Flash,CT,,dg.MD1R/537275f8-5fc4-4e7f-a9e4-94846b1fa66b,FFS,"0.60574018126888,0.98046875",ST_SAG_+C_CHEST_2.0,2.16.840.1.114274.1818.55204925443116223088204297277290192574,2.0,,4fd56c15-6e2d-4b23-9089-796f313124bb,ACR_20250901,0f423ccf-e1b5-4c44-be26-1af212c84979,2.16.840.1.114274.1818.57480567220781102391830955657535623052,10041569-c7w6HYO4oU7uSiC4lcZiA,10041569-c7w6HYO4oU7uSiC4lcZiA,Yes,Male,66.0,White,False,True,1,1,1,1,1,1,1,,,,,0,7
ct_series_file,1b4f26dd-29c6-4593-b11a-88b7ed243855,Open-A1,2.16.840.1.114274.1818.50417767739705443465013682896384392885,CT,DCM,DICOM,10041569-c7w6HYO4oU7uSiC4lcZiA/2.16.840.1.114274.1818.57623866155974343822467426985555094179/2.16.840.1.114274.1818.50417767739705443465013682896384392885.zip,318562,6471d2ecb825421c65677b8531e4b7b9,,10041569-c7w6HYO4oU7uSiC4lcZiA,,T20s,NONE,,,False,ORIGINAL_PRIMARY_LOCALIZER_CT_SOM5 TOP,,SIEMENS,Sensation 16 with Akron Q tube,CT,,dg.MD1R/b305a08f-fd11-4999-a888-ed42c1d96154,FFS,1.0,AP SCOUT  1.0  T20s,2.16.840.1.114274.1818.50417767739705443465013682896384392885,1.0,,4fd56c15-6e2d-4b23-9089-796f313124bb,ACR_20250901,bc870531-9a18-4482-a516-4f9dfd5c14ef,2.16.840.1.114274.1818.57623866155974343822467426985555094179,10041569-c7w6HYO4oU7uSiC4lcZiA,10041569-c7w6HYO4oU7uSiC4lcZiA,Yes,Male,66.0,White,False,True,1,1,1,1,1,1,1,,,,,0,7
ct_series_file,301b8c28-88f1-43c7-ad56-f929eff30fd9,Open-A1,2.16.840.1.114274.1818.518593560190399040816314093739572529039,CT,DCM,DICOM,2.16.840.1.114274.1818.508630570373657313110696456920691806096/2.16.840.1.114274.1818.518593560190399040816314093739572529039.zip,9622410,1c89e21f01170318b5450cd6bdf7d808,,10000364-2089207,,,,,,,,,SIEMENS,Sensation 64,CT,34.0,dg.MD1R/80f57b0e-06f7-49b1-b611-6da7ae99395e,,,UROGRAM  5.0  B70fLUNG,2.16.840.1.114274.1818.518593560190399040816314093739572529039,,,da2db6a3-93f5-4066-90b2-f8dd8afadd2c,ACR_20211115,4cf71672-deec-47ca-8482-71560ee1aa14,2.16.840.1.114274.1818.508630570373657313110696456920691806096,10000364-2089207,10000364-2089207,Yes,Male,71.0,White,False,False,0,1,0,0,1,0,1,,,,,0,3
ct_series_file,46c56b65-e919-4fcd-8e32-bd5528af0aff,Open-A1,2.16.840.1.114274.1818.468808529289999176618062517181970705030,CT,DCM,DICOM,10041569-c7w6HYO4oU7uSiC4lcZiA/2.16.840.1.114274.1818.57623866155974343822467426985555094179/2.16.840.1.114274.1818.468808529289999176618062517181970705030.zip,29774782,4edbe333c6d8e9f1e4ccaad9a1cd7df8,,10041569-c7w6HYO4oU7uSiC4lcZiA,,"B50f,B40f",XYZ_EC,,,False,"DERIVED_PRIMARY_AXIAL_CT_SOM5 SPO,DERIVED_PRIMARY_LOCALIZER_CT_SOM5 SPO",,SIEMENS,Sensation 16 with Akron Q tube,CT,,dg.MD1R/72796c9a-7d8c-4115-a901-972be29ab60e,FFS,"0.87109375,0.62109375",LUNG_COR_CHEST_2.0,2.16.840.1.114274.1818.468808529289999176618062517181970705030,2.0,,4fd56c15-6e2d-4b23-9089-796f313124bb,ACR_20250901,bc870531-9a18-4482-a516-4f9dfd5c14ef,2.16.840.1.114274.1818.57623866155974343822467426985555094179,10041569-c7w6HYO4oU7uSiC4lcZiA,10041569-c7w6HYO4oU7uSiC4lcZiA,Yes,Male,66.0,White,False,True,1,1,1,1,1,1,1,,,,,0,7
ct_series_file,c768a607-c08e-4555-b791-d3a6d968ce57,Open-A1,2.16.840.1.114274.1818.49273051342153938492140972123732353936,CT,DCM,DICOM,2.16.840.1.114274.1818.55052854025409948648246539810688847245/2.16.840.1.114274.1818.49273051342153938492140972123732353936.zip,51266654,d1bb866f8ffa43e373c70ca048810cf4,,10000364-2089207,OMNIPAQUE,,,,,,,,SIEMENS,Sensation 64,CT,172.0,dg.MD1R/d4bd10f7-e7dd-4de0-83b2-ab99112364ea,,,CHEST WITH  2.0  B70f LUNG,2.16.840.1.114274.1818.49273051342153938492140972123732353936,,,da2db6a3-93f5-4066-90b2-f8dd8afadd2c,ACR_20211115,0f4395b8-1204-450d-a3df-b5ac62e14163,2.16.840.1.114274.1818.55052854025409948648246539810688847245,10000364-2089207,10000364-2089207,Yes,Male,71.0,White,False,False,0,1,0,0,1,0,1,,,,,0,3
ct_series_file,8a9f6ea6-4749-435a-8b2b-e070f90e6a40,Open-A1,2.16.840.1.114274.1818.47716593957651594559985690080982357689,CT,DCM,DICOM,2.16.840.1.114274.1818.55052854025409948648246539810688847245/2.16.840.1.114274.1818.47716593957651594559985690080982357689.zip,33644478,8e332de62cbe7121ad64c73c332aebc1,,10000364-2089207,OMNIPAQUE,,,,,,,,SIEMENS,Sensation 64,CT,143.0,dg.MD1R/13cc8ed5-379e-4811-b333-663be26ae01d,,,CHEST WITH  2.0  SPO  cor,2.16.840.1.114274.1818.47716593957651594559985690080982357689,,,da2db6a3-93f5-4066-90b2-f8dd8afadd2c,ACR_20211115,0f4395b8-1204-450d-a3df-b5ac62e14163,2.16.840.1.114274.1818.55052854025409948648246539810688847245,10000364-2089207,10000364-2089207,Yes,Male,71.0,White,False,False,0,1,0,0,1,0,1,,,,,0,3
ct_series_file,3fe9fcb6-2d6e-416b-b80a-57ea97c3afa0,Open-A1,2.16.840.1.114274.1818.51978806330697478852700072652937720724,CT,DCM,DICOM,10041569-c7w6HYO4oU7uSiC4lcZiA/2.16.840.1.114274.1818.57408375792288589596569949991000334759/2.16.840.1.114274.1818.51978806330697478852700072652937720724.zip,41970816,ee7d63e1def2939650094ff7432df8a2,,10041569-c7w6HYO4oU7uSiC4lcZiA,,B40f,XYZ_EC,,,False,"DERIVED_PRIMARY_AXIAL_CT_SOM5 SPO,DERIVED_PRIMARY_LOCALIZER_CT_SOM5 SPO",,SIEMENS,Sensation 16 with Akron Q tube,CT,,dg.MD1R/b52c465e-4002-42ec-983f-c25366d46c39,FFS,"0.552734375,0.875",ST_COR_CHEST_2.0,2.16.840.1.114274.1818.51978806330697478852700072652937720724,2.0,,4fd56c15-6e2d-4b23-9089-796f313124bb,ACR_20250901,6d1913a8-08b4-4dfe-bb0f-df5c7d6b1f1c,2.16.840.1.114274.1818.57408375792288589596569949991000334759,10041569-c7w6HYO4oU7uSiC4lcZiA,10041569-c7w6HYO4oU7uSiC4lcZiA,Yes,Male,66.0,White,False,True,1,1,1,1,1,1,1,,,,,0,7
ct_series_file,fc718253-dc9c-426c-92c0-fadc58eff57a,Open-A1,2.16.840.1.114362.1.12046989.25857177543.634333276.647.934,CT,DCM,DICOM,10000364-2089207/2.16.840.1.114274.1818.51164509120722846491859198800967263629/2.16.840.1.114362.1.12046989.25857177543.634333276.647.934.zip,2512180,6a8410345fb25a59a1e80026e658cbe2,,10000364-2089207,,H31s,,Skull-stripping,2.0,True,DERIVED_PRIMARY_AXIAL,,SIEMENS / MIM Software,Sensation 64,CT,36.0,dg.MD1R/30ef1562-cd8f-4f90-a541-c81d77deb8eb,HFS,0.390625,BrainSegmentation,2.16.840.1.114362.1.12046989.25857177543.634333276.647.934,4.0,,f3a84a57-f61e-4953-af27-23f850bc857a,ACR_20230415,f80eea7a-da86-4c9e-8e80-cf724fc1afcb,2.16.840.1.114274.1818.51164509120722846491859198800967263629,10000364-2089207,10000364-2089207,Yes,Male,71.0,White,False,False,0,1,0,0,1,0,1,,,,,0,3
ct_series_file,7b5873fd-28f4-4ab0-ae1b-cb18e77818de,Open-A1,2.16.840.1.114274.1818.557179701173290602813500268522505571721,CT,DCM,DICOM,10041569-c7w6HYO4oU7uSiC4lcZiA/2.16.840.1.114274.1818.50972627898838145808253465038154409149/2.16.840.1.114274.1818.557179701173290602813500268522505571721.zip,48592826,953a2bba1547ec807723701f3c446df9,,10041569-c7w6HYO4oU7uSiC4lcZiA,,"Br51f_3,Br51f",XYZ_EC,,,False,"DERIVED_PRIMARY_LOCALIZER_CT_SOM5 MPR,DERIVED_PRIMARY_AXIAL_CT_SOM5 MPR",,SIEMENS,SOMATOM Definition Flash,CT,,dg.MD1R/22f8eaf4-d94a-46d5-9284-e3026524fdf5,FFS,"0.611328125,0.99609375",LUNG_COR_CHEST_2.0,2.16.840.1.114274.1818.557179701173290602813500268522505571721,2.0,,4fd56c15-6e2d-4b23-9089-796f313124bb,ACR_20250901,6da94247-ae80-4cf1-9b2f-deacecacbc85,2.16.840.1.114274.1818.50972627898838145808253465038154409149,10041569-c7w6HYO4oU7uSiC4lcZiA,10041569-c7w6HYO4oU7uSiC4lcZiA,Yes,Male,66.0,White,False,True,1,1,1,1,1,1,1,,,,,0,7
ct_series_file,554e11e1-feb3-4224-b2b7-875fcc80d0e8,Open-A1,2.16.840.1.114274.1818.49467896472269127753510644649160856736,CT,DCM,DICOM,10041569-qyn7o7O1MkWMKhOmffWoA/2.16.840.1.114274.1818.524767407796425131714234503780655886519/2.16.840.1.114274.1818.49467896472269127753510644649160856736.zip,47240372,b7dd2ade5aab30fd7d2296b4e14b3490,,10041569-qyn7o7O1MkWMKhOmffWoA,ISOVUE,STANDARD,,,,False,ORIGINAL_PRIMARY_AXIAL,,GE MEDICAL SYSTEMS,Revolution CT,CT,,dg.MD1R/55e43a63-a783-4ba7-8388-a194a533c92f,HFS,0.607422,PE 1.25 TRUE FIDELITY,2.16.840.1.114274.1818.49467896472269127753510644649160856736,1.25,1.25,4fd56c15-6e2d-4b23-9089-796f313124bb,ACR_20250901,75df0d5c-59b1-463a-bf63-2ed898d21e1c,2.16.840.1.114274.1818.524767407796425131714234503780655886519,10041569-qyn7o7O1MkWMKhOmffWoA,10041569-qyn7o7O1MkWMKhOmffWoA,Yes,Male,67.0,Black or African American,False,False,1,1,1,0,1,1,1,,,,,0,6
ct_series_file,65c85040-92d5-47a7-b79a-5cf5b6e0c9bb,Open-A1,2.16.840.1.114274.1818.50970230629891492063504033804086587523,CT,DCM,DICOM,10041569-c7w6HYO4oU7uSiC4lcZiA/2.16.840.1.114274.1818.57408375792288589596569949991000334759/2.16.840.1.114274.1818.50970230629891492063504033804086587523.zip,83769138,dd25ed46adbe357219436a5dd6fa27a8,,10041569-c7w6HYO4oU7uSiC4lcZiA,,B50f,XYZ_EC,,,False,ORIGINAL_PRIMARY_AXIAL_CT_SOM5 SPI,,SIEMENS,Sensation 16 with Akron Q tube,CT,,dg.MD1R/b5f2694a-bed2-42c8-9cc4-6b0775bfb171,FFS,0.73046875,LUNG_AX_CHEST_1.0,2.16.840.1.114274.1818.50970230629891492063504033804086587523,1.0,,4fd56c15-6e2d-4b23-9089-796f313124bb,ACR_20250901,6d1913a8-08b4-4dfe-bb0f-df5c7d6b1f1c,2.16.840.1.114274.1818.57408375792288589596569949991000334759,10041569-c7w6HYO4oU7uSiC4lcZiA,10041569-c7w6HYO4oU7uSiC4lcZiA,Yes,Male,66.0,White,False,True,1,1,1,1,1,1,1,,,,,0,7
ct_series_file,1dd86086-633e-4d86-aadc-75537ae13632,Open-A1,2.16.840.1.114274.1818.461856458571200565317887886971180464037,CT,DCM,DICOM,10041569-c7w6HYO4oU7uSiC4lcZiA/2.16.840.1.114274.1818.539374782057443449414133618129572386957/2.16.840.1.114274.1818.461856458571200565317887886971180464037.zip,35000302,46ac78e7675a7ae1ed2be7de5e3dc679,,10041569-c7w6HYO4oU7uSiC4lcZiA,,"Br38f,Br38f_2",XYZ_EC,,,False,"DERIVED_PRIMARY_LOCALIZER_CT_SOM5 MPR,DERIVED_PRIMARY_AXIAL_CT_SOM5 MPR",,SIEMENS,SOMATOM Definition Flash,CT,,dg.MD1R/336f778b-05fb-42d4-b761-c5bc8d9e9862,FFS,"0.634765625,1.09375",ST_COR_CHEST_2.0,2.16.840.1.114274.1818.461856458571200565317887886971180464037,2.0,,4fd56c15-6e2d-4b23-9089-796f313124bb,ACR_20250901,42058cf6-8f57-4b4d-9972-1b230f5a6a75,2.16.840.1.114274.1818.539374782057443449414133618129572386957,10041569-c7w6HYO4oU7uSiC4lcZiA,10041569-c7w6HYO4oU7uSiC4lcZiA,Yes,Male,66.0,White,False,True,1,1,1,1,1,1,1,,,,,0,7
ct_series_file,cb081f59-a483-49d4-b21b-f02a18e48e99,Open-A1,2.16.840.1.114362.1.12359305.25874454649.713386771.315.1430,CT,DCM,DICOM,10041569-qyn7o7O1MkWMKhOmffWoA/2.16.840.1.114274.1818.536067973577330558515550070305810243499/2.16.840.1.114362.1.12359305.25874454649.713386771.315.1430.zip,1605762,99af22ae4389059db9263264d62cb4e1,,10041569-qyn7o7O1MkWMKhOmffWoA,,SOFT,,Skull-stripping,,True,DERIVED_PRIMARY_AXIAL,,GE MEDICAL SYSTEMS / MIM Software,Revolution HD,CT,,dg.MD1R/bc0342c8-1558-4884-9b9a-af6aea63c08a,HFS,0.488281,BrainSegmentation,2.16.840.1.114362.1.12359305.25874454649.713386771.315.1430,5.0,,4fd56c15-6e2d-4b23-9089-796f313124bb,ACR_20250901,8455e88f-80a3-4bea-af2f-4265bfcb1512,2.16.840.1.114274.1818.536067973577330558515550070305810243499,10041569-qyn7o7O1MkWMKhOmffWoA,10041569-qyn7o7O1MkWMKhOmffWoA,Yes,Male,67.0,Black or African American,False,False,1,1,1,0,1,1,1,,,,,0,6
ct_series_file,34d3c7ea-5b9f-45ab-aa97-68322fb2a9f1,Open-A1,2.16.840.1.114274.1818.55620064890198019525552889392998379165,CT,DCM,DICOM,10041569-c7w6HYO4oU7uSiC4lcZiA/2.16.840.1.114274.1818.50972627898838145808253465038154409149/2.16.840.1.114274.1818.55620064890198019525552889392998379165.zip,383966,6dc95a12206c940cc3965b2b8cfbcc1c,,10041569-c7w6HYO4oU7uSiC4lcZiA,,Tr20f,NONE,,,False,ORIGINAL_PRIMARY_LOCALIZER_CT_SOM5 TOP,,SIEMENS,Mirada Registration Server,CT,,dg.MD1R/ac33d45c-bf88-4606-a6e5-6ff65a372877,FFS,1.0,AP SCOUT  1.0  Tr20,2.16.840.1.114274.1818.55620064890198019525552889392998379165,,,4fd56c15-6e2d-4b23-9089-796f313124bb,ACR_20250901,6da94247-ae80-4cf1-9b2f-deacecacbc85,2.16.840.1.114274.1818.50972627898838145808253465038154409149,10041569-c7w6HYO4oU7uSiC4lcZiA,10041569-c7w6HYO4oU7uSiC4lcZiA,Yes,Male,66.0,White,False,True,1,1,1,1,1,1,1,,,,,0,7
ct_series_file,50bc8412-ab4f-449f-9480-c80711c29f04,Open-A1,2.16.840.1.114274.1818.55264997620637979505745763294768248725,CT,DCM,DICOM,2.16.840.1.114274.1818.55052854025409948648246539810688847245/2.16.840.1.114274.1818.55264997620637979505745763294768248725.zip,52392928,5b5ad55e202c8a3217084ac1f330aecc,,10000364-2089207,OMNIPAQUE,,,,,,,,SIEMENS,Sensation 64,CT,185.0,dg.MD1R/e09ef4d4-bdaa-4a6d-b06d-f51f24b078aa,,,CHEST WITH  2.0  SPO  sag,2.16.840.1.114274.1818.55264997620637979505745763294768248725,,,da2db6a3-93f5-4066-90b2-f8dd8afadd2c,ACR_20211115,0f4395b8-1204-450d-a3df-b5ac62e14163,2.16.840.1.114274.1818.55052854025409948648246539810688847245,10000364-2089207,10000364-2089207,Yes,Male,71.0,White,False,False,0,1,0,0,1,0,1,,,,,0,3
ct_series_file,9b0d77ae-c539-4d88-920b-999050ba546d,Open-A1,2.16.840.1.114274.1818.55252509044469243301520353577166840246,CT,DCM,DICOM,10041569-qyn7o7O1MkWMKhOmffWoA/2.16.840.1.114274.1818.4858032298050580945584446213584529538/2.16.840.1.114274.1818.55252509044469243301520353577166840246.zip,1315252,9c7cfbb39ab1130bb3a264ffc1369ac9,,10041569-qyn7o7O1MkWMKhOmffWoA,,STANDARD,,,,False,ORIGINAL_PRIMARY_LOCALIZER,,GE MEDICAL SYSTEMS,Revolution HD,CT,,dg.MD1R/bd159448-efc8-4a81-addd-813cda3a5983,FFS,0.545455,SCOUT,2.16.840.1.114274.1818.55252509044469243301520353577166840246,520.545471,-10.0,4fd56c15-6e2d-4b23-9089-796f313124bb,ACR_20250901,3913b5ea-76c9-47a3-be07-8c1ebda7bdbd,2.16.840.1.114274.1818.4858032298050580945584446213584529538,10041569-qyn7o7O1MkWMKhOmffWoA,10041569-qyn7o7O1MkWMKhOmffWoA,Yes,Male,67.0,Black or African American,False,False,1,1,1,0,1,1,1,,,,,0,6
ct_series_file,8c12a9e5-2c27-4333-b648-b979c152a3bf,Open-A1,2.16.840.1.114362.1.12359305.25874454649.713385957.674.910,CT,DCM,DICOM,10041569-qyn7o7O1MkWMKhOmffWoA/2.16.840.1.114274.1818.53181998121523507944380890114635659664/2.16.840.1.114362.1.12359305.25874454649.713385957.674.910.zip,1540616,4d1a5a5b2ea1bd0c9b123864f4626764,,10041569-qyn7o7O1MkWMKhOmffWoA,,SOFT,,Skull-stripping,,True,DERIVED_PRIMARY_AXIAL,,GE MEDICAL SYSTEMS / MIM Software,Revolution HD,CT,,dg.MD1R/ad6c0392-1678-41c5-b5aa-873ca9d243de,HFS,0.488281,BrainSegmentation,2.16.840.1.114362.1.12359305.25874454649.713385957.674.910,5.0,,4fd56c15-6e2d-4b23-9089-796f313124bb,ACR_20250901,3286e3b2-bb20-4655-bda3-dd7e607d175c,2.16.840.1.114274.1818.53181998121523507944380890114635659664,10041569-qyn7o7O1MkWMKhOmffWoA,10041569-qyn7o7O1MkWMKhOmffWoA,Yes,Male,67.0,Black or African American,False,False,1,1,1,0,1,1,1,,,,,0,6
ct_series_file,3a3bf273-0672-467d-98f6-fa33a10d7b85,Open-A1,2.16.840.1.114274.1818.47801234758479938582977422594589103750,CT,DCM,DICOM,2.16.840.1.114274.1818.508630570373657313110696456920691806096/2.16.840.1.114274.1818.47801234758479938582977422594589103750.zip,28282388,db4c52bf3990eedcf0b3049980cfa301,,10000364-2089207,,,,,,,,,SIEMENS,Sensation 64,CT,107.0,dg.MD1R/e132f65e-e4e3-4678-833a-9a7c3b47e82f,,,UROGRAM  3.0  SPO  cor  cor  cor,2.16.840.1.114274.1818.47801234758479938582977422594589103750,,,da2db6a3-93f5-4066-90b2-f8dd8afadd2c,ACR_20211115,4cf71672-deec-47ca-8482-71560ee1aa14,2.16.840.1.114274.1818.508630570373657313110696456920691806096,10000364-2089207,10000364-2089207,Yes,Male,71.0,White,False,False,0,1,0,0,1,0,1,,,,,0,3
ct_series_file,f1f0da10-720c-403f-b30a-ef7b170200eb,Open-A1,2.16.840.1.114274.1818.479058144729305030911200069078352218246,CT,DCM,DICOM,10041569-c7w6HYO4oU7uSiC4lcZiA/2.16.840.1.114274.1818.57623866155974343822467426985555094179/2.16.840.1.114274.1818.479058144729305030911200069078352218246.zip,41200436,471b0c0114d2b8aa82313c423eb79cb7,,10041569-c7w6HYO4oU7uSiC4lcZiA,,B40f,XYZ_EC,,,False,"DERIVED_PRIMARY_AXIAL_CT_SOM5 SPO,DERIVED_PRIMARY_LOCALIZER_CT_SOM5 SPO",,SIEMENS,Sensation 16 with Akron Q tube,CT,,dg.MD1R/fc5bf82c-4ff1-4c8f-9af7-f4354defe0b1,FFS,"0.5390625,0.87109375",ST_SAG_CHEST_2.0,2.16.840.1.114274.1818.479058144729305030911200069078352218246,2.0,,4fd56c15-6e2d-4b23-9089-796f313124bb,ACR_20250901,bc870531-9a18-4482-a516-4f9dfd5c14ef,2.16.840.1.114274.1818.57623866155974343822467426985555094179,10041569-c7w6HYO4oU7uSiC4lcZiA,10041569-c7w6HYO4oU7uSiC4lcZiA,Yes,Male,66.0,White,False,True,1,1,1,1,1,1,1,,,,,0,7
ct_series_file,d3ce35fd-4780-41e4-966d-ffd517f82270,Open-A1,2.16.840.1.114274.1818.549502354400490099213245518214351470475,CT,DCM,DICOM,10041569-c7w6HYO4oU7uSiC4lcZiA/2.16.840.1.114274.1818.57623866155974343822467426985555094179/2.16.840.1.114274.1818.549502354400490099213245518214351470475.zip,75811996,0e5647ff19cf1ceb5b253fe8617c4e6a,,10041569-c7w6HYO4oU7uSiC4lcZiA,,B40f,XYZ_EC,,,False,ORIGINAL_PRIMARY_AXIAL_CT_SOM5 SPI,,SIEMENS,Sensation 16 with Akron Q tube,CT,,dg.MD1R/24eb61d8-a4d1-41be-b06a-2fdb915f10f9,FFS,0.7265625,ST_AX_CHEST_1.0,2.16.840.1.114274.1818.549502354400490099213245518214351470475,1.0,,4fd56c15-6e2d-4b23-9089-796f313124bb,ACR_20250901,bc870531-9a18-4482-a516-4f9dfd5c14ef,2.16.840.1.114274.1818.57623866155974343822467426985555094179,10041569-c7w6HYO4oU7uSiC4lcZiA,10041569-c7w6HYO4oU7uSiC4lcZiA,Yes,Male,66.0,White,False,True,1,1,1,1,1,1,1,,,,,0,7
ct_series_file,387c8026-20a2-40d2-86cd-47a23e6457d2,Open-A1,2.16.840.1.114274.1818.55058568899480599384548548444188510652,CT,DCM,DICOM,2.16.840.1.114274.1818.508630570373657313110696456920691806096/2.16.840.1.114274.1818.55058568899480599384548548444188510652.zip,370066,50195b15d2ab27e9b87caa417ae5ebe6,,10000364-2089207,,,,,,,,,SIEMENS,Sensation 64,CT,2.0,dg.MD1R/e86fb5b9-5939-41cd-84ee-99109ffb93a3,,,Topogram  0.6  T20s,2.16.840.1.114274.1818.55058568899480599384548548444188510652,,,da2db6a3-93f5-4066-90b2-f8dd8afadd2c,ACR_20211115,4cf71672-deec-47ca-8482-71560ee1aa14,2.16.840.1.114274.1818.508630570373657313110696456920691806096,10000364-2089207,10000364-2089207,Yes,Male,71.0,White,False,False,0,1,0,0,1,0,1,,,,,0,3
ct_series_file,01d17d80-a15f-4b88-a4e3-6c0330e778b8,Open-A1,2.16.840.1.114274.1818.476346487269215860816525038526495752627,CT,DCM,DICOM,10041569-qyn7o7O1MkWMKhOmffWoA/2.16.840.1.114274.1818.544605041077306483311257254996563539384/2.16.840.1.114274.1818.476346487269215860816525038526495752627.zip,1011924,b34d10385e1cfc3c39062209521af377,,10041569-qyn7o7O1MkWMKhOmffWoA,,STANDARD,,,,False,ORIGINAL_PRIMARY_LOCALIZER,,GE MEDICAL SYSTEMS,Revolution CT,CT,,dg.MD1R/efe17f49-6d19-451c-b192-27279ea99272,HFS,0.636364,Scout,2.16.840.1.114274.1818.476346487269215860816525038526495752627,460.0,10.0,4fd56c15-6e2d-4b23-9089-796f313124bb,ACR_20250901,ca6189ec-9cc4-4dcb-be1a-8ae1f2bcdad7,2.16.840.1.114274.1818.544605041077306483311257254996563539384,10041569-qyn7o7O1MkWMKhOmffWoA,10041569-qyn7o7O1MkWMKhOmffWoA,Yes,Male,67.0,Black or African American,False,False,1,1,1,0,1,1,1,,,,,0,6
ct_series_file,2bc5cdd2-013b-4edf-96b9-576cddc2570c,Open-A1,2.16.840.1.114274.1818.56434508103714067558050824667630834612,CT,DCM,DICOM,10041569-qyn7o7O1MkWMKhOmffWoA/2.16.840.1.114274.1818.4858032298050580945584446213584529538/2.16.840.1.114274.1818.56434508103714067558050824667630834612.zip,18642886,c6ae5b6e0ceda892277690b513406bbd,,10041569-qyn7o7O1MkWMKhOmffWoA,,STANDARD,,,,False,ORIGINAL_PRIMARY_AXIAL,,GE MEDICAL SYSTEMS,Revolution HD,CT,,dg.MD1R/934974fe-086f-4927-894f-8b51bd4d9221,FFS,0.689453,AX_VEN_5.0_THICK_AP,2.16.840.1.114274.1818.56434508103714067558050824667630834612,5.0,-5.0,4fd56c15-6e2d-4b23-9089-796f313124bb,ACR_20250901,3913b5ea-76c9-47a3-be07-8c1ebda7bdbd,2.16.840.1.114274.1818.4858032298050580945584446213584529538,10041569-qyn7o7O1MkWMKhOmffWoA,10041569-qyn7o7O1MkWMKhOmffWoA,Yes,Male,67.0,Black or African American,False,False,1,1,1,0,1,1,1,,,,,0,6
ct_series_file,cb219f87-e327-4713-9760-5fb1726f433c,Open-A1,2.16.840.1.114274.1818.519557603015993134116317215012946932644,CT,DCM,DICOM,10041569-c7w6HYO4oU7uSiC4lcZiA/2.16.840.1.114274.1818.520382416662923180810807269414538471839/2.16.840.1.114274.1818.519557603015993134116317215012946932644.zip,144992,825703fa3bbb433f1058430341723c40,,10041569-c7w6HYO4oU7uSiC4lcZiA,,T20f,NONE,,,False,ORIGINAL_PRIMARY_LOCALIZER_CT_SOM5 TOP,,SIEMENS,Biograph40,CT,,dg.MD1R/9bec111f-87e0-46d4-a8cc-c62b455ad109,FFS,1.0,Topogram  0.6  T20s,2.16.840.1.114274.1818.519557603015993134116317215012946932644,,,4fd56c15-6e2d-4b23-9089-796f313124bb,ACR_20250901,d7a14869-7da7-444b-bda6-0d7bec25e644,2.16.840.1.114274.1818.520382416662923180810807269414538471839,10041569-c7w6HYO4oU7uSiC4lcZiA,10041569-c7w6HYO4oU7uSiC4lcZiA,Yes,Male,66.0,White,False,True,1,1,1,1,1,1,1,,,,,0,7
ct_series_file,1c2bd6b4-ff47-49c9-b708-214dbb65818d,Open-A1,2.16.840.1.114274.1818.530219513167460740916187567032441815220,CT,DCM,DICOM,10041569-c7w6HYO4oU7uSiC4lcZiA/2.16.840.1.114274.1818.520382416662923180810807269414538471839/2.16.840.1.114274.1818.530219513167460740916187567032441815220.zip,10375112,7cb271532f2c6528c06510541f5f2dc8,,10041569-c7w6HYO4oU7uSiC4lcZiA,,B50f,XYZ_EC,,,False,"DERIVED_PRIMARY_LOCALIZER_CT_SOM5 MIP,DERIVED_PRIMARY_AXIAL_CT_SOM5 MIP",,SIEMENS,Biograph40,CT,,dg.MD1R/76896baa-fbf8-4f5a-9f4f-8200be851c8e,FFS,"0.9765625,0.66796875",CHEST WO  7.0  MIP  ax,2.16.840.1.114274.1818.530219513167460740916187567032441815220,7.0,,4fd56c15-6e2d-4b23-9089-796f313124bb,ACR_20250901,d7a14869-7da7-444b-bda6-0d7bec25e644,2.16.840.1.114274.1818.520382416662923180810807269414538471839,10041569-c7w6HYO4oU7uSiC4lcZiA,10041569-c7w6HYO4oU7uSiC4lcZiA,Yes,Male,66.0,White,False,True,1,1,1,1,1,1,1,,,,,0,7
ct_series_file,12efa30b-5a61-4d1a-b11c-703d6ba8e1ed,Open-A1,2.16.840.1.114274.1818.534244625262962549517464509514935743930,CT,DCM,DICOM,10041569-PM8BrEOGvEyWPkLhhZ94XQ/2.16.840.1.114274.1818.52889827749950004502740943008177332133/2.16.840.1.114274.1818.534244625262962549517464509514935743930.zip,15572596,4592ea3a431bd78ba465146f7010706a,,10041569-PM8BrEOGvEyWPkLhhZ94XQ,,Br51f_2,XYZ_EC,,,False,DERIVED_PRIMARY_AXIAL_CT_SOM5 MIP,,SIEMENS,SOMATOM Definition AS+,CT,,dg.MD1R/b9d11daa-e5f2-469e-9a33-aa64fc42c848,FFS,0.51171875,LUNG_AX_CHEST_MIP,2.16.840.1.114274.1818.534244625262962549517464509514935743930,7.0,,4fd56c15-6e2d-4b23-9089-796f313124bb,ACR_20250901,49d7118e-4d23-4191-bbd8-9cd501640f10,2.16.840.1.114274.1818.52889827749950004502740943008177332133,10041569-PM8BrEOGvEyWPkLhhZ94XQ,10041569-PM8BrEOGvEyWPkLhhZ94XQ,Yes,Male,66.0,Black or African American,False,True,1,1,1,0,0,1,1,,,,,0,5
ct_series_file,f2905ed7-51f2-4d02-ab07-56c53c6ef52a,Open-A1,2.16.840.1.114362.1.12359305.25874454649.713297840.1047.946,CT,DCM,DICOM,10041569-hGXklXiglkyibymE05GqA/2.16.840.1.114274.1818.475204921906476425414726222156848852905/2.16.840.1.114362.1.12359305.25874454649.713297840.1047.946.zip,13162830,cf64fc7438f3acb694c68954dd2a578c,,10041569-hGXklXiglkyibymE05GqA,,B30f,,Skull-stripping,,True,DERIVED_PRIMARY_AXIAL,,SIEMENS / MIM Software,,CT,,dg.MD1R/7cfbefc5-7d84-4d67-997a-8f48e1ce793a,HFS,0.9765625,BrainSegmentation,2.16.840.1.114362.1.12359305.25874454649.713297840.1047.946,3.0,,4fd56c15-6e2d-4b23-9089-796f313124bb,ACR_20250901,9fa5063a-5d89-4b52-ba34-1ea935453e1a,2.16.840.1.114274.1818.475204921906476425414726222156848852905,10041569-hGXklXiglkyibymE05GqA,10041569-hGXklXiglkyibymE05GqA,Yes,Male,49.0,White,False,True,1,1,1,0,0,1,1,,,,,0,5
ct_series_file,79974bb8-5ebb-4a16-b287-348473d5b870,Open-A1,2.16.840.1.114362.1.12359305.25874454649.712612459.340.962,CT,DCM,DICOM,10041569-4DNktkkdXUGzSU6qGPxFEw/2.16.840.1.114274.1818.53605597515997662935812106315047338418/2.16.840.1.114362.1.12359305.25874454649.712612459.340.962.zip,4262746,10c8641cd953e518e7a61e8fc654d06d,,10041569-4DNktkkdXUGzSU6qGPxFEw,,Hc40s,,Skull-stripping,,True,DERIVED_PRIMARY_AXIAL,,SIEMENS / MIM Software,SOMATOM Force,CT,,dg.MD1R/81aeca88-961b-4c9f-87ae-c4336d11f543,HFS,0.328125,BrainSegmentation,2.16.840.1.114362.1.12359305.25874454649.712612459.340.962,3.0,,4fd56c15-6e2d-4b23-9089-796f313124bb,ACR_20250901,d9517199-dcdb-4d67-a629-21fe36fd3ee0,2.16.840.1.114274.1818.53605597515997662935812106315047338418,10041569-4DNktkkdXUGzSU6qGPxFEw,10041569-4DNktkkdXUGzSU6qGPxFEw,Yes,Female,26.0,Black or African American,False,True,1,1,0,0,0,1,1,,,,,0,4
ct_series_file,bfb616ed-180e-4042-9af9-23e3cd32a81e,Open-A1,2.16.840.1.114274.1818.48925442026649393675970416516610080157,CT,DCM,DICOM,10041569-YwgotNEPQUS9rTCEmYfvGg/2.16.840.1.114274.1818.466218158717378562211933069546479704763/2.16.840.1.114274.1818.48925442026649393675970416516610080157.zip,183092,d5293271cc1ce70e333dd42e2bfbaccd,,10041569-YwgotNEPQUS9rTCEmYfvGg,,Tr20f,NONE,,,False,ORIGINAL_PRIMARY_LOCALIZER_CT_SOM5 TOP,,SIEMENS,SOMATOM Definition Edge,CT,,dg.MD1R/188865db-c97b-4efc-9b60-beb48dfa455a,FFS,1.0,Topogram  1.0  Tr20,2.16.840.1.114274.1818.48925442026649393675970416516610080157,,,4fd56c15-6e2d-4b23-9089-796f313124bb,ACR_20250901,d40fa438-6bdc-4956-9394-9b8ecd8b0221,2.16.840.1.114274.1818.466218158717378562211933069546479704763,10041569-YwgotNEPQUS9rTCEmYfvGg,10041569-YwgotNEPQUS9rTCEmYfvGg,Yes,Male,43.0,Not Reported,False,True,1,1,1,1,0,1,1,,,,,0,6
ct_series_file,840de5c5-28f8-4a1f-845e-104a5114c57e,Open-A1,2.16.840.1.114274.1818.56399166236787328052579837644429269888,CT,DCM,DICOM,10041569-rdL12m75aU6AT4OZNtG2Aw/2.16.840.1.114274.1818.54258946448470050567207164585412083871/2.16.840.1.114274.1818.56399166236787328052579837644429269888.zip,111834588,2728c0e1d5c78ff623551e00fb0a3537,,10041569-rdL12m75aU6AT4OZNtG2Aw,Isovue 370,"Br51f_2,Br51f",XYZ_EC,,,False,"DERIVED_PRIMARY_LOCALIZER_CT_SOM5 MPR,DERIVED_PRIMARY_AXIAL_CT_SOM5 MPR",,SIEMENS,SOMATOM Definition Edge,CT,,dg.MD1R/05ec8ce0-29ed-4d2f-9e9f-f78f32ef105e,FFS,"0.9765625,0.61121495327103",Thorax  1.0  MPR  sag,2.16.840.1.114274.1818.56399166236787328052579837644429269888,1.0,,4fd56c15-6e2d-4b23-9089-796f313124bb,ACR_20250901,60d71db6-4f2b-44ae-af48-e007cc841fde,2.16.840.1.114274.1818.54258946448470050567207164585412083871,10041569-rdL12m75aU6AT4OZNtG2Aw,10041569-rdL12m75aU6AT4OZNtG2Aw,Yes,Male,51.0,Black or African American,False,True,1,1,1,0,0,1,1,,,,,0,5
ct_series_file,e5814791-d3c2-4440-a18f-bd1123dc19c6,Open-A1,2.16.840.1.114274.1818.54346363356254980899890159992805513658,CT,DCM,DICOM,2.16.840.1.114274.1818.570469985948829512511473717990879281323/2.16.840.1.114274.1818.54346363356254980899890159992805513658.zip,36328386,61fddec9da3e0db83cd49a9e3679230b,,10000364-1607263,GASTROGRAFIN & 100ML OMNI 350,,,,,,,,GE MEDICAL SYSTEMS,LightSpeed VCT,CT,167.0,dg.MD1R/a4cd17bf-b4aa-4684-9d78-5fe6eb066d0b,,,COR  BODY,2.16.840.1.114274.1818.54346363356254980899890159992805513658,,,da2db6a3-93f5-4066-90b2-f8dd8afadd2c,ACR_20211115,41fc5080-6487-4ca1-b862-72de236d23ff,2.16.840.1.114274.1818.570469985948829512511473717990879281323,10000364-1607263,10000364-1607263,Yes,Female,64.0,Black or African American,True,True,1,1,1,0,0,1,0,,,,,0,4
ct_series_file,efce0597-4eba-4cc0-8d9d-fdb51893108f,Open-A1,2.16.840.1.114274.1818.503629431729988315310658568662625857413,CT,DCM,DICOM,10041569-SytwUN6koU6LLR3RcLHkA/2.16.840.1.114274.1818.461581675593236005544160393246441089/2.16.840.1.114274.1818.503629431729988315310658568662625857413.zip,87583184,b2c03135870e0927d2603584f72a11c6,,10041569-SytwUN6koU6LLR3RcLHkA,,Br51f_2,XYZ_EC,,,False,ORIGINAL_PRIMARY_AXIAL_CT_SOM5 SPI,,SIEMENS,SOMATOM Definition Flash,CT,,dg.MD1R/5ada4c4a-b93b-4b57-8653-ffcba7bf2ae4,FFS,0.83203125,LUNG_AX_CHEST_1.0,2.16.840.1.114274.1818.503629431729988315310658568662625857413,1.0,,4fd56c15-6e2d-4b23-9089-796f313124bb,ACR_20250901,2d34278b-2acf-49bb-a56b-170f9118193a,2.16.840.1.114274.1818.461581675593236005544160393246441089,10041569-SytwUN6koU6LLR3RcLHkA,10041569-SytwUN6koU6LLR3RcLHkA,Yes,Female,62.0,Black or African American,False,False,1,1,1,0,0,1,1,,,,,0,5
ct_series_file,c43b141e-f687-4a20-899b-48533ebf03fd,Open-A1,2.16.840.1.114274.1818.56515025321673404232143419399411948951,CT,DCM,DICOM,10041569-PM8BrEOGvEyWPkLhhZ94XQ/2.16.840.1.114274.1818.566346791447878366516589046907380085950/2.16.840.1.114274.1818.56515025321673404232143419399411948951.zip,40220248,e185b144b339cd325a454c777fc6539c,,10041569-PM8BrEOGvEyWPkLhhZ94XQ,,B30f,XYZ_EC,,,False,"DERIVED_PRIMARY_AXIAL_CT_SOM5 SPO,DERIVED_PRIMARY_LOCALIZER_CT_SOM5 SPO",,SIEMENS,Sensation 16 with Akron Q tube,CT,,dg.MD1R/3db51430-8bfd-45b6-af45-4ab14e1d559e,FFS,"1.0625,0.86168521462639",Non-Contrast  2.0 Coronal,2.16.840.1.114274.1818.56515025321673404232143419399411948951,2.0,,4fd56c15-6e2d-4b23-9089-796f313124bb,ACR_20250901,40246be9-fee5-48b4-8cd1-4f3c9df124cf,2.16.840.1.114274.1818.566346791447878366516589046907380085950,10041569-PM8BrEOGvEyWPkLhhZ94XQ,10041569-PM8BrEOGvEyWPkLhhZ94XQ,Yes,Male,66.0,Black or African American,False,True,1,1,1,0,0,1,1,,,,,0,5
ct_series_file,83cd615e-7648-4e01-90dd-a9cf54495e8e,Open-A1,2.16.840.1.114274.1818.475892071198260722011169693401056477100,CT,DCM,DICOM,10041569-YIon3HGGUa4N81uJEoWmg/2.16.840.1.114274.1818.49252408960383494347352526721023077508/2.16.840.1.114274.1818.475892071198260722011169693401056477100.zip,23166784,c154deb8ef1426a8932705d7ac55ca32,,10041569-YIon3HGGUa4N81uJEoWmg,,Bf37f_3,XYZ_EC,,,False,ORIGINAL_PRIMARY_AXIAL_CT_SOM5 SPI,,SIEMENS,SOMATOM Definition Edge,CT,,dg.MD1R/5076ff79-5e87-4c21-8518-037afcb9a223,FFS,0.720703125,CHEST  3.0  Bf37  3,2.16.840.1.114274.1818.475892071198260722011169693401056477100,3.0,,4fd56c15-6e2d-4b23-9089-796f313124bb,ACR_20250901,cc660938-8f8b-4b74-be11-b18bb9fa2569,2.16.840.1.114274.1818.49252408960383494347352526721023077508,10041569-YIon3HGGUa4N81uJEoWmg,10041569-YIon3HGGUa4N81uJEoWmg,Yes,Male,84.0,Black or African American,False,False,1,1,1,1,0,1,1,,,,,0,6
ct_series_file,82c3f4f9-ec83-476c-af80-925a5fa5a5d2,Open-A1,2.16.840.1.114362.1.12046989.25389067164.615573382.467.942,CT,DCM,DICOM,10000364-5324696/2.16.840.1.114274.1818.508407237587283269616426274209355307405/2.16.840.1.114362.1.12046989.25389067164.615573382.467.942.zip,4982338,9d3f113e2bac5cbdecee60762f22a440,,10000364-5324696,,Hc40f,,Skull-stripping,2.0,True,DERIVED_PRIMARY_AXIAL,,SIEMENS / MIM Software,SOMATOM Definition Flash,CT,77.0,dg.MD1R/3ca0f830-c47b-4091-bb33-d71c3bf025eb,HFS,0.404296875,BrainSegmentation,2.16.840.1.114362.1.12046989.25389067164.615573382.467.942,3.0,,f3a84a57-f61e-4953-af27-23f850bc857a,ACR_20230415,ec59bc4f-1241-483d-8bd7-a804eee84bd6,2.16.840.1.114274.1818.508407237587283269616426274209355307405,10000364-5324696,10000364-5324696,Yes,Male,58.0,White,True,False,0,1,0,0,0,1,0,,,,,0,2
ct_series_file,4d3e2356-4fa0-4ade-aece-02311cfe6435,Open-A1,2.16.840.1.114362.1.12046989.25384746642.615469541.346.34,CT,DCM,DICOM,10000364-744747/2.16.840.1.114274.1818.559448490794592114914488316442964432574/2.16.840.1.114362.1.12046989.25384746642.615469541.346.34.zip,1954708,52260cd7d9246fcc58b3a540da8f4eac,,10000364-744747,,J30s,,Skull-stripping,2.0,True,DERIVED_PRIMARY_AXIAL,,SIEMENS / MIM Software,SOMATOM Definition AS,CT,32.0,dg.MD1R/ee95d393-31a0-4efc-b806-4a333fa81daf,HFS,0.45703122,BrainSegmentation,2.16.840.1.114362.1.12046989.25384746642.615469541.346.34,4.853582859,,f3a84a57-f61e-4953-af27-23f850bc857a,ACR_20230415,b6fa55e2-4365-4f2f-a64e-c6c5fad7f20e,2.16.840.1.114274.1818.559448490794592114914488316442964432574,10000364-744747,10000364-744747,Yes,Male,77.0,White,True,True,0,1,1,0,0,1,0,,,,,0,3
ct_series_file,dccd835d-2a0b-4593-a7dd-2d1a610e979e,Open-A1,2.16.840.1.114362.1.12359305.25874454649.713258142.173.954,CT,DCM,DICOM,10041569-DlqX5imb0ejWPhSL4fHg/2.16.840.1.114274.1818.46921293519329401585887880205443043981/2.16.840.1.114362.1.12359305.25874454649.713258142.173.954.zip,1940812,c1fad7bbed920c098f350c5b9abdbffa,,10041569-DlqX5imb0ejWPhSL4fHg,,STANDARD,,Skull-stripping,,True,DERIVED_PRIMARY_AXIAL,,GE MEDICAL SYSTEMS / MIM Software,Revolution CT,CT,,dg.MD1R/8e8ded4b-04f5-4024-a0c0-68d951503aef,HFS,0.488281,BrainSegmentation,2.16.840.1.114362.1.12359305.25874454649.713258142.173.954,5.0,,4fd56c15-6e2d-4b23-9089-796f313124bb,ACR_20250901,909270f7-bb24-47ff-8e21-6fd68451d749,2.16.840.1.114274.1818.46921293519329401585887880205443043981,10041569-DlqX5imb0ejWPhSL4fHg,10041569-DlqX5imb0ejWPhSL4fHg,Yes,Female,73.0,Black or African American,False,True,0,1,1,1,0,1,1,,,,,0,5
ct_series_file,fc39cba2-c917-4428-81f3-d593b9739257,Open-A1,2.16.840.1.114362.1.12359305.25874454649.713248028.382.1234,CT,DCM,DICOM,10041569-DlqX5imb0ejWPhSL4fHg/2.16.840.1.114274.1818.46822287575423285798927568582920089490/2.16.840.1.114362.1.12359305.25874454649.713248028.382.1234.zip,7078672,e25df968a6b61e1a2c6520d7bdfa12e9,,10041569-DlqX5imb0ejWPhSL4fHg,,STANDARD,,Skull-stripping,,True,DERIVED_PRIMARY_AXIAL,,GE MEDICAL SYSTEMS / MIM Software,Revolution CT,CT,,dg.MD1R/d499f331-27d2-4fd1-aa01-f1b1c821688b,HFS,0.976563,BrainSegmentation,2.16.840.1.114362.1.12359305.25874454649.713248028.382.1234,1.25,,4fd56c15-6e2d-4b23-9089-796f313124bb,ACR_20250901,ca46b72f-5296-4100-9b65-28a91690b846,2.16.840.1.114274.1818.46822287575423285798927568582920089490,10041569-DlqX5imb0ejWPhSL4fHg,10041569-DlqX5imb0ejWPhSL4fHg,Yes,Female,73.0,Black or African American,False,True,0,1,1,1,0,1,1,,,,,0,5
ct_series_file,132d12ce-d5f1-4a83-90d8-598c0f28be3e,Open-A1,2.16.840.1.114274.1818.51322459128174415247733646921525021058,CT,DCM,DICOM,10000364-1607263/2.16.840.1.114274.1818.502459629476507956812611337470653751205/2.16.840.1.114274.1818.51322459128174415247733646921525021058.zip,53386292,364cc6924f21e620fa9448ea79394621,,10000364-1607263,OMNIPAQUE 350,,,,,,,,GE MEDICAL SYSTEMS,LightSpeed VCT,CT,248.0,dg.MD1R/43fec1ea-a8b6-49cb-b970-2512bce45425,,,refromats,2.16.840.1.114274.1818.51322459128174415247733646921525021058,,,5f596eb7-d79b-47d3-8ff0-1d4ba3d2ea85,ACR_20210827,cf194b9d-0440-41f7-9dc2-02a3a5f04963,2.16.840.1.114274.1818.502459629476507956812611337470653751205,10000364-1607263,10000364-1607263,Yes,Female,64.0,Black or African American,True,True,1,1,1,0,0,1,0,,,,,0,4
ct_series_file,eac88540-0c50-4e0a-b7b3-b6c729abfed8,Open-A1,2.16.840.1.114274.1818.519628121214449710715403603690619408802,CT,DCM,DICOM,10041569-YwgotNEPQUS9rTCEmYfvGg/2.16.840.1.114274.1818.51152122845279465655602857339666777254/2.16.840.1.114274.1818.519628121214449710715403603690619408802.zip,28045630,01fb16321c9eac5f233a36216171da57,,10041569-YwgotNEPQUS9rTCEmYfvGg,,"I50f_2,B40f",XYZ_EC,,,False,"DERIVED_PRIMARY_LOCALIZER_CT_SOM5 MPR,DERIVED_PRIMARY_AXIAL_CT_SOM5 MPR",,SIEMENS,SOMATOM Definition AS+,CT,,dg.MD1R/b9bc7a8a-0c58-48b1-9fe6-a53ddedcd337,HFS,"0.9765625,0.55078125",LUNG_COR_CHEST_+C_3.0,2.16.840.1.114274.1818.519628121214449710715403603690619408802,3.0,,4fd56c15-6e2d-4b23-9089-796f313124bb,ACR_20250901,0e9e7880-567d-4f05-b1d9-32c5958cd01b,2.16.840.1.114274.1818.51152122845279465655602857339666777254,10041569-YwgotNEPQUS9rTCEmYfvGg,10041569-YwgotNEPQUS9rTCEmYfvGg,Yes,Male,43.0,Not Reported,False,True,1,1,1,1,0,1,1,,,,,0,6
ct_series_file,410bd3fc-9672-460b-8a5a-09ca98df8716,Open-A1,2.16.840.1.114274.1818.52358766238362318093541678257861866166,CT,DCM,DICOM,10041569-VGNu6FLHPEiGjPVNhzb7rA/2.16.840.1.114274.1818.53133984217708355933654855552892095420/2.16.840.1.114274.1818.52358766238362318093541678257861866166.zip,156874,58f441eb16c7331bd4b7b3856da5cd8c,,10041569-VGNu6FLHPEiGjPVNhzb7rA,,T20f,NONE,,,False,ORIGINAL_PRIMARY_LOCALIZER_CT_SOM5 TOP,,SIEMENS,Mirada Registration Server,CT,,dg.MD1R/a92d7b1f-71d1-4aab-879d-eae261f2e93d,FFS,1.0,Stress_Topo  1.0  T20s,2.16.840.1.114274.1818.52358766238362318093541678257861866166,1.0,,4fd56c15-6e2d-4b23-9089-796f313124bb,ACR_20250901,c82884fe-909c-417a-baaa-6600657539ba,2.16.840.1.114274.1818.53133984217708355933654855552892095420,10041569-VGNu6FLHPEiGjPVNhzb7rA,10041569-VGNu6FLHPEiGjPVNhzb7rA,Yes,Female,38.0,Black or African American,False,True,0,1,1,0,0,1,1,,,,,0,4
ct_series_file,dd16ae90-38ce-403e-9adc-0f8a1c601536,Open-A1,2.16.840.1.114274.1818.499336422735714765817521668364309483427,CT,DCM,DICOM,10041569-YIon3HGGUa4N81uJEoWmg/2.16.840.1.114274.1818.51027274488211992514241515792310146994/2.16.840.1.114274.1818.499336422735714765817521668364309483427.zip,39769266,0ec05b367b94ab74fa7b2328186a830e,,10041569-YIon3HGGUa4N81uJEoWmg,,"Br40f,Br40f_3",XYZ_EC,,,False,"DERIVED_PRIMARY_LOCALIZER_CT_SOM5 MPR,DERIVED_PRIMARY_AXIAL_CT_SOM5 MPR",,SIEMENS,git@github.com:QIICR/dcmqi.git,CT,,dg.MD1R/686810f1-5829-49bc-a077-a0b0a344a763,FFS,"0.78313253012048,1.09765625",ST_COR_NC_AP_2.0,2.16.840.1.114274.1818.499336422735714765817521668364309483427,2.0,,4fd56c15-6e2d-4b23-9089-796f313124bb,ACR_20250901,514dc775-0dd7-469e-9ccb-ded5004542e7,2.16.840.1.114274.1818.51027274488211992514241515792310146994,10041569-YIon3HGGUa4N81uJEoWmg,10041569-YIon3HGGUa4N81uJEoWmg,Yes,Male,84.0,Black or African American,False,False,1,1,1,1,0,1,1,,,,,0,6
ct_series_file,ef443c5a-bb88-46fc-98a9-506e71a89b90,Open-A1,2.16.840.1.114274.1818.46224749531576834049112075704948741276,CT,DCM,DICOM,10041569-4DNktkkdXUGzSU6qGPxFEw/2.16.840.1.114274.1818.47488791763142057896891620159083009439/2.16.840.1.114274.1818.46224749531576834049112075704948741276.zip,32456118,97dc630da74a07cd70a0308b30642651,,10041569-4DNktkkdXUGzSU6qGPxFEw,APPLIED,Br40d_3,XYZ_EC,,,False,DERIVED_PRIMARY_AXIAL_CT_SOM5 MPR,,SIEMENS,SOMATOM Force,CT,,dg.MD1R/942db49d-97da-4e33-9105-c58e4f6af183,FFS,0.855241265,COR_VEN_MPR_2.0,2.16.840.1.114274.1818.46224749531576834049112075704948741276,2.0,,4fd56c15-6e2d-4b23-9089-796f313124bb,ACR_20250901,aba2f55d-228a-440c-b132-04f54f192841,2.16.840.1.114274.1818.47488791763142057896891620159083009439,10041569-4DNktkkdXUGzSU6qGPxFEw,10041569-4DNktkkdXUGzSU6qGPxFEw,Yes,Female,26.0,Black or African American,False,True,1,1,0,0,0,1,1,,,,,0,4
ct_series_file,8240f105-f2e3-4a03-982f-3d8d92195814,Open-A1,2.16.840.1.114274.1818.47534407451104088622252479930315404735,CT,DCM,DICOM,10041569-YIon3HGGUa4N81uJEoWmg/2.16.840.1.114274.1818.49252408960383494347352526721023077508/2.16.840.1.114274.1818.47534407451104088622252479930315404735.zip,122184700,e10f3ada0a104b9399fe5ea424125520,,10041569-YIon3HGGUa4N81uJEoWmg,,Br51f_2,XYZ_EC,,,False,ORIGINAL_PRIMARY_AXIAL_CT_SOM5 SPI,,SIEMENS,SOMATOM Definition Edge,CT,,dg.MD1R/9429efdf-e067-4f81-849f-3b2c2aaf3d66,FFS,0.720703125,CHEST  1.0  Br51  2,2.16.840.1.114274.1818.47534407451104088622252479930315404735,1.0,,4fd56c15-6e2d-4b23-9089-796f313124bb,ACR_20250901,cc660938-8f8b-4b74-be11-b18bb9fa2569,2.16.840.1.114274.1818.49252408960383494347352526721023077508,10041569-YIon3HGGUa4N81uJEoWmg,10041569-YIon3HGGUa4N81uJEoWmg,Yes,Male,84.0,Black or African American,False,False,1,1,1,1,0,1,1,,,,,0,6
ct_series_file,9b7ddb6c-a87e-4fd7-ad79-683c9435adbe,Open-A1,2.16.840.1.114274.1818.49672850524102449281639300413039792571,CT,DCM,DICOM,10041569-eL6G9dsawkq2QuiCGa8i7Q/2.16.840.1.114274.1818.47820554003624413304637022772050548913/2.16.840.1.114274.1818.49672850524102449281639300413039792571.zip,35315060,7948d96b780f6375c70280df1baf8a9d,,10041569-eL6G9dsawkq2QuiCGa8i7Q,,Br40d_3,Z_EC,,,False,ORIGINAL_PRIMARY_AXIAL_CT_SOM5 SPI DUAL_STD_SNRG_DET_AB,,SIEMENS,SOMATOM Force,CT,,dg.MD1R/aa5516b3-8428-434e-aa6d-cbcf6fac9b44,FFS,0.83203125,ST_AX_THICK_2.0,2.16.840.1.114274.1818.49672850524102449281639300413039792571,2.0,,4fd56c15-6e2d-4b23-9089-796f313124bb,ACR_20250901,b7d1b8a3-8e99-43f6-8ee1-2aa13fa8326f,2.16.840.1.114274.1818.47820554003624413304637022772050548913,10041569-eL6G9dsawkq2QuiCGa8i7Q,10041569-eL6G9dsawkq2QuiCGa8i7Q,Yes,Male,62.0,White,False,False,0,1,1,0,0,1,1,,,,,0,4
ct_series_file,cec54e52-f81c-4063-912e-ad8d9276d3e9,Open-A1,2.16.840.1.114362.1.12359305.25874454649.713341553.271.1654,CT,DCM,DICOM,10041569-NCqDv8OEUyQItLOWlNToA/2.16.840.1.114274.1818.572232755628972002513113587649072264094/2.16.840.1.114362.1.12359305.25874454649.713341553.271.1654.zip,11711968,c1d9fb39f5241568290c762efdbc21b3,,10041569-NCqDv8OEUyQItLOWlNToA,Isovue,B30f,,Skull-stripping,,True,DERIVED_PRIMARY_AXIAL,,SIEMENS / MIM Software,SOMATOM Definition Flash,CT,,dg.MD1R/5e20248e-5d4f-4903-84fc-bf9623e31c20,HFS,0.390625,BrainSegmentation,2.16.840.1.114362.1.12359305.25874454649.713341553.271.1654,0.6999817,,4fd56c15-6e2d-4b23-9089-796f313124bb,ACR_20250901,99b58d8b-ab03-44d4-acd5-5fed5f9656f6,2.16.840.1.114274.1818.572232755628972002513113587649072264094,10041569-NCqDv8OEUyQItLOWlNToA,10041569-NCqDv8OEUyQItLOWlNToA,Yes,Female,61.0,White,False,True,1,1,0,0,0,1,1,,,,,0,4
ct_series_file,d981c2fb-6c6f-476d-b7e6-f51229804092,Open-A1,2.16.840.1.114274.1818.4908050980957218930580319557614432954,CT,DCM,DICOM,10041569-KTJisivBEW8eG11h3OmCQ/2.16.840.1.114274.1818.48368958474658151018812609586455320450/2.16.840.1.114274.1818.4908050980957218930580319557614432954.zip,104961742,f110306cee39af6e2338609cc9f319ee,,10041569-KTJisivBEW8eG11h3OmCQ,,I40f_3,XYZ_EC,,,False,ORIGINAL_PRIMARY_AXIAL_CT_SOM5 SPI,,SIEMENS,SOMATOM Definition Flash,CT,,dg.MD1R/7d49f18f-8b6d-43dd-8284-fd4a85226cc8,FFS,0.845703125,AX_NC_2.0_THIN_AP,2.16.840.1.114274.1818.4908050980957218930580319557614432954,2.0,,4fd56c15-6e2d-4b23-9089-796f313124bb,ACR_20250901,ddc1b9c9-a986-4771-bf6f-8166f355623d,2.16.840.1.114274.1818.48368958474658151018812609586455320450,10041569-KTJisivBEW8eG11h3OmCQ,10041569-KTJisivBEW8eG11h3OmCQ,Yes,Male,36.0,Not Reported,False,True,1,1,1,0,0,1,1,,,,,0,5
ct_series_file,9d42b40f-0a24-4ec9-8b3b-7c0002612e14,Open-A1,2.16.840.1.114274.1818.489311633622944082118165263106649569158,CT,DCM,DICOM,10041569-YwgotNEPQUS9rTCEmYfvGg/2.16.840.1.114274.1818.48726585573245811187613117959563105674/2.16.840.1.114274.1818.489311633622944082118165263106649569158.zip,205752,bfdf7b290e755ed8264a5403d714ddc7,,10041569-YwgotNEPQUS9rTCEmYfvGg,,Tr20f,NONE,,,False,ORIGINAL_PRIMARY_LOCALIZER_CT_SOM5 TOP,,SIEMENS,Mirada Registration Server,CT,,dg.MD1R/159a663a-2a02-4bcf-95ab-d1002942d8ae,FFS,1.0,LAT TopoThorax  1.0  Tr20,2.16.840.1.114274.1818.489311633622944082118165263106649569158,,,4fd56c15-6e2d-4b23-9089-796f313124bb,ACR_20250901,ee21aa30-4140-4a1c-a469-b7ceca309930,2.16.840.1.114274.1818.48726585573245811187613117959563105674,10041569-YwgotNEPQUS9rTCEmYfvGg,10041569-YwgotNEPQUS9rTCEmYfvGg,Yes,Male,43.0,Not Reported,False,True,1,1,1,1,0,1,1,,,,,0,6
ct_series_file,3ff604ec-ae2c-461c-b3cd-f31d35f3d459,Open-A1,2.16.840.1.114362.1.12359305.25874454649.713392108.843.910,CT,DCM,DICOM,10041569-rdL12m75aU6AT4OZNtG2Aw/2.16.840.1.114274.1818.51700577760549465141465534460619229589/2.16.840.1.114362.1.12359305.25874454649.713392108.843.910.zip,5190760,bee580b8d79b6e661db4a7e390e3e8e5,,10041569-rdL12m75aU6AT4OZNtG2Aw,,Hr59h,,Skull-stripping,,True,DERIVED_PRIMARY_AXIAL,,SIEMENS / MIM Software,SOMATOM Force,CT,,dg.MD1R/d7a1d379-ce2a-4d62-85f3-b2578f3b6421,HFS,0.3532423,BrainSegmentation,2.16.840.1.114362.1.12359305.25874454649.713392108.843.910,3.0,,4fd56c15-6e2d-4b23-9089-796f313124bb,ACR_20250901,413c1db4-183f-42fc-a3b7-2f3150d44ab8,2.16.840.1.114274.1818.51700577760549465141465534460619229589,10041569-rdL12m75aU6AT4OZNtG2Aw,10041569-rdL12m75aU6AT4OZNtG2Aw,Yes,Male,51.0,Black or African American,False,True,1,1,1,0,0,1,1,,,,,0,5
ct_series_file,8436de94-442e-4f20-9663-33aabd29c8b0,Open-A1,2.16.840.1.114274.1818.47256766681573714646884937935939885738,CT,DCM,DICOM,10041569-rdL12m75aU6AT4OZNtG2Aw/2.16.840.1.114274.1818.501470080227220673665506658819096200/2.16.840.1.114274.1818.47256766681573714646884937935939885738.zip,32929904,62ac3066b198fbcec5853824121fac2d,,10041569-rdL12m75aU6AT4OZNtG2Aw,,"I50f_2,B40f",XYZ_EC,,,False,"DERIVED_PRIMARY_LOCALIZER_CT_SOM5 MPR,DERIVED_PRIMARY_AXIAL_CT_SOM5 MPR",,SIEMENS,SOMATOM Definition AS+,CT,,dg.MD1R/c4b97238-e83e-4f02-a419-e2c60458200e,FFS,"0.9765625,0.697265625",LUNG_SAG_CHEST_3.0,2.16.840.1.114274.1818.47256766681573714646884937935939885738,3.0,,4fd56c15-6e2d-4b23-9089-796f313124bb,ACR_20250901,9a3de9df-caa1-48f6-b80a-bc875e7da5e1,2.16.840.1.114274.1818.501470080227220673665506658819096200,10041569-rdL12m75aU6AT4OZNtG2Aw,10041569-rdL12m75aU6AT4OZNtG2Aw,Yes,Male,51.0,Black or African American,False,True,1,1,1,0,0,1,1,,,,,0,5
ct_series_file,4a46302a-793d-47fc-955d-a713f20951ec,Open-A1,2.16.840.1.114274.1818.51900370758353539119872919047596420229,CT,DCM,DICOM,10041569-hGXklXiglkyibymE05GqA/2.16.840.1.114274.1818.531341274525390498714461490575260664760/2.16.840.1.114274.1818.51900370758353539119872919047596420229.zip,38996528,826dfed13674d015c62dae4c79f0715f,,10041569-hGXklXiglkyibymE05GqA,,Br60s,XYZ_EC,,,False,ORIGINAL_PRIMARY_AXIAL_CT_SOM5 SPI,,SIEMENS,SOMATOM Definition Edge,CT,,dg.MD1R/f1f3a3af-02f0-42cc-a264-f4eb92829b6d,FFS,0.3125,BONE_AX_TSP,2.16.840.1.114274.1818.51900370758353539119872919047596420229,2.0,,4fd56c15-6e2d-4b23-9089-796f313124bb,ACR_20250901,00946003-f9ab-4d88-b2a7-2329ba25304a,2.16.840.1.114274.1818.531341274525390498714461490575260664760,10041569-hGXklXiglkyibymE05GqA,10041569-hGXklXiglkyibymE05GqA,Yes,Male,49.0,White,False,True,1,1,1,0,0,1,1,,,,,0,5
ct_series_file,d8a66631-1e54-4419-8c57-2c60d6915747,Open-A1,2.16.840.1.114274.1818.55735426977481373246675605755709077404,CT,DCM,DICOM,10041569-PM8BrEOGvEyWPkLhhZ94XQ/2.16.840.1.114274.1818.566346791447878366516589046907380085950/2.16.840.1.114274.1818.55735426977481373246675605755709077404.zip,107627098,f75ea69e3fcf7e218b43c5d55239c40e,,10041569-PM8BrEOGvEyWPkLhhZ94XQ,APPLIED,B30f,XYZ_EC,,,False,"DERIVED_PRIMARY_AXIAL_CT_SOM5 SPO,DERIVED_PRIMARY_LOCALIZER_CT_SOM5 SPO",,SIEMENS,Sensation 16 with Akron Q tube,CT,,dg.MD1R/3a177d17-d162-40e0-b8b1-e0d99bf64009,FFS,"1.349609375,0.5977508650519",CAP Routine  2.0  Sagittal  sag,2.16.840.1.114274.1818.55735426977481373246675605755709077404,2.0,,4fd56c15-6e2d-4b23-9089-796f313124bb,ACR_20250901,40246be9-fee5-48b4-8cd1-4f3c9df124cf,2.16.840.1.114274.1818.566346791447878366516589046907380085950,10041569-PM8BrEOGvEyWPkLhhZ94XQ,10041569-PM8BrEOGvEyWPkLhhZ94XQ,Yes,Male,66.0,Black or African American,False,True,1,1,1,0,0,1,1,,,,,0,5
ct_series_file,5a483c79-98d6-452f-ab2f-af4d30d0771b,Open-A1,2.16.840.1.114274.1818.539555717513753335611136431247046544022,CT,DCM,DICOM,10041569-NCqDv8OEUyQItLOWlNToA/2.16.840.1.114274.1818.546936897475887898810458298751526298025/2.16.840.1.114274.1818.539555717513753335611136431247046544022.zip,21362014,81a580c98424209a4142c7d55b59211a,,10041569-NCqDv8OEUyQItLOWlNToA,Isovue,I40f_3,XYZ_EC,,,False,ORIGINAL_PRIMARY_AXIAL_CT_SOM5 SPI,,SIEMENS,SOMATOM Definition Flash,CT,,dg.MD1R/b2f7e099-29a6-4800-ac7d-bda1f495665b,FFS,0.85546875,AX_VEN_5.0_THICK_AP,2.16.840.1.114274.1818.539555717513753335611136431247046544022,5.0,,4fd56c15-6e2d-4b23-9089-796f313124bb,ACR_20250901,2c452c31-fea4-4914-b8e0-2f8924f4f44b,2.16.840.1.114274.1818.546936897475887898810458298751526298025,10041569-NCqDv8OEUyQItLOWlNToA,10041569-NCqDv8OEUyQItLOWlNToA,Yes,Female,61.0,White,False,True,1,1,0,0,0,1,1,,,,,0,4
ct_series_file,09a6ead7-9d39-4ec6-8234-0251ca9ee31b,Open-A1,2.16.840.1.114274.1818.48736049032585425818052229283189842334,CT,DCM,DICOM,10041569-kgAvx7uJ10ONCduLyMtlg/2.16.840.1.114274.1818.54430487083515539625023760726191445951/2.16.840.1.114274.1818.48736049032585425818052229283189842334.zip,16105786,378ee6abb16b52c58155b66ce8671854,,10041569-kgAvx7uJ10ONCduLyMtlg,,I50f_1,XYZ_EC,,,False,DERIVED_PRIMARY_AXIAL_CT_SOM5 MIP,,SIEMENS,,CT,,dg.MD1R/4ae69884-1a25-46b3-b9c3-1f4c662da509,FFS,0.529296875,LUNG_AX_CHEST_5.0,2.16.840.1.114274.1818.48736049032585425818052229283189842334,5.0,,4fd56c15-6e2d-4b23-9089-796f313124bb,ACR_20250901,f535b76b-ad02-4f0f-a5d7-e8a5e9994e88,2.16.840.1.114274.1818.54430487083515539625023760726191445951,10041569-kgAvx7uJ10ONCduLyMtlg,10041569-kgAvx7uJ10ONCduLyMtlg,No,Male,52.0,White,False,True,1,1,0,0,0,1,1,,,,,0,4
ct_series_file,39059e6c-4be9-4d45-be4d-20b2a788f2fc,Open-A1,2.16.840.1.114274.1818.57608804351429032237960863567264095387,CT,DCM,DICOM,2.16.840.1.114274.1818.49182320293804197899336241449057882519/2.16.840.1.114274.1818.57608804351429032237960863567264095387.zip,1760784,517eb23d8a3016b19e353b4aa06fead1,,10000364-1607263,,,,,,,,,GE MEDICAL SYSTEMS,LightSpeed VCT,CT,2.0,dg.MD1R/48d8d1bf-1765-4f49-ac4e-b60a0f1bec9e,,,SCOUT,2.16.840.1.114274.1818.57608804351429032237960863567264095387,,,da2db6a3-93f5-4066-90b2-f8dd8afadd2c,ACR_20211115,97c63a23-08c1-4f55-a10d-4b5b8498366e,2.16.840.1.114274.1818.49182320293804197899336241449057882519,10000364-1607263,10000364-1607263,Yes,Female,64.0,Black or African American,True,True,1,1,1,0,0,1,0,,,,,0,4
ct_series_file,63c15e4c-4033-473a-80cb-09155ad0e676,Open-A1,2.16.840.1.114362.1.12046989.25389067164.615573926.1080.942,CT,DCM,DICOM,10000364-5324696/2.16.840.1.114274.1818.508407237587283269616426274209355307405/2.16.840.1.114362.1.12046989.25389067164.615573926.1080.942.zip,11595930,d237970eb4322004003ec4d5d1a56eb7,,10000364-5324696,,Qr40f,,Skull-stripping,2.0,True,DERIVED_PRIMARY_AXIAL,,SIEMENS / MIM Software,SOMATOM Definition Flash,CT,186.0,dg.MD1R/abc21792-31c9-4ae9-83c0-1625cdfa51dd,HFS,0.447265625,BrainSegmentation,2.16.840.1.114362.1.12046989.25389067164.615573926.1080.942,1.0,,f3a84a57-f61e-4953-af27-23f850bc857a,ACR_20230415,ec59bc4f-1241-483d-8bd7-a804eee84bd6,2.16.840.1.114274.1818.508407237587283269616426274209355307405,10000364-5324696,10000364-5324696,Yes,Male,58.0,White,True,False,0,1,0,0,0,1,0,,,,,0,2
ct_series_file,6955b4cb-aff2-40a8-918b-6e5ee93f68b2,Open-A1,2.16.840.1.114362.1.12359305.25874454649.713227191.117.954,CT,DCM,DICOM,10041569-DlqX5imb0ejWPhSL4fHg/2.16.840.1.114274.1818.5406136835163657318940035298043226795/2.16.840.1.114362.1.12359305.25874454649.713227191.117.954.zip,1595490,cd5f8a6179120b2c1ae551827b52c866,,10041569-DlqX5imb0ejWPhSL4fHg,,STND#,,Skull-stripping,,True,DERIVED_PRIMARY_AXIAL,,GE MEDICAL SYSTEMS / MIM Software,Revolution CT,CT,,dg.MD1R/7a885438-aa45-4c58-84e5-c7b60cf14c9c,HFS,0.609375,BrainSegmentation,2.16.840.1.114362.1.12359305.25874454649.713227191.117.954,5.0,,4fd56c15-6e2d-4b23-9089-796f313124bb,ACR_20250901,1e82fbc2-9de1-442e-8781-0740ae19a180,2.16.840.1.114274.1818.5406136835163657318940035298043226795,10041569-DlqX5imb0ejWPhSL4fHg,10041569-DlqX5imb0ejWPhSL4fHg,Yes,Female,73.0,Black or African American,False,True,0,1,1,1,0,1,1,,,,,0,5
ct_series_file,b8462844-b60f-4689-bd36-84a5f6f8835c,Open-A1,2.16.840.1.114274.1818.54891298869903103558841525417971728260,CT,DCM,DICOM,10041569-4DNktkkdXUGzSU6qGPxFEw/2.16.840.1.114274.1818.556088377517573904313327315396550646692/2.16.840.1.114274.1818.54891298869903103558841525417971728260.zip,20672884,7a5420b16e7b84f4982b765bb9ce47a8,,10041569-4DNktkkdXUGzSU6qGPxFEw,,"Br40f,Br40f_3",XYZ_EC,,,False,"DERIVED_PRIMARY_LOCALIZER_CT_SOM5 MPR,DERIVED_PRIMARY_AXIAL_CT_SOM5 MPR",,SIEMENS,SOMATOM Definition Edge,CT,,dg.MD1R/33d9d487-c073-4428-a026-ec8174a1fa9b,FFS,"0.85714285714286,0.9765625",COR_VEN_3.0_AP,2.16.840.1.114274.1818.54891298869903103558841525417971728260,3.0,,4fd56c15-6e2d-4b23-9089-796f313124bb,ACR_20250901,cac01df1-5f71-48ec-81a4-f1c3403a63b3,2.16.840.1.114274.1818.556088377517573904313327315396550646692,10041569-4DNktkkdXUGzSU6qGPxFEw,10041569-4DNktkkdXUGzSU6qGPxFEw,Yes,Female,26.0,Black or African American,False,True,1,1,0,0,0,1,1,,,,,0,4
ct_series_file,9bff0361-c2d0-48cf-bc0e-02e8b6422b1d,Open-A1,2.16.840.1.114274.1818.469129433905384997317086210741031160467,CT,DCM,DICOM,10041569-hGXklXiglkyibymE05GqA/2.16.840.1.114274.1818.514908066596353024015995849626850039189/2.16.840.1.114274.1818.469129433905384997317086210741031160467.zip,184240,f9a274cc21ddb0618c2b8dea4d45845c,,10041569-hGXklXiglkyibymE05GqA,,Tr20f,NONE,,,False,ORIGINAL_PRIMARY_LOCALIZER_CT_SOM5 TOP,,SIEMENS,Mirada Registration Server,CT,,dg.MD1R/f8c826a3-a888-4f24-a574-1356065a5307,FFS,1.0,Topogram  1.0  Tr20,2.16.840.1.114274.1818.469129433905384997317086210741031160467,,,4fd56c15-6e2d-4b23-9089-796f313124bb,ACR_20250901,25e914b0-cd18-40ed-a664-38821a352ca0,2.16.840.1.114274.1818.514908066596353024015995849626850039189,10041569-hGXklXiglkyibymE05GqA,10041569-hGXklXiglkyibymE05GqA,Yes,Male,49.0,White,False,True,1,1,1,0,0,1,1,,,,,0,5
ct_series_file,94c3dc26-1cef-45b9-95a3-e5f18af2c0fb,Open-A1,2.16.840.1.114274.1818.495233802328891353711110655152982584212,CT,DCM,DICOM,10041569-NCqDv8OEUyQItLOWlNToA/2.16.840.1.114274.1818.546936897475887898810458298751526298025/2.16.840.1.114274.1818.495233802328891353711110655152982584212.zip,329220,f2c49d64d741ac9fb894f9bfbcb29396,,10041569-NCqDv8OEUyQItLOWlNToA,,T20f,NONE,,,False,ORIGINAL_PRIMARY_LOCALIZER_CT_SOM5 TOP,,SIEMENS,SOMATOM Definition Flash,CT,,dg.MD1R/735f1201-bfff-4db2-9712-6d750a42cd1a,FFS,2.0,Topogram  0.6  T20f,2.16.840.1.114274.1818.495233802328891353711110655152982584212,,,4fd56c15-6e2d-4b23-9089-796f313124bb,ACR_20250901,2c452c31-fea4-4914-b8e0-2f8924f4f44b,2.16.840.1.114274.1818.546936897475887898810458298751526298025,10041569-NCqDv8OEUyQItLOWlNToA,10041569-NCqDv8OEUyQItLOWlNToA,Yes,Female,61.0,White,False,True,1,1,0,0,0,1,1,,,,,0,4
ct_series_file,3805859f-2013-4365-80a4-257a59023ad3,Open-A1,2.16.840.1.114274.1818.502834837581030256517388444450766053548,CT,DCM,DICOM,2.16.840.1.114274.1818.49182320293804197899336241449057882519/2.16.840.1.114274.1818.502834837581030256517388444450766053548.zip,41079118,5e5605ce7e812a5496ef6aff18cc36d5,,10000364-1607263,,,,,,,,,GE MEDICAL SYSTEMS,LightSpeed VCT,CT,206.0,dg.MD1R/63fe914b-9b39-4552-9fc9-986737729f5f,,,ROUTINE A/P,2.16.840.1.114274.1818.502834837581030256517388444450766053548,,,da2db6a3-93f5-4066-90b2-f8dd8afadd2c,ACR_20211115,97c63a23-08c1-4f55-a10d-4b5b8498366e,2.16.840.1.114274.1818.49182320293804197899336241449057882519,10000364-1607263,10000364-1607263,Yes,Female,64.0,Black or African American,True,True,1,1,1,0,0,1,0,,,,,0,4
ct_series_file,069a0427-e40c-449c-b503-f9a57f12b8bf,Open-A1,2.16.840.1.114362.1.12359305.25874454649.713339497.1042.1654,CT,DCM,DICOM,10041569-NCqDv8OEUyQItLOWlNToA/2.16.840.1.114274.1818.572232755628972002513113587649072264094/2.16.840.1.114362.1.12359305.25874454649.713339497.1042.1654.zip,1588736,b8fc6a58426ee334d042b98ac9ac12ce,,10041569-NCqDv8OEUyQItLOWlNToA,Isovue,B30f,,Skull-stripping,,True,DERIVED_PRIMARY_AXIAL,,SIEMENS / MIM Software,SOMATOM Definition Flash,CT,,dg.MD1R/b4dbfc2b-0877-41c6-84bb-69401415213a,HFS,0.390625,BrainSegmentation,2.16.840.1.114362.1.12359305.25874454649.713339497.1042.1654,5.0,,4fd56c15-6e2d-4b23-9089-796f313124bb,ACR_20250901,99b58d8b-ab03-44d4-acd5-5fed5f9656f6,2.16.840.1.114274.1818.572232755628972002513113587649072264094,10041569-NCqDv8OEUyQItLOWlNToA,10041569-NCqDv8OEUyQItLOWlNToA,Yes,Female,61.0,White,False,True,1,1,0,0,0,1,1,,,,,0,4
ct_series_file,d086d27e-4cfc-4228-9839-b251c2a662a6,Open-A1,2.16.840.1.114274.1818.46671060894176536091039360091733284513,CT,DCM,DICOM,10041569-hGXklXiglkyibymE05GqA/2.16.840.1.114274.1818.514908066596353024015995849626850039189/2.16.840.1.114274.1818.46671060894176536091039360091733284513.zip,104438888,e130709994aacde7e2da7efbfcc6e274,,10041569-hGXklXiglkyibymE05GqA,,Bl57f_2,XYZ_EC,,,False,ORIGINAL_PRIMARY_AXIAL_CT_SOM5 SPI,,SIEMENS,Mirada Registration Server,CT,,dg.MD1R/0f721d61-ad16-4cc9-a805-5a6bea8ab30c,FFS,0.74609375,LUNG_AX_THIN_1.0 2,2.16.840.1.114274.1818.46671060894176536091039360091733284513,1.0,,4fd56c15-6e2d-4b23-9089-796f313124bb,ACR_20250901,25e914b0-cd18-40ed-a664-38821a352ca0,2.16.840.1.114274.1818.514908066596353024015995849626850039189,10041569-hGXklXiglkyibymE05GqA,10041569-hGXklXiglkyibymE05GqA,Yes,Male,49.0,White,False,True,1,1,1,0,0,1,1,,,,,0,5
ct_series_file,1ed55726-74ff-476c-a18b-9a2d8ca4ba6c,Open-A1,2.16.840.1.114274.1818.51485342463359189076828914353917279677,CT,DCM,DICOM,10041569-VGNu6FLHPEiGjPVNhzb7rA/2.16.840.1.114274.1818.532130688583365348215187499045406352281/2.16.840.1.114274.1818.51485342463359189076828914353917279677.zip,36942740,48053b809ae1753a74967d9ee0d2a101,,10041569-VGNu6FLHPEiGjPVNhzb7rA,,"Br40f,Br40f_3",XYZ_EC,,,False,"DERIVED_PRIMARY_LOCALIZER_CT_SOM5 MPR,DERIVED_PRIMARY_AXIAL_CT_SOM5 MPR",,SIEMENS,SOMATOM Definition Edge,CT,,dg.MD1R/517b53e2-5452-403c-a74f-b029d8401a5e,FFS,"0.8022759601707,1.046875",SAG_VEN_3.0_AP,2.16.840.1.114274.1818.51485342463359189076828914353917279677,3.0,,4fd56c15-6e2d-4b23-9089-796f313124bb,ACR_20250901,23087cbf-1969-4fbb-b3ac-558fe6158815,2.16.840.1.114274.1818.532130688583365348215187499045406352281,10041569-VGNu6FLHPEiGjPVNhzb7rA,10041569-VGNu6FLHPEiGjPVNhzb7rA,Yes,Female,38.0,Black or African American,False,True,0,1,1,0,0,1,1,,,,,0,4
ct_series_file,efa892a6-5b89-4407-b2c3-95d09e2dd646,Open-A1,2.16.840.1.114274.1818.535313785124483090115529230753608756650,CT,DCM,DICOM,10041569-DlqX5imb0ejWPhSL4fHg/2.16.840.1.114274.1818.50794916158995103098278624700660885390/2.16.840.1.114274.1818.535313785124483090115529230753608756650.zip,14692186,93ae546c779d4d8c8ec1958d16c772a6,,10041569-DlqX5imb0ejWPhSL4fHg,,STANDARD,,,,False,ORIGINAL_PRIMARY_AXIAL,,GE MEDICAL SYSTEMS,Revolution HD,CT,77.0,dg.MD1R/5e40e969-01ed-483e-a1df-13d2e9ebc947,HFS,0.488281,ST_AX_CSP,2.16.840.1.114274.1818.535313785124483090115529230753608756650,2.5,-2.5,cf1d94c4-c27b-40ea-8825-172e4550a131,ACR_20240115,d4ceab3b-23cc-4603-be2a-a7f0f364cbef,2.16.840.1.114274.1818.50794916158995103098278624700660885390,10041569-DlqX5imb0ejWPhSL4fHg,10041569-DlqX5imb0ejWPhSL4fHg,Yes,Female,73.0,Black or African American,False,True,0,1,1,1,0,1,1,,,,,0,5
ct_series_file,6fc43fc9-4c40-41b5-a6f4-95f68f1897fe,Open-A1,2.16.840.1.114274.1818.5760976609361175323560130903726231983,CT,DCM,DICOM,10041569-NCqDv8OEUyQItLOWlNToA/2.16.840.1.114274.1818.48114158502690332137156361546380134042/2.16.840.1.114274.1818.5760976609361175323560130903726231983.zip,7506760,a9fcedd9f571591c3d5133f33b4a6dcf,,10041569-NCqDv8OEUyQItLOWlNToA,,B08s,XYZ_EC,,,False,ORIGINAL_PRIMARY_AXIAL_CT_SOM5 SPI,1.0,SIEMENS,Symbia Intevo Excel,CT,,dg.MD1R/2f5c6ad9-f3be-4277-804b-3cb078e21d01,FFS,0.9765625,AC Rest Cardiac  5.0  B08s,2.16.840.1.114274.1818.5760976609361175323560130903726231983,5.0,,4fd56c15-6e2d-4b23-9089-796f313124bb,ACR_20250901,c7167869-4c7a-4788-9f0a-037d62ffd0c5,2.16.840.1.114274.1818.48114158502690332137156361546380134042,10041569-NCqDv8OEUyQItLOWlNToA,10041569-NCqDv8OEUyQItLOWlNToA,Yes,Female,61.0,White,False,True,1,1,0,0,0,1,1,,,,,0,4
ct_series_file,1b0db916-7846-427d-b840-f6c3af714308,Open-A1,2.16.840.1.114274.1818.49958032951765217189266742705091756474,CT,DCM,DICOM,10041569-DlqX5imb0ejWPhSL4fHg/2.16.840.1.114274.1818.474998799674493970616874754190903755156/2.16.840.1.114274.1818.49958032951765217189266742705091756474.zip,1126488,26179dfd92707bd6f434b95542e3639f,,10041569-DlqX5imb0ejWPhSL4fHg,,STANDARD,,,,False,ORIGINAL_PRIMARY_LOCALIZER,,GE MEDICAL SYSTEMS,Revolution HD,CT,2.0,dg.MD1R/bbface72-7783-4589-9e3f-79da060e66ee,HFS,0.545455,SCOUT,2.16.840.1.114274.1818.49958032951765217189266742705091756474,400.636353,-10.0,cf1d94c4-c27b-40ea-8825-172e4550a131,ACR_20240115,db7e98ec-fc98-4a5a-9adf-95d81b3ccfe7,2.16.840.1.114274.1818.474998799674493970616874754190903755156,10041569-DlqX5imb0ejWPhSL4fHg,10041569-DlqX5imb0ejWPhSL4fHg,Yes,Female,73.0,Black or African American,False,True,0,1,1,1,0,1,1,,,,,0,5
ct_series_file,d636fc5a-23b8-47fc-9386-c45652f60baa,Open-A1,2.16.840.1.114274.1818.550003644421933122414053637858541372081,CT,DCM,DICOM,10041569-YwgotNEPQUS9rTCEmYfvGg/2.16.840.1.114274.1818.48726585573245811187613117959563105674/2.16.840.1.114274.1818.550003644421933122414053637858541372081.zip,37546712,f3aa530a8573e31acc570bb096a12eb5,,10041569-YwgotNEPQUS9rTCEmYfvGg,,Br40d_3,Z_EC,,,False,ORIGINAL_PRIMARY_AXIAL_CT_SOM5 SPI DUAL_STD_SNRG_DET_AB,,SIEMENS,SOMATOM Force,CT,,dg.MD1R/8643792e-561b-4413-878b-23af3704436b,FFS,0.8984375,INSPIRATION  2.0  Br40  3,2.16.840.1.114274.1818.550003644421933122414053637858541372081,2.0,,4fd56c15-6e2d-4b23-9089-796f313124bb,ACR_20250901,ee21aa30-4140-4a1c-a469-b7ceca309930,2.16.840.1.114274.1818.48726585573245811187613117959563105674,10041569-YwgotNEPQUS9rTCEmYfvGg,10041569-YwgotNEPQUS9rTCEmYfvGg,Yes,Male,43.0,Not Reported,False,True,1,1,1,1,0,1,1,,,,,0,6
ct_series_file,4417524c-ed09-4517-a3eb-97f028dddda2,Open-A1,2.16.840.1.114274.1818.489848361977222644214227833264840031392,CT,DCM,DICOM,10041569-YIon3HGGUa4N81uJEoWmg/2.16.840.1.114274.1818.488780372084415092017739372329774591652/2.16.840.1.114274.1818.489848361977222644214227833264840031392.zip,17859104,4f108251ac9cb3c7c11e2e4e20fb4e05,,10041569-YIon3HGGUa4N81uJEoWmg,,STANDARD,,,,False,ORIGINAL_PRIMARY_AXIAL,,GE MEDICAL SYSTEMS,Revolution HD,CT,,dg.MD1R/ab15cc52-af65-41eb-8955-8b312a158c20,FFS,0.728516,AX_NC_5.0_THICK_AP,2.16.840.1.114274.1818.489848361977222644214227833264840031392,5.0,-5.0,4fd56c15-6e2d-4b23-9089-796f313124bb,ACR_20250901,0a324107-8d32-4d37-a6ea-da06fcb7caf6,2.16.840.1.114274.1818.488780372084415092017739372329774591652,10041569-YIon3HGGUa4N81uJEoWmg,10041569-YIon3HGGUa4N81uJEoWmg,Yes,Male,84.0,Black or African American,False,False,1,1,1,1,0,1,1,,,,,0,6
ct_series_file,d4bd0609-b332-4aeb-b4c7-e6a11dc9d329,Open-A1,2.16.840.1.114274.1818.504814288167145076911313529399873220510,CT,DCM,DICOM,10041569-NCqDv8OEUyQItLOWlNToA/2.16.840.1.114274.1818.48559003996315489723128184829363217592/2.16.840.1.114274.1818.504814288167145076911313529399873220510.zip,85144,8aec7bbb417735f6c6699899a0bad01c,,10041569-NCqDv8OEUyQItLOWlNToA,,Tr20f,NONE,,,False,ORIGINAL_PRIMARY_LOCALIZER_CT_SOM5 TOP,,SIEMENS,SOMATOM Definition Edge,CT,,dg.MD1R/e78bc58a-0ede-4fb1-8a39-fdc60dc0cc65,HFS,2.0,Topogram  1.0  Tr20,2.16.840.1.114274.1818.504814288167145076911313529399873220510,,,4fd56c15-6e2d-4b23-9089-796f313124bb,ACR_20250901,d823ed0b-1734-4f98-868d-fbf50bb51aba,2.16.840.1.114274.1818.48559003996315489723128184829363217592,10041569-NCqDv8OEUyQItLOWlNToA,10041569-NCqDv8OEUyQItLOWlNToA,Yes,Female,61.0,White,False,True,1,1,0,0,0,1,1,,,,,0,4
ct_series_file,635540b7-d57e-4768-af30-260342b87d4e,Open-A1,2.16.840.1.114362.1.12359305.25874454649.712432292.336.962,CT,DCM,DICOM,10041569-4DNktkkdXUGzSU6qGPxFEw/2.16.840.1.114274.1818.485583315756373213113283867873146582656/2.16.840.1.114362.1.12359305.25874454649.712432292.336.962.zip,3946016,b3fe0a1e4e6ca9ac21a823a0c35d4288,,10041569-4DNktkkdXUGzSU6qGPxFEw,,UB,,Skull-stripping,,True,DERIVED_PRIMARY_AXIAL,0.0,Philips / MIM Software,Spectral CT,CT,,dg.MD1R/a6c64ed5-7a10-4d2c-bb94-1195462bb059,HFS,0.5722656,BrainSegmentation,2.16.840.1.114362.1.12359305.25874454649.712432292.336.962,2.0,,4fd56c15-6e2d-4b23-9089-796f313124bb,ACR_20250901,fa1d4440-7caa-4468-be6d-2d31bcc541fb,2.16.840.1.114274.1818.485583315756373213113283867873146582656,10041569-4DNktkkdXUGzSU6qGPxFEw,10041569-4DNktkkdXUGzSU6qGPxFEw,Yes,Female,26.0,Black or African American,False,True,1,1,0,0,0,1,1,,,,,0,4
ct_series_file,c24197a5-9922-464a-a1df-0527cc7ab6ec,Open-A1,2.16.840.1.114362.1.12359305.25874454649.713392948.117.954,CT,DCM,DICOM,10041569-rdL12m75aU6AT4OZNtG2Aw/2.16.840.1.114274.1818.51700577760549465141465534460619229589/2.16.840.1.114362.1.12359305.25874454649.713392948.117.954.zip,4522304,289501d904c877e116d1a77d1ef9cf41,,10041569-rdL12m75aU6AT4OZNtG2Aw,,Hc40s,,Skull-stripping,,True,DERIVED_PRIMARY_AXIAL,,SIEMENS / MIM Software,Mirada Registration Server,CT,,dg.MD1R/b0b863ae-1d33-495a-9957-1f03464b7003,HFS,0.34765625,BrainSegmentation,2.16.840.1.114362.1.12359305.25874454649.713392948.117.954,3.0,,4fd56c15-6e2d-4b23-9089-796f313124bb,ACR_20250901,413c1db4-183f-42fc-a3b7-2f3150d44ab8,2.16.840.1.114274.1818.51700577760549465141465534460619229589,10041569-rdL12m75aU6AT4OZNtG2Aw,10041569-rdL12m75aU6AT4OZNtG2Aw,Yes,Male,51.0,Black or African American,False,True,1,1,1,0,0,1,1,,,,,0,5
ct_series_file,97ed962a-f7be-4aa5-91a2-3f4a6466dbf3,Open-A1,2.16.840.1.114274.1818.550212073655024263310272010582241131192,CT,DCM,DICOM,10041569-YwgotNEPQUS9rTCEmYfvGg/2.16.840.1.114274.1818.50134359029082275648585618139493214907/2.16.840.1.114274.1818.550212073655024263310272010582241131192.zip,54888722,0d7fcbc1557493171525b75700070fdb,,10041569-YwgotNEPQUS9rTCEmYfvGg,,"I50f_2,B40f",XYZ_EC,,,False,"DERIVED_PRIMARY_LOCALIZER_CT_SOM5 MPR,DERIVED_PRIMARY_AXIAL_CT_SOM5 MPR",,SIEMENS,SOMATOM Definition Flash,CT,,dg.MD1R/7763e5d8-f05b-4d4b-a371-1b13d847a59d,FFS,"0.58984375,1.048828125",LUNG_COR_CHEST_3.0,2.16.840.1.114274.1818.550212073655024263310272010582241131192,2.0,,4fd56c15-6e2d-4b23-9089-796f313124bb,ACR_20250901,08f28b2c-eaad-4658-a879-f2ae5e6c1d59,2.16.840.1.114274.1818.50134359029082275648585618139493214907,10041569-YwgotNEPQUS9rTCEmYfvGg,10041569-YwgotNEPQUS9rTCEmYfvGg,Yes,Male,43.0,Not Reported,False,True,1,1,1,1,0,1,1,,,,,0,6
ct_series_file,b0c34462-72f0-40b7-b937-7f430dafd544,Open-A1,2.16.840.1.114274.1818.505806301974733720817636293358609256089,CT,DCM,DICOM,10041569-kgAvx7uJ10ONCduLyMtlg/2.16.840.1.114274.1818.49415118777765554993301028092098434236/2.16.840.1.114274.1818.505806301974733720817636293358609256089.zip,99968,560bba9465adbbb51eba9fb1ae3b073a,,10041569-kgAvx7uJ10ONCduLyMtlg,,Tr20f,NONE,,,False,ORIGINAL_PRIMARY_LOCALIZER_CT_SOM5 TOP,,SIEMENS,SOMATOM Definition AS+,CT,,dg.MD1R/d48f47c3-8473-4e8b-9bdf-cf5cb39c31af,FFS,2.0,Topogram  1.0  Tr20,2.16.840.1.114274.1818.505806301974733720817636293358609256089,,,4fd56c15-6e2d-4b23-9089-796f313124bb,ACR_20250901,aa7b1834-6eb0-4c21-b5c8-f97a151037a5,2.16.840.1.114274.1818.49415118777765554993301028092098434236,10041569-kgAvx7uJ10ONCduLyMtlg,10041569-kgAvx7uJ10ONCduLyMtlg,No,Male,52.0,White,False,True,1,1,0,0,0,1,1,,,,,0,4
ct_series_file,a81998ea-b656-438f-9349-b776d25bcb3a,Open-A1,2.16.840.1.114362.1.12359305.25874454649.713225565.382.946,CT,DCM,DICOM,10041569-DlqX5imb0ejWPhSL4fHg/2.16.840.1.114274.1818.49990384417031595716981297756347997863/2.16.840.1.114362.1.12359305.25874454649.713225565.382.946.zip,1885098,da6aba69eb59988139bdf013f87f9e3d,,10041569-DlqX5imb0ejWPhSL4fHg,,SOFT,,Skull-stripping,,True,DERIVED_PRIMARY_AXIAL,,GE MEDICAL SYSTEMS / MIM Software,Revolution HD,CT,,dg.MD1R/9a7cd1d7-a6b6-4bc3-a990-48d703aa8359,HFS,0.488281,BrainSegmentation,2.16.840.1.114362.1.12359305.25874454649.713225565.382.946,5.0,,4fd56c15-6e2d-4b23-9089-796f313124bb,ACR_20250901,7e90dd26-ac8b-4392-98fe-f60b5228be0b,2.16.840.1.114274.1818.49990384417031595716981297756347997863,10041569-DlqX5imb0ejWPhSL4fHg,10041569-DlqX5imb0ejWPhSL4fHg,Yes,Female,73.0,Black or African American,False,True,0,1,1,1,0,1,1,,,,,0,5
ct_series_file,8b5dfd46-4078-4621-9a62-87f71ce84df9,Open-A1,2.16.840.1.114274.1818.466401881033004933312250902520064510337,CT,DCM,DICOM,10041569-YwgotNEPQUS9rTCEmYfvGg/2.16.840.1.114274.1818.572057649757037972315924528491279030175/2.16.840.1.114274.1818.466401881033004933312250902520064510337.zip,36577280,38bb53ce466bce74bd972f6e860ff847,,10041569-YwgotNEPQUS9rTCEmYfvGg,,"Br49f_3,Br49f",XYZ_EC,,,False,"DERIVED_PRIMARY_LOCALIZER_CT_SOM5 MPR,DERIVED_PRIMARY_AXIAL_CT_SOM5 MPR",,SIEMENS,SOMATOM Drive,CT,,dg.MD1R/caeec5fd-38cc-4936-aee7-eb00805b064c,FFS,"1.05859375,0.62867647058824",INSPIRATION  3.0  MPR  sag,2.16.840.1.114274.1818.466401881033004933312250902520064510337,3.0,,4fd56c15-6e2d-4b23-9089-796f313124bb,ACR_20250901,a006c919-e484-4b52-879a-a27845f7784f,2.16.840.1.114274.1818.572057649757037972315924528491279030175,10041569-YwgotNEPQUS9rTCEmYfvGg,10041569-YwgotNEPQUS9rTCEmYfvGg,Yes,Male,43.0,Not Reported,False,True,1,1,1,1,0,1,1,,,,,0,6
ct_series_file,920ff270-7d3d-43bd-81a0-5d8ee9c272b7,Open-A1,2.16.840.1.114274.1818.461368925164496397216595149185831620514,CT,DCM,DICOM,10041569-NCqDv8OEUyQItLOWlNToA/2.16.840.1.114274.1818.56051670547179508891612486791393264820/2.16.840.1.114274.1818.461368925164496397216595149185831620514.zip,17137884,6de234983d18c5356659102817878ba6,,10041569-NCqDv8OEUyQItLOWlNToA,APPLIED,Br40f_3,XYZ_EC,,,False,ORIGINAL_PRIMARY_AXIAL_CT_SOM5 SPI,,SIEMENS,Mirada Registration Server,CT,,dg.MD1R/21ac4f42-f3f6-4c94-884c-cfdb17bfa1b9,FFS,0.908203125,AX_VEN_5.0_THICK_AP,2.16.840.1.114274.1818.461368925164496397216595149185831620514,5.0,,4fd56c15-6e2d-4b23-9089-796f313124bb,ACR_20250901,8372f9d9-4dd2-4d54-90ff-16d490f0f600,2.16.840.1.114274.1818.56051670547179508891612486791393264820,10041569-NCqDv8OEUyQItLOWlNToA,10041569-NCqDv8OEUyQItLOWlNToA,Yes,Female,61.0,White,False,True,1,1,0,0,0,1,1,,,,,0,4
ct_series_file,b9f883c7-9894-400b-899e-e006858c95be,Open-A1,2.16.840.1.114274.1818.538086581562060361716104460331048502451,CT,DCM,DICOM,10041569-eL6G9dsawkq2QuiCGa8i7Q/2.16.840.1.114274.1818.47820554003624413304637022772050548913/2.16.840.1.114274.1818.538086581562060361716104460331048502451.zip,34574450,07e9c3c55466e786609083ea8686e74e,,10041569-eL6G9dsawkq2QuiCGa8i7Q,,Br49d_2,Z_EC,,,False,DERIVED_PRIMARY_AXIAL_CT_SOM5 MPR_STD_SNRG_DET_AB,,SIEMENS,SOMATOM Force,CT,,dg.MD1R/d66318c6-dbc7-4f0d-ae5f-a1d1d029d006,FFS,0.59765625,LUNG_COR_CHEST_3.0,2.16.840.1.114274.1818.538086581562060361716104460331048502451,3.0,,4fd56c15-6e2d-4b23-9089-796f313124bb,ACR_20250901,b7d1b8a3-8e99-43f6-8ee1-2aa13fa8326f,2.16.840.1.114274.1818.47820554003624413304637022772050548913,10041569-eL6G9dsawkq2QuiCGa8i7Q,10041569-eL6G9dsawkq2QuiCGa8i7Q,Yes,Male,62.0,White,False,False,0,1,1,0,0,1,1,,,,,0,4
ct_series_file,288e7f98-5209-438c-ad40-6ff164627488,Open-A1,2.16.840.1.114274.1818.471193405841847105517427401534870456742,CT,DCM,DICOM,10041569-NCqDv8OEUyQItLOWlNToA/2.16.840.1.114274.1818.546936897475887898810458298751526298025/2.16.840.1.114274.1818.471193405841847105517427401534870456742.zip,24474388,3b06fa218725e6e6f98d8095007a7e1f,,10041569-NCqDv8OEUyQItLOWlNToA,Isovue,"I40f_3,B40f",XYZ_EC,,,False,"DERIVED_PRIMARY_LOCALIZER_CT_SOM5 MPR,DERIVED_PRIMARY_AXIAL_CT_SOM5 MPR",,SIEMENS,SOMATOM Definition Flash,CT,,dg.MD1R/918d38a0-8967-43ac-b11d-ba2a081015ee,FFS,"1.03515625,1.134724857685",COR_VEN_3.0_AP,2.16.840.1.114274.1818.471193405841847105517427401534870456742,3.0,,4fd56c15-6e2d-4b23-9089-796f313124bb,ACR_20250901,2c452c31-fea4-4914-b8e0-2f8924f4f44b,2.16.840.1.114274.1818.546936897475887898810458298751526298025,10041569-NCqDv8OEUyQItLOWlNToA,10041569-NCqDv8OEUyQItLOWlNToA,Yes,Female,61.0,White,False,True,1,1,0,0,0,1,1,,,,,0,4
ct_series_file,435a759d-6a37-4a51-90f2-948e0222fde7,Open-A1,2.16.840.1.114274.1818.561967438158659741312112469866391047561,CT,DCM,DICOM,10041569-VGNu6FLHPEiGjPVNhzb7rA/2.16.840.1.114274.1818.505465357668409780315231404211498495908/2.16.840.1.114274.1818.561967438158659741312112469866391047561.zip,107684,fba6a4a7eebbc62bbe4a5e4b5003b4af,,10041569-VGNu6FLHPEiGjPVNhzb7rA,,Tr20f,NONE,,,False,ORIGINAL_PRIMARY_LOCALIZER_CT_SOM5 TOP,,SIEMENS,,CT,,dg.MD1R/6768d1be-38a2-413f-af8f-31fbda6091d8,HFS,1.0,Lat Topogram  1.0  Tr20,2.16.840.1.114274.1818.561967438158659741312112469866391047561,,,4fd56c15-6e2d-4b23-9089-796f313124bb,ACR_20250901,1e1f915a-0c0a-45bf-b934-37f420525696,2.16.840.1.114274.1818.505465357668409780315231404211498495908,10041569-VGNu6FLHPEiGjPVNhzb7rA,10041569-VGNu6FLHPEiGjPVNhzb7rA,Yes,Female,38.0,Black or African American,False,True,0,1,1,0,0,1,1,,,,,0,4
ct_series_file,d5611d8e-4cd2-41bb-93a7-195a46868cd8,Open-A1,2.16.840.1.114274.1818.567453684159927666014666706105151795584,CT,DCM,DICOM,10041569-YIon3HGGUa4N81uJEoWmg/2.16.840.1.114274.1818.56709377258982926323042697852460262554/2.16.840.1.114274.1818.567453684159927666014666706105151795584.zip,69264308,506401f78795ac7681adbba71a005c35,,10041569-YIon3HGGUa4N81uJEoWmg,,Br40d_3,Z_EC,,,False,ORIGINAL_PRIMARY_AXIAL_CT_SOM5 SPI DUAL_STD_SNRG_DET_AB,,SIEMENS,SOMATOM Force,CT,,dg.MD1R/ae00fd06-5c5e-4f63-9d1a-559f034ae8e0,FFS,0.8046875,ST_AX_THIN_1.0,2.16.840.1.114274.1818.567453684159927666014666706105151795584,1.0,,4fd56c15-6e2d-4b23-9089-796f313124bb,ACR_20250901,113b69a6-ad03-47bc-a49a-4c807e39a8b2,2.16.840.1.114274.1818.56709377258982926323042697852460262554,10041569-YIon3HGGUa4N81uJEoWmg,10041569-YIon3HGGUa4N81uJEoWmg,Yes,Male,84.0,Black or African American,False,False,1,1,1,1,0,1,1,,,,,0,6
ct_series_file,0b070b01-286f-49d7-b3c6-3ff51a366f06,Open-A1,2.16.840.1.114274.1818.47793513717077975596806354013499136896,CT,DCM,DICOM,10041569-YwgotNEPQUS9rTCEmYfvGg/2.16.840.1.114274.1818.572057649757037972315924528491279030175/2.16.840.1.114274.1818.47793513717077975596806354013499136896.zip,67947886,8067a885e737bf5663ce3f9c86841538,,10041569-YwgotNEPQUS9rTCEmYfvGg,,Br49f_3,XYZ_EC,,,False,ORIGINAL_PRIMARY_AXIAL_CT_SOM5 SPI,,SIEMENS,SOMATOM Drive,CT,,dg.MD1R/a79c3bf3-890a-41e6-a4f8-336c7b12d19f,FFP,0.962890625,INSPIRATION  1.0  Br49  3,2.16.840.1.114274.1818.47793513717077975596806354013499136896,1.0,,4fd56c15-6e2d-4b23-9089-796f313124bb,ACR_20250901,a006c919-e484-4b52-879a-a27845f7784f,2.16.840.1.114274.1818.572057649757037972315924528491279030175,10041569-YwgotNEPQUS9rTCEmYfvGg,10041569-YwgotNEPQUS9rTCEmYfvGg,Yes,Male,43.0,Not Reported,False,True,1,1,1,1,0,1,1,,,,,0,6
ct_series_file,cfd41f68-eda7-4d25-ad16-ffc59f4e8d9e,Open-A1,2.16.840.1.114362.1.12359305.25874454649.713253771.290.1654,CT,DCM,DICOM,10041569-DlqX5imb0ejWPhSL4fHg/2.16.840.1.114274.1818.46822287575423285798927568582920089490/2.16.840.1.114362.1.12359305.25874454649.713253771.290.1654.zip,1740750,efd354e6913bb4a0790cc359907a66b7,,10041569-DlqX5imb0ejWPhSL4fHg,,STANDARD,,Skull-stripping,,True,DERIVED_PRIMARY_AXIAL,,GE MEDICAL SYSTEMS / MIM Software,Revolution CT,CT,,dg.MD1R/2cbdac18-18b8-4e87-9a37-30d9e731837b,HFS,0.865234,BrainSegmentation,2.16.840.1.114362.1.12359305.25874454649.713253771.290.1654,5.0,,4fd56c15-6e2d-4b23-9089-796f313124bb,ACR_20250901,ca46b72f-5296-4100-9b65-28a91690b846,2.16.840.1.114274.1818.46822287575423285798927568582920089490,10041569-DlqX5imb0ejWPhSL4fHg,10041569-DlqX5imb0ejWPhSL4fHg,Yes,Female,73.0,Black or African American,False,True,0,1,1,1,0,1,1,,,,,0,5
ct_series_file,b8339fea-b7ad-47d6-a694-d25868561a67,Open-A1,2.16.840.1.114274.1818.491467205136695817215984228333732115901,CT,DCM,DICOM,10000364-1607263/2.16.840.1.114274.1818.502459629476507956812611337470653751205/2.16.840.1.114274.1818.491467205136695817215984228333732115901.zip,62868688,0c9c2d9cf4e38da2f32920298094669d,,10000364-1607263,OMNIPAQUE 350,,,,,,,,GE MEDICAL SYSTEMS,LightSpeed VCT,CT,248.0,dg.MD1R/cc29ae9c-b0d8-49fe-ad57-5b690e33d8d4,,,lung windows,2.16.840.1.114274.1818.491467205136695817215984228333732115901,,,5f596eb7-d79b-47d3-8ff0-1d4ba3d2ea85,ACR_20210827,cf194b9d-0440-41f7-9dc2-02a3a5f04963,2.16.840.1.114274.1818.502459629476507956812611337470653751205,10000364-1607263,10000364-1607263,Yes,Female,64.0,Black or African American,True,True,1,1,1,0,0,1,0,,,,,0,4
ct_series_file,6f204018-17d5-44ae-9f60-9a73b8c7b3ce,Open-A1,2.16.840.1.114274.1818.521114544183397955411465053846795269507,CT,DCM,DICOM,10041569-DlqX5imb0ejWPhSL4fHg/2.16.840.1.114274.1818.47836314186318700981731144629942667420/2.16.840.1.114274.1818.521114544183397955411465053846795269507.zip,1431136,08a5fdd14d934185a551f1b5b14fbc56,,10041569-DlqX5imb0ejWPhSL4fHg,,STANDARD,,,,False,ORIGINAL_PRIMARY_LOCALIZER,,GE MEDICAL SYSTEMS,Revolution HD,CT,,dg.MD1R/d14da961-cec9-4ea3-845d-49fd27fad5ca,FFS,0.545455,SCOUTS,2.16.840.1.114274.1818.521114544183397955411465053846795269507,420.545471,-10.0,4fd56c15-6e2d-4b23-9089-796f313124bb,ACR_20250901,19591026-320b-494d-b446-48e6b8fc8919,2.16.840.1.114274.1818.47836314186318700981731144629942667420,10041569-DlqX5imb0ejWPhSL4fHg,10041569-DlqX5imb0ejWPhSL4fHg,Yes,Female,73.0,Black or African American,False,True,0,1,1,1,0,1,1,,,,,0,5
ct_series_file,16a08e5b-b828-4640-967e-62c678cf7b5d,Open-A1,2.16.840.1.114274.1818.56081051979480257945800063458748397453,CT,DCM,DICOM,10041569-YwgotNEPQUS9rTCEmYfvGg/2.16.840.1.114274.1818.55591401017056064792144945380941789359/2.16.840.1.114274.1818.56081051979480257945800063458748397453.zip,73346692,0265e67d23710840c2c9a0ef1ef8f013,,10041569-YwgotNEPQUS9rTCEmYfvGg,,Br51f_2,XYZ_EC,,,False,ORIGINAL_PRIMARY_AXIAL_CT_SOM5 SPI,,SIEMENS,SOMATOM Definition Edge,CT,,dg.MD1R/719357a9-284e-46d0-b600-344d69373f10,HFS,0.828125,LUNG_AX_THIN_+C_1.0,2.16.840.1.114274.1818.56081051979480257945800063458748397453,1.0,,4fd56c15-6e2d-4b23-9089-796f313124bb,ACR_20250901,110aeb76-c68d-44a0-bb04-c58335a44506,2.16.840.1.114274.1818.55591401017056064792144945380941789359,10041569-YwgotNEPQUS9rTCEmYfvGg,10041569-YwgotNEPQUS9rTCEmYfvGg,Yes,Male,43.0,Not Reported,False,True,1,1,1,1,0,1,1,,,,,0,6
ct_series_file,e28193ad-5687-4f54-bfba-2035c2388693,Open-A1,2.16.840.1.114362.1.12359305.25874454649.713392524.173.910,CT,DCM,DICOM,10041569-rdL12m75aU6AT4OZNtG2Aw/2.16.840.1.114274.1818.51700577760549465141465534460619229589/2.16.840.1.114362.1.12359305.25874454649.713392524.173.910.zip,127464,650b373fce107ac0a5099296d887c2ea,,10041569-rdL12m75aU6AT4OZNtG2Aw,,Hc40s,,Skull-stripping,,True,DERIVED_PRIMARY_AXIAL,,SIEMENS / MIM Software,Mirada Registration Server,CT,,dg.MD1R/c1972f7f-7b15-4528-abb1-02364280ec74,HFS,0.38305086,BrainSegmentation,2.16.840.1.114362.1.12359305.25874454649.713392524.173.910,79.99957,,4fd56c15-6e2d-4b23-9089-796f313124bb,ACR_20250901,413c1db4-183f-42fc-a3b7-2f3150d44ab8,2.16.840.1.114274.1818.51700577760549465141465534460619229589,10041569-rdL12m75aU6AT4OZNtG2Aw,10041569-rdL12m75aU6AT4OZNtG2Aw,Yes,Male,51.0,Black or African American,False,True,1,1,1,0,0,1,1,,,,,0,5
ct_series_file,68e16a34-7e49-4789-bd69-391748487107,Open-A1,2.16.840.1.114362.1.12359305.25874454649.713340714.158.962,CT,DCM,DICOM,10041569-NCqDv8OEUyQItLOWlNToA/2.16.840.1.114274.1818.572232755628972002513113587649072264094/2.16.840.1.114362.1.12359305.25874454649.713340714.158.962.zip,1851814,ac368c05c0d1ff482211374f2e84f6a0,,10041569-NCqDv8OEUyQItLOWlNToA,,D30f,,Skull-stripping,,True,DERIVED_PRIMARY_AXIAL,,SIEMENS / MIM Software,SOMATOM Definition Flash,CT,,dg.MD1R/16d01b27-c048-48a7-80fc-fd9bd151da99,HFS,0.48828125,BrainSegmentation,2.16.840.1.114362.1.12359305.25874454649.713340714.158.962,5.0,,4fd56c15-6e2d-4b23-9089-796f313124bb,ACR_20250901,99b58d8b-ab03-44d4-acd5-5fed5f9656f6,2.16.840.1.114274.1818.572232755628972002513113587649072264094,10041569-NCqDv8OEUyQItLOWlNToA,10041569-NCqDv8OEUyQItLOWlNToA,Yes,Female,61.0,White,False,True,1,1,0,0,0,1,1,,,,,0,4
ct_series_file,873e841f-ddd5-424b-a542-793d49de483b,Open-A1,2.16.840.1.114274.1818.56828427351696158736444392345013129634,CT,DCM,DICOM,10000364-1607263/2.16.840.1.114274.1818.502459629476507956812611337470653751205/2.16.840.1.114274.1818.56828427351696158736444392345013129634.zip,51128482,0240e426a5211d883a8d83f9f24e687c,,10000364-1607263,OMNIPAQUE 350,,,,,,,,GE MEDICAL SYSTEMS,LightSpeed VCT,CT,248.0,dg.MD1R/1127de65-3647-4fc6-a750-8c1d5fd3d092,,,PE chest lungs apices-bases,2.16.840.1.114274.1818.56828427351696158736444392345013129634,,,5f596eb7-d79b-47d3-8ff0-1d4ba3d2ea85,ACR_20210827,cf194b9d-0440-41f7-9dc2-02a3a5f04963,2.16.840.1.114274.1818.502459629476507956812611337470653751205,10000364-1607263,10000364-1607263,Yes,Female,64.0,Black or African American,True,True,1,1,1,0,0,1,0,,,,,0,4
ct_series_file,5dede294-8465-434d-b582-e556c4679c1d,Open-A1,2.16.840.1.114362.1.12359305.25874454649.713250418.426.1234,CT,DCM,DICOM,10041569-DlqX5imb0ejWPhSL4fHg/2.16.840.1.114274.1818.46822287575423285798927568582920089490/2.16.840.1.114362.1.12359305.25874454649.713250418.426.1234.zip,1735186,f0846c1ca4e65d62d888e35c07ab62d7,,10041569-DlqX5imb0ejWPhSL4fHg,,STANDARD,,Skull-stripping,,True,DERIVED_PRIMARY_AXIAL,,GE MEDICAL SYSTEMS / MIM Software,Revolution CT,CT,,dg.MD1R/9bda029b-f7f8-46fe-a08e-a53a98956fbd,HFS,0.976563,BrainSegmentation,2.16.840.1.114362.1.12359305.25874454649.713250418.426.1234,5.0,,4fd56c15-6e2d-4b23-9089-796f313124bb,ACR_20250901,ca46b72f-5296-4100-9b65-28a91690b846,2.16.840.1.114274.1818.46822287575423285798927568582920089490,10041569-DlqX5imb0ejWPhSL4fHg,10041569-DlqX5imb0ejWPhSL4fHg,Yes,Female,73.0,Black or African American,False,True,0,1,1,1,0,1,1,,,,,0,5
ct_series_file,827ad113-0ebc-4eb4-9f88-40d31dc881a7,Open-A1,2.16.840.1.114274.1818.56312663731219761253909255467492997800,CT,DCM,DICOM,10041569-YIon3HGGUa4N81uJEoWmg/2.16.840.1.114274.1818.46213516937756425162077192930343084169/2.16.840.1.114274.1818.56312663731219761253909255467492997800.zip,175978,4de3db2b2e0db4892de69c063511d327,,10041569-YIon3HGGUa4N81uJEoWmg,,Tx60f,NONE,,,False,ORIGINAL_PRIMARY_LOCALIZER_CT_SOM5 TOP,,SIEMENS,SOMATOM Force,CT,,dg.MD1R/4717c652-21de-44c4-90e3-1060a997d621,FFS,1.0,Topogram  1.0  Tx60,2.16.840.1.114274.1818.56312663731219761253909255467492997800,,,4fd56c15-6e2d-4b23-9089-796f313124bb,ACR_20250901,93c2b51c-9bf5-4315-b6ca-35feb693bc6b,2.16.840.1.114274.1818.46213516937756425162077192930343084169,10041569-YIon3HGGUa4N81uJEoWmg,10041569-YIon3HGGUa4N81uJEoWmg,Yes,Male,84.0,Black or African American,False,False,1,1,1,1,0,1,1,,,,,0,6
ct_series_file,e57631ff-e1f1-434d-a8fa-e6ea2804e4af,Open-A1,2.16.840.1.114274.1818.53898646958453638645533065645047267774,CT,DCM,DICOM,10041569-eL6G9dsawkq2QuiCGa8i7Q/2.16.840.1.114274.1818.47820554003624413304637022772050548913/2.16.840.1.114274.1818.53898646958453638645533065645047267774.zip,73099458,b73ece05867a6b3bf488fc3cee06804b,,10041569-eL6G9dsawkq2QuiCGa8i7Q,,Br40d_3,Z_EC,,,False,ORIGINAL_PRIMARY_AXIAL_CT_SOM5 SPI DUAL_STD_SNRG_DET_AB,,SIEMENS,SOMATOM Force,CT,,dg.MD1R/07b16b88-1e18-4e2e-b130-ba9ce5438a3d,FFS,0.83203125,ST_AX_THIN_1.0,2.16.840.1.114274.1818.53898646958453638645533065645047267774,1.0,,4fd56c15-6e2d-4b23-9089-796f313124bb,ACR_20250901,b7d1b8a3-8e99-43f6-8ee1-2aa13fa8326f,2.16.840.1.114274.1818.47820554003624413304637022772050548913,10041569-eL6G9dsawkq2QuiCGa8i7Q,10041569-eL6G9dsawkq2QuiCGa8i7Q,Yes,Male,62.0,White,False,False,0,1,1,0,0,1,1,,,,,0,4
ct_series_file,b059ac40-acb4-473a-906c-f26c70875dc4,Open-A1,2.16.840.1.114274.1818.476492256232944281815778737850323414406,CT,DCM,DICOM,10041569-KTJisivBEW8eG11h3OmCQ/2.16.840.1.114274.1818.489729909069159720915226796625714263178/2.16.840.1.114274.1818.476492256232944281815778737850323414406.zip,28355102,b3dc0eba482f12996e9e44697468996d,,10041569-KTJisivBEW8eG11h3OmCQ,,Br40f_3,ELLIP_ZEC,,,False,ORIGINAL_PRIMARY_AXIAL_VMI_CT_SOM10 DEMEP_ME70KEV_COUNT_CONVCT_MPR,0.0,Siemens Healthineers,NAEOTOM Alpha,CT,,dg.MD1R/39992f5a-36ea-4ec0-853a-a775e2a2b350,FFS,0.654776911,Thorax 3.00 Br40 ax,2.16.840.1.114274.1818.476492256232944281815778737850323414406,3.0,,4fd56c15-6e2d-4b23-9089-796f313124bb,ACR_20250901,61ae4049-b219-4bf2-b87d-956f4c653ba0,2.16.840.1.114274.1818.489729909069159720915226796625714263178,10041569-KTJisivBEW8eG11h3OmCQ,10041569-KTJisivBEW8eG11h3OmCQ,Yes,Male,36.0,Not Reported,False,True,1,1,1,0,0,1,1,,,,,0,5
ct_series_file,db7e63a4-c56e-4a27-b8d2-f18018751d0c,Open-A1,2.16.840.1.114274.1818.475717424932317781212504015128658927012,CT,DCM,DICOM,10041569-hGXklXiglkyibymE05GqA/2.16.840.1.114274.1818.531341274525390498714461490575260664760/2.16.840.1.114274.1818.475717424932317781212504015128658927012.zip,26823152,9d0ea2ccd6de70471e947334c94c75bd,,10041569-hGXklXiglkyibymE05GqA,,Br60s,XYZ_EC,,,False,"DERIVED_PRIMARY_LOCALIZER_CT_SOM5 MPR,DERIVED_PRIMARY_AXIAL_CT_SOM5 MPR",,SIEMENS,SOMATOM Definition Edge,CT,,dg.MD1R/849289c6-9534-4b0c-a57b-9fbe769f0631,FFS,"0.451197053407,0.978515625",BONE_SAG_LSP,2.16.840.1.114274.1818.475717424932317781212504015128658927012,2.0,,4fd56c15-6e2d-4b23-9089-796f313124bb,ACR_20250901,00946003-f9ab-4d88-b2a7-2329ba25304a,2.16.840.1.114274.1818.531341274525390498714461490575260664760,10041569-hGXklXiglkyibymE05GqA,10041569-hGXklXiglkyibymE05GqA,Yes,Male,49.0,White,False,True,1,1,1,0,0,1,1,,,,,0,5
ct_series_file,0286331b-899e-4176-91b7-5a807717e10c,Open-A1,2.16.840.1.114274.1818.551290002034611264612372549378299410859,CT,DCM,DICOM,10041569-PM8BrEOGvEyWPkLhhZ94XQ/2.16.840.1.114274.1818.510562455633232387012176096183678395790/2.16.840.1.114274.1818.551290002034611264612372549378299410859.zip,74135736,19429f9ddf71850cb7df69ec19084206,,10041569-PM8BrEOGvEyWPkLhhZ94XQ,,Bf37f_3,XYZ_EC,,,False,ORIGINAL_PRIMARY_AXIAL_CT_SOM5 SPI,,SIEMENS,SOMATOM Definition Flash,CT,,dg.MD1R/f9735ac2-20bd-43b2-9aa1-9ae4402a7cd0,HFS,0.900390625,ST_AX_CHEST_1.0,2.16.840.1.114274.1818.551290002034611264612372549378299410859,1.0,,4fd56c15-6e2d-4b23-9089-796f313124bb,ACR_20250901,3963a0af-3746-4c2c-97f8-fed5fd8a08a3,2.16.840.1.114274.1818.510562455633232387012176096183678395790,10041569-PM8BrEOGvEyWPkLhhZ94XQ,10041569-PM8BrEOGvEyWPkLhhZ94XQ,Yes,Male,66.0,Black or African American,False,True,1,1,1,0,0,1,1,,,,,0,5
ct_series_file,f7b1e4b6-b51c-4e82-963e-2e1c3df8e796,Open-A1,2.16.840.1.114274.1818.48907934079838751743162964901842791090,CT,DCM,DICOM,10041569-YwgotNEPQUS9rTCEmYfvGg/2.16.840.1.114274.1818.572057649757037972315924528491279030175/2.16.840.1.114274.1818.48907934079838751743162964901842791090.zip,29546110,0c5543816aba1ef8fc856485634deb35,,10041569-YwgotNEPQUS9rTCEmYfvGg,,"Br49f_3,Br49f",XYZ_EC,,,False,"DERIVED_PRIMARY_LOCALIZER_CT_SOM5 MPR,DERIVED_PRIMARY_AXIAL_CT_SOM5 MPR",,SIEMENS,SOMATOM Drive,CT,,dg.MD1R/15c8eb7b-9b64-4a7d-9c6f-42973a9c27dd,FFP,"1.005859375,0.591796875",INSPIRATION  3.0  MPR  cor,2.16.840.1.114274.1818.48907934079838751743162964901842791090,3.0,,4fd56c15-6e2d-4b23-9089-796f313124bb,ACR_20250901,a006c919-e484-4b52-879a-a27845f7784f,2.16.840.1.114274.1818.572057649757037972315924528491279030175,10041569-YwgotNEPQUS9rTCEmYfvGg,10041569-YwgotNEPQUS9rTCEmYfvGg,Yes,Male,43.0,Not Reported,False,True,1,1,1,1,0,1,1,,,,,0,6
ct_series_file,ec8cb262-0478-4bd1-a8f4-97ff5e30cda2,Open-A1,2.16.840.1.114362.1.12359305.25874454649.713227599.530.954,CT,DCM,DICOM,10041569-DlqX5imb0ejWPhSL4fHg/2.16.840.1.114274.1818.5406136835163657318940035298043226795/2.16.840.1.114362.1.12359305.25874454649.713227599.530.954.zip,1647716,e18618b345114b22bdee572490ab5f9c,,10041569-DlqX5imb0ejWPhSL4fHg,,STND#,,Skull-stripping,,True,DERIVED_PRIMARY_AXIAL,,GE MEDICAL SYSTEMS / MIM Software,Revolution CT,CT,,dg.MD1R/395bbf36-2926-4a47-87d4-90ef3fd424cd,HFS,0.564453,BrainSegmentation,2.16.840.1.114362.1.12359305.25874454649.713227599.530.954,5.0,,4fd56c15-6e2d-4b23-9089-796f313124bb,ACR_20250901,1e82fbc2-9de1-442e-8781-0740ae19a180,2.16.840.1.114274.1818.5406136835163657318940035298043226795,10041569-DlqX5imb0ejWPhSL4fHg,10041569-DlqX5imb0ejWPhSL4fHg,Yes,Female,73.0,Black or African American,False,True,0,1,1,1,0,1,1,,,,,0,5
ct_series_file,dabd9edf-ed07-47ae-b358-d7adb384e478,Open-A1,2.16.840.1.114362.1.12359305.25874454649.713257326.951.962,CT,DCM,DICOM,10041569-DlqX5imb0ejWPhSL4fHg/2.16.840.1.114274.1818.54048575710726017766706517818911918775/2.16.840.1.114362.1.12359305.25874454649.713257326.951.962.zip,11435614,e2ca49fa6553d5393798f7ffd1f04173,,10041569-DlqX5imb0ejWPhSL4fHg,,STANDARD,,Skull-stripping,,True,DERIVED_PRIMARY_AXIAL,,GE MEDICAL SYSTEMS / MIM Software,Revolution CT,CT,,dg.MD1R/cdc7123e-c508-4ab5-bb07-60e6d4bc2445,HFS,0.976563,BrainSegmentation,2.16.840.1.114362.1.12359305.25874454649.713257326.951.962,0.625,,4fd56c15-6e2d-4b23-9089-796f313124bb,ACR_20250901,8756a0f2-5502-4af8-98d8-9f6149c6246a,2.16.840.1.114274.1818.54048575710726017766706517818911918775,10041569-DlqX5imb0ejWPhSL4fHg,10041569-DlqX5imb0ejWPhSL4fHg,Yes,Female,73.0,Black or African American,False,True,0,1,1,1,0,1,1,,,,,0,5
ct_series_file,02e7d98f-734d-4451-b48a-465f4469690e,Open-A1,2.16.840.1.114274.1818.48120489002820708933168774757459581335,CT,DCM,DICOM,10041569-hGXklXiglkyibymE05GqA/2.16.840.1.114274.1818.56879504940677351477992645850126680742/2.16.840.1.114274.1818.48120489002820708933168774757459581335.zip,367532,d452638a1b478d950a3c16c5e0f66776,,10041569-hGXklXiglkyibymE05GqA,,T20f,NONE,,,False,ORIGINAL_PRIMARY_LOCALIZER_CT_SOM5 TOP,,SIEMENS,Mirada Registration Server,CT,,dg.MD1R/205bd11e-c6b6-41ea-8925-7abf3bb77cf5,FFS,1.0,Topogram  0.6  T20f,2.16.840.1.114274.1818.48120489002820708933168774757459581335,,,4fd56c15-6e2d-4b23-9089-796f313124bb,ACR_20250901,80279f6c-439b-499c-9dcd-b4eaa3500c09,2.16.840.1.114274.1818.56879504940677351477992645850126680742,10041569-hGXklXiglkyibymE05GqA,10041569-hGXklXiglkyibymE05GqA,Yes,Male,49.0,White,False,True,1,1,1,0,0,1,1,,,,,0,5
ct_series_file,46bc8814-a012-43a2-bd8b-bce0c7206e37,Open-A1,2.16.840.1.114274.1818.521752738250103257017750840338128141985,CT,DCM,DICOM,10041569-KTJisivBEW8eG11h3OmCQ/2.16.840.1.114274.1818.51521141472771467118207081443977726655/2.16.840.1.114274.1818.521752738250103257017750840338128141985.zip,90961420,c006d0ab81bf445698f31aba42db5f4d,,10041569-KTJisivBEW8eG11h3OmCQ,,Br49d_2,Z_EC,,,False,ORIGINAL_PRIMARY_AXIAL_CT_SOM5 SPI DUAL_STD_SNRG_DET_AB,,SIEMENS,,CT,,dg.MD1R/7f049259-0ef1-4041-a7da-fa39fe1531e0,FFS,0.87109375,LUNG_AX_THIN_1.0,2.16.840.1.114274.1818.521752738250103257017750840338128141985,1.0,,4fd56c15-6e2d-4b23-9089-796f313124bb,ACR_20250901,1ca3672c-425c-4d1b-9f55-6ac52824747a,2.16.840.1.114274.1818.51521141472771467118207081443977726655,10041569-KTJisivBEW8eG11h3OmCQ,10041569-KTJisivBEW8eG11h3OmCQ,Yes,Male,36.0,Not Reported,False,True,1,1,1,0,0,1,1,,,,,0,5
ct_series_file,7458ca3a-2511-4fc7-b4bf-7eb16fbeebfa,Open-A1,2.16.840.1.114274.1818.51219693226088182155471252234292688001,CT,DCM,DICOM,10041569-NCqDv8OEUyQItLOWlNToA/2.16.840.1.114274.1818.56555093554733312284867464472128981134/2.16.840.1.114274.1818.51219693226088182155471252234292688001.zip,10167590,b32607327bd7fa97e8de5b1b405993d2,,10041569-NCqDv8OEUyQItLOWlNToA,,STANDARD,,,,False,ORIGINAL_PRIMARY_AXIAL,,GE MEDICAL SYSTEMS,Revolution HD,CT,,dg.MD1R/979d104b-b759-4896-887d-81ecd482206d,FFS,0.976562,AX_VEN_5.0_THICK_AP,2.16.840.1.114274.1818.51219693226088182155471252234292688001,5.0,-5.0,4fd56c15-6e2d-4b23-9089-796f313124bb,ACR_20250901,d8243393-0a96-4723-a327-789c976a36a7,2.16.840.1.114274.1818.56555093554733312284867464472128981134,10041569-NCqDv8OEUyQItLOWlNToA,10041569-NCqDv8OEUyQItLOWlNToA,Yes,Female,61.0,White,False,True,1,1,0,0,0,1,1,,,,,0,4
ct_series_file,20bb3b35-717b-49a0-bf0e-68462d941ee9,Open-A1,2.16.840.1.114274.1818.503051312880613557013407707268110199737,CT,DCM,DICOM,10041569-KTJisivBEW8eG11h3OmCQ/2.16.840.1.114274.1818.464013462616743400915696501676198785442/2.16.840.1.114274.1818.503051312880613557013407707268110199737.zip,114434300,da9163d9f549d36862abca0d5065d322,,10041569-KTJisivBEW8eG11h3OmCQ,,Br38f,XYZ_EC,,,False,DERIVED_PRIMARY_AXIAL_CT_SOM5 SPI,1.0,SIEMENS,Biograph128_Vision 600 Edge,CT,,dg.MD1R/7b86c1bc-80dc-4370-a45a-5cc3b5643ccc,FFS,1.5234375,AC  CT WB,2.16.840.1.114274.1818.503051312880613557013407707268110199737,4.0,,4fd56c15-6e2d-4b23-9089-796f313124bb,ACR_20250901,78c2eb9a-bc3c-41f1-9c52-9077be796379,2.16.840.1.114274.1818.464013462616743400915696501676198785442,10041569-KTJisivBEW8eG11h3OmCQ,10041569-KTJisivBEW8eG11h3OmCQ,Yes,Male,36.0,Not Reported,False,True,1,1,1,0,0,1,1,,,,,0,5
ct_series_file,6167127e-e57e-46f3-b19a-02f37118ea21,Open-A1,2.16.840.1.114274.1818.47948261236111018573473766141837609917,CT,DCM,DICOM,2.16.840.1.114274.1818.49182320293804197899336241449057882519/2.16.840.1.114274.1818.47948261236111018573473766141837609917.zip,29353760,957788df64d0160751d3bf95b682ed54,,10000364-1607263,,,,,,,,,GE MEDICAL SYSTEMS,LightSpeed VCT,CT,112.0,dg.MD1R/3d341492-38a3-48cb-89eb-2f72912c51ef,,,LUNG,2.16.840.1.114274.1818.47948261236111018573473766141837609917,,,da2db6a3-93f5-4066-90b2-f8dd8afadd2c,ACR_20211115,97c63a23-08c1-4f55-a10d-4b5b8498366e,2.16.840.1.114274.1818.49182320293804197899336241449057882519,10000364-1607263,10000364-1607263,Yes,Female,64.0,Black or African American,True,True,1,1,1,0,0,1,0,,,,,0,4
ct_series_file,73b7944e-d761-4553-b608-74f9bf378251,Open-A1,2.16.840.1.114362.1.12359305.25874454649.713300381.1009.1654,CT,DCM,DICOM,10041569-hGXklXiglkyibymE05GqA/2.16.840.1.114274.1818.51310091309937926663676189502443574964/2.16.840.1.114362.1.12359305.25874454649.713300381.1009.1654.zip,1442148,ff67f001aa2640a408b8633ae4c407d3,,10041569-hGXklXiglkyibymE05GqA,,Hr60s,,Skull-stripping,,True,DERIVED_PRIMARY_AXIAL,,SIEMENS / MIM Software,SOMATOM Definition Edge,CT,,dg.MD1R/24605a47-a0b8-4af4-b021-7b45492c3e8a,HFS,0.40039062,BrainSegmentation,2.16.840.1.114362.1.12359305.25874454649.713300381.1009.1654,3.0,,4fd56c15-6e2d-4b23-9089-796f313124bb,ACR_20250901,7280e843-8e57-4822-8906-970a4fa28756,2.16.840.1.114274.1818.51310091309937926663676189502443574964,10041569-hGXklXiglkyibymE05GqA,10041569-hGXklXiglkyibymE05GqA,Yes,Male,49.0,White,False,True,1,1,1,0,0,1,1,,,,,0,5
ct_series_file,c6c390b0-d96e-437b-8b9d-138690792583,Open-A1,2.16.840.1.114274.1818.552134420767988091916804569660411722939,CT,DCM,DICOM,10041569-YIon3HGGUa4N81uJEoWmg/2.16.840.1.114274.1818.49252408960383494347352526721023077508/2.16.840.1.114274.1818.552134420767988091916804569660411722939.zip,26858518,bdcddb413d41d316148b5a8659c35621,,10041569-YIon3HGGUa4N81uJEoWmg,,Br51f_2,XYZ_EC,,,False,ORIGINAL_PRIMARY_AXIAL_CT_SOM5 SPI,,SIEMENS,SOMATOM Definition Edge,CT,,dg.MD1R/b36e8883-e17a-4cc1-9572-32fd235966ad,FFS,0.720703125,CHEST  3.0  Br51  2,2.16.840.1.114274.1818.552134420767988091916804569660411722939,3.0,,4fd56c15-6e2d-4b23-9089-796f313124bb,ACR_20250901,cc660938-8f8b-4b74-be11-b18bb9fa2569,2.16.840.1.114274.1818.49252408960383494347352526721023077508,10041569-YIon3HGGUa4N81uJEoWmg,10041569-YIon3HGGUa4N81uJEoWmg,Yes,Male,84.0,Black or African American,False,False,1,1,1,1,0,1,1,,,,,0,6
ct_series_file,6d1d9ff6-cea5-4188-bcfe-51faacdc26c6,Open-A1,2.16.840.1.114362.1.12046989.25398265497.615992522.138.942,CT,DCM,DICOM,10000364-252224/2.16.840.1.114274.1818.487102046278867876711413712279471820974/2.16.840.1.114362.1.12046989.25398265497.615992522.138.942.zip,1920090,42117fd637029e55a1e2e17d7ebf94c5,,10000364-252224,,J30s,,Skull-stripping,2.0,True,DERIVED_PRIMARY_AXIAL,,SIEMENS / MIM Software,SOMATOM Definition AS+,CT,34.0,dg.MD1R/854627e2-c65c-43a6-8bef-c2eaf24b4066,HFS,0.4375,BrainSegmentation,2.16.840.1.114362.1.12046989.25398265497.615992522.138.942,5.0,,f3a84a57-f61e-4953-af27-23f850bc857a,ACR_20230415,dce1ff86-ddc6-4dff-a0de-a05f17ab08b8,2.16.840.1.114274.1818.487102046278867876711413712279471820974,10000364-252224,10000364-252224,Yes,Male,88.0,White,True,True,0,1,0,0,0,0,1,,,,,0,2
ct_series_file,8c0d539b-1d3b-4839-8ad2-90b944a4b902,Open-A1,2.16.840.1.114274.1818.49506492148002854018300256839990323645,CT,DCM,DICOM,10000364-485319/CT_2.16.840.1.114274.1818.56923864944934451299816149654539834301/2.16.840.1.114274.1818.49506492148002854018300256839990323645.zip,69142876,d8feb342efa92c833decdcebc55fa95f,,10000364-485319,,,,,,,,,GE MEDICAL SYSTEMS,LightSpeed VCT,CT,272.0,dg.MD1R/7bf694a6-6fed-4119-ab5f-4ea090242722,,,lung windows,2.16.840.1.114274.1818.49506492148002854018300256839990323645,,,23e8c279-92d2-47da-99de-97dedc454bb4,ACR_20211020,0300de6c-cbb2-4148-89d3-1eb6e1caa247,2.16.840.1.114274.1818.56923864944934451299816149654539834301,10000364-485319,10000364-485319,Yes,Female,60.0,White,True,True,0,1,0,0,0,0,1,,,,,0,2
ct_series_file,9267d699-f073-418d-ada9-e83a4c33fbf7,Open-A1,2.16.840.1.114274.1818.52026711539374054338375865706635963560,CT,DCM,DICOM,10041569-hGXklXiglkyibymE05GqA/2.16.840.1.114274.1818.531341274525390498714461490575260664760/2.16.840.1.114274.1818.52026711539374054338375865706635963560.zip,101918,ad707243487d3115f261746f471b80a5,,10041569-hGXklXiglkyibymE05GqA,,Tr60f,NONE,,,False,ORIGINAL_PRIMARY_LOCALIZER_CT_SOM5 TOP,,SIEMENS,SOMATOM Definition Edge,CT,,dg.MD1R/d6d01660-b9c0-4cc9-ac53-7eabb7513d36,FFS,2.0,AP SCOUT,2.16.840.1.114274.1818.52026711539374054338375865706635963560,,,4fd56c15-6e2d-4b23-9089-796f313124bb,ACR_20250901,00946003-f9ab-4d88-b2a7-2329ba25304a,2.16.840.1.114274.1818.531341274525390498714461490575260664760,10041569-hGXklXiglkyibymE05GqA,10041569-hGXklXiglkyibymE05GqA,Yes,Male,49.0,White,False,True,1,1,1,0,0,1,1,,,,,0,5
ct_series_file,b2677e7d-3928-4064-ad58-167aae80ddcc,Open-A1,2.16.840.1.114274.1818.53843909224272913279276192241242383545,CT,DCM,DICOM,2.16.840.1.114274.1818.4948415564176827061609523082483227267/2.16.840.1.114274.1818.53843909224272913279276192241242383545.zip,150379702,722cdd28bb8a4fc4d98ae0a4b8803cd8,,10000364-485319,OMNIPAQUE 350,,,,,,,,GE MEDICAL SYSTEMS,LightSpeed VCT,CT,697.0,dg.MD1R/a2527e01-3327-48cb-8617-f35bb6c8a0d9,,,CAP 1.25 STD,2.16.840.1.114274.1818.53843909224272913279276192241242383545,,,da2db6a3-93f5-4066-90b2-f8dd8afadd2c,ACR_20211115,5cee715d-5c5e-4c5d-b164-2acb733d3352,2.16.840.1.114274.1818.4948415564176827061609523082483227267,10000364-485319,10000364-485319,Yes,Female,60.0,White,True,True,0,1,0,0,0,0,1,,,,,0,2
ct_series_file,f9708e6b-697f-4d9c-a7df-76b1c9de17db,Open-A1,2.16.840.1.114274.1818.56756217688113975776027965558402000552,CT,DCM,DICOM,10041569-rdL12m75aU6AT4OZNtG2Aw/2.16.840.1.114274.1818.476539715330176438318007170366096353152/2.16.840.1.114274.1818.56756217688113975776027965558402000552.zip,72874412,5ff2baa505fea9362bd32943db103060,,10041569-rdL12m75aU6AT4OZNtG2Aw,APPLIED,Br40d_4,XYZ_EC,,,False,ORIGINAL_PRIMARY_AXIAL_CT_SOM5 SPI,,SIEMENS,SOMATOM Force,CT,,dg.MD1R/a46d65e3-1caa-4ea9-9c94-35f831d8978b,FFS,0.8046875,ST_AX_PE_1.0,2.16.840.1.114274.1818.56756217688113975776027965558402000552,1.0,,4fd56c15-6e2d-4b23-9089-796f313124bb,ACR_20250901,9914657e-8d97-487d-abbc-5e4453fadef5,2.16.840.1.114274.1818.476539715330176438318007170366096353152,10041569-rdL12m75aU6AT4OZNtG2Aw,10041569-rdL12m75aU6AT4OZNtG2Aw,Yes,Male,51.0,Black or African American,False,True,1,1,1,0,0,1,1,,,,,0,5
ct_series_file,3f79e09d-d895-4f68-9b25-a12e456a79b7,Open-A1,2.16.840.1.114274.1818.461765705712440010915162435908265586362,CT,DCM,DICOM,2.16.840.1.114274.1818.512897776342379056812748538679386696322/2.16.840.1.114274.1818.461765705712440010915162435908265586362.zip,63965692,3331ae9029f846f51ed917d151b4db6b,,10000364-485319,Omnipaque,,,,,,,,SIEMENS,SOMATOM Definition AS+,CT,300.0,dg.MD1R/b3079fb5-1243-4d90-8bf4-c65be9ee4be4,,,ARTERIAL  1.5  mm,2.16.840.1.114274.1818.461765705712440010915162435908265586362,,,da2db6a3-93f5-4066-90b2-f8dd8afadd2c,ACR_20211115,73137529-a510-443a-a077-8a671563c7e5,2.16.840.1.114274.1818.512897776342379056812748538679386696322,10000364-485319,10000364-485319,Yes,Female,60.0,White,True,True,0,1,0,0,0,0,1,,,,,0,2
ct_series_file,73be811f-a916-4e16-970f-baf5d547d334,Open-A1,2.16.840.1.114274.1818.46397733193434553812500692513903468163,CT,DCM,DICOM,10041569-VGNu6FLHPEiGjPVNhzb7rA/2.16.840.1.114274.1818.47725593941143701869724908224129315975/2.16.840.1.114274.1818.46397733193434553812500692513903468163.zip,85517142,a6d7ae39ce59013c9a45db4a4cd8a5ae,,10041569-VGNu6FLHPEiGjPVNhzb7rA,,Br51f_4,XYZ_EC,,,False,ORIGINAL_PRIMARY_AXIAL_CT_SOM5 SPI,,SIEMENS,SOMATOM Definition Edge,CT,,dg.MD1R/276ad750-13ef-4882-9994-3558637e96b5,FFS,0.7578125,LUNG_AX_PE_1.0,2.16.840.1.114274.1818.46397733193434553812500692513903468163,1.0,,4fd56c15-6e2d-4b23-9089-796f313124bb,ACR_20250901,05a7e9b0-ffa7-4798-885a-4abb5ce2a798,2.16.840.1.114274.1818.47725593941143701869724908224129315975,10041569-VGNu6FLHPEiGjPVNhzb7rA,10041569-VGNu6FLHPEiGjPVNhzb7rA,Yes,Female,38.0,Black or African American,False,True,0,1,1,0,0,1,1,,,,,0,4
ct_series_file,d580fc9d-bc83-40dd-be97-db718c6d53f8,Open-A1,2.16.840.1.114274.1818.54303920934710063121978169405795821190,CT,DCM,DICOM,10041569-NCqDv8OEUyQItLOWlNToA/2.16.840.1.114274.1818.485160646119472738617176115934681053321/2.16.840.1.114274.1818.54303920934710063121978169405795821190.zip,1785862,ac9ac88af2a57e021636da6de4942033,,10041569-NCqDv8OEUyQItLOWlNToA,,STANDARD,,,,False,ORIGINAL_PRIMARY_LOCALIZER,,GE MEDICAL SYSTEMS,Revolution CT,CT,,dg.MD1R/b924def6-8c57-4b3d-a7c2-a660ee2d2e9b,HFS,0.636364,Scout,2.16.840.1.114274.1818.54303920934710063121978169405795821190,710.0,10.0,4fd56c15-6e2d-4b23-9089-796f313124bb,ACR_20250901,fbaede05-b889-456a-a1fb-f74d14918935,2.16.840.1.114274.1818.485160646119472738617176115934681053321,10041569-NCqDv8OEUyQItLOWlNToA,10041569-NCqDv8OEUyQItLOWlNToA,Yes,Female,61.0,White,False,True,1,1,0,0,0,1,1,,,,,0,4
ct_series_file,69d65fc0-20ca-4074-8a26-f8b03407ce89,Open-A1,2.16.840.1.114362.1.12046989.25376105759.615047524.113.81,CT,DCM,DICOM,10000364-899490/2.16.840.1.114274.1818.522756121394275187812966737592049189051/2.16.840.1.114362.1.12046989.25376105759.615047524.113.81.zip,6335216,22752947ad581a68a638bfb4b7f577eb,,10000364-899490,,J70h,,Skull-stripping,2.0,True,DERIVED_PRIMARY_AXIAL,,SIEMENS / MIM Software,SOMATOM Definition AS,CT,79.0,dg.MD1R/6f22e5fb-a156-42b6-b2c0-013558092d64,HFS,0.43749997,BrainSegmentation,2.16.840.1.114362.1.12046989.25376105759.615047524.113.81,1.927260876,,f3a84a57-f61e-4953-af27-23f850bc857a,ACR_20230415,78ec07c1-cb8f-4b0b-8436-83547e35624d,2.16.840.1.114274.1818.522756121394275187812966737592049189051,10000364-899490,10000364-899490,Yes,Female,71.0,White,False,True,1,1,1,0,0,0,1,,,,,0,4
ct_series_file,6ac38c37-2a05-4ae6-91cb-a24ef1a8aba3,Open-A1,2.16.840.1.114274.1818.52475324106778215425924753226200618162,CT,DCM,DICOM,10000364-485319/2.16.840.1.114274.1818.49342151172651025804694833795080380574/2.16.840.1.114274.1818.52475324106778215425924753226200618162.zip,86097400,8db37dc71f72d5546f6efbc4a82b25fd,,10000364-485319,,,,,,,,,SIEMENS,SOMATOM Drive,CT,314.0,dg.MD1R/6e4dcac7-a627-4c20-a601-55225c0856fe,,,Ax C Spine Bone,2.16.840.1.114274.1818.52475324106778215425924753226200618162,,,e6c5fb12-7467-4a7c-979a-b1e84c5c53df,ACR_20210823,6d548ee7-a8c7-41ae-a311-749b2a467d32,2.16.840.1.114274.1818.49342151172651025804694833795080380574,10000364-485319,10000364-485319,Yes,Female,60.0,White,True,True,0,1,0,0,0,0,1,,,,,0,2
ct_series_file,db1088d0-388d-44fe-a3a0-55ee5255a413,Open-A1,2.16.840.1.114362.1.12359305.25874454649.713232710.580.1234,CT,DCM,DICOM,10041569-DlqX5imb0ejWPhSL4fHg/2.16.840.1.114274.1818.46822287575423285798927568582920089490/2.16.840.1.114362.1.12359305.25874454649.713232710.580.1234.zip,7078766,a657935e588f71136f1229973aeeee6e,,10041569-DlqX5imb0ejWPhSL4fHg,,STANDARD,,Skull-stripping,,True,DERIVED_PRIMARY_AXIAL,,GE MEDICAL SYSTEMS / MIM Software,Revolution CT,CT,,dg.MD1R/65178564-abfb-4939-b620-8515dbcc1bb1,HFS,0.976563,BrainSegmentation,2.16.840.1.114362.1.12359305.25874454649.713232710.580.1234,1.25,,4fd56c15-6e2d-4b23-9089-796f313124bb,ACR_20250901,ca46b72f-5296-4100-9b65-28a91690b846,2.16.840.1.114274.1818.46822287575423285798927568582920089490,10041569-DlqX5imb0ejWPhSL4fHg,10041569-DlqX5imb0ejWPhSL4fHg,Yes,Female,73.0,Black or African American,False,True,0,1,1,1,0,1,1,,,,,0,5
ct_series_file,c50112ec-43a5-40bd-b27b-120bb5113713,Open-A1,2.16.840.1.114362.1.12046989.25454232014.618192232.947.60,CT,DCM,DICOM,10000364-899490/2.16.840.1.114274.1818.462325808401759840017981656069541651856/2.16.840.1.114362.1.12046989.25454232014.618192232.947.60.zip,3877946,560f8461a3a105aa156666056300e8d6,,10000364-899490,,H30s,,Skull-stripping,2.0,True,DERIVED_PRIMARY_AXIAL,,SIEMENS / MIM Software,SOMATOM Definition AS,CT,58.0,dg.MD1R/6399e50e-dd8d-47e3-8a1d-cc4b7632dd5d,HFS,0.314453125,BrainSegmentation,2.16.840.1.114362.1.12046989.25454232014.618192232.947.60,2.999999523,,f3a84a57-f61e-4953-af27-23f850bc857a,ACR_20230415,abccc64a-7b51-44b7-a869-1f6f79dbb243,2.16.840.1.114274.1818.462325808401759840017981656069541651856,10000364-899490,10000364-899490,Yes,Female,71.0,White,False,True,1,1,1,0,0,0,1,,,,,0,4
ct_series_file,1e4741ed-03e8-4b9b-aa99-b993b94f5e0f,Open-A1,2.16.840.1.114274.1818.55292166861039006332636253763056614821,CT,DCM,DICOM,10041569-rdL12m75aU6AT4OZNtG2Aw/2.16.840.1.114274.1818.476539715330176438318007170366096353152/2.16.840.1.114274.1818.55292166861039006332636253763056614821.zip,2018644,24df822157f9cae4e23f2f6b0e0d9053,,10041569-rdL12m75aU6AT4OZNtG2Aw,APPLIED,Br36f,NONE,,,False,ORIGINAL_PRIMARY_AXIAL_CT_SOM5 MON,,SIEMENS,SOMATOM Force,CT,,dg.MD1R/1525c924-be92-4baf-8511-eacea06cbe4d,FFS,0.5859375,Monitoring  10.0  Br36,2.16.840.1.114274.1818.55292166861039006332636253763056614821,10.0,,4fd56c15-6e2d-4b23-9089-796f313124bb,ACR_20250901,9914657e-8d97-487d-abbc-5e4453fadef5,2.16.840.1.114274.1818.476539715330176438318007170366096353152,10041569-rdL12m75aU6AT4OZNtG2Aw,10041569-rdL12m75aU6AT4OZNtG2Aw,Yes,Male,51.0,Black or African American,False,True,1,1,1,0,0,1,1,,,,,0,5
ct_series_file,a6ca3917-49f7-4328-b9d5-e0204b6cb7b7,Open-A1,2.16.840.1.114274.1818.49853125077149403756973514498401307808,CT,DCM,DICOM,10041569-NCqDv8OEUyQItLOWlNToA/2.16.840.1.114274.1818.48559003996315489723128184829363217592/2.16.840.1.114274.1818.49853125077149403756973514498401307808.zip,75056274,fc6301fff1deb1cd6f3a23008671d60d,,10041569-NCqDv8OEUyQItLOWlNToA,,Br51f_3,XYZ_EC,,,False,ORIGINAL_PRIMARY_AXIAL_CT_SOM5 SPI,,SIEMENS,SOMATOM Definition Edge,CT,,dg.MD1R/0b57fdf5-7bb1-467d-a3b4-6e7b3c20bf8c,HFS,0.83203125,Thorax  1.0  Br51  3,2.16.840.1.114274.1818.49853125077149403756973514498401307808,1.0,,4fd56c15-6e2d-4b23-9089-796f313124bb,ACR_20250901,d823ed0b-1734-4f98-868d-fbf50bb51aba,2.16.840.1.114274.1818.48559003996315489723128184829363217592,10041569-NCqDv8OEUyQItLOWlNToA,10041569-NCqDv8OEUyQItLOWlNToA,Yes,Female,61.0,White,False,True,1,1,0,0,0,1,1,,,,,0,4
ct_series_file,e180c44e-7434-4cf3-901e-c9baf2cfb62a,Open-A1,2.16.840.1.114274.1818.573752854361930176710770460415386778496,CT,DCM,DICOM,10041569-4DNktkkdXUGzSU6qGPxFEw/2.16.840.1.114274.1818.544668477726712432012317690325448769452/2.16.840.1.114274.1818.573752854361930176710770460415386778496.zip,45345226,05fa174450910f8783d16c36e9b6fae1,,10041569-4DNktkkdXUGzSU6qGPxFEw,,FC18,3D,,,False,ORIGINAL_PRIMARY_AXIAL,,TOSHIBA,Aquilion,CT,,dg.MD1R/cb488527-7fbb-4afa-8486-025b32dee0c4,FFS,0.763,ST_AX_THIN_1.0 ST_AX_THIN_1.0 Body,2.16.840.1.114274.1818.573752854361930176710770460415386778496,1.0,,4fd56c15-6e2d-4b23-9089-796f313124bb,ACR_20250901,9984a4db-89d7-4b1a-b7f4-9ae7fd8769dc,2.16.840.1.114274.1818.544668477726712432012317690325448769452,10041569-4DNktkkdXUGzSU6qGPxFEw,10041569-4DNktkkdXUGzSU6qGPxFEw,Yes,Female,26.0,Black or African American,False,True,1,1,0,0,0,1,1,,,,,0,4
ct_series_file,20f24fa5-5aa5-4280-9a41-ba7ea1d8b180,Open-A1,2.16.840.1.114274.1818.54704333621928037887175341485436932737,CT,DCM,DICOM,10041569-PM8BrEOGvEyWPkLhhZ94XQ/2.16.840.1.114274.1818.52889827749950004502740943008177332133/2.16.840.1.114274.1818.54704333621928037887175341485436932737.zip,84183784,907ce768b6831df900f8740c074f6529,,10041569-PM8BrEOGvEyWPkLhhZ94XQ,,Br51f_3,XYZ_EC,,,False,ORIGINAL_PRIMARY_AXIAL_CT_SOM5 SPI,,SIEMENS,SOMATOM Definition AS+,CT,,dg.MD1R/e16e36e1-ee9b-486c-b03e-0a7981a2b565,FFS,0.736328125,LUNG_AX_CHEST_1.0,2.16.840.1.114274.1818.54704333621928037887175341485436932737,1.0,,4fd56c15-6e2d-4b23-9089-796f313124bb,ACR_20250901,49d7118e-4d23-4191-bbd8-9cd501640f10,2.16.840.1.114274.1818.52889827749950004502740943008177332133,10041569-PM8BrEOGvEyWPkLhhZ94XQ,10041569-PM8BrEOGvEyWPkLhhZ94XQ,Yes,Male,66.0,Black or African American,False,True,1,1,1,0,0,1,1,,,,,0,5
ct_series_file,b0fd9334-8451-415c-a5fa-60b3edaa5530,Open-A1,2.16.840.1.114274.1818.502061195543318999411731677158730959256,CT,DCM,DICOM,10000364-899490/CT_2.16.840.1.114274.1818.55348948265508747178130358991269977483/2.16.840.1.114274.1818.502061195543318999411731677158730959256.zip,46018420,6d27ecb69d92bb3ec9eb641525fd0f15,,10000364-899490,,,,,,,,,SIEMENS,SOMATOM Definition AS,CT,198.0,dg.MD1R/527c733f-d001-4967-bb69-9668b4678c51,,,Sag,2.16.840.1.114274.1818.502061195543318999411731677158730959256,,,23e8c279-92d2-47da-99de-97dedc454bb4,ACR_20211020,359e9e4d-194a-4839-8d2b-a53248dc4ff6,2.16.840.1.114274.1818.55348948265508747178130358991269977483,10000364-899490,10000364-899490,Yes,Female,71.0,White,False,True,1,1,1,0,0,0,1,,,,,0,4
ct_series_file,8eabdc47-430f-4998-8eb6-ebb40829bf1c,Open-A1,2.16.840.1.114274.1818.56752403205263099049131450962621582740,CT,DCM,DICOM,10000364-485319/2.16.840.1.114274.1818.49342151172651025804694833795080380574/2.16.840.1.114274.1818.56752403205263099049131450962621582740.zip,144968,5f6b609a7db393d35969694c33a36732,,10000364-485319,,,,,,,,,SIEMENS,SOMATOM Drive,CT,1.0,dg.MD1R/7f5f8c73-3d2e-42b2-b4d1-d2eea5433ca0,,,Topogram  1.0  Tr20,2.16.840.1.114274.1818.56752403205263099049131450962621582740,,,e6c5fb12-7467-4a7c-979a-b1e84c5c53df,ACR_20210823,6d548ee7-a8c7-41ae-a311-749b2a467d32,2.16.840.1.114274.1818.49342151172651025804694833795080380574,10000364-485319,10000364-485319,Yes,Female,60.0,White,True,True,0,1,0,0,0,0,1,,,,,0,2
ct_series_file,18ee596f-90e5-4b6a-8da0-a0818db1e9c5,Open-A1,2.16.840.1.114362.1.12359305.25874454649.713299969.895.1654,CT,DCM,DICOM,10041569-hGXklXiglkyibymE05GqA/2.16.840.1.114274.1818.51310091309937926663676189502443574964/2.16.840.1.114362.1.12359305.25874454649.713299969.895.1654.zip,1116042,7e232fcf7e456fdfa3346e0ac43aa38a,,10041569-hGXklXiglkyibymE05GqA,,Hr38s,,Skull-stripping,,True,DERIVED_PRIMARY_AXIAL,,SIEMENS / MIM Software,SOMATOM Definition Edge,CT,,dg.MD1R/b3e9a555-132a-48f5-ab02-fa736dc5813d,HFS,0.40039062,BrainSegmentation,2.16.840.1.114362.1.12359305.25874454649.713299969.895.1654,3.0,,4fd56c15-6e2d-4b23-9089-796f313124bb,ACR_20250901,7280e843-8e57-4822-8906-970a4fa28756,2.16.840.1.114274.1818.51310091309937926663676189502443574964,10041569-hGXklXiglkyibymE05GqA,10041569-hGXklXiglkyibymE05GqA,Yes,Male,49.0,White,False,True,1,1,1,0,0,1,1,,,,,0,5
ct_series_file,7ace29fa-e8c1-469f-a19b-af39b8b4a0d7,Open-A1,2.16.840.1.114274.1818.46431192316262856642251827750415795337,CT,DCM,DICOM,2.16.840.1.114274.1818.466100515819725325916358300152457106595/2.16.840.1.114274.1818.46431192316262856642251827750415795337.zip,24843056,60a31fa1ad89f15bd5e6e60c29afda68,,10000364-485319,,,,,,,,,SIEMENS,SOMATOM Definition Flash,CT,118.0,dg.MD1R/c4a80c61-b07b-48fa-b5af-8feca5ecc3fc,,,Fl_Chest   3.0  B40f,2.16.840.1.114274.1818.46431192316262856642251827750415795337,,,da2db6a3-93f5-4066-90b2-f8dd8afadd2c,ACR_20211115,0e6d7e0a-0345-4c94-a44a-b6061b9d2913,2.16.840.1.114274.1818.466100515819725325916358300152457106595,10000364-485319,10000364-485319,Yes,Female,60.0,White,True,True,0,1,0,0,0,0,1,,,,,0,2
ct_series_file,708ebb29-0c4a-4349-a4a7-dfdc88f14233,Open-A1,2.16.840.1.114274.1818.54907364434661606254363891784344844473,CT,DCM,DICOM,10041569-0MlpwvpeqkmKqEG4iMez6g/2.16.840.1.114274.1818.55950391775379010631565920027288662932/2.16.840.1.114274.1818.54907364434661606254363891784344844473.zip,38541984,042acbd7501ab9a98dfcc1e85018d42e,,10041569-0MlpwvpeqkmKqEG4iMez6g,,Bf37f_3,XYZ_EC,,,False,ORIGINAL_PRIMARY_AXIAL_CT_SOM5 SPI,,SIEMENS,SOMATOM Definition Edge,CT,,dg.MD1R/c208ecaf-fba9-49e2-9d96-ef92209a6178,FFS,0.787109375,ST_AX_THICK_2.0,2.16.840.1.114274.1818.54907364434661606254363891784344844473,2.0,,4fd56c15-6e2d-4b23-9089-796f313124bb,ACR_20250901,0f4266b0-e019-43dc-84d0-86d7e903c221,2.16.840.1.114274.1818.55950391775379010631565920027288662932,10041569-0MlpwvpeqkmKqEG4iMez6g,10041569-0MlpwvpeqkmKqEG4iMez6g,Yes,Male,54.0,White,False,True,1,1,1,0,0,0,1,,,,,0,4
ct_series_file,10886c4b-30ed-400e-9b5b-b0c46f0c9879,Open-A1,2.16.840.1.114274.1818.524435215832559889212060117084684545441,CT,DCM,DICOM,10041569-NCqDv8OEUyQItLOWlNToA/2.16.840.1.114274.1818.51437749436214554596198566276650239408/2.16.840.1.114274.1818.524435215832559889212060117084684545441.zip,36974320,6f6c9f86bdabf04523420eac3eb77671,,10041569-NCqDv8OEUyQItLOWlNToA,,I31f_3,XYZ_EC,,,False,ORIGINAL_PRIMARY_AXIAL_CT_SOM5 SPI,,SIEMENS,SOMATOM Definition Flash,CT,,dg.MD1R/04164872-3ffb-4d7c-b5b4-b492781f935d,FFS,0.78125,ST_AX_THICK_2.0,2.16.840.1.114274.1818.524435215832559889212060117084684545441,2.0,,4fd56c15-6e2d-4b23-9089-796f313124bb,ACR_20250901,6cffd9d1-29f5-44c7-b1d9-943a6131e50f,2.16.840.1.114274.1818.51437749436214554596198566276650239408,10041569-NCqDv8OEUyQItLOWlNToA,10041569-NCqDv8OEUyQItLOWlNToA,Yes,Female,61.0,White,False,True,1,1,0,0,0,1,1,,,,,0,4
ct_series_file,6e32dec4-5de2-42c4-867a-88e8d6be4248,Open-A1,2.16.840.1.114274.1818.533469000512693574116142442126785904314,CT,DCM,DICOM,10000364-485319/2.16.840.1.114274.1818.49955127773876913891157725725632179888/2.16.840.1.114274.1818.533469000512693574116142442126785904314.zip,148788,9dccf98fc25c88342c1a01cc54b59d0d,,10000364-485319,,,,,,,,,SIEMENS,SOMATOM Definition AS,CT,1.0,dg.MD1R/014f2b4c-234d-4334-8267-013ebe8e003c,,,Topogram  0.6  T20f,2.16.840.1.114274.1818.533469000512693574116142442126785904314,,,5f596eb7-d79b-47d3-8ff0-1d4ba3d2ea85,ACR_20210827,28649319-3a02-4b32-b20b-4b48a4345e9e,2.16.840.1.114274.1818.49955127773876913891157725725632179888,10000364-485319,10000364-485319,Yes,Female,60.0,White,True,True,0,1,0,0,0,0,1,,,,,0,2
ct_series_file,7ccfd3b2-33d0-4e3c-b6b7-660e915193b7,Open-A1,2.16.840.1.114274.1818.546528877800703603012186268024192772996,CT,DCM,DICOM,10041569-NCqDv8OEUyQItLOWlNToA/2.16.840.1.114274.1818.50793149460206776362447330147529697935/2.16.840.1.114274.1818.546528877800703603012186268024192772996.zip,90898014,2b4c2bc246a029f24196d506036e06e7,,10041569-NCqDv8OEUyQItLOWlNToA,,"Bf37f_4,Bf37f",XYZ_EC,,,False,"DERIVED_PRIMARY_LOCALIZER_CT_SOM5 MPR,DERIVED_PRIMARY_AXIAL_CT_SOM5 MPR",,SIEMENS,SOMATOM Definition Edge,CT,,dg.MD1R/fb0a0fb5-0712-44fe-8711-b2f5b6cd7caf,FFS,"1.015625,0.640625",ST_COR_PE_1.0,2.16.840.1.114274.1818.546528877800703603012186268024192772996,1.0,,4fd56c15-6e2d-4b23-9089-796f313124bb,ACR_20250901,8a7d26ab-541d-40d3-b007-2523376645d2,2.16.840.1.114274.1818.50793149460206776362447330147529697935,10041569-NCqDv8OEUyQItLOWlNToA,10041569-NCqDv8OEUyQItLOWlNToA,Yes,Female,61.0,White,False,True,1,1,0,0,0,1,1,,,,,0,4
ct_series_file,df2fd680-18f9-4847-9e39-bc457dc66cf0,Open-A1,2.16.840.1.114274.1818.49697747519146108354200255819105871803,CT,DCM,DICOM,10041569-kgAvx7uJ10ONCduLyMtlg/2.16.840.1.114274.1818.54430487083515539625023760726191445951/2.16.840.1.114274.1818.49697747519146108354200255819105871803.zip,24268990,17bc67c9937d0d973f3ad48aca8a92fe,,10041569-kgAvx7uJ10ONCduLyMtlg,,I31f_1,XYZ_EC,,,False,ORIGINAL_PRIMARY_AXIAL_CT_SOM5 SPI,,SIEMENS,,CT,,dg.MD1R/ad9229f8-3ab3-4ba2-8dec-e7844375a58c,FFS,0.703125,ST_AX_THICK_3.0,2.16.840.1.114274.1818.49697747519146108354200255819105871803,3.0,,4fd56c15-6e2d-4b23-9089-796f313124bb,ACR_20250901,f535b76b-ad02-4f0f-a5d7-e8a5e9994e88,2.16.840.1.114274.1818.54430487083515539625023760726191445951,10041569-kgAvx7uJ10ONCduLyMtlg,10041569-kgAvx7uJ10ONCduLyMtlg,No,Male,52.0,White,False,True,1,1,0,0,0,1,1,,,,,0,4
ct_series_file,7115cf89-8e0c-4eeb-a16d-a97e0cda9c6d,Open-A1,2.16.840.1.114274.1818.56249892803633927272547071612263253904,CT,DCM,DICOM,10041569-5mEhtO0KQ0Ocq21FWZ6jQ/2.16.840.1.114274.1818.53201221218493509343339847608812980412/2.16.840.1.114274.1818.56249892803633927272547071612263253904.zip,145191002,3542b3bc23f844f39ac03a016b675580,,10041569-5mEhtO0KQ0Ocq21FWZ6jQ,,Br51f_2,XYZ_EC,,,False,ORIGINAL_PRIMARY_AXIAL_CT_SOM5 SPI,,SIEMENS,SOMATOM Definition Edge,CT,,dg.MD1R/4926389a-d110-4293-b978-e638fdb8ec79,FFS,0.873046875,CHEST  1.0  Br51  2,2.16.840.1.114274.1818.56249892803633927272547071612263253904,1.0,,4fd56c15-6e2d-4b23-9089-796f313124bb,ACR_20250901,0011c71f-3d2c-4a3b-90cc-03c972adf1f0,2.16.840.1.114274.1818.53201221218493509343339847608812980412,10041569-5mEhtO0KQ0Ocq21FWZ6jQ,10041569-5mEhtO0KQ0Ocq21FWZ6jQ,Yes,Male,65.0,Black or African American,False,True,0,1,1,1,0,0,1,,,,,0,4
ct_series_file,0bc38227-0aea-4002-b8c4-27e9930459b0,Open-A1,2.16.840.1.114274.1818.495818319222840536511071052971222282398,CT,DCM,DICOM,2.16.840.1.114274.1818.466100515819725325916358300152457106595/2.16.840.1.114274.1818.495818319222840536511071052971222282398.zip,27935452,1753f5eb6fee7fc97128a343056c66bf,,10000364-485319,,,,,,,,,SIEMENS,SOMATOM Definition Flash,CT,127.0,dg.MD1R/6c8b053b-e528-480e-94dd-11ade6a44182,,,SAGITTAL,2.16.840.1.114274.1818.495818319222840536511071052971222282398,,,da2db6a3-93f5-4066-90b2-f8dd8afadd2c,ACR_20211115,0e6d7e0a-0345-4c94-a44a-b6061b9d2913,2.16.840.1.114274.1818.466100515819725325916358300152457106595,10000364-485319,10000364-485319,Yes,Female,60.0,White,True,True,0,1,0,0,0,0,1,,,,,0,2
ct_series_file,b62fae3c-7f6f-4a10-bb10-e0d99c0a59b0,Open-A1,2.16.840.1.114274.1818.54196414200944020758720169624824066949,CT,DCM,DICOM,10041569-YwgotNEPQUS9rTCEmYfvGg/2.16.840.1.114274.1818.572057649757037972315924528491279030175/2.16.840.1.114274.1818.54196414200944020758720169624824066949.zip,79663192,600b5ea5a7bfc23743f46418058920d5,,10041569-YwgotNEPQUS9rTCEmYfvGg,,"Br49f_3,Br49f",XYZ_EC,,,False,"DERIVED_PRIMARY_LOCALIZER_CT_SOM5 MPR,DERIVED_PRIMARY_AXIAL_CT_SOM5 MPR",,SIEMENS,SOMATOM Drive,CT,,dg.MD1R/c0027d4c-0c6c-4ee9-a67a-f3a25d3bd0b5,FFS,"0.162109375,0.984375",INSPIRATION  3.0  MPR,2.16.840.1.114274.1818.54196414200944020758720169624824066949,3.0,,4fd56c15-6e2d-4b23-9089-796f313124bb,ACR_20250901,a006c919-e484-4b52-879a-a27845f7784f,2.16.840.1.114274.1818.572057649757037972315924528491279030175,10041569-YwgotNEPQUS9rTCEmYfvGg,10041569-YwgotNEPQUS9rTCEmYfvGg,Yes,Male,43.0,Not Reported,False,True,1,1,1,1,0,1,1,,,,,0,6
ct_series_file,1a7b476c-df52-4bad-9b76-28223154235f,Open-A1,2.16.840.1.114274.1818.49759522883461629804100174736964501126,CT,DCM,DICOM,2.16.840.1.114274.1818.489755175479845905513173897529031218352/2.16.840.1.114274.1818.49759522883461629804100174736964501126.zip,467532,e6b5f10e7c5a04de462a90d259409337,,10000364-1117348,,,,,,,,,GE MEDICAL SYSTEMS,LightSpeed VCT,CT,1.0,dg.MD1R/69500ac6-9d19-4d2c-9288-de4be9b6fdbb,,,SCOUT,2.16.840.1.114274.1818.49759522883461629804100174736964501126,,,da2db6a3-93f5-4066-90b2-f8dd8afadd2c,ACR_20211115,6a82265d-90c4-4207-ba3d-2d8df6a98f31,2.16.840.1.114274.1818.489755175479845905513173897529031218352,10000364-1117348,10000364-1117348,Yes,Male,74.0,White,True,False,0,1,0,0,0,0,1,,,,,0,2
ct_series_file,ce9d9fa0-ace0-4933-871e-f3056cb4c785,Open-A1,2.16.840.1.114274.1818.51234032776487940592330452729838092442,CT,DCM,DICOM,10041569-4DNktkkdXUGzSU6qGPxFEw/2.16.840.1.114274.1818.544668477726712432012317690325448769452/2.16.840.1.114274.1818.51234032776487940592330452729838092442.zip,288340,ec12a53848873e3bc52b83b072fcba11,,10041569-4DNktkkdXUGzSU6qGPxFEw,,FL03,,,,False,ORIGINAL_PRIMARY_LOCALIZER,,TOSHIBA,Aquilion,CT,,dg.MD1R/97c3a24f-a7a7-403f-920c-a08c1a8274cd,FFS,1.0,,2.16.840.1.114274.1818.51234032776487940592330452729838092442,2.0,,4fd56c15-6e2d-4b23-9089-796f313124bb,ACR_20250901,9984a4db-89d7-4b1a-b7f4-9ae7fd8769dc,2.16.840.1.114274.1818.544668477726712432012317690325448769452,10041569-4DNktkkdXUGzSU6qGPxFEw,10041569-4DNktkkdXUGzSU6qGPxFEw,Yes,Female,26.0,Black or African American,False,True,1,1,0,0,0,1,1,,,,,0,4
ct_series_file,f83ab004-16fe-4005-b6b3-c53d5fcbf452,Open-A1,2.16.840.1.114362.1.12359305.25874454649.712383066.458.946,CT,DCM,DICOM,10041569-0MlpwvpeqkmKqEG4iMez6g/2.16.840.1.114274.1818.516287239119536037111226113971135270787/2.16.840.1.114362.1.12359305.25874454649.712383066.458.946.zip,3419854,60398e38008d9b38ae3285a0fba9f76d,,10041569-0MlpwvpeqkmKqEG4iMez6g,,H32s,,Skull-stripping,,True,DERIVED_PRIMARY_AXIAL,,SIEMENS / MIM Software,SOMATOM Definition AS+,CT,,dg.MD1R/b0e5a3d9-f145-412c-9618-b183663157d0,HFS,0.34375,BrainSegmentation,2.16.840.1.114362.1.12359305.25874454649.712383066.458.946,3.0,,4fd56c15-6e2d-4b23-9089-796f313124bb,ACR_20250901,f247003e-b590-4d01-ac53-f0d85b7bbcef,2.16.840.1.114274.1818.516287239119536037111226113971135270787,10041569-0MlpwvpeqkmKqEG4iMez6g,10041569-0MlpwvpeqkmKqEG4iMez6g,Yes,Male,54.0,White,False,True,1,1,1,0,0,0,1,,,,,0,4
ct_series_file,2a32554c-1fa6-4dc2-a5a3-b5dc3ce1e97a,Open-A1,2.16.840.1.114274.1818.563053737400302220918426711670422345129,CT,DCM,DICOM,10041569-YIon3HGGUa4N81uJEoWmg/2.16.840.1.114274.1818.47437664331793591527886035402870054586/2.16.840.1.114274.1818.563053737400302220918426711670422345129.zip,49267802,3c33a1d40acf368691928a008d0c62c9,,10041569-YIon3HGGUa4N81uJEoWmg,ISOVUE,STANDARD,,,,False,ORIGINAL_PRIMARY_AXIAL,,GE MEDICAL SYSTEMS,Revolution CT,CT,,dg.MD1R/77972382-993d-4666-9885-b1fd8e6681c0,FFS,0.71875,PE 1.25 TRUE FIDELITY,2.16.840.1.114274.1818.563053737400302220918426711670422345129,1.25,1.25,4fd56c15-6e2d-4b23-9089-796f313124bb,ACR_20250901,0d755dd4-d558-4ab3-b3d6-054272c73ab2,2.16.840.1.114274.1818.47437664331793591527886035402870054586,10041569-YIon3HGGUa4N81uJEoWmg,10041569-YIon3HGGUa4N81uJEoWmg,Yes,Male,84.0,Black or African American,False,False,1,1,1,1,0,1,1,,,,,0,6
ct_series_file,7c52228b-9e25-4a4f-9705-aa950038f83e,Open-A1,2.16.840.1.114274.1818.544978390097812631511456277048933953960,CT,DCM,DICOM,10000364-1288160/2.16.840.1.114274.1818.50726532205805071547046871105480694172/2.16.840.1.114274.1818.544978390097812631511456277048933953960.zip,28488490,9d5b5e1030aea0470d259354dd968b28,,10000364-1288160,,STANDARD,,,,,DERIVEDSECONDARYREFORMATTEDAVERAGE,,GE MEDICAL SYSTEMS,Discovery CT750 HD,CT,151.0,dg.MD1R/a12fd67d-e232-4858-b4d9-bd796db07b5b,,"0.757812,0.757812",chest coronal,2.16.840.1.114274.1818.544978390097812631511456277048933953960,"2.0,1.25",,59f32345-e328-4e77-8813-6fdff0a106e3,ACR_20220415,2f062916-aa20-4b5d-9c25-85eee77d3c6a,2.16.840.1.114274.1818.50726532205805071547046871105480694172,10000364-1288160,10000364-1288160,Yes,Male,28.0,White,True,True,0,1,1,0,0,0,1,,,,,0,3
ct_series_file,4e618632-e261-4c72-8ad7-2437515cfdf9,Open-A1,2.16.840.1.114274.1818.544423218922742337715065081121779709868,CT,DCM,DICOM,10041569-PM8BrEOGvEyWPkLhhZ94XQ/2.16.840.1.114274.1818.52889827749950004502740943008177332133/2.16.840.1.114274.1818.544423218922742337715065081121779709868.zip,37406734,cb08d4ea7deab204c041b95b77504902,,10041569-PM8BrEOGvEyWPkLhhZ94XQ,,Br51f_2,XYZ_EC,,,False,DERIVED_PRIMARY_AXIAL_CT_SOM5 MPR,,SIEMENS,SOMATOM Definition AS+,CT,,dg.MD1R/1f30b2f8-014d-44ac-9d4b-2bbdef80d9bf,FFS,0.615234375,LUNG_COR_CHEST_2.0,2.16.840.1.114274.1818.544423218922742337715065081121779709868,2.0,,4fd56c15-6e2d-4b23-9089-796f313124bb,ACR_20250901,49d7118e-4d23-4191-bbd8-9cd501640f10,2.16.840.1.114274.1818.52889827749950004502740943008177332133,10041569-PM8BrEOGvEyWPkLhhZ94XQ,10041569-PM8BrEOGvEyWPkLhhZ94XQ,Yes,Male,66.0,Black or African American,False,True,1,1,1,0,0,1,1,,,,,0,5
ct_series_file,4041582e-3acc-4127-ae23-e33618c3e42a,Open-A1,2.16.840.1.114274.1818.487036294643491963612596430933403795383,CT,DCM,DICOM,10041569-4DNktkkdXUGzSU6qGPxFEw/2.16.840.1.114274.1818.556088377517573904313327315396550646692/2.16.840.1.114274.1818.487036294643491963612596430933403795383.zip,7563216,fef500fbc01b3a9567d555535724d6cd,,10041569-4DNktkkdXUGzSU6qGPxFEw,,Br40f_3,XYZ_EC,,,False,ORIGINAL_PRIMARY_AXIAL_CT_SOM5 SPI,,SIEMENS,SOMATOM Definition Edge,CT,,dg.MD1R/82ab785c-03ef-4aa2-b463-c7ce8d21e879,FFS,0.828125,AX_VEN_5.0_THICK_AP,2.16.840.1.114274.1818.487036294643491963612596430933403795383,5.0,,4fd56c15-6e2d-4b23-9089-796f313124bb,ACR_20250901,cac01df1-5f71-48ec-81a4-f1c3403a63b3,2.16.840.1.114274.1818.556088377517573904313327315396550646692,10041569-4DNktkkdXUGzSU6qGPxFEw,10041569-4DNktkkdXUGzSU6qGPxFEw,Yes,Female,26.0,Black or African American,False,True,1,1,0,0,0,1,1,,,,,0,4
ct_series_file,0668e32c-1b8f-46a8-91c1-c18b0beefccf,Open-A1,2.16.840.1.114362.1.12046989.25398265497.615998132.764.942,CT,DCM,DICOM,10000364-1117348/2.16.840.1.114274.1818.55504074468321085076294276175576230275/2.16.840.1.114362.1.12046989.25398265497.615998132.764.942.zip,4814768,a99decbd62b2e3707f76670587c83c54,,10000364-1117348,,Hc40f,,Skull-stripping,2.0,True,DERIVED_PRIMARY_AXIAL,,SIEMENS / MIM Software,SOMATOM Drive,CT,77.0,dg.MD1R/3197a721-2d2d-4aa7-a38e-7d4a1c7daa48,HFS,0.35546875,BrainSegmentation,2.16.840.1.114362.1.12046989.25398265497.615998132.764.942,3.0,,f3a84a57-f61e-4953-af27-23f850bc857a,ACR_20230415,29a12a97-7ff9-41be-8733-293d203aaca1,2.16.840.1.114274.1818.55504074468321085076294276175576230275,10000364-1117348,10000364-1117348,Yes,Male,74.0,White,True,False,0,1,0,0,0,0,1,,,,,0,2
ct_series_file,6b43298a-a510-41cc-b2f9-b3a3ac2b6faa,Open-A1,2.16.840.1.114362.1.12359305.25874454649.713252336.441.1654,CT,DCM,DICOM,10041569-DlqX5imb0ejWPhSL4fHg/2.16.840.1.114274.1818.46822287575423285798927568582920089490/2.16.840.1.114362.1.12359305.25874454649.713252336.441.1654.zip,6665216,2676c7a92970227a4d81a992fc6cfa14,,10041569-DlqX5imb0ejWPhSL4fHg,,STANDARD,,Skull-stripping,,True,DERIVED_PRIMARY_AXIAL,,GE MEDICAL SYSTEMS / MIM Software,Revolution CT,CT,,dg.MD1R/3db5b0c3-a5b1-4a01-9352-66bf1ffb49d8,HFS,0.865234,BrainSegmentation,2.16.840.1.114362.1.12359305.25874454649.713252336.441.1654,1.25,,4fd56c15-6e2d-4b23-9089-796f313124bb,ACR_20250901,ca46b72f-5296-4100-9b65-28a91690b846,2.16.840.1.114274.1818.46822287575423285798927568582920089490,10041569-DlqX5imb0ejWPhSL4fHg,10041569-DlqX5imb0ejWPhSL4fHg,Yes,Female,73.0,Black or African American,False,True,0,1,1,1,0,1,1,,,,,0,5
ct_series_file,3093cf85-333a-4164-95dd-f7f1bf47455d,Open-A1,2.16.840.1.114274.1818.564058037847437397217937609098085465220,CT,DCM,DICOM,10041569-eL6G9dsawkq2QuiCGa8i7Q/2.16.840.1.114274.1818.47820554003624413304637022772050548913/2.16.840.1.114274.1818.564058037847437397217937609098085465220.zip,35332942,be9568ace85cc4b4b9e7332412f9b0bd,,10041569-eL6G9dsawkq2QuiCGa8i7Q,,Br49d_2,Z_EC,,,False,DERIVED_PRIMARY_AXIAL_CT_SOM5 MPR_STD_SNRG_DET_AB,,SIEMENS,SOMATOM Force,CT,,dg.MD1R/1e11881c-32ec-418a-ac19-0ab2abba5abb,FFS,0.59765625,LUNG_SAG_CHEST_3.0,2.16.840.1.114274.1818.564058037847437397217937609098085465220,3.0,,4fd56c15-6e2d-4b23-9089-796f313124bb,ACR_20250901,b7d1b8a3-8e99-43f6-8ee1-2aa13fa8326f,2.16.840.1.114274.1818.47820554003624413304637022772050548913,10041569-eL6G9dsawkq2QuiCGa8i7Q,10041569-eL6G9dsawkq2QuiCGa8i7Q,Yes,Male,62.0,White,False,False,0,1,1,0,0,1,1,,,,,0,4
ct_series_file,13e4b799-b41b-4038-ab46-3040b3f03f89,Open-A1,2.16.840.1.114362.1.12046989.25384746642.615470328.1013.950,CT,DCM,DICOM,10000364-485319/2.16.840.1.114274.1818.530310510869938178612885538599340743087/2.16.840.1.114362.1.12046989.25384746642.615470328.1013.950.zip,1810688,c890a499027a7ab366a42646ecf1ee1e,,10000364-485319,,J30s,,Skull-stripping,2.0,True,DERIVED_PRIMARY_AXIAL,,SIEMENS / MIM Software,SOMATOM Definition AS+,CT,32.0,dg.MD1R/c4b9b82e-c4cb-4ea1-898a-b1328a3c041a,HFS,0.4453125,BrainSegmentation,2.16.840.1.114362.1.12046989.25384746642.615470328.1013.950,5.0,,f3a84a57-f61e-4953-af27-23f850bc857a,ACR_20230415,a0fceeab-3fc3-485d-b106-bfedf6760ae9,2.16.840.1.114274.1818.530310510869938178612885538599340743087,10000364-485319,10000364-485319,Yes,Female,60.0,White,True,True,0,1,0,0,0,0,1,,,,,0,2
ct_series_file,61196d63-034a-4f5e-8aa7-0d98d402bb0a,Open-A1,2.16.840.1.114362.1.12046989.25450122932.618064991.1054.950,CT,DCM,DICOM,10000364-485319/2.16.840.1.114274.1818.57634216329119990548782043434001664904/2.16.840.1.114362.1.12046989.25450122932.618064991.1054.950.zip,1917770,c23d9837ce9ad66398988c7111d873bf,,10000364-485319,,Hc40f,,Skull-stripping,2.0,True,DERIVED_PRIMARY_AXIAL,,SIEMENS / MIM Software,SOMATOM Drive,CT,34.0,dg.MD1R/f6383268-b83c-4ed1-a459-b69b49340352,HFS,0.43359375,BrainSegmentation,2.16.840.1.114362.1.12046989.25450122932.618064991.1054.950,5.0,,f3a84a57-f61e-4953-af27-23f850bc857a,ACR_20230415,3673e443-d1bc-4c58-9a71-3508428bf17d,2.16.840.1.114274.1818.57634216329119990548782043434001664904,10000364-485319,10000364-485319,Yes,Female,60.0,White,True,True,0,1,0,0,0,0,1,,,,,0,2
ct_series_file,833e09a6-e65b-4e6c-a119-9615724a972b,Open-A1,2.16.840.1.114274.1818.536527588236936051913154197364006853253,CT,DCM,DICOM,10041569-kgAvx7uJ10ONCduLyMtlg/2.16.840.1.114274.1818.54430487083515539625023760726191445951/2.16.840.1.114274.1818.536527588236936051913154197364006853253.zip,89482136,bc60a25b58a0bd41871c0fa0e2946799,,10041569-kgAvx7uJ10ONCduLyMtlg,,I50f_1,XYZ_EC,,,False,ORIGINAL_PRIMARY_AXIAL_CT_SOM5 SPI,,SIEMENS,,CT,,dg.MD1R/1e93d422-f576-47ed-a342-98f4c75983df,FFS,0.703125,LUNG_AX_THIN_1.0,2.16.840.1.114274.1818.536527588236936051913154197364006853253,1.0,,4fd56c15-6e2d-4b23-9089-796f313124bb,ACR_20250901,f535b76b-ad02-4f0f-a5d7-e8a5e9994e88,2.16.840.1.114274.1818.54430487083515539625023760726191445951,10041569-kgAvx7uJ10ONCduLyMtlg,10041569-kgAvx7uJ10ONCduLyMtlg,No,Male,52.0,White,False,True,1,1,0,0,0,1,1,,,,,0,4
ct_series_file,1656b7b4-d1dd-479c-ad09-250f0b1175fe,Open-A1,2.16.840.1.114274.1818.47239360190379063777669539205622645125,CT,DCM,DICOM,10041569-NSEL0dEU50iSJEeE7kzpPQ/2.16.840.1.114274.1818.554805252888330918513360343928018403474/2.16.840.1.114274.1818.47239360190379063777669539205622645125.zip,25406248,bd29f93fdf71a9a05ca65334774571c3,,10041569-NSEL0dEU50iSJEeE7kzpPQ,,STANDARD,,,,False,ORIGINAL_PRIMARY_AXIAL,,GE MEDICAL SYSTEMS,Optima CT660,CT,,dg.MD1R/3496edb3-f6b0-43e7-b149-3f6f54300acf,HFS,0.738281,AXIAL,2.16.840.1.114274.1818.47239360190379063777669539205622645125,5.0,5.0,4fd56c15-6e2d-4b23-9089-796f313124bb,ACR_20250901,59eff483-af6e-4f18-a032-a4ddb1a73df6,2.16.840.1.114274.1818.554805252888330918513360343928018403474,10041569-NSEL0dEU50iSJEeE7kzpPQ,10041569-NSEL0dEU50iSJEeE7kzpPQ,Yes,Male,58.0,White,False,True,1,1,1,1,0,0,1,,,,,0,5
ct_series_file,b74d2bd9-fe25-400c-baac-33d313e9a181,Open-A1,2.16.840.1.114274.1818.46410809382575782989740302997014946960,CT,DCM,DICOM,10041569-QWycOsJpa0qKXcEGBFKeBg/2.16.840.1.114274.1818.472787119400498401212988859403461888945/2.16.840.1.114274.1818.46410809382575782989740302997014946960.zip,78363820,4c3ba9914634dcfa53f3be4e0ba4907b,,10041569-QWycOsJpa0qKXcEGBFKeBg,,Br51f_2,XYZ_EC,,,False,ORIGINAL_PRIMARY_AXIAL_CT_SOM5 SPI,,SIEMENS,SOMATOM Definition Flash,CT,,dg.MD1R/c34d0abb-8ad9-408d-8e75-b05a59bf2d9c,FFS,0.595703125,LUNG_AX_CHEST_1.0,2.16.840.1.114274.1818.46410809382575782989740302997014946960,1.0,,4fd56c15-6e2d-4b23-9089-796f313124bb,ACR_20250901,c68f431d-73da-4eff-bab2-afd00359820f,2.16.840.1.114274.1818.472787119400498401212988859403461888945,10041569-QWycOsJpa0qKXcEGBFKeBg,10041569-QWycOsJpa0qKXcEGBFKeBg,Yes,Female,,White,False,False,1,1,0,0,0,0,1,,,,,0,3
ct_series_file,d707aab7-a515-410b-b8fe-16ae1be6053c,Open-A1,2.16.840.1.114362.1.12359305.25874454649.713233181.702.1654,CT,DCM,DICOM,10041569-DlqX5imb0ejWPhSL4fHg/2.16.840.1.114274.1818.46822287575423285798927568582920089490/2.16.840.1.114362.1.12359305.25874454649.713233181.702.1654.zip,1741138,fbb9319f3ff7fffc72fa461f8c75640b,,10041569-DlqX5imb0ejWPhSL4fHg,,STANDARD,,Skull-stripping,,True,DERIVED_PRIMARY_AXIAL,,GE MEDICAL SYSTEMS / MIM Software,Revolution CT,CT,,dg.MD1R/8d81093d-b9df-418e-913e-1824140ade7e,HFS,0.865234,BrainSegmentation,2.16.840.1.114362.1.12359305.25874454649.713233181.702.1654,5.0,,4fd56c15-6e2d-4b23-9089-796f313124bb,ACR_20250901,ca46b72f-5296-4100-9b65-28a91690b846,2.16.840.1.114274.1818.46822287575423285798927568582920089490,10041569-DlqX5imb0ejWPhSL4fHg,10041569-DlqX5imb0ejWPhSL4fHg,Yes,Female,73.0,Black or African American,False,True,0,1,1,1,0,1,1,,,,,0,5
ct_series_file,86fa675b-aad9-4b01-b40c-c828cab1e5b6,Open-A1,2.16.840.1.114362.1.12359305.25874454649.713240855.591.1654,CT,DCM,DICOM,10041569-DlqX5imb0ejWPhSL4fHg/2.16.840.1.114274.1818.46822287575423285798927568582920089490/2.16.840.1.114362.1.12359305.25874454649.713240855.591.1654.zip,1740750,b7f280bd2ddbc380b0151b62f4f0071b,,10041569-DlqX5imb0ejWPhSL4fHg,,STANDARD,,Skull-stripping,,True,DERIVED_PRIMARY_AXIAL,,GE MEDICAL SYSTEMS / MIM Software,Revolution CT,CT,,dg.MD1R/2b7a4b16-270d-463d-9264-16c913955109,HFS,0.865234,BrainSegmentation,2.16.840.1.114362.1.12359305.25874454649.713240855.591.1654,5.0,,4fd56c15-6e2d-4b23-9089-796f313124bb,ACR_20250901,ca46b72f-5296-4100-9b65-28a91690b846,2.16.840.1.114274.1818.46822287575423285798927568582920089490,10041569-DlqX5imb0ejWPhSL4fHg,10041569-DlqX5imb0ejWPhSL4fHg,Yes,Female,73.0,Black or African American,False,True,0,1,1,1,0,1,1,,,,,0,5
ct_series_file,541719b0-2c0e-4496-9feb-0b5f0fabdef2,Open-A1,2.16.840.1.114274.1818.465042998570527881316213360525151951758,CT,DCM,DICOM,10041569-g7BegS168EGCpgRylILjoA/2.16.840.1.114274.1818.49407950232910888607662077718151322277/2.16.840.1.114274.1818.465042998570527881316213360525151951758.zip,29286132,fd40bd8848f482f1d9a91bc40b098fe3,,10041569-g7BegS168EGCpgRylILjoA,,Br40f_3,XYZ_EC,,,False,ORIGINAL_PRIMARY_AXIAL_CT_SOM5 SPI,,SIEMENS,SOMATOM Drive,CT,,dg.MD1R/8c38c964-f1bf-450d-bea9-895f1882a06b,FFS,0.7734375,INSPIRATION  2.0  Br40  3,2.16.840.1.114274.1818.465042998570527881316213360525151951758,2.0,,4fd56c15-6e2d-4b23-9089-796f313124bb,ACR_20250901,fae66339-daf4-42a8-a92b-1c10997f92dd,2.16.840.1.114274.1818.49407950232910888607662077718151322277,10041569-g7BegS168EGCpgRylILjoA,10041569-g7BegS168EGCpgRylILjoA,Yes,Female,63.0,White,False,True,1,1,1,1,0,1,1,,,,,0,6
ct_series_file,2ee37f5d-0356-44c3-96b0-17f1e4b1ce1a,Open-A1,2.16.840.1.114362.1.12046989.25398265497.615999531.193.942,CT,DCM,DICOM,10000364-1117348/2.16.840.1.114274.1818.55504074468321085076294276175576230275/2.16.840.1.114362.1.12046989.25398265497.615999531.193.942.zip,24111864,513153d01fd297ad5343d3168ee7b077,,10000364-1117348,,Hr56f,,Skull-stripping,2.0,True,DERIVED_PRIMARY_AXIAL,,SIEMENS / MIM Software,SOMATOM Drive,CT,277.0,dg.MD1R/72895643-8a31-40e1-a848-e20d7345a2bb,HFS,0.4140625,BrainSegmentation,2.16.840.1.114362.1.12046989.25398265497.615999531.193.942,0.600000024,,f3a84a57-f61e-4953-af27-23f850bc857a,ACR_20230415,29a12a97-7ff9-41be-8733-293d203aaca1,2.16.840.1.114274.1818.55504074468321085076294276175576230275,10000364-1117348,10000364-1117348,Yes,Male,74.0,White,True,False,0,1,0,0,0,0,1,,,,,0,2
ct_series_file,6a0803fa-b071-4e05-8945-9b74aa46f727,Open-A1,2.16.840.1.114274.1818.569238314216490408714110950424781832596,CT,DCM,DICOM,10041569-VGNu6FLHPEiGjPVNhzb7rA/2.16.840.1.114274.1818.47725593941143701869724908224129315975/2.16.840.1.114274.1818.569238314216490408714110950424781832596.zip,75781426,899976f88a587a87d788f6726fcbeb9b,,10041569-VGNu6FLHPEiGjPVNhzb7rA,,Bf37f_4,XYZ_EC,,,False,ORIGINAL_PRIMARY_AXIAL_CT_SOM5 SPI,,SIEMENS,SOMATOM Definition Edge,CT,,dg.MD1R/7c6b7016-cd20-4510-a222-3c79af8426ef,FFS,0.7578125,ST_AX_PE_1.0,2.16.840.1.114274.1818.569238314216490408714110950424781832596,1.0,,4fd56c15-6e2d-4b23-9089-796f313124bb,ACR_20250901,05a7e9b0-ffa7-4798-885a-4abb5ce2a798,2.16.840.1.114274.1818.47725593941143701869724908224129315975,10041569-VGNu6FLHPEiGjPVNhzb7rA,10041569-VGNu6FLHPEiGjPVNhzb7rA,Yes,Female,38.0,Black or African American,False,True,0,1,1,0,0,1,1,,,,,0,4
ct_series_file,0276327a-8525-41ce-b0c4-f1d8cf04e0af,Open-A1,2.16.840.1.114274.1818.55371475617969687341172233521190863246,CT,DCM,DICOM,10041569-NCqDv8OEUyQItLOWlNToA/2.16.840.1.114274.1818.56051670547179508891612486791393264820/2.16.840.1.114274.1818.55371475617969687341172233521190863246.zip,177418,8d8548a8ba88b71e9e269f2c161eba9e,,10041569-NCqDv8OEUyQItLOWlNToA,,Tr20f,NONE,,,False,ORIGINAL_PRIMARY_LOCALIZER_CT_SOM5 TOP,,SIEMENS,Mirada Registration Server,CT,,dg.MD1R/564b6383-42ba-4761-b230-f424ccb7e47e,FFS,1.0,Topogram  1.0  Tr20,2.16.840.1.114274.1818.55371475617969687341172233521190863246,,,4fd56c15-6e2d-4b23-9089-796f313124bb,ACR_20250901,8372f9d9-4dd2-4d54-90ff-16d490f0f600,2.16.840.1.114274.1818.56051670547179508891612486791393264820,10041569-NCqDv8OEUyQItLOWlNToA,10041569-NCqDv8OEUyQItLOWlNToA,Yes,Female,61.0,White,False,True,1,1,0,0,0,1,1,,,,,0,4
ct_series_file,83e57c7d-80b0-4da9-b537-3a15766c943b,Open-A1,2.16.840.1.114362.1.12046989.25398265497.615996808.319.942,CT,DCM,DICOM,10000364-252224/2.16.840.1.114274.1818.487102046278867876711413712279471820974/2.16.840.1.114362.1.12046989.25398265497.615996808.319.942.zip,1937746,04f516c4fbac32531fa94abd9da78e8c,,10000364-252224,,J30s,,Skull-stripping,2.0,True,DERIVED_PRIMARY_AXIAL,,SIEMENS / MIM Software,SOMATOM Definition AS+,CT,32.0,dg.MD1R/37c62b55-6ab5-419d-894e-a4c9b3a0a5e2,HFS,0.418111742,BrainSegmentation,2.16.840.1.114362.1.12046989.25398265497.615996808.319.942,5.0,,f3a84a57-f61e-4953-af27-23f850bc857a,ACR_20230415,dce1ff86-ddc6-4dff-a0de-a05f17ab08b8,2.16.840.1.114274.1818.487102046278867876711413712279471820974,10000364-252224,10000364-252224,Yes,Male,88.0,White,True,True,0,1,0,0,0,0,1,,,,,0,2
ct_series_file,b9854456-8339-48b1-9a59-e651f96bb583,Open-A1,2.16.840.1.114274.1818.4999071191104019644290750194929809284,CT,DCM,DICOM,10041569-PM8BrEOGvEyWPkLhhZ94XQ/2.16.840.1.114274.1818.505948755966570545114141316393576686723/2.16.840.1.114274.1818.4999071191104019644290750194929809284.zip,661322,2c48f977639e6f64d38839280735999a,,10041569-PM8BrEOGvEyWPkLhhZ94XQ,,,NONE,,,False,ORIGINAL_PRIMARY_LOCALIZER,0.0,Philips,Spectral CT,CT,,dg.MD1R/5c22a9f4-66b1-489d-97ca-f295cae80edf,FFS,0.9765625,,2.16.840.1.114274.1818.4999071191104019644290750194929809284,0.625,,4fd56c15-6e2d-4b23-9089-796f313124bb,ACR_20250901,1f667d0e-8614-4fb0-be1e-f9447a8c56f8,2.16.840.1.114274.1818.505948755966570545114141316393576686723,10041569-PM8BrEOGvEyWPkLhhZ94XQ,10041569-PM8BrEOGvEyWPkLhhZ94XQ,Yes,Male,66.0,Black or African American,False,True,1,1,1,0,0,1,1,,,,,0,5
ct_series_file,ec1b5f64-6931-4e0f-bb12-ea56dfba2427,Open-A1,2.16.840.1.114274.1818.560142685853301869112594837369410886537,CT,DCM,DICOM,10000364-485319/CT_2.16.840.1.114274.1818.56923864944934451299816149654539834301/2.16.840.1.114274.1818.560142685853301869112594837369410886537.zip,782842,8e62f22032e39f64e4c88976dcaeb983,,10000364-485319,,,,,,,,,GE MEDICAL SYSTEMS,LightSpeed VCT,CT,4.0,dg.MD1R/ea8d5c98-d904-462c-bda4-b5241a65cb8d,,,Smart Prep Series,2.16.840.1.114274.1818.560142685853301869112594837369410886537,,,23e8c279-92d2-47da-99de-97dedc454bb4,ACR_20211020,0300de6c-cbb2-4148-89d3-1eb6e1caa247,2.16.840.1.114274.1818.56923864944934451299816149654539834301,10000364-485319,10000364-485319,Yes,Female,60.0,White,True,True,0,1,0,0,0,0,1,,,,,0,2
ct_series_file,17dfeb5f-0c64-496e-838c-3e138ec513a5,Open-A1,2.16.840.1.114274.1818.508903077443362451318319187777777692347,CT,DCM,DICOM,10041569-VGNu6FLHPEiGjPVNhzb7rA/2.16.840.1.114274.1818.530392076959669787318234793125821000585/2.16.840.1.114274.1818.508903077443362451318319187777777692347.zip,92073400,dc2759dabce27098e80d4cf987497ed0,,10041569-VGNu6FLHPEiGjPVNhzb7rA,,Br51f_2,XYZ_EC,,,False,ORIGINAL_PRIMARY_AXIAL_CT_SOM5 SPI,,SIEMENS,SOMATOM Definition Edge,CT,,dg.MD1R/854c3e81-58a1-4462-ad18-2cd1d3b20ac1,HFS,0.921875,Thorax  1.0  Br51  2,2.16.840.1.114274.1818.508903077443362451318319187777777692347,1.0,,4fd56c15-6e2d-4b23-9089-796f313124bb,ACR_20250901,27cb7a1e-4bab-4c42-8e26-051e1da8c962,2.16.840.1.114274.1818.530392076959669787318234793125821000585,10041569-VGNu6FLHPEiGjPVNhzb7rA,10041569-VGNu6FLHPEiGjPVNhzb7rA,Yes,Female,38.0,Black or African American,False,True,0,1,1,0,0,1,1,,,,,0,4
ct_series_file,8f0c20d6-295d-40f1-a4e6-925b58d599a1,Open-A1,2.16.840.1.114362.1.12359305.25874454649.712513126.990.946,CT,DCM,DICOM,10041569-0MlpwvpeqkmKqEG4iMez6g/2.16.840.1.114274.1818.516287239119536037111226113971135270787/2.16.840.1.114362.1.12359305.25874454649.712513126.990.946.zip,4170876,c2e17189c14e892539cc73da3b23b354,,10041569-0MlpwvpeqkmKqEG4iMez6g,,H60s,,Skull-stripping,,True,DERIVED_PRIMARY_AXIAL,,SIEMENS / MIM Software,SOMATOM Definition AS+,CT,,dg.MD1R/c3e6a159-8361-4e93-9e93-dc088df5fd49,HFS,0.34375,BrainSegmentation,2.16.840.1.114362.1.12359305.25874454649.712513126.990.946,3.0,,4fd56c15-6e2d-4b23-9089-796f313124bb,ACR_20250901,f247003e-b590-4d01-ac53-f0d85b7bbcef,2.16.840.1.114274.1818.516287239119536037111226113971135270787,10041569-0MlpwvpeqkmKqEG4iMez6g,10041569-0MlpwvpeqkmKqEG4iMez6g,Yes,Male,54.0,White,False,True,1,1,1,0,0,0,1,,,,,0,4
ct_series_file,2d6b7005-02eb-4b43-a25c-e9c329f2b1d7,Open-A1,2.16.840.1.114274.1818.48950747864025083654296022690357847181,CT,DCM,DICOM,10041569-KTJisivBEW8eG11h3OmCQ/2.16.840.1.114274.1818.492274999100473584416433604080192392576/2.16.840.1.114274.1818.48950747864025083654296022690357847181.zip,74068578,d22037f0b29a47bff59db19f345f0ac9,,10041569-KTJisivBEW8eG11h3OmCQ,,Br40d_3,Z_EC,,,False,ORIGINAL_PRIMARY_AXIAL_CT_SOM5 SPI DUAL_STD_SNRG_DET_AB,,SIEMENS,SOMATOM Force,CT,,dg.MD1R/908dbd0e-b3e0-4c8b-9e51-f331c9a147cc,FFS,0.7734375,Fl_Thorax  1.0  Br40  3,2.16.840.1.114274.1818.48950747864025083654296022690357847181,1.0,,4fd56c15-6e2d-4b23-9089-796f313124bb,ACR_20250901,6f73cb85-010d-4c71-820f-5aaaaf040b36,2.16.840.1.114274.1818.492274999100473584416433604080192392576,10041569-KTJisivBEW8eG11h3OmCQ,10041569-KTJisivBEW8eG11h3OmCQ,Yes,Male,36.0,Not Reported,False,True,1,1,1,0,0,1,1,,,,,0,5
ct_series_file,a81c5802-2ac4-4be5-bbe2-4af9d889d7b0,Open-A1,2.16.840.1.114362.1.12359305.25874454649.713226781.258.954,CT,DCM,DICOM,10041569-DlqX5imb0ejWPhSL4fHg/2.16.840.1.114274.1818.46450951647836751622837827077564447386/2.16.840.1.114362.1.12359305.25874454649.713226781.258.954.zip,1657606,a844a8de3e380b0267aea5a86e290bd6,,10041569-DlqX5imb0ejWPhSL4fHg,,SOFT,,Skull-stripping,,True,DERIVED_PRIMARY_AXIAL,,GE MEDICAL SYSTEMS / MIM Software,Revolution HD,CT,,dg.MD1R/6bba6663-f435-41c4-94ed-56a1ad64f2ba,HFS,0.488281,BrainSegmentation,2.16.840.1.114362.1.12359305.25874454649.713226781.258.954,5.0,,4fd56c15-6e2d-4b23-9089-796f313124bb,ACR_20250901,1bba8608-7a43-448e-b2b6-2c6d054a9194,2.16.840.1.114274.1818.46450951647836751622837827077564447386,10041569-DlqX5imb0ejWPhSL4fHg,10041569-DlqX5imb0ejWPhSL4fHg,Yes,Female,73.0,Black or African American,False,True,0,1,1,1,0,1,1,,,,,0,5
ct_series_file,3601cf6c-4553-4525-9b77-c1e56ae1316d,Open-A1,2.16.840.1.114274.1818.51017591034825530658429390776500725901,CT,DCM,DICOM,10000364-1288160/2.16.840.1.114274.1818.51717950649543211558071162404886860434/2.16.840.1.114274.1818.51017591034825530658429390776500725901.zip,156644,5ac93b1de1376ac25a05cc66ac7756ae,,10000364-1288160,,Tr20f,NONE,,,,ORIGINALPRIMARYLOCALIZERCT_SOM5 TOP,,SIEMENS,SOMATOM Definition Flash,CT,1.0,dg.MD1R/67e5f731-ea9a-40c2-a0b1-9e4d7f4460e9,,"1.0,1.0",Topogram LAT  1.0  Tr20,2.16.840.1.114274.1818.51017591034825530658429390776500725901,,,59f32345-e328-4e77-8813-6fdff0a106e3,ACR_20220415,1d7eb499-1c33-49bb-b297-a71880448316,2.16.840.1.114274.1818.51717950649543211558071162404886860434,10000364-1288160,10000364-1288160,Yes,Male,28.0,White,True,True,0,1,1,0,0,0,1,,,,,0,3
ct_series_file,c81fb711-01da-40da-91fc-4e7489484c62,Open-A1,2.16.840.1.114362.1.12046989.25398265497.615995627.639.942,CT,DCM,DICOM,10000364-1117348/2.16.840.1.114274.1818.47131569216889347722076006779333925810/2.16.840.1.114362.1.12046989.25398265497.615995627.639.942.zip,4809978,d9616609d8373d86d5f0863c88eff71d,,10000364-1117348,,Hc40f,,Skull-stripping,2.0,True,DERIVED_PRIMARY_AXIAL,,SIEMENS / MIM Software,SOMATOM Drive,CT,60.0,dg.MD1R/88ee5cb7-7ca8-46c8-bebe-24b2b1d75ad6,HFS,0.31640625,BrainSegmentation,2.16.840.1.114362.1.12046989.25398265497.615995627.639.942,3.0,,f3a84a57-f61e-4953-af27-23f850bc857a,ACR_20230415,790906ed-64b7-4498-8ac0-a3b964b0d20c,2.16.840.1.114274.1818.47131569216889347722076006779333925810,10000364-1117348,10000364-1117348,Yes,Male,74.0,White,True,False,0,1,0,0,0,0,1,,,,,0,2
ct_series_file,0d25a34c-6b8e-4dc5-a288-7a60f77c7ada,Open-A1,2.16.840.1.114274.1818.523827477123412601018157544641988809890,CT,DCM,DICOM,10041569-NCqDv8OEUyQItLOWlNToA/2.16.840.1.114274.1818.51437749436214554596198566276650239408/2.16.840.1.114274.1818.523827477123412601018157544641988809890.zip,36645568,008d5d73bb33b1d98a91a2af3cd00753,,10041569-NCqDv8OEUyQItLOWlNToA,,"I31f_3,B40f",XYZ_EC,,,False,"DERIVED_PRIMARY_LOCALIZER_CT_SOM5 MPR,DERIVED_PRIMARY_AXIAL_CT_SOM5 MPR",,SIEMENS,SOMATOM Definition Flash,CT,,dg.MD1R/a846c4bd-1611-43a0-adf4-b1a382a3dede,FFS,"0.69140625,1.09375",ST_COR_CHEST_3.0,2.16.840.1.114274.1818.523827477123412601018157544641988809890,3.0,,4fd56c15-6e2d-4b23-9089-796f313124bb,ACR_20250901,6cffd9d1-29f5-44c7-b1d9-943a6131e50f,2.16.840.1.114274.1818.51437749436214554596198566276650239408,10041569-NCqDv8OEUyQItLOWlNToA,10041569-NCqDv8OEUyQItLOWlNToA,Yes,Female,61.0,White,False,True,1,1,0,0,0,1,1,,,,,0,4
ct_series_file,7c0473af-0ef9-47ba-ac4f-d5397ef0b851,Open-A1,2.16.840.1.114274.1818.466033098893041443116612140783823861428,CT,DCM,DICOM,2.16.840.1.114274.1818.466100515819725325916358300152457106595/2.16.840.1.114274.1818.466033098893041443116612140783823861428.zip,21815786,3bb82f0cb431a9f108cf3a3a208bba03,,10000364-485319,,,,,,,,,SIEMENS,SOMATOM Definition Flash,CT,101.0,dg.MD1R/de825e80-fdce-4264-a9e0-ed8f6a9763ec,,,CORONAL,2.16.840.1.114274.1818.466033098893041443116612140783823861428,,,da2db6a3-93f5-4066-90b2-f8dd8afadd2c,ACR_20211115,0e6d7e0a-0345-4c94-a44a-b6061b9d2913,2.16.840.1.114274.1818.466100515819725325916358300152457106595,10000364-485319,10000364-485319,Yes,Female,60.0,White,True,True,0,1,0,0,0,0,1,,,,,0,2
ct_series_file,a50e6694-ea00-4f17-b7eb-a789abf8f87f,Open-A1,2.16.840.1.114274.1818.553288668996921721412244744922179858610,CT,DCM,DICOM,10041569-r2jQ1Jeo5UW7QlTnmJ2Ug/2.16.840.1.114274.1818.565745305030371947517429095906584634024/2.16.840.1.114274.1818.553288668996921721412244744922179858610.zip,106886,32981b5c451eceac1d58f037a7cbe5b2,,10041569-r2jQ1Jeo5UW7QlTnmJ2Ug,,Tr20f,NONE,,,False,ORIGINAL_PRIMARY_LOCALIZER_CT_SOM5 TOP,,SIEMENS,SOMATOM Definition AS+,CT,,dg.MD1R/fe1b0c2f-dfd0-43a7-ade1-f18b294ec1e3,FFS,2.0,Topogram  1.0  Tr20,2.16.840.1.114274.1818.553288668996921721412244744922179858610,,,4fd56c15-6e2d-4b23-9089-796f313124bb,ACR_20250901,7e0ec736-be96-4409-8503-070d74b954b6,2.16.840.1.114274.1818.565745305030371947517429095906584634024,10041569-r2jQ1Jeo5UW7QlTnmJ2Ug,10041569-r2jQ1Jeo5UW7QlTnmJ2Ug,Yes,Male,26.0,White,False,True,0,1,1,0,0,0,1,,,,,0,3
ct_series_file,5d90fcdc-58a8-4c90-b6b5-f6939f8060eb,Open-A1,2.16.840.1.114274.1818.57106394533248716347204648279770532529,CT,DCM,DICOM,10041569-BH9LpNbWTkKgMIdUhFnVlg/2.16.840.1.114274.1818.497236908876788610517026776314697276334/2.16.840.1.114274.1818.57106394533248716347204648279770532529.zip,163660,582b6142bd3943f63e94b734c55fb40b,,10041569-BH9LpNbWTkKgMIdUhFnVlg,,Tr20u,OFF_OFF,,,False,ORIGINAL_PRIMARY_LOCALIZER_CT_SOM5 TOP,0.0,Siemens Healthineers,NAEOTOM Alpha,CT,1.0,dg.MD1R/667efff4-22e0-4824-9a69-6bb4de5b557b,FFS,1.5,Topogram 0.20 Tr20 cor,2.16.840.1.114274.1818.57106394533248716347204648279770532529,,,cf1d94c4-c27b-40ea-8825-172e4550a131,ACR_20240115,3fde4127-dad5-4585-9d8c-a9f7c784836a,2.16.840.1.114274.1818.497236908876788610517026776314697276334,10041569-BH9LpNbWTkKgMIdUhFnVlg,10041569-BH9LpNbWTkKgMIdUhFnVlg,No,Male,65.0,Black or African American,False,True,1,1,1,0,0,1,1,,,,,0,5
ct_series_file,679028d6-148e-41af-bf74-d830006b0009,Open-A1,2.16.840.1.114362.1.12359305.25874454649.712432694.938.962,CT,DCM,DICOM,10041569-4DNktkkdXUGzSU6qGPxFEw/2.16.840.1.114274.1818.53605597515997662935812106315047338418/2.16.840.1.114362.1.12359305.25874454649.712432694.938.962.zip,4262770,ab37b8f1024760c426cbca3967e30566,,10041569-4DNktkkdXUGzSU6qGPxFEw,,Hc40s,,Skull-stripping,,True,DERIVED_PRIMARY_AXIAL,,SIEMENS / MIM Software,SOMATOM Force,CT,,dg.MD1R/3bd58f05-a168-4490-be65-f46fa4b4713f,HFS,0.328125,BrainSegmentation,2.16.840.1.114362.1.12359305.25874454649.712432694.938.962,3.0,,4fd56c15-6e2d-4b23-9089-796f313124bb,ACR_20250901,d9517199-dcdb-4d67-a629-21fe36fd3ee0,2.16.840.1.114274.1818.53605597515997662935812106315047338418,10041569-4DNktkkdXUGzSU6qGPxFEw,10041569-4DNktkkdXUGzSU6qGPxFEw,Yes,Female,26.0,Black or African American,False,True,1,1,0,0,0,1,1,,,,,0,4
ct_series_file,03eac659-6a18-4599-9cdb-2647404e7f5d,Open-A1,2.16.840.1.114274.1818.51287894422024062362239560646297725368,CT,DCM,DICOM,10041569-0MlpwvpeqkmKqEG4iMez6g/2.16.840.1.114274.1818.55950391775379010631565920027288662932/2.16.840.1.114274.1818.51287894422024062362239560646297725368.zip,91438614,b328a3dec3c1ec50f42ece8cf8b55e9a,,10041569-0MlpwvpeqkmKqEG4iMez6g,,Br51f_2,XYZ_EC,,,False,ORIGINAL_PRIMARY_AXIAL_CT_SOM5 SPI,,SIEMENS,SOMATOM Definition Edge,CT,,dg.MD1R/74b95354-eb94-4d27-81c3-0dcc09dd1696,FFS,0.787109375,LUNG_AX_THIN_1.0,2.16.840.1.114274.1818.51287894422024062362239560646297725368,1.0,,4fd56c15-6e2d-4b23-9089-796f313124bb,ACR_20250901,0f4266b0-e019-43dc-84d0-86d7e903c221,2.16.840.1.114274.1818.55950391775379010631565920027288662932,10041569-0MlpwvpeqkmKqEG4iMez6g,10041569-0MlpwvpeqkmKqEG4iMez6g,Yes,Male,54.0,White,False,True,1,1,1,0,0,0,1,,,,,0,4
ct_series_file,7c22350b-b87f-4a40-af2e-e59e3415ddfc,Open-A1,2.16.840.1.114274.1818.47027990424618819831975971122449584816,CT,DCM,DICOM,2.16.840.1.114274.1818.4948415564176827061609523082483227267/2.16.840.1.114274.1818.47027990424618819831975971122449584816.zip,32599836,4a1d5f8c59124fb5167a32056b408f2c,,10000364-485319,OMNIPAQUE 350,,,,,,,,GE MEDICAL SYSTEMS,LightSpeed VCT,CT,161.0,dg.MD1R/112038be-d326-450c-9c59-c9bbbcd21931,,,120 sec. delays abd- pelvis,2.16.840.1.114274.1818.47027990424618819831975971122449584816,,,da2db6a3-93f5-4066-90b2-f8dd8afadd2c,ACR_20211115,5cee715d-5c5e-4c5d-b164-2acb733d3352,2.16.840.1.114274.1818.4948415564176827061609523082483227267,10000364-485319,10000364-485319,Yes,Female,60.0,White,True,True,0,1,0,0,0,0,1,,,,,0,2
ct_series_file,d36823be-be7d-45a0-ac2b-458076c6e058,Open-A1,2.16.840.1.114362.1.12359305.25874454649.713296810.863.1234,CT,DCM,DICOM,10041569-hGXklXiglkyibymE05GqA/2.16.840.1.114274.1818.475204921906476425414726222156848852905/2.16.840.1.114362.1.12359305.25874454649.713296810.863.1234.zip,8390148,2ef0f09328bcdc3b0e57f039cd905fc6,,10041569-hGXklXiglkyibymE05GqA,,B30f,,Skull-stripping,,True,DERIVED_PRIMARY_AXIAL,,SIEMENS / MIM Software,,CT,,dg.MD1R/90453788-6a4b-4199-a9cc-3b3ad3b8bafd,HFS,0.9765625,BrainSegmentation,2.16.840.1.114362.1.12359305.25874454649.713296810.863.1234,5.0,,4fd56c15-6e2d-4b23-9089-796f313124bb,ACR_20250901,9fa5063a-5d89-4b52-ba34-1ea935453e1a,2.16.840.1.114274.1818.475204921906476425414726222156848852905,10041569-hGXklXiglkyibymE05GqA,10041569-hGXklXiglkyibymE05GqA,Yes,Male,49.0,White,False,True,1,1,1,0,0,1,1,,,,,0,5
ct_series_file,3077345e-1596-4aca-9b84-60ad36e51a19,Open-A1,2.16.840.1.114274.1818.51531497124629813934112993298350731146,CT,DCM,DICOM,10041569-rdL12m75aU6AT4OZNtG2Aw/2.16.840.1.114274.1818.476539715330176438318007170366096353152/2.16.840.1.114274.1818.51531497124629813934112993298350731146.zip,82120830,5c364572859f1c052bc98958dafba454,,10041569-rdL12m75aU6AT4OZNtG2Aw,APPLIED,Bf40d_4,XYZ_EC,,,False,DERIVED_PRIMARY_AXIAL_CT_SOM5 MPR,,SIEMENS,SOMATOM Force,CT,,dg.MD1R/9f1bc751-7d10-4e51-be60-f01be3e5e343,FFS,0.6015625,ST_COR_PE_1.0,2.16.840.1.114274.1818.51531497124629813934112993298350731146,1.0,,4fd56c15-6e2d-4b23-9089-796f313124bb,ACR_20250901,9914657e-8d97-487d-abbc-5e4453fadef5,2.16.840.1.114274.1818.476539715330176438318007170366096353152,10041569-rdL12m75aU6AT4OZNtG2Aw,10041569-rdL12m75aU6AT4OZNtG2Aw,Yes,Male,51.0,Black or African American,False,True,1,1,1,0,0,1,1,,,,,0,5
ct_series_file,ccfffc68-72e9-4853-8b1f-085cef42ebd9,Open-A1,2.16.840.1.114362.1.12177026.25874454649.637248368.349.954,CT,DCM,DICOM,10000364-1288160/2.16.840.1.114274.1818.568282664567812985212211229693219592605/2.16.840.1.114362.1.12177026.25874454649.637248368.349.954.zip,19734050,44caa8e3d15710ca61c5fc618b71223c,,10000364-1288160,,BONE,,Skull-stripping,2.0,True,DERIVED_PRIMARY_AXIAL,,GE MEDICAL SYSTEMS / MIM Software,LightSpeed VCT,CT,289.0,dg.MD1R/a52da6a6-63a2-4d74-8d20-6352767c7ea3,HFS,0.488281012,BrainSegmentation,2.16.840.1.114362.1.12177026.25874454649.637248368.349.954,0.625,,f3a84a57-f61e-4953-af27-23f850bc857a,ACR_20230415,1614141f-2720-46f5-80c6-ee96d84de34d,2.16.840.1.114274.1818.568282664567812985212211229693219592605,10000364-1288160,10000364-1288160,Yes,Male,28.0,White,True,True,0,1,1,0,0,0,1,,,,,0,3
ct_series_file,ed0adafb-81af-48fd-a93e-8950fe412535,Open-A1,2.16.840.1.114274.1818.558119513970014835215786856293556880045,CT,DCM,DICOM,10041569-YIon3HGGUa4N81uJEoWmg/2.16.840.1.114274.1818.56709377258982926323042697852460262554/2.16.840.1.114274.1818.558119513970014835215786856293556880045.zip,25959856,a3dc5dc9577136a19649987bcc8403b4,,10041569-YIon3HGGUa4N81uJEoWmg,,Br40d_3,Z_EC,,,False,DERIVED_PRIMARY_AXIAL_CT_SOM5 MPR_STD_SNRG_DET_AB,,SIEMENS,SOMATOM Force,CT,,dg.MD1R/38d0ca5b-8e2b-4b4f-b219-c28dbfcd99f5,FFS,0.546875,ST_COR_CHEST_3.0,2.16.840.1.114274.1818.558119513970014835215786856293556880045,3.0,,4fd56c15-6e2d-4b23-9089-796f313124bb,ACR_20250901,113b69a6-ad03-47bc-a49a-4c807e39a8b2,2.16.840.1.114274.1818.56709377258982926323042697852460262554,10041569-YIon3HGGUa4N81uJEoWmg,10041569-YIon3HGGUa4N81uJEoWmg,Yes,Male,84.0,Black or African American,False,False,1,1,1,1,0,1,1,,,,,0,6
ct_series_file,fd8f5da9-2093-4372-a7aa-4a7f8e708c92,Open-A1,2.16.840.1.114274.1818.556606113590125040115261949446748742528,CT,DCM,DICOM,10041569-eL6G9dsawkq2QuiCGa8i7Q/2.16.840.1.114274.1818.530740311365197360114542054095361591229/2.16.840.1.114274.1818.556606113590125040115261949446748742528.zip,8467370,8a5153badd6f99968b0f715194ce42f4,,10041569-eL6G9dsawkq2QuiCGa8i7Q,,B30f,XYZ_EC,,,False,ORIGINAL_PRIMARY_AXIAL_CT_SOM5 SPI,,SIEMENS,,CT,,dg.MD1R/159a6bf9-582f-4926-b2bb-8be8b1229e55,FFP,0.71875,i-Spiral  3.0  B30f,2.16.840.1.114274.1818.556606113590125040115261949446748742528,3.0,,4fd56c15-6e2d-4b23-9089-796f313124bb,ACR_20250901,3573e98e-a3b9-485d-9b9d-75b77112cf5c,2.16.840.1.114274.1818.530740311365197360114542054095361591229,10041569-eL6G9dsawkq2QuiCGa8i7Q,10041569-eL6G9dsawkq2QuiCGa8i7Q,Yes,Male,62.0,White,False,False,0,1,1,0,0,1,1,,,,,0,4
ct_series_file,a88aecae-4264-4cd6-a172-df5d213950be,Open-A1,2.16.840.1.114362.1.12046989.25852093364.634111538.981.898,CT,DCM,DICOM,10000364-252224/2.16.840.1.114274.1818.50056525931912934902054519133864306838/2.16.840.1.114362.1.12046989.25852093364.634111538.981.898.zip,7073354,75686da9eee712cf14d4f660036b9750,,10000364-252224,,H60s,,Skull-stripping,2.0,True,DERIVED_PRIMARY_AXIAL,,SIEMENS / MIM Software,SOMATOM Definition AS+,CT,92.0,dg.MD1R/39eb4469-04c7-4adc-953c-f70228014c4e,HFS,0.375,BrainSegmentation,2.16.840.1.114362.1.12046989.25852093364.634111538.981.898,2.0,,f3a84a57-f61e-4953-af27-23f850bc857a,ACR_20230415,1a793671-e819-4c72-867a-f5f0e54ea644,2.16.840.1.114274.1818.50056525931912934902054519133864306838,10000364-252224,10000364-252224,Yes,Male,88.0,White,True,True,0,1,0,0,0,0,1,,,,,0,2
ct_series_file,30a57cf0-f64d-4ddd-8f46-806d85fc25cd,Open-A1,2.16.840.1.114362.1.12359305.25874454649.713326691.356.954,CT,DCM,DICOM,10041569-KTJisivBEW8eG11h3OmCQ/2.16.840.1.114274.1818.52940427961487606662412892351595072903/2.16.840.1.114362.1.12359305.25874454649.713326691.356.954.zip,5017424,87b28cc4569d6b3dac3b20d83b828544,,10041569-KTJisivBEW8eG11h3OmCQ,,Hr59h,,Skull-stripping,,True,DERIVED_PRIMARY_AXIAL,,SIEMENS / MIM Software,SOMATOM Force,CT,,dg.MD1R/cb9de8eb-a006-4aaf-8f03-d0cf040790dd,HFS,0.3553719,BrainSegmentation,2.16.840.1.114362.1.12359305.25874454649.713326691.356.954,3.0,,4fd56c15-6e2d-4b23-9089-796f313124bb,ACR_20250901,767b502d-a810-498a-9594-98fa79a6fde7,2.16.840.1.114274.1818.52940427961487606662412892351595072903,10041569-KTJisivBEW8eG11h3OmCQ,10041569-KTJisivBEW8eG11h3OmCQ,Yes,Male,36.0,Not Reported,False,True,1,1,1,0,0,1,1,,,,,0,5
ct_series_file,c149767f-e9ae-47e2-abf8-95d1df9bbbaf,Open-A1,2.16.840.1.114274.1818.54822358585332927903431082908947677374,CT,DCM,DICOM,10041569-kgAvx7uJ10ONCduLyMtlg/2.16.840.1.114274.1818.533772497114101143410579395213842056845/2.16.840.1.114274.1818.54822358585332927903431082908947677374.zip,22147890,4f6c2440f4054fdabf366dbe32d0ca97,,10041569-kgAvx7uJ10ONCduLyMtlg,,"Bf37f,Bf37f_3",XYZ_EC,,,False,"DERIVED_PRIMARY_LOCALIZER_CT_SOM5 MPR,DERIVED_PRIMARY_AXIAL_CT_SOM5 MPR",,SIEMENS,SOMATOM Definition AS+,CT,,dg.MD1R/8762a86c-78b9-410c-99d1-21e7d3e18da7,FFS,"0.705078125,1.048828125",CORONAL,2.16.840.1.114274.1818.54822358585332927903431082908947677374,3.0,,4fd56c15-6e2d-4b23-9089-796f313124bb,ACR_20250901,1f8c9d48-1125-414d-bba2-327709a272fc,2.16.840.1.114274.1818.533772497114101143410579395213842056845,10041569-kgAvx7uJ10ONCduLyMtlg,10041569-kgAvx7uJ10ONCduLyMtlg,No,Male,52.0,White,False,True,1,1,0,0,0,1,1,,,,,0,4
ct_series_file,98928c76-8d33-4a08-8fa5-a6fe88929377,Open-A1,2.16.840.1.114362.1.12046989.25386908036.615554990.630.898,CT,DCM,DICOM,10000364-1117348/2.16.840.1.114274.1818.551047108305945424211054291989228024198/2.16.840.1.114362.1.12046989.25386908036.615554990.630.898.zip,1833436,5ef626f934f36cbc46ff437d75e8ff5d,,10000364-1117348,,STANDARD,,Skull-stripping,2.0,True,DERIVED_PRIMARY_AXIAL,,GE MEDICAL SYSTEMS / MIM Software,LightSpeed VCT,CT,35.0,dg.MD1R/9add3cde-3f92-42cc-8706-0d7652a14f72,HFS,0.488281012,BrainSegmentation,2.16.840.1.114362.1.12046989.25386908036.615554990.630.898,5.0,,f3a84a57-f61e-4953-af27-23f850bc857a,ACR_20230415,e9fd7a92-729d-40a3-bc95-42d15c7b640e,2.16.840.1.114274.1818.551047108305945424211054291989228024198,10000364-1117348,10000364-1117348,Yes,Male,74.0,White,True,False,0,1,0,0,0,0,1,,,,,0,2
ct_series_file,ba60fd1d-9f8c-40ff-b4e6-ea73e47f46e7,Open-A1,2.16.840.1.114274.1818.513807797639797024013115514650691516850,CT,DCM,DICOM,10041569-KTJisivBEW8eG11h3OmCQ/2.16.840.1.114274.1818.478150811287494210812636428479558167946/2.16.840.1.114274.1818.513807797639797024013115514650691516850.zip,95511940,cb6b76978803c8bf796f5e0255d6b931,,10041569-KTJisivBEW8eG11h3OmCQ,,Br49d_2,Z_EC,,,False,ORIGINAL_PRIMARY_AXIAL_CT_SOM5 SPI DUAL_STD_SNRG_DET_AB,,SIEMENS,SOMATOM Force,CT,,dg.MD1R/96824ab0-c9b9-42ab-88d7-e16b40711f65,FFS,0.7734375,LUNG_AX_THIN_+C_1.0,2.16.840.1.114274.1818.513807797639797024013115514650691516850,1.0,,4fd56c15-6e2d-4b23-9089-796f313124bb,ACR_20250901,1464bd7f-eb90-4e9c-87a6-ef71e15d880d,2.16.840.1.114274.1818.478150811287494210812636428479558167946,10041569-KTJisivBEW8eG11h3OmCQ,10041569-KTJisivBEW8eG11h3OmCQ,Yes,Male,36.0,Not Reported,False,True,1,1,1,0,0,1,1,,,,,0,5
ct_series_file,44c43aad-bdea-42e6-bcba-9d5565bc9e61,Open-A1,2.16.840.1.114362.1.12359305.25874454649.713238001.348.1654,CT,DCM,DICOM,10041569-DlqX5imb0ejWPhSL4fHg/2.16.840.1.114274.1818.46822287575423285798927568582920089490/2.16.840.1.114362.1.12359305.25874454649.713238001.348.1654.zip,1740702,6a65ac3d33c3e13a3c83c86a27785940,,10041569-DlqX5imb0ejWPhSL4fHg,,STANDARD,,Skull-stripping,,True,DERIVED_PRIMARY_AXIAL,,GE MEDICAL SYSTEMS / MIM Software,Revolution CT,CT,,dg.MD1R/d5d50495-7838-4412-937e-c0924c9fc73f,HFS,0.865234,BrainSegmentation,2.16.840.1.114362.1.12359305.25874454649.713238001.348.1654,5.0,,4fd56c15-6e2d-4b23-9089-796f313124bb,ACR_20250901,ca46b72f-5296-4100-9b65-28a91690b846,2.16.840.1.114274.1818.46822287575423285798927568582920089490,10041569-DlqX5imb0ejWPhSL4fHg,10041569-DlqX5imb0ejWPhSL4fHg,Yes,Female,73.0,Black or African American,False,True,0,1,1,1,0,1,1,,,,,0,5
ct_series_file,5b29845f-8fd4-46df-9eba-196c2ed2d868,Open-A1,2.16.840.1.114362.1.12046989.25454232014.618192852.218.35,CT,DCM,DICOM,10000364-899490/2.16.840.1.114274.1818.462325808401759840017981656069541651856/2.16.840.1.114362.1.12046989.25454232014.618192852.218.35.zip,1703880,913870acb1cbbd13e0c09c0e65335b90,,10000364-899490,,J30s,,Skull-stripping,2.0,True,DERIVED_PRIMARY_AXIAL,,SIEMENS / MIM Software,SOMATOM Definition AS,CT,32.0,dg.MD1R/6e2e5240-dc13-41ef-861d-d3edbdbe39c8,HFS,0.42578128,BrainSegmentation,2.16.840.1.114362.1.12046989.25454232014.618192852.218.35,4.97260952,,f3a84a57-f61e-4953-af27-23f850bc857a,ACR_20230415,abccc64a-7b51-44b7-a869-1f6f79dbb243,2.16.840.1.114274.1818.462325808401759840017981656069541651856,10000364-899490,10000364-899490,Yes,Female,71.0,White,False,True,1,1,1,0,0,0,1,,,,,0,4
ct_series_file,97cbb287-92b2-4c48-bd5b-8930cb746525,Open-A1,2.16.840.1.114362.1.12359305.25874454649.713425327.845.962,CT,DCM,DICOM,10041569-VGNu6FLHPEiGjPVNhzb7rA/2.16.840.1.114274.1818.47692667331104462869725273007800853679/2.16.840.1.114362.1.12359305.25874454649.713425327.845.962.zip,2375616,36e307b5ec10aaa0c383e77882faf1d8,,10041569-VGNu6FLHPEiGjPVNhzb7rA,,Hc40s,,Skull-stripping,,True,DERIVED_PRIMARY_AXIAL,,SIEMENS / MIM Software,SOMATOM Force,CT,,dg.MD1R/ede03627-58ec-4e88-b437-a5a78c1d392b,HFS,0.3632,BrainSegmentation,2.16.840.1.114362.1.12359305.25874454649.713425327.845.962,5.0,,4fd56c15-6e2d-4b23-9089-796f313124bb,ACR_20250901,7c53890b-93b2-4d7f-b291-8133bd750867,2.16.840.1.114274.1818.47692667331104462869725273007800853679,10041569-VGNu6FLHPEiGjPVNhzb7rA,10041569-VGNu6FLHPEiGjPVNhzb7rA,Yes,Female,38.0,Black or African American,False,True,0,1,1,0,0,1,1,,,,,0,4
ct_series_file,0b2eb550-6082-4fd1-b239-97992a9455d1,Open-A1,2.16.840.1.114274.1818.497318518729585634010888978711865332384,CT,DCM,DICOM,10041569-VGNu6FLHPEiGjPVNhzb7rA/2.16.840.1.114274.1818.47725593941143701869724908224129315975/2.16.840.1.114274.1818.497318518729585634010888978711865332384.zip,180654,22a6e15884786448c246a0709b1f1112,,10041569-VGNu6FLHPEiGjPVNhzb7rA,,Tr20f,NONE,,,False,ORIGINAL_PRIMARY_LOCALIZER_CT_SOM5 TOP,,SIEMENS,SOMATOM Definition Edge,CT,,dg.MD1R/08443948-099a-4022-80e8-5761ef521fcb,FFS,1.0,Topogram  1.0  Tr20,2.16.840.1.114274.1818.497318518729585634010888978711865332384,,,4fd56c15-6e2d-4b23-9089-796f313124bb,ACR_20250901,05a7e9b0-ffa7-4798-885a-4abb5ce2a798,2.16.840.1.114274.1818.47725593941143701869724908224129315975,10041569-VGNu6FLHPEiGjPVNhzb7rA,10041569-VGNu6FLHPEiGjPVNhzb7rA,Yes,Female,38.0,Black or African American,False,True,0,1,1,0,0,1,1,,,,,0,4
ct_series_file,ae60bda9-1b06-47e0-a73f-a0f0ae441c4b,Open-A1,2.16.840.1.114362.1.12359305.25874454649.713350498.230.962,CT,DCM,DICOM,10041569-ObI0JieKtE2oeNm5iAtegA/2.16.840.1.114274.1818.528635693624310463317692983366313686438/2.16.840.1.114362.1.12359305.25874454649.713350498.230.962.zip,1779310,470decd593f6a83307d596d320fba4b0,,10041569-ObI0JieKtE2oeNm5iAtegA,,SOFT,,Skull-stripping,,True,DERIVED_PRIMARY_AXIAL,,GE MEDICAL SYSTEMS / MIM Software,Revolution HD,CT,,dg.MD1R/d948940d-5ce7-4796-b31c-76eee359475d,HFS,0.488281,BrainSegmentation,2.16.840.1.114362.1.12359305.25874454649.713350498.230.962,5.0,,4fd56c15-6e2d-4b23-9089-796f313124bb,ACR_20250901,2b74f482-5d3b-4bbc-88d0-94149e06c7b4,2.16.840.1.114274.1818.528635693624310463317692983366313686438,10041569-ObI0JieKtE2oeNm5iAtegA,10041569-ObI0JieKtE2oeNm5iAtegA,Yes,Male,57.0,Not Reported,False,True,1,1,1,0,0,1,1,,,,,0,5
ct_series_file,4a58bfdd-8b9a-4dab-ad19-3a7d16d1c04a,Open-A1,2.16.840.1.114274.1818.56227504580542283492145324677550910619,CT,DCM,DICOM,10041569-YIon3HGGUa4N81uJEoWmg/2.16.840.1.114274.1818.54410048836163784816225480419029672380/2.16.840.1.114274.1818.56227504580542283492145324677550910619.zip,1091690,2f19013e37d2fa232f3ec6cab5e8e661,,10041569-YIon3HGGUa4N81uJEoWmg,,STANDARD,,,,False,ORIGINAL_PRIMARY_LOCALIZER,,GE MEDICAL SYSTEMS,Revolution CT,CT,,dg.MD1R/9e1b8643-80c1-4ba1-8d26-0e57f131150a,FFS,0.636364,Scout,2.16.840.1.114274.1818.56227504580542283492145324677550910619,460.0,10.0,4fd56c15-6e2d-4b23-9089-796f313124bb,ACR_20250901,314a438c-8e46-45de-8b35-66155ab7e653,2.16.840.1.114274.1818.54410048836163784816225480419029672380,10041569-YIon3HGGUa4N81uJEoWmg,10041569-YIon3HGGUa4N81uJEoWmg,Yes,Male,84.0,Black or African American,False,False,1,1,1,1,0,1,1,,,,,0,6
ct_series_file,33845b7f-3cb5-48a8-b4a6-5962617deacd,Open-A1,2.16.840.1.114274.1818.5140365462785387076758552540536694935,CT,DCM,DICOM,10041569-NCqDv8OEUyQItLOWlNToA/2.16.840.1.114274.1818.539843292708796253013019684890644790950/2.16.840.1.114274.1818.5140365462785387076758552540536694935.zip,1598960,5a0c5de824a63aa7b5ee5fafbfc579cc,,10041569-NCqDv8OEUyQItLOWlNToA,,STANDARD,,,,False,ORIGINAL_PRIMARY_LOCALIZER,,GE MEDICAL SYSTEMS,Revolution HD,CT,,dg.MD1R/34e60957-0bcd-4328-b1c9-51c399542253,FFS,0.545455,SCOUT,2.16.840.1.114274.1818.5140365462785387076758552540536694935,520.545471,-10.0,4fd56c15-6e2d-4b23-9089-796f313124bb,ACR_20250901,92125e43-b438-43d0-ae0a-ad2740320434,2.16.840.1.114274.1818.539843292708796253013019684890644790950,10041569-NCqDv8OEUyQItLOWlNToA,10041569-NCqDv8OEUyQItLOWlNToA,Yes,Female,61.0,White,False,True,1,1,0,0,0,1,1,,,,,0,4
ct_series_file,c26cda1b-84a9-4637-820c-1ff1314fd7c7,Open-A1,2.16.840.1.114274.1818.46742039861451775963936399228205711804,CT,DCM,DICOM,10000364-1288160/2.16.840.1.114274.1818.50726532205805071547046871105480694172/2.16.840.1.114274.1818.46742039861451775963936399228205711804.zip,1004886,09216414c89a6f2cdbabd474efe85a3b,,10000364-1288160,,STANDARD,,,,,ORIGINALPRIMARYLOCALIZER,,GE MEDICAL SYSTEMS,Discovery CT750 HD,CT,2.0,dg.MD1R/ad20db50-1618-4397-ae21-6a79b1819a04,,,SCOUT,2.16.840.1.114274.1818.46742039861451775963936399228205711804,350.545471,-10.0,59f32345-e328-4e77-8813-6fdff0a106e3,ACR_20220415,2f062916-aa20-4b5d-9c25-85eee77d3c6a,2.16.840.1.114274.1818.50726532205805071547046871105480694172,10000364-1288160,10000364-1288160,Yes,Male,28.0,White,True,True,0,1,1,0,0,0,1,,,,,0,3
ct_series_file,f650123d-ec25-47b3-b878-f52de13fd974,Open-A1,2.16.840.1.114274.1818.49379648840558827619356173222385740163,CT,DCM,DICOM,10041569-g7BegS168EGCpgRylILjoA/2.16.840.1.114274.1818.49407950232910888607662077718151322277/2.16.840.1.114274.1818.49379648840558827619356173222385740163.zip,162176,d00e344a1ba282b43186107ee414f1f3,,10041569-g7BegS168EGCpgRylILjoA,,Tr20f,NONE,,,False,ORIGINAL_PRIMARY_LOCALIZER_CT_SOM5 TOP,,SIEMENS,SOMATOM Drive,CT,,dg.MD1R/783aa0ad-84d6-4bb5-9ec4-1b7fe632d4f4,FFS,1.0,Topogram  1.0  Tr20,2.16.840.1.114274.1818.49379648840558827619356173222385740163,,,4fd56c15-6e2d-4b23-9089-796f313124bb,ACR_20250901,fae66339-daf4-42a8-a92b-1c10997f92dd,2.16.840.1.114274.1818.49407950232910888607662077718151322277,10041569-g7BegS168EGCpgRylILjoA,10041569-g7BegS168EGCpgRylILjoA,Yes,Female,63.0,White,False,True,1,1,1,1,0,1,1,,,,,0,6
ct_series_file,f7d37b34-3912-429f-90de-d7ee684c544e,Open-A1,2.16.840.1.114274.1818.483386340764011320915354321837189367203,CT,DCM,DICOM,10041569-VGNu6FLHPEiGjPVNhzb7rA/2.16.840.1.114274.1818.530392076959669787318234793125821000585/2.16.840.1.114274.1818.483386340764011320915354321837189367203.zip,79294090,7e5de843a12345b252b2cb1932c19ebf,,10041569-VGNu6FLHPEiGjPVNhzb7rA,,Br40f_3,XYZ_EC,,,False,ORIGINAL_PRIMARY_AXIAL_CT_SOM5 SPI,,SIEMENS,SOMATOM Definition Edge,CT,,dg.MD1R/81e2081d-5188-4323-8ac5-4c62a415f008,HFS,0.921875,Thorax  1.0  Br40  3,2.16.840.1.114274.1818.483386340764011320915354321837189367203,1.0,,4fd56c15-6e2d-4b23-9089-796f313124bb,ACR_20250901,27cb7a1e-4bab-4c42-8e26-051e1da8c962,2.16.840.1.114274.1818.530392076959669787318234793125821000585,10041569-VGNu6FLHPEiGjPVNhzb7rA,10041569-VGNu6FLHPEiGjPVNhzb7rA,Yes,Female,38.0,Black or African American,False,True,0,1,1,0,0,1,1,,,,,0,4
ct_series_file,42960bd2-15ba-4af2-afae-e0592525b8d9,Open-A1,2.16.840.1.114274.1818.49680041971637873726575397662564090805,CT,DCM,DICOM,2.16.840.1.114274.1818.4948415564176827061609523082483227267/2.16.840.1.114274.1818.49680041971637873726575397662564090805.zip,1825332,112065a7860bd526aa8eb5cf1a21a979,,10000364-485319,,,,,,,,,GE MEDICAL SYSTEMS,LightSpeed VCT,CT,2.0,dg.MD1R/6480f014-7e97-491b-bb86-6f6c48f05801,,,SCOUT,2.16.840.1.114274.1818.49680041971637873726575397662564090805,,,da2db6a3-93f5-4066-90b2-f8dd8afadd2c,ACR_20211115,5cee715d-5c5e-4c5d-b164-2acb733d3352,2.16.840.1.114274.1818.4948415564176827061609523082483227267,10000364-485319,10000364-485319,Yes,Female,60.0,White,True,True,0,1,0,0,0,0,1,,,,,0,2
ct_series_file,ece97f05-8018-404e-9704-cea57ae97b79,Open-A1,2.16.840.1.114274.1818.48058395230903371678180706833844212403,CT,DCM,DICOM,10041569-NCqDv8OEUyQItLOWlNToA/2.16.840.1.114274.1818.50793149460206776362447330147529697935/2.16.840.1.114274.1818.48058395230903371678180706833844212403.zip,75464430,b004461483235851250b6adb6b061dbf,,10041569-NCqDv8OEUyQItLOWlNToA,,Bf37f_4,XYZ_EC,,,False,ORIGINAL_PRIMARY_AXIAL_CT_SOM5 SPI,,SIEMENS,SOMATOM Definition Edge,CT,,dg.MD1R/9e505adf-d14c-4a2e-bff4-277b38fa8b16,FFS,0.787109375,ST_AX_PE_1.0,2.16.840.1.114274.1818.48058395230903371678180706833844212403,1.0,,4fd56c15-6e2d-4b23-9089-796f313124bb,ACR_20250901,8a7d26ab-541d-40d3-b007-2523376645d2,2.16.840.1.114274.1818.50793149460206776362447330147529697935,10041569-NCqDv8OEUyQItLOWlNToA,10041569-NCqDv8OEUyQItLOWlNToA,Yes,Female,61.0,White,False,True,1,1,0,0,0,1,1,,,,,0,4
ct_series_file,2f4133d5-c0a8-4fec-a8d1-6b38062d19d1,Open-A1,2.16.840.1.114274.1818.494595630941310137216308624725060760217,CT,DCM,DICOM,10041569-KTJisivBEW8eG11h3OmCQ/2.16.840.1.114274.1818.48368958474658151018812609586455320450/2.16.840.1.114274.1818.494595630941310137216308624725060760217.zip,20046718,1779b9ac00c0dfb9fda1503759d28204,,10041569-KTJisivBEW8eG11h3OmCQ,,I40f_3,XYZ_EC,,,False,ORIGINAL_PRIMARY_AXIAL_CT_SOM5 SPI,,SIEMENS,SOMATOM Definition Flash,CT,,dg.MD1R/ce01b7e6-932b-4d99-be92-57d2c3b22c8b,FFS,0.845703125,AX_NC_5.0_THICK_AP,2.16.840.1.114274.1818.494595630941310137216308624725060760217,5.0,,4fd56c15-6e2d-4b23-9089-796f313124bb,ACR_20250901,ddc1b9c9-a986-4771-bf6f-8166f355623d,2.16.840.1.114274.1818.48368958474658151018812609586455320450,10041569-KTJisivBEW8eG11h3OmCQ,10041569-KTJisivBEW8eG11h3OmCQ,Yes,Male,36.0,Not Reported,False,True,1,1,1,0,0,1,1,,,,,0,5
ct_series_file,2692839e-3440-4573-9865-1282bf71dce2,Open-A1,2.16.840.1.114274.1818.57016800425270049637636122499068852151,CT,DCM,DICOM,10041569-YwgotNEPQUS9rTCEmYfvGg/2.16.840.1.114274.1818.52179194608022432028892629146297067446/2.16.840.1.114274.1818.57016800425270049637636122499068852151.zip,59049712,23f80df11aed03ad335b2c62d75707a0,,10041569-YwgotNEPQUS9rTCEmYfvGg,,Bf37f_3,XYZ_EC,,,False,ORIGINAL_PRIMARY_AXIAL_CT_SOM5 SPI,,SIEMENS,SOMATOM Definition Edge,CT,,dg.MD1R/c19abc45-fafd-4b97-9c97-faa0a06c648d,HFS,0.826171875,ST_AX_THIN_+C_1.0,2.16.840.1.114274.1818.57016800425270049637636122499068852151,1.0,,4fd56c15-6e2d-4b23-9089-796f313124bb,ACR_20250901,9e3fe024-a92e-46dd-8579-d93325bb1500,2.16.840.1.114274.1818.52179194608022432028892629146297067446,10041569-YwgotNEPQUS9rTCEmYfvGg,10041569-YwgotNEPQUS9rTCEmYfvGg,Yes,Male,43.0,Not Reported,False,True,1,1,1,1,0,1,1,,,,,0,6
ct_series_file,7bb0fb1b-e71d-46ac-8881-bab2bdcee731,Open-A1,2.16.840.1.114362.1.12359305.25874454649.712502203.365.946,CT,DCM,DICOM,10041569-DlqX5imb0ejWPhSL4fHg/2.16.840.1.114274.1818.49990384417031595716981297756347997863/2.16.840.1.114362.1.12359305.25874454649.712502203.365.946.zip,1885022,d0e9dd43dc1ff9194e8d1b95821bf2f0,,10041569-DlqX5imb0ejWPhSL4fHg,,SOFT,,Skull-stripping,,True,DERIVED_PRIMARY_AXIAL,,GE MEDICAL SYSTEMS / MIM Software,Revolution HD,CT,,dg.MD1R/69e7e974-ab25-4c9d-86fc-483a9da5c35b,HFS,0.488281,BrainSegmentation,2.16.840.1.114362.1.12359305.25874454649.712502203.365.946,5.0,,4fd56c15-6e2d-4b23-9089-796f313124bb,ACR_20250901,7e90dd26-ac8b-4392-98fe-f60b5228be0b,2.16.840.1.114274.1818.49990384417031595716981297756347997863,10041569-DlqX5imb0ejWPhSL4fHg,10041569-DlqX5imb0ejWPhSL4fHg,Yes,Female,73.0,Black or African American,False,True,0,1,1,1,0,1,1,,,,,0,5
ct_series_file,4b96645c-a581-4abc-b704-3cd6b38f7750,Open-A1,2.16.840.1.114274.1818.500763456835533694710801507490966441899,CT,DCM,DICOM,10041569-VGNu6FLHPEiGjPVNhzb7rA/2.16.840.1.114274.1818.47725593941143701869724908224129315975/2.16.840.1.114274.1818.500763456835533694710801507490966441899.zip,107864232,ba05e6205a6a0c908824adfc1ad91a83,,10041569-VGNu6FLHPEiGjPVNhzb7rA,,"Bf37f_4,Bf37f",XYZ_EC,,,False,"DERIVED_PRIMARY_LOCALIZER_CT_SOM5 MPR,DERIVED_PRIMARY_AXIAL_CT_SOM5 MPR",,SIEMENS,SOMATOM Definition Edge,CT,,dg.MD1R/b48fe1a1-67af-40f9-9944-af601e5e8900,FFS,"0.982421875,0.60984848484848",ST_SAG_PE_1.0,2.16.840.1.114274.1818.500763456835533694710801507490966441899,1.0,,4fd56c15-6e2d-4b23-9089-796f313124bb,ACR_20250901,05a7e9b0-ffa7-4798-885a-4abb5ce2a798,2.16.840.1.114274.1818.47725593941143701869724908224129315975,10041569-VGNu6FLHPEiGjPVNhzb7rA,10041569-VGNu6FLHPEiGjPVNhzb7rA,Yes,Female,38.0,Black or African American,False,True,0,1,1,0,0,1,1,,,,,0,4
ct_series_file,df07b7d1-3396-436b-b5df-4022f907cc97,Open-A1,2.16.840.1.114274.1818.54292249632297546234154768657489189010,CT,DCM,DICOM,10000364-1288160/2.16.840.1.114274.1818.50726532205805071547046871105480694172/2.16.840.1.114274.1818.54292249632297546234154768657489189010.zip,111929448,a7556abf62b9305daea76302a7c4a3c0,,10000364-1288160,,STANDARD,,,,,ORIGINALPRIMARYAXIAL,,GE MEDICAL SYSTEMS,Discovery CT750 HD,CT,531.0,dg.MD1R/e054943f-0f19-422e-9e89-665c3b94487d,,,Recon 3: Chest BMI 25-40,2.16.840.1.114274.1818.54292249632297546234154768657489189010,1.25,-0.625,59f32345-e328-4e77-8813-6fdff0a106e3,ACR_20220415,2f062916-aa20-4b5d-9c25-85eee77d3c6a,2.16.840.1.114274.1818.50726532205805071547046871105480694172,10000364-1288160,10000364-1288160,Yes,Male,28.0,White,True,True,0,1,1,0,0,0,1,,,,,0,3
ct_series_file,614cf7e1-371c-4cef-883d-6309c760339b,Open-A1,2.16.840.1.114274.1818.481306083763699247516254388474184286089,CT,DCM,DICOM,10041569-SytwUN6koU6LLR3RcLHkA/2.16.840.1.114274.1818.461581675593236005544160393246441089/2.16.840.1.114274.1818.481306083763699247516254388474184286089.zip,39721982,530f658ef48186620b35a2cbfb4b88e0,,10041569-SytwUN6koU6LLR3RcLHkA,,"Br38f_2,Br38f",XYZ_EC,,,False,"DERIVED_PRIMARY_LOCALIZER_CT_SOM5 MPR,DERIVED_PRIMARY_AXIAL_CT_SOM5 MPR",,SIEMENS,SOMATOM Definition Flash,CT,,dg.MD1R/0805085d-aa78-4dd1-b7c2-b3137bf7e40a,FFS,"1.125,0.595703125",ST_COR_CHEST_2.0,2.16.840.1.114274.1818.481306083763699247516254388474184286089,2.0,,4fd56c15-6e2d-4b23-9089-796f313124bb,ACR_20250901,2d34278b-2acf-49bb-a56b-170f9118193a,2.16.840.1.114274.1818.461581675593236005544160393246441089,10041569-SytwUN6koU6LLR3RcLHkA,10041569-SytwUN6koU6LLR3RcLHkA,Yes,Female,62.0,Black or African American,False,False,1,1,1,0,0,1,1,,,,,0,5
ct_series_file,86228c5f-40a1-4b43-aa57-b42eff505b20,Open-A1,2.16.840.1.114362.1.12359305.25874454649.713408947.580.962,CT,DCM,DICOM,10041569-SytwUN6koU6LLR3RcLHkA/2.16.840.1.114274.1818.57524503473146295975267568902273653412/2.16.840.1.114362.1.12359305.25874454649.713408947.580.962.zip,6832770,eaec54466a32ee27e5544378a4ab3e1e,,10041569-SytwUN6koU6LLR3RcLHkA,,H70h,,Skull-stripping,,True,DERIVED_PRIMARY_AXIAL,,SIEMENS / MIM Software,Biograph40,CT,,dg.MD1R/014bbda0-2226-4643-8c22-d8babc45b144,HFS,0.375,BrainSegmentation,2.16.840.1.114362.1.12359305.25874454649.713408947.580.962,2.0,,4fd56c15-6e2d-4b23-9089-796f313124bb,ACR_20250901,1e0c969e-b08b-435e-b3bf-e049468a351f,2.16.840.1.114274.1818.57524503473146295975267568902273653412,10041569-SytwUN6koU6LLR3RcLHkA,10041569-SytwUN6koU6LLR3RcLHkA,Yes,Female,62.0,Black or African American,False,False,1,1,1,0,0,1,1,,,,,0,5
ct_series_file,6c9cd6c3-b347-4284-8e59-0e486ca2cd37,Open-A1,2.16.840.1.114274.1818.534871086124777104813872096446991511221,CT,DCM,DICOM,10000364-2388039/2.16.840.1.114274.1818.57524619169889621926090362194473708218/2.16.840.1.114274.1818.534871086124777104813872096446991511221.zip,82036636,6d85be5b97c7bcdcf7df6b97b922cb69,,10000364-2388039,APPLIED,Bl57f,XYZ_EC,,,False,ORIGINAL_PRIMARY_AXIAL_CT_SOM5 SPI DUAL_STD_DNRG_DET_AB,,SIEMENS,SOMATOM Definition Flash,CT,,dg.MD1R/0be922ed-310f-4800-9d37-1bd57609f2e8,FFS,0.673828125,DE_PE  Lung 1.0  Bl57  F_0.6,2.16.840.1.114274.1818.534871086124777104813872096446991511221,1.0,,f704bef2-2e0f-450c-bbd0-8beaf82f4757,ACR_20241215,3791ff5c-ec16-4f68-8e5c-231e5e35ff24,2.16.840.1.114274.1818.57524619169889621926090362194473708218,10000364-2388039,10000364-2388039,No,Female,86.0,White,True,True,0,0,0,0,0,0,0,,,,,1,0
ct_series_file,a3c20d03-581b-4d66-9521-9a9aeeeccef6,Open-A1,2.16.840.1.114362.1.12177026.25874454649.636262620.1066.130,CT,DCM,DICOM,10008204-njX26YxgeUWHLHhO3FZJaA/2.16.840.1.114274.1818.503985401409534929811866798788611976591/2.16.840.1.114362.1.12177026.25874454649.636262620.1066.130.zip,3937730,1dae28d1371c06a60ef4760631302ede,,10008204-njX26YxgeUWHLHhO3FZJaA,,STANDARD,,Skull-stripping,2.0,True,DERIVED_PRIMARY_AXIAL,0.0,GE MEDICAL SYSTEMS / MIM Software,Optima CT660,CT,64.0,dg.MD1R/1107d637-ca88-4b36-8f6f-358864d76c0d,HFS,0.429687977,BrainSegmentation,2.16.840.1.114362.1.12177026.25874454649.636262620.1066.130,2.499999762,,f3a84a57-f61e-4953-af27-23f850bc857a,ACR_20230415,2e6dbef7-1837-4abd-954b-777aae4412ed,2.16.840.1.114274.1818.503985401409534929811866798788611976591,10008204-njX26YxgeUWHLHhO3FZJaA,10008204-njX26YxgeUWHLHhO3FZJaA,No,Male,45.0,White,False,False,0,0,0,0,0,0,0,,,,,1,0
ct_series_file,85d7a9ad-9fb9-4768-a78b-ce3da2d6dc0a,Open-A1,2.16.840.1.114274.1818.576090197629451528515667811240080480408,CT,DCM,DICOM,10000364-2455045/2.16.840.1.114274.1818.496192560264000355913457525502513186214/2.16.840.1.114274.1818.576090197629451528515667811240080480408.zip,5919924,f83333b4cd908c48116fb70037191dd6,,10000364-2455045,,,,,,,,,SIEMENS,SOMATOM Definition AS,CT,18.0,dg.MD1R/83daeb8e-3d99-433c-9c62-78dac4d0cf8e,,,HIGH RES EXP  1.0  B80s,2.16.840.1.114274.1818.576090197629451528515667811240080480408,,,4a5dd86d-7965-48bb-9c2b-c6d36089c780,ACR_20220314,063b8808-a504-49b7-ba6c-9445923b24fd,2.16.840.1.114274.1818.496192560264000355913457525502513186214,10000364-2455045,10000364-2455045,No,Male,74.0,White,,,0,0,0,0,0,0,0,,,,,1,0
ct_series_file,5ac72470-8131-4668-8179-e83114b5ba32,Open-A1,2.16.840.1.114274.1818.56866610482248998217546333193398909861,CT,DCM,DICOM,10000364-6603547/2.16.840.1.114274.1818.57333373172073717163107716395474342570/2.16.840.1.114274.1818.56866610482248998217546333193398909861.zip,13724918,ff717a71b2a7d76947d24e71c7c232e9,,10000364-6603547,APPLIED,,,,,,,,SIEMENS,SOMATOM Definition Flash,CT,51.0,dg.MD1R/f342cdbc-880c-4028-9648-1cc60de34c79,,,CORONAL MIP,2.16.840.1.114274.1818.56866610482248998217546333193398909861,,,4a5dd86d-7965-48bb-9c2b-c6d36089c780,ACR_20220314,009dc5d1-5438-4d0e-b816-4dba743c6b52,2.16.840.1.114274.1818.57333373172073717163107716395474342570,10000364-6603547,10000364-6603547,No,Male,37.0,White,,,0,0,0,0,0,0,0,,,,,1,0
ct_series_file,91bfd9d0-f177-4796-90c1-cf4bc84cc4d4,Open-A1,2.16.840.1.114274.1818.4711404718030803934933166550190168455,CT,DCM,DICOM,10008204-qGPlvk9RSUafOynjkn416A/2.16.840.1.114274.1818.52613350671201317243815086455417217409/2.16.840.1.114274.1818.4711404718030803934933166550190168455.zip,23484844,ce098db48a0b54500fb9e5d4b2df8cac,,10008204-qGPlvk9RSUafOynjkn416A,,,,,,,,,GE MEDICAL SYSTEMS,Optima CT660,CT,138.0,dg.MD1R/7f03ab63-f9bf-4b64-b9c9-83dbe5eba4ee,,,CHEST COR X2,2.16.840.1.114274.1818.4711404718030803934933166550190168455,,,b2f0484a-2536-49b7-8739-c1056a9ce85c,ACR_20220218,db32d043-f509-4ea1-89be-a07f2f0f5b8d,2.16.840.1.114274.1818.52613350671201317243815086455417217409,10008204-qGPlvk9RSUafOynjkn416A,10008204-qGPlvk9RSUafOynjkn416A,No,Female,89.0,White,False,False,0,0,0,0,0,0,0,,,,,1,0
ct_series_file,e18ddb84-8e08-4bc5-8d94-df0bebcf2341,Open-A1,2.16.840.1.114274.1818.51776790477844565357012564834789459600,CT,DCM,DICOM,10003752-R0jcGGMM0EGh6efpBwcA/2.16.840.1.114274.1818.465495290657669365217036271069087619510/2.16.840.1.114274.1818.51776790477844565357012564834789459600.zip,9479658,83d1670672382fac467e1c8a01eb256b,,10003752-R0jcGGMM0EGh6efpBwcA,,,,,,,,,GE MEDICAL SYSTEMS,Revolution CT,CT,56.0,dg.MD1R/c3343fad-d7e6-4274-a002-f1440df56956,,,MINIP,2.16.840.1.114274.1818.51776790477844565357012564834789459600,,,06406925-1d98-4e8f-a0ce-c52b678bcb2a,ACR_20220107,8f7a558c-8bd0-448a-bb51-a62d9d1b35f0,2.16.840.1.114274.1818.465495290657669365217036271069087619510,10003752-R0jcGGMM0EGh6efpBwcA,10003752-R0jcGGMM0EGh6efpBwcA,No,Female,67.0,Black or African American,,,0,0,0,0,0,0,0,,,,,1,0
ct_series_file,85ddbbd0-bc6b-4ffb-9f5f-f889516d2cb2,Open-A1,2.16.840.1.114274.1818.50301667434418254834207336650616232635,CT,DCM,DICOM,10000364-1016922/2.16.840.1.114274.1818.483104119136363048210883572145004919221/2.16.840.1.114274.1818.50301667434418254834207336650616232635.zip,28571744,0c866d4452801197641b74a089cdfa88,,10000364-1016922,OMNIPAQUE 350 100,,,,,,,,GE MEDICAL SYSTEMS,Revolution HD,CT,157.0,dg.MD1R/5e591c03-09de-4f05-8b80-e8f4554f5607,,,COR BODY,2.16.840.1.114274.1818.50301667434418254834207336650616232635,,,b2f0484a-2536-49b7-8739-c1056a9ce85c,ACR_20220218,720ea7ad-0f64-430a-a6c2-cd2c14a4f8c6,2.16.840.1.114274.1818.483104119136363048210883572145004919221,10000364-1016922,10000364-1016922,No,Male,,White,,,0,0,0,0,0,0,0,,,,,1,0
ct_series_file,d1cddeb6-c01a-4ba4-a03a-90b7efc2cea4,Open-A1,2.16.840.1.114274.1818.507738630485796637314536298685915090333,CT,DCM,DICOM,10000364-852991/2.16.840.1.114274.1818.487770150404420448016297945971575654071/2.16.840.1.114274.1818.507738630485796637314536298685915090333.zip,37601624,b59052e7b08bd036d21932c6c3c59ae2,,10000364-852991,APPLIED,,,,,,,,SIEMENS,SOMATOM Definition AS,CT,169.0,dg.MD1R/4ccc9da1-3e6e-43df-a908-6e8abc1d16e6,,,PE  AXIALS,2.16.840.1.114274.1818.507738630485796637314536298685915090333,,,b2f0484a-2536-49b7-8739-c1056a9ce85c,ACR_20220218,c7810642-4179-42d2-a4ce-010ee1afa8fa,2.16.840.1.114274.1818.487770150404420448016297945971575654071,10000364-852991,10000364-852991,No,Female,21.0,White,,,0,0,0,0,0,0,0,,,,,1,0
ct_series_file,28c56e2f-a33b-4a9a-83f6-e24a680b763a,Open-A1,2.16.840.1.114274.1818.49016945030610062997952087007678566318,CT,DCM,DICOM,10008204-QXLcjLKTUSHJQKDwYKZew/2.16.840.1.114274.1818.474067774663903983016867749956259525546/2.16.840.1.114274.1818.49016945030610062997952087007678566318.zip,24893544,779a8db934bb6591d1f9329d5e9c12c4,,10008204-QXLcjLKTUSHJQKDwYKZew,,,,,,,,,GE MEDICAL SYSTEMS,Optima CT660,CT,121.0,dg.MD1R/6604f03c-5263-4ea3-afce-6a410785d913,,,2.5-STD_PACS,2.16.840.1.114274.1818.49016945030610062997952087007678566318,,,b2f0484a-2536-49b7-8739-c1056a9ce85c,ACR_20220218,64aa569e-71da-4c1d-bf50-a3481eb2072c,2.16.840.1.114274.1818.474067774663903983016867749956259525546,10008204-QXLcjLKTUSHJQKDwYKZew,10008204-QXLcjLKTUSHJQKDwYKZew,No,Male,49.0,White,,,0,0,0,0,0,0,0,,,,,1,0
ct_series_file,6350debc-cb13-4073-8ee3-850f5db1c7bf,Open-A1,2.16.840.1.114274.1818.551070655977281786310694189217262333338,CT,DCM,DICOM,10003752-H1nv9G8tFUyjGBzhmtMEg/2.16.840.1.114274.1818.5563722328742959952327511829794316696/2.16.840.1.114274.1818.551070655977281786310694189217262333338.zip,88423054,02b30a69b5e08fd8d223b37c291ee6f4,,10003752-H1nv9G8tFUyjGBzhmtMEg,Iodine,,,,,,,,Philips,Brilliance 64,CT,133.0,dg.MD1R/4f246e88-83a3-4102-a613-1e72793e372a,,,"SAG, iDose (2)",2.16.840.1.114274.1818.551070655977281786310694189217262333338,,,06406925-1d98-4e8f-a0ce-c52b678bcb2a,ACR_20220107,7345e50e-f088-4074-8534-5f9fb5563560,2.16.840.1.114274.1818.5563722328742959952327511829794316696,10003752-H1nv9G8tFUyjGBzhmtMEg,10003752-H1nv9G8tFUyjGBzhmtMEg,No,Female,73.0,White,,,0,0,0,0,0,0,0,,,,,1,0
ct_series_file,8239e408-78ae-428f-b8b8-2f8c4af866b2,Open-A1,2.16.840.1.114274.1818.493385389232901508211040744845356568475,CT,DCM,DICOM,10003752-nVBB3bUhoEK3nejf60ZR9Q/2.16.840.1.114274.1818.475671430590172169914374117266401077406/2.16.840.1.114274.1818.493385389232901508211040744845356568475.zip,32374842,2f66ab16a2581474751f63d94758e4fe,,10003752-nVBB3bUhoEK3nejf60ZR9Q,,,,,,,,,GE MEDICAL SYSTEMS,Revolution HD,CT,128.0,dg.MD1R/2ce50268-c8d3-4c22-ae77-b4e4790ec201,,,LUNG,2.16.840.1.114274.1818.493385389232901508211040744845356568475,,,06406925-1d98-4e8f-a0ce-c52b678bcb2a,ACR_20220107,be6e9371-09b0-4e59-848e-788ad5e344fa,2.16.840.1.114274.1818.475671430590172169914374117266401077406,10003752-nVBB3bUhoEK3nejf60ZR9Q,10003752-nVBB3bUhoEK3nejf60ZR9Q,No,Male,73.0,White,,,0,0,0,0,0,0,0,,,,,1,0
ct_series_file,b644acd7-aa77-40a1-b52d-ddd4609b256b,Open-A1,2.16.840.1.114274.1818.53309335904742045581955263889175218855,CT,DCM,DICOM,10000364-602586/2.16.840.1.114274.1818.55457634618736102951678796292774142855/2.16.840.1.114274.1818.53309335904742045581955263889175218855.zip,1051024,3155a72afe29337adc0aa814737f19d8,,10000364-602586,,,,,,,,,GE MEDICAL SYSTEMS,Discovery CT750 HD,CT,2.0,dg.MD1R/1dd567d1-4418-4c43-b037-798d94e0b0b5,,,SCOUT,2.16.840.1.114274.1818.53309335904742045581955263889175218855,,,4a5dd86d-7965-48bb-9c2b-c6d36089c780,ACR_20220314,caac96fe-d13b-4bf0-b73c-5307be5d60a4,2.16.840.1.114274.1818.55457634618736102951678796292774142855,10000364-602586,10000364-602586,No,Female,,White,,,0,0,0,0,0,0,0,,,,,1,0
ct_series_file,2a7875ea-b0eb-4be2-8da5-373d7157f837,Open-A1,2.16.840.1.114274.1818.55953113134808171069790081451667452545,CT,DCM,DICOM,10000364-1791823/2.16.840.1.114274.1818.479258696743800868211424792188856703912/2.16.840.1.114274.1818.55953113134808171069790081451667452545.zip,101752146,0ce23ef8c2f8788219de8398d0c02f7b,,10000364-1791823,,Bl57f,XYZ_EC,,,False,ORIGINAL_PRIMARY_AXIAL_CT_SOM5 SPI,,SIEMENS,SOMATOM Definition Flash,CT,,dg.MD1R/84d8c4cd-017d-4789-8e96-025be4035b97,HFS,0.796875,CAP  1.0  Bl57,2.16.840.1.114274.1818.55953113134808171069790081451667452545,1.0,,f704bef2-2e0f-450c-bbd0-8beaf82f4757,ACR_20241215,cc9d9cc4-f723-4993-9cf9-e025c33f4f75,2.16.840.1.114274.1818.479258696743800868211424792188856703912,10000364-1791823,10000364-1791823,No,Male,67.0,White,False,True,0,0,0,0,0,0,0,,,,,1,0
ct_series_file,16eac48a-6f0c-4434-a77e-93fb110f1506,Open-A1,2.16.840.1.114274.1818.486881686105428612617085068650126580390,CT,DCM,DICOM,10008204-HIpajz5XkOqmWxV8iD7iQ/2.16.840.1.114274.1818.49277698823712011943755665609993325235/2.16.840.1.114274.1818.486881686105428612617085068650126580390.zip,7200520,c31cc16274c06d7d0716016bc960869b,,10008204-HIpajz5XkOqmWxV8iD7iQ,,STANDARD,,,,,"DERIVEDSECONDARYREFORMATTEDMIP,DERIVEDSECONDARYREFORMATTEDAVERAGE",,GE MEDICAL SYSTEMS,Optima CT660,CT,35.0,dg.MD1R/70206f9b-a369-4142-896a-ef0a3aceba8e,,,AXIAL MIP 10 X 10,2.16.840.1.114274.1818.486881686105428612617085068650126580390,"10.0,1.25",,59f32345-e328-4e77-8813-6fdff0a106e3,ACR_20220415,90281941-10dc-49a0-a481-995b03979d16,2.16.840.1.114274.1818.49277698823712011943755665609993325235,10008204-HIpajz5XkOqmWxV8iD7iQ,10008204-HIpajz5XkOqmWxV8iD7iQ,No,Female,65.0,White,,,0,0,0,0,0,0,0,,,,,1,0
ct_series_file,1f9481b2-8727-45eb-9531-8c12f7f6b01d,Open-A1,2.16.840.1.114274.1818.49013324848685593017307231489994917007,CT,DCM,DICOM,10000364-2429248/2.16.840.1.114274.1818.46834500323771428718143753739417976476/2.16.840.1.114274.1818.49013324848685593017307231489994917007.zip,35102618,3650b4d52806d886de65be43c8f7743b,,10000364-2429248,OMNIPAQUE 350,,,,,,,,GE MEDICAL SYSTEMS,LightSpeed VCT,CT,173.0,dg.MD1R/ab14114b-dacd-40d7-8c40-1f36e997f846,,,Std 2.5,2.16.840.1.114274.1818.49013324848685593017307231489994917007,,,4a5dd86d-7965-48bb-9c2b-c6d36089c780,ACR_20220314,7f336baa-faf6-4c6e-8f11-43c441f60479,2.16.840.1.114274.1818.46834500323771428718143753739417976476,10000364-2429248,10000364-2429248,No,Male,53.0,White,,,0,0,0,0,0,0,0,,,,,1,0
ct_series_file,e4337bbf-9786-46bf-aef7-0833115b4744,Open-A1,2.16.840.1.114274.1818.57444806672193583223645546189226296706,CT,DCM,DICOM,10000364-1200082/2.16.840.1.114274.1818.488811871063038353616511324673654557585/2.16.840.1.114274.1818.57444806672193583223645546189226296706.zip,58252424,f84e00708c64144d5097e1b7c62d8d9e,,10000364-1200082,,,,,,,,,GE MEDICAL SYSTEMS,LightSpeed VCT,CT,232.0,dg.MD1R/6b72a4de-2b13-4487-80fa-13f0c7f6f825,,,Lung 1.25,2.16.840.1.114274.1818.57444806672193583223645546189226296706,,,b2f0484a-2536-49b7-8739-c1056a9ce85c,ACR_20220218,1f4c7962-ecb9-4d3f-b82f-bceafa9b8500,2.16.840.1.114274.1818.488811871063038353616511324673654557585,10000364-1200082,10000364-1200082,No,Female,47.0,White,,,0,0,0,0,0,0,0,,,,,1,0
ct_series_file,1879e04c-6296-4efa-b4e3-f61d20553d6e,Open-A1,2.16.840.1.114274.1818.53745589184993672816916580340108444323,CT,DCM,DICOM,10008204-NJhZ2aUsUmyLjOBL0uSWA/2.16.840.1.114274.1818.52301783796298570217314296492016367786/2.16.840.1.114274.1818.53745589184993672816916580340108444323.zip,22580404,b5655228dc2cbbc25cc6bc943f2a5f17,,10008204-NJhZ2aUsUmyLjOBL0uSWA,,,,,,,,,GE MEDICAL SYSTEMS,Optima CT660,CT,135.0,dg.MD1R/53cf35ca-427b-4643-8462-109223066d4a,,,CHEST COR X2,2.16.840.1.114274.1818.53745589184993672816916580340108444323,,,b2f0484a-2536-49b7-8739-c1056a9ce85c,ACR_20220218,d64cf061-5c5a-44d8-ba9f-3b54476447ca,2.16.840.1.114274.1818.52301783796298570217314296492016367786,10008204-NJhZ2aUsUmyLjOBL0uSWA,10008204-NJhZ2aUsUmyLjOBL0uSWA,No,Male,87.0,White,,,0,0,0,0,0,0,0,,,,,1,0
ct_series_file,90463db2-5074-46b0-b0c1-362b05666b85,Open-A1,2.16.840.1.114274.1818.540362427183033872118301571521725196223,CT,DCM,DICOM,10000364-608595/2.16.840.1.114274.1818.53455174976433760187608278528014029730/2.16.840.1.114274.1818.540362427183033872118301571521725196223.zip,47351110,f4babdaa41031b4f716a9db898f87073,,10000364-608595,Omnipaque,,,,,,,,SIEMENS,SOMATOM Definition AS+,CT,233.0,dg.MD1R/85628682-bed6-49d0-b7e9-e87e03a2fb34,,,CAP WITH AXIALS 3.0 mm,2.16.840.1.114274.1818.540362427183033872118301571521725196223,,,b2f0484a-2536-49b7-8739-c1056a9ce85c,ACR_20220218,db487e0f-f63c-4a52-aa35-2d8ceb7547a9,2.16.840.1.114274.1818.53455174976433760187608278528014029730,10000364-608595,10000364-608595,No,Male,58.0,White,,,0,0,0,0,0,0,0,,,,,1,0
ct_series_file,3a6ff10a-156a-4ec7-b08f-e957c9da291c,Open-A1,2.16.840.1.114274.1818.527260370162723766811539072041129320081,CT,DCM,DICOM,10008204-7ok62VuaKEim0G3ekqZ72g/2.16.840.1.114274.1818.468565963646233536015427221646450796693/2.16.840.1.114274.1818.527260370162723766811539072041129320081.zip,31359060,5edd6cdc44cd0d9a38b3cf7ce0a787bb,,10008204-7ok62VuaKEim0G3ekqZ72g,,,,,,,,,GE MEDICAL SYSTEMS,Optima CT660,CT,122.0,dg.MD1R/ffa94383-6e90-406a-84cb-0e4b4f4d5901,,,2.5_LUNG_PACS,2.16.840.1.114274.1818.527260370162723766811539072041129320081,,,b2f0484a-2536-49b7-8739-c1056a9ce85c,ACR_20220218,c690de76-e65c-4434-acf5-92634e2b8347,2.16.840.1.114274.1818.468565963646233536015427221646450796693,10008204-7ok62VuaKEim0G3ekqZ72g,10008204-7ok62VuaKEim0G3ekqZ72g,No,Male,82.0,White,False,False,0,0,0,0,0,0,0,,,,,1,0
ct_series_file,e2d8d795-c23a-4f33-a484-6f769e89c1c7,Open-A1,2.16.840.1.114274.1818.54486142895525452564606272608491596933,CT,DCM,DICOM,10003752-ZWpTH5nRU0yVRSp1aPee7g/2.16.840.1.114274.1818.51424693570353586633178081284391844783/2.16.840.1.114274.1818.54486142895525452564606272608491596933.zip,380986,53e8679876bf802f030e56c4a4df6be3,,10003752-ZWpTH5nRU0yVRSp1aPee7g,,,,,,,,,Philips,Brilliance 64,CT,2.0,dg.MD1R/97b1a99c-8be0-4362-baaa-c5f0226332f0,,,PRONE,2.16.840.1.114274.1818.54486142895525452564606272608491596933,,,06406925-1d98-4e8f-a0ce-c52b678bcb2a,ACR_20220107,8563019f-5c3d-4ca0-95db-8d35f1eadb7d,2.16.840.1.114274.1818.51424693570353586633178081284391844783,10003752-ZWpTH5nRU0yVRSp1aPee7g,10003752-ZWpTH5nRU0yVRSp1aPee7g,No,Female,54.0,White,,,0,0,0,0,0,0,0,,,,,1,0
ct_series_file,6f46abfe-5a0f-4939-878c-25ff01c6d25a,Open-A1,2.16.840.1.114274.1818.56630312490135067243652098646033376392,CT,DCM,DICOM,10008204-YPtyKFhuTkGFPpu8OsD8iA/2.16.840.1.114274.1818.566186981903772041412800647271230444731/2.16.840.1.114274.1818.56630312490135067243652098646033376392.zip,357734,19bd1a7af2d2104d14dd318c83ca435b,,10008204-YPtyKFhuTkGFPpu8OsD8iA,,,,,,,,,GE MEDICAL SYSTEMS,Optima CT660,CT,1.0,dg.MD1R/0059aa4f-bedb-4523-80ff-d4c715a3acd3,,,SCOUT,2.16.840.1.114274.1818.56630312490135067243652098646033376392,,,b2f0484a-2536-49b7-8739-c1056a9ce85c,ACR_20220218,038f1fa1-9bcb-4149-93e3-d6cd810028ff,2.16.840.1.114274.1818.566186981903772041412800647271230444731,10008204-YPtyKFhuTkGFPpu8OsD8iA,10008204-YPtyKFhuTkGFPpu8OsD8iA,No,Male,64.0,White,,,0,0,0,0,0,0,0,,,,,1,0
ct_series_file,445c22f7-64ca-4e26-947c-d9990cdaceeb,Open-A1,2.16.840.1.114274.1818.50229988338395511279282597753653645750,CT,DCM,DICOM,10000364-1602287/2.16.840.1.114274.1818.473953480147193575610157806224247423887/2.16.840.1.114274.1818.50229988338395511279282597753653645750.zip,33943684,e86e2247cc3b35e0784be191ae72fd31,,10000364-1602287,,,,,,,,,SIEMENS,SOMATOM Definition Flash,CT,139.0,dg.MD1R/d9059277-873a-424f-9fab-b0bae9c58e0e,,,SAGITTAL,2.16.840.1.114274.1818.50229988338395511279282597753653645750,,,4a5dd86d-7965-48bb-9c2b-c6d36089c780,ACR_20220314,fcc1c648-be01-4302-a334-c4163a9cc63e,2.16.840.1.114274.1818.473953480147193575610157806224247423887,10000364-1602287,10000364-1602287,No,Male,65.0,Not Reported,,,0,0,0,0,0,0,0,,,,,1,0
ct_series_file,1868dae2-c27a-44f5-94be-b1a44ac4b841,Open-A1,2.16.840.1.114274.1818.470372898314624115312426283909924723842,CT,DCM,DICOM,10000364-6117351/2.16.840.1.114274.1818.5424624179304729542345646351696488875/2.16.840.1.114274.1818.470372898314624115312426283909924723842.zip,84984532,9a9da830e41133376bafb7f2fa7f7146,,10000364-6117351,,,,,,,,,SIEMENS,Sensation 64,CT,240.0,dg.MD1R/13dbe514-4ec5-422e-be20-5975aa34f4c2,,,CHEST w/o  1.0  B70f LUNG,2.16.840.1.114274.1818.470372898314624115312426283909924723842,,,4a5dd86d-7965-48bb-9c2b-c6d36089c780,ACR_20220314,60049574-5333-483c-a297-c834fe070b22,2.16.840.1.114274.1818.5424624179304729542345646351696488875,10000364-6117351,10000364-6117351,No,Female,75.0,White,,,0,0,0,0,0,0,0,,,,,1,0
ct_series_file,2030ac58-f1eb-48ed-ab8d-311addb2b858,Open-A1,2.16.840.1.114274.1818.55329133220913462171827911968379101616,CT,DCM,DICOM,10000364-5306565/2.16.840.1.114274.1818.50272535467153730972035572681595700383/2.16.840.1.114274.1818.55329133220913462171827911968379101616.zip,322924,f2d2fef43a3fc082bfe4a3dabe5c9167,,10000364-5306565,,,,,,,,,SIEMENS,SOMATOM Definition AS,CT,2.0,dg.MD1R/ee27733e-d443-438a-bf28-57615d9bda08,,,Topogram  0.6  T20s,2.16.840.1.114274.1818.55329133220913462171827911968379101616,,,4a5dd86d-7965-48bb-9c2b-c6d36089c780,ACR_20220314,f025a112-28fd-40dc-96e9-27c723532c56,2.16.840.1.114274.1818.50272535467153730972035572681595700383,10000364-5306565,10000364-5306565,No,Female,81.0,White,,,0,0,0,0,0,0,0,,,,,1,0
ct_series_file,f038535b-ed0e-495b-a89a-cd0e5a2bee80,Open-A1,2.16.840.1.114274.1818.5348403863053866775171973438964788903,CT,DCM,DICOM,10003752-2HG8UUsw4UOuWl3hpNu5Mg/2.16.840.1.114274.1818.488103073934052251214965866612876356750/2.16.840.1.114274.1818.5348403863053866775171973438964788903.zip,28274578,9fcdfb4a55031a09894db71d04369639,,10003752-2HG8UUsw4UOuWl3hpNu5Mg,,,,,,,,,Philips,iCT 256,CT,88.0,dg.MD1R/da863486-dd09-449b-a823-4d085eae8ccc,,,"SAG, iDose (2)",2.16.840.1.114274.1818.5348403863053866775171973438964788903,,,06406925-1d98-4e8f-a0ce-c52b678bcb2a,ACR_20220107,d7c5552f-7616-444d-94be-9394bee8b037,2.16.840.1.114274.1818.488103073934052251214965866612876356750,10003752-2HG8UUsw4UOuWl3hpNu5Mg,10003752-2HG8UUsw4UOuWl3hpNu5Mg,No,Female,67.0,White,,,0,0,0,0,0,0,0,,,,,1,0
ct_series_file,7c3a9f4f-6e61-499d-9935-298d1bebaccc,Open-A1,2.16.840.1.114274.1818.548613587385810498914254058846827083963,CT,DCM,DICOM,10000364-5338115/2.16.840.1.114274.1818.50543898875913327842063930613898289848/2.16.840.1.114274.1818.548613587385810498914254058846827083963.zip,905966,bd07f2798369a93bff77d65bd3afbc2e,,10000364-5338115,APPLIED,,,,,,,,SIEMENS,SOMATOM Definition Flash,CT,4.0,dg.MD1R/aafc7f5b-55f8-45fe-9bf2-e0072a508a4d,,,Monitoring  10.0  Br38,2.16.840.1.114274.1818.548613587385810498914254058846827083963,,,4a5dd86d-7965-48bb-9c2b-c6d36089c780,ACR_20220314,7e44e551-12aa-4e90-bb7d-4072ab1ed47d,2.16.840.1.114274.1818.50543898875913327842063930613898289848,10000364-5338115,10000364-5338115,No,Female,73.0,Black or African American,,,0,0,0,0,0,0,0,,,,,1,0
ct_series_file,302f8cd8-d347-4a1c-9f43-b86ff26a4dce,Open-A1,2.16.840.1.114274.1818.516499046267131047111014201532923105162,CT,DCM,DICOM,10000364-6544062/2.16.840.1.114274.1818.47309191799733750985069360608062123708/2.16.840.1.114274.1818.516499046267131047111014201532923105162.zip,40923114,910f70122274c2e243d9db035785cf69,,10000364-6544062,,,,,,,,,GE MEDICAL SYSTEMS,LightSpeed VCT,CT,233.0,dg.MD1R/6b769a3c-07ae-4911-b244-f4cd0410adb9,,,Chest Coronal 1 25,2.16.840.1.114274.1818.516499046267131047111014201532923105162,,,4a5dd86d-7965-48bb-9c2b-c6d36089c780,ACR_20220314,ceb4746b-d8f9-4abf-b8c1-ce6a143082ea,2.16.840.1.114274.1818.47309191799733750985069360608062123708,10000364-6544062,10000364-6544062,No,Female,42.0,White,,,0,0,0,0,0,0,0,,,,,1,0
ct_series_file,257967fc-de5a-4ec4-bc95-56ff9213df35,Open-A1,2.16.840.1.114274.1818.518672263277171556610856655872528091027,CT,DCM,DICOM,2.16.840.1.114274.1818.47217199007717349714079802055065122958/2.16.840.1.114274.1818.518672263277171556610856655872528091027.zip,767028,551651d9f92102ff8b31e1e12f5cdf67,,10003752-jaKmfeDmlkOUwSLx25gpg,,,,,,,,,Philips,Brilliance 64,CT,2.0,dg.MD1R/4fa3fd92-1a25-473f-adfe-55996659c4cf,,,SCOUT,2.16.840.1.114274.1818.518672263277171556610856655872528091027,,,da2db6a3-93f5-4066-90b2-f8dd8afadd2c,ACR_20211115,bdfdaba3-4e52-470d-893b-919e2d2dc0bd,2.16.840.1.114274.1818.47217199007717349714079802055065122958,10003752-jaKmfeDmlkOUwSLx25gpg,10003752-jaKmfeDmlkOUwSLx25gpg,No,Female,59.0,Black or African American,,,0,0,0,0,0,0,0,,,,,1,0
ct_series_file,bb3905aa-e85d-4eae-a8c1-4b4fc7ada77b,Open-A1,2.16.840.1.114274.1818.50504814738369672671654174504886531986,CT,DCM,DICOM,10000364-4951095/2.16.840.1.114274.1818.574407597072900003613606024842465122459/2.16.840.1.114274.1818.50504814738369672671654174504886531986.zip,32417100,4bc243a67626f087511d12bf311ac144,,10000364-4951095,,,,,,,,,GE MEDICAL SYSTEMS,Revolution CT,CT,204.0,dg.MD1R/025d581b-026c-4a26-86ae-e16c7848a28b,,,COR CHEST,2.16.840.1.114274.1818.50504814738369672671654174504886531986,,,4a5dd86d-7965-48bb-9c2b-c6d36089c780,ACR_20220314,fc7b82a9-2ac5-427b-98ce-c85f9facca28,2.16.840.1.114274.1818.574407597072900003613606024842465122459,10000364-4951095,10000364-4951095,No,Male,66.0,White,,,0,0,0,0,0,0,0,,,,,1,0
ct_series_file,62ac289f-d20b-4b7f-8c6a-3dcbd876ef98,Open-A1,2.16.840.1.114274.1818.509584006222285188913552490475838818751,CT,DCM,DICOM,2.16.840.1.114274.1818.4619943391660173760586707947801840312/2.16.840.1.114274.1818.509584006222285188913552490475838818751.zip,29017728,f6cb4424099f45b1d21e4193fd6671ff,,10003752-CwipBaBmx02X5knZWEdEA,,,,,,,,,GE MEDICAL SYSTEMS,Revolution CT,CT,145.0,dg.MD1R/0af201aa-6e46-4148-8c6a-e9f77871d9c6,,,ART CHEST RECON,2.16.840.1.114274.1818.509584006222285188913552490475838818751,,,da2db6a3-93f5-4066-90b2-f8dd8afadd2c,ACR_20211115,d3823b2e-1553-44ee-89be-04a2303c02a1,2.16.840.1.114274.1818.4619943391660173760586707947801840312,10003752-CwipBaBmx02X5knZWEdEA,10003752-CwipBaBmx02X5knZWEdEA,No,Male,34.0,Black or African American,,,0,0,0,0,0,0,0,,,,,1,0
ct_series_file,5527b6f8-09d3-49da-b3ce-7365f436f828,Open-A1,2.16.840.1.114274.1818.510716513370256905117798375800717279137,CT,DCM,DICOM,10000364-1244858/2.16.840.1.114274.1818.468253713363785071111079979855525737640/2.16.840.1.114274.1818.510716513370256905117798375800717279137.zip,29929602,72058531f0b24e63e7eee8ac540d77cb,,10000364-1244858,OMNIPAQUE 350,,,,,,,,GE MEDICAL SYSTEMS,LightSpeed VCT,CT,115.0,dg.MD1R/11723f80-77c7-4a53-ae9d-d1336e3be076,,,LUNG AXIAL MIP,2.16.840.1.114274.1818.510716513370256905117798375800717279137,,,b2f0484a-2536-49b7-8739-c1056a9ce85c,ACR_20220218,a3fb04dc-a39b-43d9-ae4a-3e33c3cb85fb,2.16.840.1.114274.1818.468253713363785071111079979855525737640,10000364-1244858,10000364-1244858,No,Male,75.0,White,,,0,0,0,0,0,0,0,,,,,1,0
ct_series_file,d92739c9-3473-4208-b317-195ebcf8ab57,Open-A1,2.16.840.1.114274.1818.51225433306915103637352696635457970334,CT,DCM,DICOM,10003752-oR4NRvmXXkC0XfHpjV0kXw/2.16.840.1.114274.1818.535490245273598632612045170864802802561/2.16.840.1.114274.1818.51225433306915103637352696635457970334.zip,21375154,d4e1afbaf4f76bd8f1f4e927527c3a48,,10003752-oR4NRvmXXkC0XfHpjV0kXw,,,,,,,,,GE MEDICAL SYSTEMS,Revolution HD,CT,110.0,dg.MD1R/bb19fdb8-1f16-4058-bf7f-28d8156dd6c5,,,Chest Sag,2.16.840.1.114274.1818.51225433306915103637352696635457970334,,,06406925-1d98-4e8f-a0ce-c52b678bcb2a,ACR_20220107,718893d9-020d-440c-ae93-51703e1e0922,2.16.840.1.114274.1818.535490245273598632612045170864802802561,10003752-oR4NRvmXXkC0XfHpjV0kXw,10003752-oR4NRvmXXkC0XfHpjV0kXw,No,Male,67.0,White,,,0,0,0,0,0,0,0,,,,,1,0
ct_series_file,8e01ccd8-d4a9-4904-aa38-028dac73b43c,Open-A1,2.16.840.1.114274.1818.52499300506135045082876754492228502438,CT,DCM,DICOM,10000364-5688818/2.16.840.1.114274.1818.46276577411531358493331835277976031625/2.16.840.1.114274.1818.52499300506135045082876754492228502438.zip,109556,34262b7df72b2b0b75636283fbfc40de,,10000364-5688818,,,,,,,,,SIEMENS,SOMATOM Definition AS,CT,1.0,dg.MD1R/8086ac67-fdc7-419b-b547-d217b5e19d8f,,,Topogram  0.6  T20f,2.16.840.1.114274.1818.52499300506135045082876754492228502438,,,4a5dd86d-7965-48bb-9c2b-c6d36089c780,ACR_20220314,01819d0c-7356-40a5-815d-8e1ee895dced,2.16.840.1.114274.1818.46276577411531358493331835277976031625,10000364-5688818,10000364-5688818,No,Male,55.0,White,,,0,0,0,0,0,0,0,,,,,1,0
ct_series_file,9fe01e77-4f35-409b-9e6d-789a0a6be3b7,Open-A1,2.16.840.1.114274.1818.545488377851722987915177741449403182212,CT,DCM,DICOM,10000364-1821243/2.16.840.1.114274.1818.467352916857236386616353092194471038612/2.16.840.1.114274.1818.545488377851722987915177741449403182212.zip,53898540,3a10f9824415194ed3d87583efedd67b,,10000364-1821243,,,,,,,,,SIEMENS,SOMATOM Definition Flash,CT,179.0,dg.MD1R/5bb338c4-f3a3-4a91-9077-0d4e00de8a14,,,Fl_LUNG 1.5  Bl57,2.16.840.1.114274.1818.545488377851722987915177741449403182212,,,4a5dd86d-7965-48bb-9c2b-c6d36089c780,ACR_20220314,a0319092-c009-41f0-8dfa-ab97726a4fac,2.16.840.1.114274.1818.467352916857236386616353092194471038612,10000364-1821243,10000364-1821243,No,Male,66.0,White,,,0,0,0,0,0,0,0,,,,,1,0
ct_series_file,dac676b4-a0aa-42b3-940a-56a6729e8f1a,Open-A1,2.16.840.1.114274.1818.46494642705143759679357826871111441542,CT,DCM,DICOM,2.16.840.1.114274.1818.46563909662719770192845783717943837117/2.16.840.1.114274.1818.46494642705143759679357826871111441542.zip,1684400,11f35b03ec094f3ef5a045f5ce0652c9,,10003752-ynnax8heZ0cbuEqZMOVg,,,,,,,,,GE MEDICAL SYSTEMS,Revolution CT,CT,2.0,dg.MD1R/e730e26a-784a-4546-b05b-37fe3d7ad164,,,Scout,2.16.840.1.114274.1818.46494642705143759679357826871111441542,,,da2db6a3-93f5-4066-90b2-f8dd8afadd2c,ACR_20211115,a44cf32d-1d37-4169-b469-45a9e26089ac,2.16.840.1.114274.1818.46563909662719770192845783717943837117,10003752-ynnax8heZ0cbuEqZMOVg,10003752-ynnax8heZ0cbuEqZMOVg,No,Male,72.0,Black or African American,,,0,0,0,0,0,0,0,,,,,1,0
ct_series_file,1e58e543-6b1f-4bda-9826-2928f326d0a4,Open-A1,2.16.840.1.114274.1818.48121812256657467934101390038795434668,CT,DCM,DICOM,10000364-1227297/2.16.840.1.114274.1818.528221018299366557415509858512471997869/2.16.840.1.114274.1818.48121812256657467934101390038795434668.zip,47022744,c951423047f0e6e232f83a68dc74c5ac,,10000364-1227297,OMNI 350,,,,,,,,SIEMENS,SOMATOM Drive,CT,202.0,dg.MD1R/b0f7f11f-7ca0-49e6-9185-a795c67b60e3,,,AX CHEST PE STD +C  F_0.5,2.16.840.1.114274.1818.48121812256657467934101390038795434668,,,4a5dd86d-7965-48bb-9c2b-c6d36089c780,ACR_20220314,764fb27a-6330-48a9-84c2-cb2759ec1e18,2.16.840.1.114274.1818.528221018299366557415509858512471997869,10000364-1227297,10000364-1227297,No,Male,78.0,Black or African American,,,0,0,0,0,0,0,0,,,,,1,0
ct_series_file,cf7edb4e-af97-4b12-a5e6-558f87439105,Open-A1,2.16.840.1.114274.1818.568482185110775894812117202406026743943,CT,DCM,DICOM,10000364-1700720/2.16.840.1.114274.1818.57092800378537702767558058943656515517/2.16.840.1.114274.1818.568482185110775894812117202406026743943.zip,1385474,87cf8c72e61f5f867e572b4f727b0fe5,,10000364-1700720,,,,,,,,,GE MEDICAL SYSTEMS,LightSpeed VCT,CT,2.0,dg.MD1R/8f7fb350-0220-42da-86eb-8f494c69b0ab,,,SCOUT,2.16.840.1.114274.1818.568482185110775894812117202406026743943,,,4a5dd86d-7965-48bb-9c2b-c6d36089c780,ACR_20220314,8d1e9437-bef4-4efb-9fce-c9d094eacbed,2.16.840.1.114274.1818.57092800378537702767558058943656515517,10000364-1700720,10000364-1700720,No,Male,73.0,White,,,0,0,0,0,0,0,0,,,,,1,0
ct_series_file,9964abbc-141e-4c1e-af2b-afd65591199f,Open-A1,2.16.840.1.114274.1818.532651916342545622718295361685534452898,CT,DCM,DICOM,10000364-1763507/2.16.840.1.114274.1818.51825756963451439184820579475042951057/2.16.840.1.114274.1818.532651916342545622718295361685534452898.zip,12347368,b09082d76b7a524dec049eaf24a1b7f7,,10000364-1763507,OMNIPAQUE 350,,,,,,,,GE MEDICAL SYSTEMS,LightSpeed VCT,CT,60.0,dg.MD1R/ae12e05c-f099-4ea7-a9e0-7e2589efcac1,,,CTA MIPS CORONAL,2.16.840.1.114274.1818.532651916342545622718295361685534452898,,,4a5dd86d-7965-48bb-9c2b-c6d36089c780,ACR_20220314,ea6c31dc-e9af-44fe-a26a-fc91d73c91f7,2.16.840.1.114274.1818.51825756963451439184820579475042951057,10000364-1763507,10000364-1763507,No,Male,52.0,White,,,0,0,0,0,0,0,0,,,,,1,0
ct_series_file,85e4f9f6-4419-4352-bdeb-95af32dba474,Open-A1,2.16.840.1.114274.1818.53983339567367675596582649540281326521,CT,DCM,DICOM,10008204-WUfaPgxOwEyqdiDLSCYdZw/2.16.840.1.114274.1818.500661366230835384713408371371410708096/2.16.840.1.114274.1818.53983339567367675596582649540281326521.zip,24565908,d2200dcc56de607f9f41eb90b783ba7a,,10008204-WUfaPgxOwEyqdiDLSCYdZw,,STANDARD,,,,,ORIGINALPRIMARYAXIAL,0.0,GE MEDICAL SYSTEMS,Optima CT660,CT,125.0,dg.MD1R/b3d66e37-c3b4-4fe0-9d95-97ddece84d5f,,"0.746094,0.746094",2.5_STD_PACS,2.16.840.1.114274.1818.53983339567367675596582649540281326521,2.5,2.5,59f32345-e328-4e77-8813-6fdff0a106e3,ACR_20220415,267b6a32-cc30-414a-885f-8a28d5ce304d,2.16.840.1.114274.1818.500661366230835384713408371371410708096,10008204-WUfaPgxOwEyqdiDLSCYdZw,10008204-WUfaPgxOwEyqdiDLSCYdZw,No,Female,29.0,White,,,0,0,0,0,0,0,0,,,,,1,0
ct_series_file,c805bb13-e153-4ed2-8211-b4f58349154f,Open-A1,2.16.840.1.114274.1818.510201868381173073515919989483847992200,CT,DCM,DICOM,10000364-1062121/2.16.840.1.114274.1818.53927138507402089645673346895730140856/2.16.840.1.114274.1818.510201868381173073515919989483847992200.zip,182220,fb9e73f35549a84953ff251f297bd7b0,,10000364-1062121,,,,,,,,,Siemens Healthineers,SOMATOM go.Top,CT,1.0,dg.MD1R/11870838-f05f-4365-b8e2-5327cfb0428b,,,Topogram 0.60 Tr20 cor,2.16.840.1.114274.1818.510201868381173073515919989483847992200,,,b2f0484a-2536-49b7-8739-c1056a9ce85c,ACR_20220218,e344e024-2e07-4326-a859-072f8cf96990,2.16.840.1.114274.1818.53927138507402089645673346895730140856,10000364-1062121,10000364-1062121,No,Male,78.0,White,,,0,0,0,0,0,0,0,,,,,1,0
ct_series_file,ee060a7d-f17f-4bbb-9278-5869cb9bf533,Open-A1,2.16.840.1.114274.1818.516940822753952952213922675787077473725,CT,DCM,DICOM,10000364-1018948/2.16.840.1.114274.1818.474131990672284644711555352814819724956/2.16.840.1.114274.1818.516940822753952952213922675787077473725.zip,22744864,7aeb85c9d87f44c9503e583e7d790937,,10000364-1018948,Omnipaque,,,,,,,,SIEMENS,SOMATOM Definition AS+,CT,110.0,dg.MD1R/e612750e-25af-4277-b0c2-d068e28c2ea2,,,Axials 3.0 MM,2.16.840.1.114274.1818.516940822753952952213922675787077473725,,,b2f0484a-2536-49b7-8739-c1056a9ce85c,ACR_20220218,b23d5d4a-9905-49a4-9aff-6970903e0a35,2.16.840.1.114274.1818.474131990672284644711555352814819724956,10000364-1018948,10000364-1018948,No,Female,64.0,White,,,0,0,0,0,0,0,0,,,,,1,0
ct_series_file,60d1e83c-59ff-4b9c-b685-473572978bad,Open-A1,2.16.840.1.114274.1818.530918966463745523210031986779134596995,CT,DCM,DICOM,10003752-CqxrzolX8UG1rzqhpvp7g/2.16.840.1.114274.1818.52113791779403827734101556118390541487/2.16.840.1.114274.1818.530918966463745523210031986779134596995.zip,28914074,52255672d93b85d2379eaed95e8aaf3f,,10003752-CqxrzolX8UG1rzqhpvp7g,Iodine,,,,,,,,Philips,iCT 256,CT,107.0,dg.MD1R/1c95371c-fa97-44d2-9259-b1951692969d,,,"LUNGS, iDose (2)",2.16.840.1.114274.1818.530918966463745523210031986779134596995,,,06406925-1d98-4e8f-a0ce-c52b678bcb2a,ACR_20220107,1f71016f-333f-47b2-b753-8d24801251e5,2.16.840.1.114274.1818.52113791779403827734101556118390541487,10003752-CqxrzolX8UG1rzqhpvp7g,10003752-CqxrzolX8UG1rzqhpvp7g,No,Male,64.0,White,,,0,0,0,0,0,0,0,,,,,1,0
ct_series_file,d067aabc-114b-4b65-85f6-8cdcc8852b9e,Open-A1,2.16.840.1.114274.1818.52831907421245768275627929350206453907,CT,DCM,DICOM,10000364-1338745/2.16.840.1.114274.1818.53835813011866304668113862566215307163/2.16.840.1.114274.1818.52831907421245768275627929350206453907.zip,103455874,7254cd88160ca7a64152cd1013ec2c45,,10000364-1338745,,STANDARD,,,,False,ORIGINAL_PRIMARY_AXIAL,,GE MEDICAL SYSTEMS,LightSpeed VCT,CT,,dg.MD1R/95a45b44-29fd-4244-8854-b061e4480da3,FFS,0.722656,1.25x.625 standard,2.16.840.1.114274.1818.52831907421245768275627929350206453907,1.25,0.625,f704bef2-2e0f-450c-bbd0-8beaf82f4757,ACR_20241215,4bcc4b88-533f-4926-b2de-5ca28f1f7a14,2.16.840.1.114274.1818.53835813011866304668113862566215307163,10000364-1338745,10000364-1338745,No,Female,37.0,White,False,False,0,0,0,0,0,0,0,,,,,1,0
ct_series_file,dfff91b9-1134-4cfd-903d-4226d3b33526,Open-A1,2.16.840.1.114274.1818.46448292856332594207265402749769437075,CT,DCM,DICOM,10000364-822068/2.16.840.1.114274.1818.568018236093361679710507027584832281263/2.16.840.1.114274.1818.46448292856332594207265402749769437075.zip,51411652,8f05c9ae18882dc5a57904951cc8d695,,10000364-822068,APPLIED,,,,,,,,SIEMENS,SOMATOM Definition AS,CT,209.0,dg.MD1R/0c3a5aa5-87d0-41b5-b0bb-6e688bc49306,,,PE  AXIALS,2.16.840.1.114274.1818.46448292856332594207265402749769437075,,,b2f0484a-2536-49b7-8739-c1056a9ce85c,ACR_20220218,7661ac3b-98f6-4858-92be-9811e65b9d70,2.16.840.1.114274.1818.568018236093361679710507027584832281263,10000364-822068,10000364-822068,No,Female,63.0,White,,,0,0,0,0,0,0,0,,,,,1,0
ct_series_file,13a024e6-a3e3-45d0-b45c-4a5889d29fe7,Open-A1,2.16.840.1.114274.1818.55805410684730459284829065634333213108,CT,DCM,DICOM,10000364-1214434/2.16.840.1.114274.1818.46912861236751758568175965733213666207/2.16.840.1.114274.1818.55805410684730459284829065634333213108.zip,16316402,4ac42cc481e6bd82ff237ea1b1480567,,10000364-1214434,Omnipaque,,,,,,,,SIEMENS,SOMATOM Definition AS+,CT,60.0,dg.MD1R/368128e9-bf71-4dbd-b7ce-6b51209390d0,,,Coronal 10.0  MIP,2.16.840.1.114274.1818.55805410684730459284829065634333213108,,,b2f0484a-2536-49b7-8739-c1056a9ce85c,ACR_20220218,a3700674-1144-48b3-a135-f91d1584a7d2,2.16.840.1.114274.1818.46912861236751758568175965733213666207,10000364-1214434,10000364-1214434,No,Female,89.0,White,,,0,0,0,0,0,0,0,,,,,1,0
ct_series_file,5c86f77b-5aa3-4c49-a2dc-76716e8012a7,Open-A1,2.16.840.1.114274.1818.482721194936411325714709004405880138408,CT,DCM,DICOM,10003752-FMviHIm3rk8F8gHH76WFQ/2.16.840.1.114274.1818.54726742324553631224847434220493085314/2.16.840.1.114274.1818.482721194936411325714709004405880138408.zip,13843840,d420eb841169dc0dd969c5e810c121c7,,10003752-FMviHIm3rk8F8gHH76WFQ,,,,,,,,,GE MEDICAL SYSTEMS,Revolution CT,CT,65.0,dg.MD1R/360a04fb-c134-46be-9e82-67da669e8cf1,,,MIP DLIR MED,2.16.840.1.114274.1818.482721194936411325714709004405880138408,,,06406925-1d98-4e8f-a0ce-c52b678bcb2a,ACR_20220107,ae0eda4a-11a2-4d82-b6df-1191182eb643,2.16.840.1.114274.1818.54726742324553631224847434220493085314,10003752-FMviHIm3rk8F8gHH76WFQ,10003752-FMviHIm3rk8F8gHH76WFQ,No,Female,40.0,Black or African American,,,0,0,0,0,0,0,0,,,,,1,0
ct_series_file,df422cf4-a511-4a69-a322-aa9b0e9c4aa4,Open-A1,2.16.840.1.114274.1818.49873337859069807064441065253467081139,CT,DCM,DICOM,10000364-1119857/2.16.840.1.114274.1818.552811201766173619510796837353305379753/2.16.840.1.114274.1818.49873337859069807064441065253467081139.zip,42539352,bb8c6e5f5fd8f5aeefd8bf8c02d3e1e2,,10000364-1119857,,,,,,,,,GE MEDICAL SYSTEMS,LightSpeed VCT,CT,245.0,dg.MD1R/9261c81f-ed0b-4818-8ef6-dfa51532cc6f,,,sagittal abdomen,2.16.840.1.114274.1818.49873337859069807064441065253467081139,,,b2f0484a-2536-49b7-8739-c1056a9ce85c,ACR_20220218,90a9dc1f-8a8c-482d-a794-b51918c3ca27,2.16.840.1.114274.1818.552811201766173619510796837353305379753,10000364-1119857,10000364-1119857,No,Female,28.0,White,,,0,0,0,0,0,0,0,,,,,1,0
ct_series_file,d13dce25-3b75-434d-b53a-346d83116f1a,Open-A1,2.16.840.1.114274.1818.551396760568817609110376587334253023367,CT,DCM,DICOM,10000364-6494423/2.16.840.1.114274.1818.481545914414780262910061238773865287300/2.16.840.1.114274.1818.551396760568817609110376587334253023367.zip,26451060,df1f1cbcbfe730e8d5ed08fec6bc8a3d,,10000364-6494423,,Br40f,Z_EC,,,False,DERIVED_PRIMARY_AXIAL_CT_SOM5 MPR_STD_SNRG_DET_AB,,SIEMENS,SOMATOM Definition Flash,CT,,dg.MD1R/fe9f2f8c-a4b5-4a3a-9a9b-37190d01c893,FFS,0.569872958,SAGITTAL,2.16.840.1.114274.1818.551396760568817609110376587334253023367,3.0,,f704bef2-2e0f-450c-bbd0-8beaf82f4757,ACR_20241215,dcdeb4f5-8553-4205-9b5f-a560100582bb,2.16.840.1.114274.1818.481545914414780262910061238773865287300,10000364-6494423,10000364-6494423,No,Female,48.0,Not Reported,True,False,0,0,0,0,0,0,0,,,,,1,0
ct_series_file,bd1a0f28-4eee-433c-acf6-6dca308a8536,Open-A1,2.16.840.1.114274.1818.47034576622748858721075298005543035298,CT,DCM,DICOM,10008204-JY0aZguECUCfluEvQXjmXQ/2.16.840.1.114274.1818.48474154660679565965645385177669797007/2.16.840.1.114274.1818.47034576622748858721075298005543035298.zip,5451560,105b58209be2c0c88bdf68aa1b76a1c5,,10008204-JY0aZguECUCfluEvQXjmXQ,,,,,,,,,GE MEDICAL SYSTEMS,Optima CT660,CT,27.0,dg.MD1R/b1e4bf53-24bd-4b5e-a3fe-83c57040ee83,,,COR MIP 10,2.16.840.1.114274.1818.47034576622748858721075298005543035298,,,06406925-1d98-4e8f-a0ce-c52b678bcb2a,ACR_20220107,55042df0-c5c9-4d5f-838d-a282abd6dcd2,2.16.840.1.114274.1818.48474154660679565965645385177669797007,10008204-JY0aZguECUCfluEvQXjmXQ,10008204-JY0aZguECUCfluEvQXjmXQ,No,Female,79.0,White,,,0,0,0,0,0,0,0,,,,,1,0
ct_series_file,7eb1c3c5-6187-4d85-b7bb-93183f1d2844,Open-A1,2.16.840.1.114362.1.12177026.25874454649.636515167.793.58,CT,DCM,DICOM,10008204-l3oCdbtqEC0ZnyiZJTHHw/2.16.840.1.114274.1818.56466958636436013478227483744270774426/2.16.840.1.114362.1.12177026.25874454649.636515167.793.58.zip,1706618,69dca14b364178a0a9b8a255a47f6ff8,,10008204-l3oCdbtqEC0ZnyiZJTHHw,,STANDARD,,Skull-stripping,2.0,True,DERIVED_PRIMARY_AXIAL,0.0,GE MEDICAL SYSTEMS / MIM Software,Optima CT660,CT,28.0,dg.MD1R/7061a842-a7cb-49aa-bcfa-59f5c51ee94e,HFS,0.490234107,BrainSegmentation,2.16.840.1.114362.1.12177026.25874454649.636515167.793.58,4.999999046,,f3a84a57-f61e-4953-af27-23f850bc857a,ACR_20230415,aa7e017b-8caa-4f80-9372-44485001438a,2.16.840.1.114274.1818.56466958636436013478227483744270774426,10008204-l3oCdbtqEC0ZnyiZJTHHw,10008204-l3oCdbtqEC0ZnyiZJTHHw,No,Female,82.0,White,False,False,0,0,0,0,0,0,0,,,,,1,0
ct_series_file,fba78bc9-946c-46b9-8658-91486403e924,Open-A1,2.16.840.1.114274.1818.52187631612197742828986165148418432645,CT,DCM,DICOM,10000364-6547803/2.16.840.1.114274.1818.503416455545800838312003423624736032912/2.16.840.1.114274.1818.52187631612197742828986165148418432645.zip,219743184,c9c158b17e4639ed873999c2dcd3b73d,,10000364-6547803,,,,,,,,,GE MEDICAL SYSTEMS,Discovery CT750 HD,CT,1035.0,dg.MD1R/9193d084-d0cb-47ed-91bd-00f530b372c6,,,thins,2.16.840.1.114274.1818.52187631612197742828986165148418432645,,,4a5dd86d-7965-48bb-9c2b-c6d36089c780,ACR_20220314,09123f4d-f583-4b33-acf5-1a854b36991c,2.16.840.1.114274.1818.503416455545800838312003423624736032912,10000364-6547803,10000364-6547803,No,Male,70.0,White,,,0,0,0,0,0,0,0,,,,,1,0
ct_series_file,fc28a279-d835-4b4b-b207-6663564363e4,Open-A1,2.16.840.1.114274.1818.468107165713340023012595760709960841613,CT,DCM,DICOM,10000364-1532884/2.16.840.1.114274.1818.527000358285489647214610524567472946359/2.16.840.1.114274.1818.468107165713340023012595760709960841613.zip,25766668,76aa36b11240760b5b8f69875f69aeff,,10000364-1532884,,Bl57f,Z_EC,,,False,DERIVED_PRIMARY_AXIAL_CT_SOM5 MIP_STD_SNRG_DET_AB,,SIEMENS,SOMATOM Definition Flash,CT,,dg.MD1R/7cbba715-af79-4e29-8f36-0f9eeaffa31c,FFS,0.693359375,LUNG MIPS,2.16.840.1.114274.1818.468107165713340023012595760709960841613,20.0,,f704bef2-2e0f-450c-bbd0-8beaf82f4757,ACR_20241215,b37fa6a9-8a79-49ee-bcb8-b30a3d8205b5,2.16.840.1.114274.1818.527000358285489647214610524567472946359,10000364-1532884,10000364-1532884,No,Female,69.0,White,False,False,0,0,0,0,0,0,0,,,,,1,0
ct_series_file,f1e316e2-ca6c-4964-8507-12a2b8ad3f6d,Open-A1,2.16.840.1.114274.1818.500248495620322987917724992756311052475,CT,DCM,DICOM,10003752-SwYygM5C0aZu7wCMy5qA/2.16.840.1.114274.1818.511220109410162938614298196707989171384/2.16.840.1.114274.1818.500248495620322987917724992756311052475.zip,4777556,07bfefa7c503757296a2b1fa2fdc2eee,,10003752-SwYygM5C0aZu7wCMy5qA,,,,,,,,,GE MEDICAL SYSTEMS,Revolution CT,CT,22.0,dg.MD1R/ab4ab104-cc4f-4133-8efc-5818ad92c08d,,,Smart Prep Series,2.16.840.1.114274.1818.500248495620322987917724992756311052475,,,9de1d49d-ad56-44b3-be2e-a2795ce41ff3,ACR_20210915,48aff27a-76dd-49e1-b05b-9d53f9a4938c,2.16.840.1.114274.1818.511220109410162938614298196707989171384,10003752-SwYygM5C0aZu7wCMy5qA,10003752-SwYygM5C0aZu7wCMy5qA,No,Male,53.0,Black or African American,,,0,0,0,0,0,0,0,,,,,1,0
ct_series_file,cb23c09b-21a7-4a96-9707-d6cb9bb27b9f,Open-A1,2.16.840.1.114274.1818.550310866084068841111277275232479991690,CT,DCM,DICOM,10008204-vniAwgJC2kWWLGHBfZBrCw/2.16.840.1.114274.1818.51908702032833032702255757000154336674/2.16.840.1.114274.1818.550310866084068841111277275232479991690.zip,24963776,50ddaf84bf5470604db55f385b56b031,,10008204-vniAwgJC2kWWLGHBfZBrCw,,,,,,,,,GE MEDICAL SYSTEMS,Optima CT660,CT,125.0,dg.MD1R/f6f0775a-c4a1-40c7-b837-9de47705fcda,,,2.5-STD_PACS,2.16.840.1.114274.1818.550310866084068841111277275232479991690,,,b2f0484a-2536-49b7-8739-c1056a9ce85c,ACR_20220218,1f4bf561-1b8f-43f1-bdcf-d02f0d6c575a,2.16.840.1.114274.1818.51908702032833032702255757000154336674,10008204-vniAwgJC2kWWLGHBfZBrCw,10008204-vniAwgJC2kWWLGHBfZBrCw,No,Female,77.0,White,False,False,0,0,0,0,0,0,0,,,,,1,0
ct_series_file,03b7dbe7-bb4e-4862-95b7-3f85c4b383f2,Open-A1,2.16.840.1.114274.1818.492612890097295414915925537157263958458,CT,DCM,DICOM,10003752-c2EGd9iNFkWMRbOjiE7xcw/2.16.840.1.114274.1818.57046794375967208724093094115876940435/2.16.840.1.114274.1818.492612890097295414915925537157263958458.zip,113425032,eb6198c3a0ff0e0a93cbea97aab79f84,,10003752-c2EGd9iNFkWMRbOjiE7xcw,OMNI 350,,,,,,,,GE MEDICAL SYSTEMS,Revolution CT,CT,513.0,dg.MD1R/74764c4f-ab96-4813-bb7b-ee9b8d7adf3b,,,PE CHEST SOURCE,2.16.840.1.114274.1818.492612890097295414915925537157263958458,,,b2f0484a-2536-49b7-8739-c1056a9ce85c,ACR_20220218,4b0fed59-7105-49c8-921b-5cb960a42725,2.16.840.1.114274.1818.57046794375967208724093094115876940435,10003752-c2EGd9iNFkWMRbOjiE7xcw,10003752-c2EGd9iNFkWMRbOjiE7xcw,No,Female,72.0,Black or African American,,,0,0,0,0,0,0,0,,,,,1,0
ct_series_file,5f9cefd9-375b-4606-87d2-77f49bf62791,Open-A1,2.16.840.1.114274.1818.557678179197832016113426234248571930272,CT,DCM,DICOM,10008204-6o8gLv2Eyat4lrpDFRbQ/2.16.840.1.114274.1818.470029421313645464716273036346302364349/2.16.840.1.114274.1818.557678179197832016113426234248571930272.zip,5198372,7fd237860674761cf351f50ca1b7c111,,10008204-6o8gLv2Eyat4lrpDFRbQ,,STANDARD,,,,,"DERIVEDSECONDARYREFORMATTEDMIP,DERIVEDSECONDARYREFORMATTEDAVERAGE",,GE MEDICAL SYSTEMS,Optima CT660,CT,30.0,dg.MD1R/ad709be3-1548-4e31-8261-9c9d803f708f,,,COR MIP 10,2.16.840.1.114274.1818.557678179197832016113426234248571930272,"1.25,10.0",,59f32345-e328-4e77-8813-6fdff0a106e3,ACR_20220415,e429c0f5-fbcc-49e1-9488-87783b9c021c,2.16.840.1.114274.1818.470029421313645464716273036346302364349,10008204-6o8gLv2Eyat4lrpDFRbQ,10008204-6o8gLv2Eyat4lrpDFRbQ,No,Female,,White,False,False,0,0,0,0,0,0,0,,,,,1,0
ct_series_file,6bef67d5-925b-4bc6-a0a6-e0b2a349a888,Open-A1,2.16.840.1.114274.1818.5076433016500074136974161794502656439,CT,DCM,DICOM,10008204-9oLyEzMI1EShUtbveJG8Ng/2.16.840.1.114274.1818.55634296671683705744595046406196071816/2.16.840.1.114274.1818.5076433016500074136974161794502656439.zip,5104060,2fc183a9a3f46573e55061da5e4024be,,10008204-9oLyEzMI1EShUtbveJG8Ng,,,,,,,,,GE MEDICAL SYSTEMS,Optima CT660,CT,28.0,dg.MD1R/86677b65-1414-4d68-b44c-0091ffd51b70,,,COR MIP 10,2.16.840.1.114274.1818.5076433016500074136974161794502656439,,,4a5dd86d-7965-48bb-9c2b-c6d36089c780,ACR_20220314,a5a36afd-cc59-41e6-ad38-0851f5ee51a6,2.16.840.1.114274.1818.55634296671683705744595046406196071816,10008204-9oLyEzMI1EShUtbveJG8Ng,10008204-9oLyEzMI1EShUtbveJG8Ng,No,Female,62.0,White,,,0,0,0,0,0,0,0,,,,,1,0
ct_series_file,d0d0038a-5515-437c-879e-31a42272f9b9,Open-A1,2.16.840.1.114274.1818.466052793085381349211219211414992424069,CT,DCM,DICOM,10000364-910546/2.16.840.1.114274.1818.510398941341375139017485367902410828701/2.16.840.1.114274.1818.466052793085381349211219211414992424069.zip,64388028,cc74000c16b945dcfcc7c0d3de157aff,,10000364-910546,,,,,,,,,GE MEDICAL SYSTEMS,LightSpeed VCT,CT,247.0,dg.MD1R/694ceab9-0451-417e-aee2-32c10aa1e390,,,Lung 2.5,2.16.840.1.114274.1818.466052793085381349211219211414992424069,,,4a5dd86d-7965-48bb-9c2b-c6d36089c780,ACR_20220314,cb80ca6f-b896-443c-8a33-5c9500e5e27a,2.16.840.1.114274.1818.510398941341375139017485367902410828701,10000364-910546,10000364-910546,No,Female,75.0,White,,,0,0,0,0,0,0,0,,,,,1,0
ct_series_file,34f81ea3-9222-4cbf-b31f-6a262ec0995b,Open-A1,2.16.840.1.114274.1818.54683342004704240138578771963228793014,CT,DCM,DICOM,10000364-136413/2.16.840.1.114274.1818.5694528717697230121731928646325790615/2.16.840.1.114274.1818.54683342004704240138578771963228793014.zip,26192592,a5ebb18bf249d500fa0d17a5a7f86f3a,,10000364-136413,APPLIED,B30f,XYZ_EC,,,False,ORIGINAL_PRIMARY_AXIAL_CT_SOM5 SPI,,SIEMENS,Sensation 64,CT,,dg.MD1R/1992b9e0-a08c-4820-9e8b-a2740baceb0c,FFS,0.75,CAP With,2.16.840.1.114274.1818.54683342004704240138578771963228793014,5.0,,f704bef2-2e0f-450c-bbd0-8beaf82f4757,ACR_20241215,91c63515-3e9f-4a7a-8ca6-f326efca85dd,2.16.840.1.114274.1818.5694528717697230121731928646325790615,10000364-136413,10000364-136413,No,Female,67.0,White,False,False,0,0,0,0,0,0,0,,,,,1,0
ct_series_file,6b72a0b5-a383-449b-bb3d-d4a20e81a725,Open-A1,2.16.840.1.114274.1818.52206686141739687923787688364093285285,CT,DCM,DICOM,10000364-146476/2.16.840.1.114274.1818.51812307743375603416556346307154258061/2.16.840.1.114274.1818.52206686141739687923787688364093285285.zip,56886724,80a4825dca3a5772b0f98d395af34ea6,,10000364-146476,Omnipaque 350,,,,,,,,SIEMENS,SOMATOM Definition AS,CT,179.0,dg.MD1R/258c0312-2f5d-47e4-847c-d6528d180931,,,AXIAL LUNG 1.5 MM,2.16.840.1.114274.1818.52206686141739687923787688364093285285,,,b2f0484a-2536-49b7-8739-c1056a9ce85c,ACR_20220218,0fbc4c8b-f660-489f-83fc-56d433839a4e,2.16.840.1.114274.1818.51812307743375603416556346307154258061,10000364-146476,10000364-146476,No,Male,77.0,White,,,0,0,0,0,0,0,0,,,,,1,0
ct_series_file,6fbc249a-41a0-48cd-86c7-7d49b0fa02e3,Open-A1,2.16.840.1.114274.1818.558313005471231423513951572030430842032,CT,DCM,DICOM,10000364-1442208/2.16.840.1.114274.1818.49765879515407370932422790841278502058/2.16.840.1.114274.1818.558313005471231423513951572030430842032.zip,798230,541fb6dd7ad24dd8c2324e59c360713f,,10000364-1442208,,,,,,,,,GE MEDICAL SYSTEMS,LightSpeed VCT,CT,4.0,dg.MD1R/0ea98fcd-4eb4-431c-a856-8ec7b1c47b63,,,Smart Prep Series,2.16.840.1.114274.1818.558313005471231423513951572030430842032,,,b2f0484a-2536-49b7-8739-c1056a9ce85c,ACR_20220218,fe5a79e7-e0a7-4a3a-b258-0fd0507309cc,2.16.840.1.114274.1818.49765879515407370932422790841278502058,10000364-1442208,10000364-1442208,No,Female,73.0,Black or African American,,,0,0,0,0,0,0,0,,,,,1,0
ct_series_file,82e454a1-920d-4bac-ac2a-520240117004,Open-A1,2.16.840.1.114274.1818.47789634988485609127743695997123519106,CT,DCM,DICOM,10008204-tHOrUm7vFEqdGyHMPazeA/2.16.840.1.114274.1818.49392865140496417989071578155346107521/2.16.840.1.114274.1818.47789634988485609127743695997123519106.zip,34227560,9fa2c3c5677a9c9fed84501835ec0961,,10008204-tHOrUm7vFEqdGyHMPazeA,,,,,,,,,GE MEDICAL SYSTEMS,Optima CT660,CT,131.0,dg.MD1R/f5cc05a7-eb1e-406a-b3b3-1f343cc59705,,,2.5_LUNG_PACS,2.16.840.1.114274.1818.47789634988485609127743695997123519106,,,4a5dd86d-7965-48bb-9c2b-c6d36089c780,ACR_20220314,bfdaf7fd-3b8d-47f1-8f9d-5a3a0a556e47,2.16.840.1.114274.1818.49392865140496417989071578155346107521,10008204-tHOrUm7vFEqdGyHMPazeA,10008204-tHOrUm7vFEqdGyHMPazeA,No,Male,74.0,White,,,0,0,0,0,0,0,0,,,,,1,0
ct_series_file,f1521e48-ed0a-4921-b5a8-70af2e1e3575,Open-A1,2.16.840.1.114274.1818.49759633757495136928932136312202277540,CT,DCM,DICOM,10008204-UnTe6pfk3USxSfEUHCUNQ/2.16.840.1.114274.1818.569169105903722541814610397932079157692/2.16.840.1.114274.1818.49759633757495136928932136312202277540.zip,909762,a12b7409aeacf3442a075c1d91008205,,10008204-UnTe6pfk3USxSfEUHCUNQ,,,,,,,,,GE MEDICAL SYSTEMS,Optima CT660,CT,2.0,dg.MD1R/f0fa68a0-7bc3-4750-8fbb-ae14b2e4083f,,,SCOUT,2.16.840.1.114274.1818.49759633757495136928932136312202277540,,,06406925-1d98-4e8f-a0ce-c52b678bcb2a,ACR_20220107,1923df2f-f1f6-4310-9622-be81668b9ed9,2.16.840.1.114274.1818.569169105903722541814610397932079157692,10008204-UnTe6pfk3USxSfEUHCUNQ,10008204-UnTe6pfk3USxSfEUHCUNQ,No,Male,65.0,White,False,False,0,0,0,0,0,0,0,,,,,1,0
ct_series_file,e36e964b-6261-4f59-a897-d602f9062d98,Open-A1,2.16.840.1.114274.1818.562972748261988437311146281022320205471,CT,DCM,DICOM,10000364-1942768/2.16.840.1.114274.1818.549821228968841355915151035132755822252/2.16.840.1.114274.1818.562972748261988437311146281022320205471.zip,45862892,f7d5140e18e2bb25aff02242370d33a0,,10000364-1942768,OMNI 350,,,,,,,,SIEMENS,SOMATOM Drive,CT,190.0,dg.MD1R/025c2f4e-1a19-4711-9a3b-c3fddfdba4a0,,,AX CHEST PE STD THIN +C  F_0.6,2.16.840.1.114274.1818.562972748261988437311146281022320205471,,,4a5dd86d-7965-48bb-9c2b-c6d36089c780,ACR_20220314,9553654a-874b-4f41-babd-78494bc37467,2.16.840.1.114274.1818.549821228968841355915151035132755822252,10000364-1942768,10000364-1942768,No,Male,71.0,White,,,0,0,0,0,0,0,0,,,,,1,0
ct_series_file,93dbf001-9dc4-4992-ab4c-9e38b19b82a3,Open-A1,2.16.840.1.114274.1818.47796705569403882917896365224737090451,CT,DCM,DICOM,10000364-1432584/2.16.840.1.114274.1818.50557825698869241662771924818397201313/2.16.840.1.114274.1818.47796705569403882917896365224737090451.zip,22374740,2b30773df4e1f834815449704dda79d0,,10000364-1432584,,,,,,,,,Siemens Healthineers,SOMATOM go.Top,CT,85.0,dg.MD1R/33e10a82-d4f9-4323-80b2-61c91f927ef8,,,CHEST WO 3.00 Br40 S3 cor,2.16.840.1.114274.1818.47796705569403882917896365224737090451,,,b2f0484a-2536-49b7-8739-c1056a9ce85c,ACR_20220218,c6827073-e4d8-487a-a96d-53fc084e3291,2.16.840.1.114274.1818.50557825698869241662771924818397201313,10000364-1432584,10000364-1432584,No,Female,,White,,,0,0,0,0,0,0,0,,,,,1,0
ct_series_file,a766b36e-4461-47bd-a0a8-81c7a2f09948,Open-A1,2.16.840.1.114274.1818.493271025704176890013360996907485879463,CT,DCM,DICOM,10008204-khUJl9LSuUimuU72EDLx3A/2.16.840.1.114274.1818.51923269937087658076646868673667135149/2.16.840.1.114274.1818.493271025704176890013360996907485879463.zip,34137476,74168a455b74441253885a19e1aa5e2c,,10008204-khUJl9LSuUimuU72EDLx3A,,,,,,,,,GE MEDICAL SYSTEMS,Optima CT660,CT,134.0,dg.MD1R/fce55f26-ae39-4587-8aa0-ea97d75773c5,,,2.5_LUNG_PACS,2.16.840.1.114274.1818.493271025704176890013360996907485879463,,,b2f0484a-2536-49b7-8739-c1056a9ce85c,ACR_20220218,58c708e1-caa9-47da-9609-6686e341d59b,2.16.840.1.114274.1818.51923269937087658076646868673667135149,10008204-khUJl9LSuUimuU72EDLx3A,10008204-khUJl9LSuUimuU72EDLx3A,No,Male,52.0,Not Reported,False,False,0,0,0,0,0,0,0,,,,,1,0
ct_series_file,f40232cc-364e-4c4e-9c5e-4ee5fee09bf8,Open-A1,2.16.840.1.114274.1818.500140401107256278917719267009468283525,CT,DCM,DICOM,10000364-6114077/2.16.840.1.114274.1818.50942665345883776202134920963372567186/2.16.840.1.114274.1818.500140401107256278917719267009468283525.zip,30269932,86d32788a24016229e5a9673551b9309,,10000364-6114077,OMNIPAQUE,,,,,,,,GE MEDICAL SYSTEMS,Revolution CT,CT,174.0,dg.MD1R/d699c0ca-dd74-4f22-9ec1-8f649aad8d48,,,COR 2,2.16.840.1.114274.1818.500140401107256278917719267009468283525,,,4a5dd86d-7965-48bb-9c2b-c6d36089c780,ACR_20220314,fac451b8-efac-4253-9170-61e62f2da2f6,2.16.840.1.114274.1818.50942665345883776202134920963372567186,10000364-6114077,10000364-6114077,No,Female,74.0,White,,,0,0,0,0,0,0,0,,,,,1,0
ct_series_file,144f8db5-dd9d-4af3-9fb9-1c40c6d4f8e4,Open-A1,2.16.840.1.114274.1818.50823202585695271922141367964111075994,CT,DCM,DICOM,10000364-1424483/2.16.840.1.114274.1818.49737499247039090816772048415665929880/2.16.840.1.114274.1818.50823202585695271922141367964111075994.zip,25563028,6877e20b79ff2eca63773c9f974cc860,,10000364-1424483,OMNI 350,,,,,,,,SIEMENS,SOMATOM Drive,CT,115.0,dg.MD1R/f080ec80-e5ee-4de4-91c9-86456b2849bb,,,CHEST  3.0  B40f,2.16.840.1.114274.1818.50823202585695271922141367964111075994,,,4a5dd86d-7965-48bb-9c2b-c6d36089c780,ACR_20220314,20605b6c-0cc8-43ee-8008-849e06216de5,2.16.840.1.114274.1818.49737499247039090816772048415665929880,10000364-1424483,10000364-1424483,No,Female,57.0,Black or African American,,,0,0,0,0,0,0,0,,,,,1,0
ct_series_file,45828ab0-d625-477c-b2af-fe94f262ef71,Open-A1,2.16.840.1.114274.1818.50912553163866176832561720578297755272,CT,DCM,DICOM,10000364-6177918/2.16.840.1.114274.1818.508331776421401373712744387331341316027/2.16.840.1.114274.1818.50912553163866176832561720578297755272.zip,136900,1e59634915d9eba13a622e244d3b8137,,10000364-6177918,,,,,,,,,SIEMENS,SOMATOM Drive,CT,1.0,dg.MD1R/c7d41686-9c3f-4471-84e6-5392c0ff8908,,,Topogram  1.0  Tr20,2.16.840.1.114274.1818.50912553163866176832561720578297755272,,,4a5dd86d-7965-48bb-9c2b-c6d36089c780,ACR_20220314,c6659956-a737-40de-9651-003e34f61e03,2.16.840.1.114274.1818.508331776421401373712744387331341316027,10000364-6177918,10000364-6177918,No,Male,58.0,White,,,0,0,0,0,0,0,0,,,,,1,0
ct_series_file,6963fd8e-3a2d-47f4-aa25-220485c30460,Open-A1,2.16.840.1.114274.1818.46585311005979580601912433861311089811,CT,DCM,DICOM,10008204-LuSOSDMpW0abfah6TLa8nQ/2.16.840.1.114274.1818.477053787859416206211237288013778800780/2.16.840.1.114274.1818.46585311005979580601912433861311089811.zip,25528804,60058f8ddb32e051f0ac110912167b32,,10008204-LuSOSDMpW0abfah6TLa8nQ,,,,,,,,,GE MEDICAL SYSTEMS,Optima CT660,CT,141.0,dg.MD1R/fbc9fdf3-8bc1-485b-a4e1-1a7b8d727b15,,,CHEST COR X2,2.16.840.1.114274.1818.46585311005979580601912433861311089811,,,4a5dd86d-7965-48bb-9c2b-c6d36089c780,ACR_20220314,bd7a7e6a-87d2-48e9-abdb-6ab4ba268f23,2.16.840.1.114274.1818.477053787859416206211237288013778800780,10008204-LuSOSDMpW0abfah6TLa8nQ,10008204-LuSOSDMpW0abfah6TLa8nQ,No,Male,79.0,White,False,False,0,0,0,0,0,0,0,,,,,1,0
ct_series_file,bcde3596-4461-49c1-8bc4-84f4e5d79fb5,Open-A1,2.16.840.1.114274.1818.49141998184519907002669425637209492882,CT,DCM,DICOM,10008204-qGPlvk9RSUafOynjkn416A/2.16.840.1.114274.1818.52613350671201317243815086455417217409/2.16.840.1.114274.1818.49141998184519907002669425637209492882.zip,5132822,eef77807c3ab7aca9099fb5c2a7f6dd3,,10008204-qGPlvk9RSUafOynjkn416A,,,,,,,,,GE MEDICAL SYSTEMS,Optima CT660,CT,29.0,dg.MD1R/34d90fc3-d130-48a2-9a55-c92e0ee41c32,,,COR MIP 10,2.16.840.1.114274.1818.49141998184519907002669425637209492882,,,b2f0484a-2536-49b7-8739-c1056a9ce85c,ACR_20220218,db32d043-f509-4ea1-89be-a07f2f0f5b8d,2.16.840.1.114274.1818.52613350671201317243815086455417217409,10008204-qGPlvk9RSUafOynjkn416A,10008204-qGPlvk9RSUafOynjkn416A,No,Female,89.0,White,False,False,0,0,0,0,0,0,0,,,,,1,0
ct_series_file,a85380a9-ff07-47c0-a913-64a7936706e3,Open-A1,2.16.840.1.114274.1818.5728258686129806237169191369763402377,CT,DCM,DICOM,10000364-1531060/2.16.840.1.114274.1818.50398459824553887999057169524726363827/2.16.840.1.114274.1818.5728258686129806237169191369763402377.zip,1748092,7338b84f5505059283da061f22003bf8,,10000364-1531060,,,,,,,,,GE MEDICAL SYSTEMS,LightSpeed VCT,CT,2.0,dg.MD1R/c40da4b4-e3d5-4d21-88cc-01bf28866b3d,,,SCOUT,2.16.840.1.114274.1818.5728258686129806237169191369763402377,,,4a5dd86d-7965-48bb-9c2b-c6d36089c780,ACR_20220314,f73c3782-2d0a-446d-9fe3-9236b019c1b2,2.16.840.1.114274.1818.50398459824553887999057169524726363827,10000364-1531060,10000364-1531060,No,Female,64.0,Black or African American,,,0,0,0,0,0,0,0,,,,,1,0
ct_series_file,01ba7c9a-7d5e-4cf6-82fa-5136d0b4e205,Open-A1,2.16.840.1.114274.1818.54352953204999860248774972869558939057,CT,DCM,DICOM,10003752-v2uvBXysYEG4VGo3K328lg/2.16.840.1.114274.1818.544744104565137587112590376528139736500/2.16.840.1.114274.1818.54352953204999860248774972869558939057.zip,64249378,9f47d06b34e7a86d6bf7e14f541247e7,,10003752-v2uvBXysYEG4VGo3K328lg,,,,,,,,,GE MEDICAL SYSTEMS,Revolution CT,CT,254.0,dg.MD1R/7432c474-177f-4d6d-b154-c1fa06430343,,,HI RES DLIR MED,2.16.840.1.114274.1818.54352953204999860248774972869558939057,,,06406925-1d98-4e8f-a0ce-c52b678bcb2a,ACR_20220107,dbea83d6-b326-455a-892d-48c50264d506,2.16.840.1.114274.1818.544744104565137587112590376528139736500,10003752-v2uvBXysYEG4VGo3K328lg,10003752-v2uvBXysYEG4VGo3K328lg,No,Male,78.0,White,,,0,0,0,0,0,0,0,,,,,1,0
ct_series_file,9785f954-9e8d-4584-8201-e72d07702dfd,Open-A1,2.16.840.1.114274.1818.474393944312979572712382168633012580027,CT,DCM,DICOM,10000364-1702737/2.16.840.1.114274.1818.47615303102185148774381819855614005921/2.16.840.1.114274.1818.474393944312979572712382168633012580027.zip,29714054,3cb2521da631d979c83bdaffd0e7706b,,10000364-1702737,,,,,,,,,SIEMENS,Sensation 64,CT,129.0,dg.MD1R/d04960c4-0969-40d7-8a20-aca5cde09859,,,Routine Chest without,2.16.840.1.114274.1818.474393944312979572712382168633012580027,,,4a5dd86d-7965-48bb-9c2b-c6d36089c780,ACR_20220314,6b4cf37b-94cd-4630-87ef-f1f4e5e82d56,2.16.840.1.114274.1818.47615303102185148774381819855614005921,10000364-1702737,10000364-1702737,No,Female,,White,,,0,0,0,0,0,0,0,,,,,1,0
ct_series_file,3e6b56b8-0733-4eaa-be72-9bd2b31b4b70,Open-A1,2.16.840.1.114274.1818.476889998580420129211218029138254856620,CT,DCM,DICOM,10000364-1313406/2.16.840.1.114274.1818.53465304309366045096700404256973640366/2.16.840.1.114274.1818.476889998580420129211218029138254856620.zip,43444448,a1ab86e9d6614c06a914c524ced341f6,,10000364-1313406,OMNIPAQUE 350,,,,,,,,GE MEDICAL SYSTEMS,LightSpeed VCT,CT,192.0,dg.MD1R/64e56d01-ae64-4400-b2ee-0656bcb21fa2,,,CORONAL CHEST,2.16.840.1.114274.1818.476889998580420129211218029138254856620,,,4a5dd86d-7965-48bb-9c2b-c6d36089c780,ACR_20220314,640fa3ba-3198-4953-86f6-1c3519d4dbea,2.16.840.1.114274.1818.53465304309366045096700404256973640366,10000364-1313406,10000364-1313406,No,Female,65.0,Black or African American,,,0,0,0,0,0,0,0,,,,,1,0
ct_series_file,4cbe2d7e-d5de-449e-9400-18fec8756581,Open-A1,2.16.840.1.114274.1818.502598424098919756214375787150566523809,CT,DCM,DICOM,10000364-1244283/2.16.840.1.114274.1818.4867346540527912839493490630163986064/2.16.840.1.114274.1818.502598424098919756214375787150566523809.zip,75928108,c7c20b67dacebafa763924cc68d282c7,,10000364-1244283,,,,,,,,,GE MEDICAL SYSTEMS,Revolution CT,CT,285.0,dg.MD1R/a473f58a-76bb-472c-abb0-335d753d244e,,,LUNG,2.16.840.1.114274.1818.502598424098919756214375787150566523809,,,b2f0484a-2536-49b7-8739-c1056a9ce85c,ACR_20220218,e156d5cb-f587-4fae-93fa-9a9e7ebaf3ca,2.16.840.1.114274.1818.4867346540527912839493490630163986064,10000364-1244283,10000364-1244283,No,Male,79.0,White,,,0,0,0,0,0,0,0,,,,,1,0
ct_series_file,c9482697-f169-4cba-b095-92ce12cad67c,Open-A1,2.16.840.1.114274.1818.51850337889934344416719245106117039788,CT,DCM,DICOM,10000364-1624626/2.16.840.1.114274.1818.552206114200820344017358866548836971173/2.16.840.1.114274.1818.51850337889934344416719245106117039788.zip,26697850,5a26ad2952334463141e50483e3b8d59,,10000364-1624626,OMNIPAQUE,,,,,,,,SIEMENS,Sensation 64,CT,131.0,dg.MD1R/24bd35d9-23d5-42f5-8e7d-090e7232b0f3,,,C/A/P  5.0  B30f,2.16.840.1.114274.1818.51850337889934344416719245106117039788,,,4a5dd86d-7965-48bb-9c2b-c6d36089c780,ACR_20220314,e41997f0-313d-488e-a718-4c06db3f7df2,2.16.840.1.114274.1818.552206114200820344017358866548836971173,10000364-1624626,10000364-1624626,No,Female,45.0,White,,,0,0,0,0,0,0,0,,,,,1,0
ct_series_file,0f065d35-25e8-4d42-8189-9efdebd23b8c,Open-A1,2.16.840.1.114362.1.12177026.25874454649.636703516.720.66,CT,DCM,DICOM,10008204-5cP3D6CUq8yfasqZ1l4A/2.16.840.1.114274.1818.46848227438236767245464028431265101209/2.16.840.1.114362.1.12177026.25874454649.636703516.720.66.zip,1950642,aeb07a4e67fb2980ca6ef31976437eaf,,10008204-5cP3D6CUq8yfasqZ1l4A,,STANDARD,,Skull-stripping,2.0,True,DERIVED_PRIMARY_AXIAL,0.0,GE MEDICAL SYSTEMS / MIM Software,Optima CT660,CT,32.0,dg.MD1R/c7876695-bf96-4f82-8bb5-818a5c009672,HFS,0.488280982,BrainSegmentation,2.16.840.1.114362.1.12177026.25874454649.636703516.720.66,4.999931812,,f3a84a57-f61e-4953-af27-23f850bc857a,ACR_20230415,af4a668d-3f8a-4a05-958c-9e3d7027a983,2.16.840.1.114274.1818.46848227438236767245464028431265101209,10008204-5cP3D6CUq8yfasqZ1l4A,10008204-5cP3D6CUq8yfasqZ1l4A,No,Male,73.0,White,False,False,0,0,0,0,0,0,0,,,,,1,0
ct_series_file,7b84b48f-6b99-4752-a6e6-65569d01a5af,Open-A1,2.16.840.1.114274.1818.48172495275595264093390122611786807696,CT,DCM,DICOM,10000364-1601822/2.16.840.1.114274.1818.531122118815669044416888187115973568156/2.16.840.1.114274.1818.48172495275595264093390122611786807696.zip,63227584,384a302d7f8330041571752f32f37915,,10000364-1601822,,,,,,,,,GE MEDICAL SYSTEMS,LightSpeed VCT,CT,255.0,dg.MD1R/f638e26b-3e95-4606-957e-2a6fd1ae66e4,,,lung windows,2.16.840.1.114274.1818.48172495275595264093390122611786807696,,,4a5dd86d-7965-48bb-9c2b-c6d36089c780,ACR_20220314,bc8132ec-20bd-42d4-8c0e-221b8ca5cd1a,2.16.840.1.114274.1818.531122118815669044416888187115973568156,10000364-1601822,10000364-1601822,No,Female,49.0,Black or African American,,,0,0,0,0,0,0,0,,,,,1,0
ct_series_file,64eee92f-af74-4cdb-93f4-576358b4f77f,Open-A1,2.16.840.1.114274.1818.467806319236003538917055493450831037362,CT,DCM,DICOM,10008204-DJDDUST8028e7RYbulnrg/2.16.840.1.114274.1818.49465681142691718323495621300907552661/2.16.840.1.114274.1818.467806319236003538917055493450831037362.zip,33700684,26fd956dad7e5ac93d041cf7b3da0d53,,10008204-DJDDUST8028e7RYbulnrg,,,,,,,,,GE MEDICAL SYSTEMS,Optima CT660,CT,136.0,dg.MD1R/b6b1257d-4876-49d4-b66b-18e51b5854b0,,,2.5_LUNG_PACS,2.16.840.1.114274.1818.467806319236003538917055493450831037362,,,4a5dd86d-7965-48bb-9c2b-c6d36089c780,ACR_20220314,896348ed-038f-4df3-bcfb-d6006bac37c4,2.16.840.1.114274.1818.49465681142691718323495621300907552661,10008204-DJDDUST8028e7RYbulnrg,10008204-DJDDUST8028e7RYbulnrg,No,Female,79.0,White,,,0,0,0,0,0,0,0,,,,,1,0
ct_series_file,81e01ec3-5d4c-4100-8290-db5c6328dce3,Open-A1,2.16.840.1.114274.1818.520559827164676957112884602783329426824,CT,DCM,DICOM,10000364-802608/2.16.840.1.114274.1818.54856081035526265553485147606040978363/2.16.840.1.114274.1818.520559827164676957112884602783329426824.zip,47330116,74c8fd54350218b4ba8b67e1c008172b,,10000364-802608,,,,,,,,,GE MEDICAL SYSTEMS,Revolution CT,CT,261.0,dg.MD1R/08a29816-4e69-49d9-b0f3-a51f445aee19,,,THINS STD,2.16.840.1.114274.1818.520559827164676957112884602783329426824,,,b2f0484a-2536-49b7-8739-c1056a9ce85c,ACR_20220218,f016a4c5-49d1-44bc-855a-38a55dce1658,2.16.840.1.114274.1818.54856081035526265553485147606040978363,10000364-802608,10000364-802608,No,Male,23.0,White,True,False,0,0,0,0,0,0,0,,,,,1,0
ct_series_file,2f68347b-f8d7-486a-88e4-5abb10f1d935,Open-A1,2.16.840.1.114274.1818.492719044421960630713071755463368681105,CT,DCM,DICOM,10003752-R0jcGGMM0EGh6efpBwcA/2.16.840.1.114274.1818.465495290657669365217036271069087619510/2.16.840.1.114274.1818.492719044421960630713071755463368681105.zip,34872936,4eed9af4a0f3abd7e85390ba2a980fcc,,10003752-R0jcGGMM0EGh6efpBwcA,,,,,,,,,GE MEDICAL SYSTEMS,Revolution CT,CT,139.0,dg.MD1R/478366dd-afd6-46f5-8409-062b006fb23e,,,LUNG,2.16.840.1.114274.1818.492719044421960630713071755463368681105,,,06406925-1d98-4e8f-a0ce-c52b678bcb2a,ACR_20220107,8f7a558c-8bd0-448a-bb51-a62d9d1b35f0,2.16.840.1.114274.1818.465495290657669365217036271069087619510,10003752-R0jcGGMM0EGh6efpBwcA,10003752-R0jcGGMM0EGh6efpBwcA,No,Female,67.0,Black or African American,,,0,0,0,0,0,0,0,,,,,1,0
ct_series_file,8f4cb9d0-2e61-4d57-9918-244106f0e48f,Open-A1,2.16.840.1.114274.1818.482436389465910157611592323964647394179,CT,DCM,DICOM,2.16.840.1.114274.1818.463599006053267460612960891427710362015/2.16.840.1.114274.1818.482436389465910157611592323964647394179.zip,100708546,5ab3bd147fe29796573c4706bb604d41,,10003752-hAhR0JCnUgzcpKyQpBA,,,,,,,,,GE MEDICAL SYSTEMS,Revolution CT,CT,477.0,dg.MD1R/f5a5e5ad-8a13-4977-901e-2ceabba00a45,,,CHEST SOURCE DLIR MED,2.16.840.1.114274.1818.482436389465910157611592323964647394179,,,da2db6a3-93f5-4066-90b2-f8dd8afadd2c,ACR_20211115,97f51afa-a1f6-46aa-9cf2-a959ba710f7e,2.16.840.1.114274.1818.463599006053267460612960891427710362015,10003752-hAhR0JCnUgzcpKyQpBA,10003752-hAhR0JCnUgzcpKyQpBA,No,Male,55.0,Black or African American,,,0,0,0,0,0,0,0,,,,,1,0
ct_series_file,66a14d3a-e49d-4d28-ba40-62d98aafb5f9,Open-A1,2.16.840.1.114274.1818.57330680840508280767093985843811285430,CT,DCM,DICOM,10000364-1280328/2.16.840.1.114274.1818.510229763216617837216142734895572916112/2.16.840.1.114274.1818.57330680840508280767093985843811285430.zip,226088980,265550fb9f11b46a3959900c6bd26b4b,,10000364-1280328,OMNI 350,,,,,,,,SIEMENS,SOMATOM Drive,CT,932.0,dg.MD1R/f0b2c631-109c-42a1-9ca9-cb6e7c8f0ac4,,,THINS,2.16.840.1.114274.1818.57330680840508280767093985843811285430,,,b2f0484a-2536-49b7-8739-c1056a9ce85c,ACR_20220218,0f3141e7-664a-430a-a27c-5d012a18b02d,2.16.840.1.114274.1818.510229763216617837216142734895572916112,10000364-1280328,10000364-1280328,No,Female,66.0,Black or African American,False,True,0,0,0,0,0,0,0,,,,,1,0
ct_series_file,bafe6e65-70d6-4f8c-b258-1680f88e3c56,Open-A1,2.16.840.1.114362.1.12177026.25874454649.636515152.461.962,CT,DCM,DICOM,10008204-l3oCdbtqEC0ZnyiZJTHHw/2.16.840.1.114274.1818.5353929893684405804833846543286653616/2.16.840.1.114362.1.12177026.25874454649.636515152.461.962.zip,1846656,e5cbf0d2676439020493253338ebdc4a,,10008204-l3oCdbtqEC0ZnyiZJTHHw,,STANDARD,,Skull-stripping,2.0,True,DERIVED_PRIMARY_AXIAL,0.0,GE MEDICAL SYSTEMS / MIM Software,Optima CT660,CT,32.0,dg.MD1R/2d042b39-4598-4f5a-a695-131aa0dfbc16,HFS,0.429688007,BrainSegmentation,2.16.840.1.114362.1.12177026.25874454649.636515152.461.962,5.0,,f3a84a57-f61e-4953-af27-23f850bc857a,ACR_20230415,31ade148-e8a8-4310-9e01-b3e7b1cbb1ad,2.16.840.1.114274.1818.5353929893684405804833846543286653616,10008204-l3oCdbtqEC0ZnyiZJTHHw,10008204-l3oCdbtqEC0ZnyiZJTHHw,No,Female,82.0,White,False,False,0,0,0,0,0,0,0,,,,,1,0
ct_series_file,6e9adec3-8333-471e-a7a1-881d643bd572,Open-A1,2.16.840.1.114274.1818.48293947966104975742271641197192800653,CT,DCM,DICOM,10003752-j9BRxvU80UiAy1nZ5y6VQQ/2.16.840.1.114274.1818.46547487007848630296734941633016914346/2.16.840.1.114274.1818.48293947966104975742271641197192800653.zip,21931908,95a3535405f33a374bd54b6c8082965d,,10003752-j9BRxvU80UiAy1nZ5y6VQQ,,,,,,,,,GE MEDICAL SYSTEMS,Revolution CT,CT,110.0,dg.MD1R/49cfd79b-40b5-4c1a-a66f-3baf0a47fb05,,,ART SAG DLIR MED,2.16.840.1.114274.1818.48293947966104975742271641197192800653,,,9de1d49d-ad56-44b3-be2e-a2795ce41ff3,ACR_20210915,f0d39192-4deb-4cc2-8beb-60f514c3564a,2.16.840.1.114274.1818.46547487007848630296734941633016914346,10003752-j9BRxvU80UiAy1nZ5y6VQQ,10003752-j9BRxvU80UiAy1nZ5y6VQQ,No,Male,70.0,Black or African American,,,0,0,0,0,0,0,0,,,,,1,0
ct_series_file,f72408e3-5445-4a9b-a973-c20526bd7fca,Open-A1,2.16.840.1.114274.1818.55917478826053754274522402626810469005,CT,DCM,DICOM,10000364-5702929/2.16.840.1.114274.1818.5405560869097958101883547489477611965/2.16.840.1.114274.1818.55917478826053754274522402626810469005.zip,109704,c03f9e6b3aae385fc9482d34cc97eea9,,10000364-5702929,,,,,,,,,SIEMENS,SOMATOM Definition AS,CT,1.0,dg.MD1R/128f906d-1a08-492a-87d4-38818a02e900,,,Topogram  0.6  T20f,2.16.840.1.114274.1818.55917478826053754274522402626810469005,,,4a5dd86d-7965-48bb-9c2b-c6d36089c780,ACR_20220314,0e4c1030-12fe-4b80-bcd2-ff53a5502acd,2.16.840.1.114274.1818.5405560869097958101883547489477611965,10000364-5702929,10000364-5702929,No,Male,49.0,White,,,0,0,0,0,0,0,0,,,,,1,0
ct_series_file,faff681c-e014-4b2a-a1bb-b50d3ae0b43a,Open-A1,2.16.840.1.114274.1818.543664080796739748817553702605846459039,CT,DCM,DICOM,10000364-6013886/2.16.840.1.114274.1818.49312630555536396882033453013426089123/2.16.840.1.114274.1818.543664080796739748817553702605846459039.zip,62869832,ba1d9a845c4d169f863a036ac10588c9,,10000364-6013886,,,,,,,,,SIEMENS,SOMATOM Definition Flash,CT,211.0,dg.MD1R/67b45150-aee0-4b47-9d5e-a97e0edd1d47,,,Fl_LUNG 1.5  Bl57,2.16.840.1.114274.1818.543664080796739748817553702605846459039,,,4a5dd86d-7965-48bb-9c2b-c6d36089c780,ACR_20220314,54609f9b-9e8e-44ed-ab72-3066b1f80044,2.16.840.1.114274.1818.49312630555536396882033453013426089123,10000364-6013886,10000364-6013886,No,Female,68.0,White,,,0,0,0,0,0,0,0,,,,,1,0
ct_series_file,1554a761-65d3-4899-b8ec-a22845398dd1,Open-A1,2.16.840.1.114274.1818.516933555274801691118386867895749815477,CT,DCM,DICOM,10000364-1811467/2.16.840.1.114274.1818.57189713048838612776405087650206219162/2.16.840.1.114274.1818.516933555274801691118386867895749815477.zip,70502670,3a38e6fc92dcc5848627b15048e0c89e,,10000364-1811467,,,,,,,,,GE MEDICAL SYSTEMS,LightSpeed VCT,CT,274.0,dg.MD1R/e976c968-11a3-43fd-9dfe-c33eca56ba7e,,,Lung 1.25,2.16.840.1.114274.1818.516933555274801691118386867895749815477,,,4a5dd86d-7965-48bb-9c2b-c6d36089c780,ACR_20220314,31d3d4c4-fdad-46a2-9d5c-60f7366973c0,2.16.840.1.114274.1818.57189713048838612776405087650206219162,10000364-1811467,10000364-1811467,No,Female,44.0,White,,,0,0,0,0,0,0,0,,,,,1,0
ct_series_file,654a5b96-42d5-45dc-beb1-ed965b4c6685,Open-A1,2.16.840.1.114362.1.12177026.25874454649.636674760.914.954,CT,DCM,DICOM,10008204-W5tnGbBhUCZYblJ5o0g/2.16.840.1.114274.1818.54265289803217786605839778859856756097/2.16.840.1.114362.1.12177026.25874454649.636674760.914.954.zip,1589834,4767ba0e4175fed4a17e913552617e92,,10008204-W5tnGbBhUCZYblJ5o0g,,STANDARD,,Skull-stripping,2.0,True,DERIVED_PRIMARY_AXIAL,0.0,GE MEDICAL SYSTEMS / MIM Software,Optima CT660,CT,30.0,dg.MD1R/530964a0-cbf7-409d-acc4-2ba316d51640,HFS,0.529296994,BrainSegmentation,2.16.840.1.114362.1.12177026.25874454649.636674760.914.954,5.0,,f3a84a57-f61e-4953-af27-23f850bc857a,ACR_20230415,56626349-58e8-4507-99e9-8e7efd235540,2.16.840.1.114274.1818.54265289803217786605839778859856756097,10008204-W5tnGbBhUCZYblJ5o0g,10008204-W5tnGbBhUCZYblJ5o0g,No,Male,89.0,White,False,False,0,0,0,0,0,0,0,,,,,1,0
ct_series_file,67cef058-a738-4a02-ab06-f2d59ce864b0,Open-A1,2.16.840.1.114274.1818.47159860137933463441783520188887045556,CT,DCM,DICOM,10000364-5746100/2.16.840.1.114274.1818.57309393366838341767934236200469075343/2.16.840.1.114274.1818.47159860137933463441783520188887045556.zip,47145610,a589060f7fed0633c7a1b770212f4ed1,,10000364-5746100,OMNIPAQUE,,,,,,,,SIEMENS,SOMATOM Definition AS,CT,182.0,dg.MD1R/74249f7e-a56a-484e-8ea6-16a1b49bfe53,,,Sag MPR,2.16.840.1.114274.1818.47159860137933463441783520188887045556,,,4a5dd86d-7965-48bb-9c2b-c6d36089c780,ACR_20220314,cb28741c-b144-4176-8818-4eff9e61043a,2.16.840.1.114274.1818.57309393366838341767934236200469075343,10000364-5746100,10000364-5746100,No,Male,69.0,White,True,False,0,0,0,0,0,0,0,,,,,1,0
ct_series_file,e523374b-ae77-4e09-a1cc-02b915640127,Open-A1,2.16.840.1.114274.1818.486476749537174906715154425068110880675,CT,DCM,DICOM,10000364-1609568/2.16.840.1.114274.1818.52995516682136485156334507471842050219/2.16.840.1.114274.1818.486476749537174906715154425068110880675.zip,39926404,64e037103bc6f75687b23e2cbd86c17f,,10000364-1609568,,,,,,,,,GE MEDICAL SYSTEMS,Revolution CT,CT,193.0,dg.MD1R/edbb84d7-14ac-49a1-871d-2a6e4c22ef54,,,SAG CHEST,2.16.840.1.114274.1818.486476749537174906715154425068110880675,,,4a5dd86d-7965-48bb-9c2b-c6d36089c780,ACR_20220314,1072bffe-759d-46c6-8d6d-e3bbc7252696,2.16.840.1.114274.1818.52995516682136485156334507471842050219,10000364-1609568,10000364-1609568,No,Male,63.0,White,,,0,0,0,0,0,0,0,,,,,1,0
ct_series_file,4fd78601-3ed9-4658-a966-79401f723c6a,Open-A1,2.16.840.1.114274.1818.535110542646107551114656843474860276135,CT,DCM,DICOM,10003752-e2YAkUMw0GUpmErzBTNA/2.16.840.1.114274.1818.499154007322470018711085734447063082882/2.16.840.1.114274.1818.535110542646107551114656843474860276135.zip,30240268,9957cdb232592a3832d326a0b0f648e8,,10003752-e2YAkUMw0GUpmErzBTNA,,,,,,,,,GE MEDICAL SYSTEMS,Revolution EVO,CT,123.0,dg.MD1R/c8c07546-0252-462b-8853-3e21ac8eb468,,,LUNG,2.16.840.1.114274.1818.535110542646107551114656843474860276135,,,b2f0484a-2536-49b7-8739-c1056a9ce85c,ACR_20220218,2e210833-fd46-4ea0-878c-f3ffa7d013bc,2.16.840.1.114274.1818.499154007322470018711085734447063082882,10003752-e2YAkUMw0GUpmErzBTNA,10003752-e2YAkUMw0GUpmErzBTNA,No,Female,74.0,White,,,0,0,0,0,0,0,0,,,,,1,0
ct_series_file,77cfb1eb-9ffc-438b-9fc4-fd48f0a32c7e,Open-A1,2.16.840.1.114274.1818.49233946857189903349747481733825966257,CT,DCM,DICOM,10000364-861728/2.16.840.1.114274.1818.49862492564327877136918846230356345782/2.16.840.1.114274.1818.49233946857189903349747481733825966257.zip,45878962,e2982d1e96c39b6c64241cab91639e72,,10000364-861728,OMNI 350,,,,,,,,SIEMENS,SOMATOM Drive,CT,201.0,dg.MD1R/df88f54b-b62e-46c2-b96e-0985903da0d9,,,AX CHEST PE STD THIN +C  F_0.6,2.16.840.1.114274.1818.49233946857189903349747481733825966257,,,b2f0484a-2536-49b7-8739-c1056a9ce85c,ACR_20220218,1f69d44c-be05-4454-88c4-afff6b359cc1,2.16.840.1.114274.1818.49862492564327877136918846230356345782,10000364-861728,10000364-861728,No,Female,53.0,White,,,0,0,0,0,0,0,0,,,,,1,0
ct_series_file,6e5ec7df-e6ce-4a67-8c8d-d6c9c7b1d4f3,Open-A1,2.16.840.1.114274.1818.515587612723153696015402800982049466042,CT,DCM,DICOM,10000364-1575753/2.16.840.1.114274.1818.575651058138221182610924300882770626492/2.16.840.1.114274.1818.515587612723153696015402800982049466042.zip,10639202,dd1f95ddc757b102712d895488b37a10,,10000364-1575753,,,,,,,,,Siemens Healthineers,SOMATOM go.Top,CT,35.0,dg.MD1R/d77fe468-2fce-4fea-a67f-f58816fa2a84,,,HIGH RES 1.50 Bl56 S3,2.16.840.1.114274.1818.515587612723153696015402800982049466042,,,b2f0484a-2536-49b7-8739-c1056a9ce85c,ACR_20220218,a705ebd6-5949-4f04-9ac5-eeac0e3a9479,2.16.840.1.114274.1818.575651058138221182610924300882770626492,10000364-1575753,10000364-1575753,No,Female,,White,False,False,0,0,0,0,0,0,0,,,,,1,0
ct_series_file,32047447-3b62-4cb5-9287-263799b09c0d,Open-A1,2.16.840.1.114274.1818.52070461689169015372080704825429843647,CT,DCM,DICOM,10000364-1178786/2.16.840.1.114274.1818.50595474444572446612299967591479382200/2.16.840.1.114274.1818.52070461689169015372080704825429843647.zip,33320966,a054ac3a6735c4ffd2bbe6296a229bcf,,10000364-1178786,OMNIPAQUE 350,,,,,,,,GE MEDICAL SYSTEMS,Discovery CT750 HD,CT,161.0,dg.MD1R/7d5c1b64-4210-4cc9-8c04-17251ec1f834,,,coronal abdomen,2.16.840.1.114274.1818.52070461689169015372080704825429843647,,,4a5dd86d-7965-48bb-9c2b-c6d36089c780,ACR_20220314,9c380f5b-a81a-42a7-88e8-903eb1846059,2.16.840.1.114274.1818.50595474444572446612299967591479382200,10000364-1178786,10000364-1178786,No,Male,56.0,White,,,0,0,0,0,0,0,0,,,,,1,0
ct_series_file,23482696-f08f-448c-a74a-b5ab8e29eb93,Open-A1,2.16.840.1.114274.1818.48029624628859221265930505962692327579,CT,DCM,DICOM,10003752-SwYygM5C0aZu7wCMy5qA/2.16.840.1.114274.1818.50115145515115534493185123673033309853/2.16.840.1.114274.1818.48029624628859221265930505962692327579.zip,134831324,3f1bc8d81c3b048a4112a8e0bd92929f,,10003752-SwYygM5C0aZu7wCMy5qA,,,,,,,,,GE MEDICAL SYSTEMS,Revolution CT,CT,614.0,dg.MD1R/a7d9dbdd-1cd4-4505-ba3d-71153b7df805,,,VEN CHEST SOURCE,2.16.840.1.114274.1818.48029624628859221265930505962692327579,,,9de1d49d-ad56-44b3-be2e-a2795ce41ff3,ACR_20210915,ab2db0f7-53a4-419b-b55c-1d8c66bdd33d,2.16.840.1.114274.1818.50115145515115534493185123673033309853,10003752-SwYygM5C0aZu7wCMy5qA,10003752-SwYygM5C0aZu7wCMy5qA,No,Male,53.0,Black or African American,,,0,0,0,0,0,0,0,,,,,1,0
ct_series_file,874379e0-a32f-4401-a471-5ee51ea75aab,Open-A1,2.16.840.1.114274.1818.48532577832681183991164237634160514961,CT,DCM,DICOM,10000364-1170621/2.16.840.1.114274.1818.505122129789821639610995589115385359543/2.16.840.1.114274.1818.48532577832681183991164237634160514961.zip,4345206,7945eea2345401f8d972dc4403f3f2df,,10000364-1170621,APPLIED,,,,,,,,Siemens Healthineers,syngo.via.VB30A,CT,11.0,dg.MD1R/7760d6ae-e9dd-451f-8ad0-489818e7e9de,,,Func_Movie_04,2.16.840.1.114274.1818.48532577832681183991164237634160514961,,,b2f0484a-2536-49b7-8739-c1056a9ce85c,ACR_20220218,e93930f4-ca9e-43ca-aa6a-2564aa7af542,2.16.840.1.114274.1818.505122129789821639610995589115385359543,10000364-1170621,10000364-1170621,No,Female,60.0,White,,,0,0,0,0,0,0,0,,,,,1,0
ct_series_file,f666797b-b445-4089-9f45-78d5021ed6d7,Open-A1,2.16.840.1.114274.1818.517108456708885090917907016076594614202,CT,DCM,DICOM,10000364-6528574/2.16.840.1.114274.1818.5507558389139113731131837305479269528/2.16.840.1.114274.1818.517108456708885090917907016076594614202.zip,31672366,bcab90942c00e773533fcf72845a3f8e,,10000364-6528574,Omnipaque,,,,,,,,SIEMENS,SOMATOM Definition AS+,CT,88.0,dg.MD1R/eb55b4d0-c724-43a3-9c89-1c5b18175e19,,,Lung Axials 3.0  mm,2.16.840.1.114274.1818.517108456708885090917907016076594614202,,,4a5dd86d-7965-48bb-9c2b-c6d36089c780,ACR_20220314,9fc683d7-2ead-476d-bff1-3bce1c230e26,2.16.840.1.114274.1818.5507558389139113731131837305479269528,10000364-6528574,10000364-6528574,No,Female,72.0,White,,,0,0,0,0,0,0,0,,,,,1,0
ct_series_file,42a78861-8c49-4ab0-9346-47709eedbb65,Open-A1,2.16.840.1.114274.1818.56214655074045323527596201026587541913,CT,DCM,DICOM,10003752-e2YAkUMw0GUpmErzBTNA/2.16.840.1.114274.1818.56040326162047706688748661663160194735/2.16.840.1.114274.1818.56214655074045323527596201026587541913.zip,12931954,867cbd89107e9037b2517663784988d4,,10003752-e2YAkUMw0GUpmErzBTNA,,,,,,,,,GE MEDICAL SYSTEMS,Revolution EVO,CT,63.0,dg.MD1R/b41ec846-ca87-4b56-b7b3-b75edeb9304d,,,CHEST MiPS,2.16.840.1.114274.1818.56214655074045323527596201026587541913,,,b2f0484a-2536-49b7-8739-c1056a9ce85c,ACR_20220218,ed876c87-977a-4baa-8d77-ee832a75bb0d,2.16.840.1.114274.1818.56040326162047706688748661663160194735,10003752-e2YAkUMw0GUpmErzBTNA,10003752-e2YAkUMw0GUpmErzBTNA,No,Female,74.0,White,,,0,0,0,0,0,0,0,,,,,1,0
ct_series_file,57b79d88-7cd6-4646-aaf7-fb35beff9f6c,Open-A1,2.16.840.1.114274.1818.505608159851555460515773422515906922933,CT,DCM,DICOM,10000364-1635504/2.16.840.1.114274.1818.47201474303095769565478898939697835949/2.16.840.1.114274.1818.505608159851555460515773422515906922933.zip,98714588,257f91ff491f163644f2e7a7968dd33f,,10000364-1635504,,,,,,,,,SIEMENS,SOMATOM Definition Flash,CT,441.0,dg.MD1R/960b09ca-bee9-4bc2-bfb8-484ad5a3fa93,,,THINS,2.16.840.1.114274.1818.505608159851555460515773422515906922933,,,4a5dd86d-7965-48bb-9c2b-c6d36089c780,ACR_20220314,dbbd0644-d308-466c-9bf5-60d1a773a324,2.16.840.1.114274.1818.47201474303095769565478898939697835949,10000364-1635504,10000364-1635504,No,Male,36.0,Black or African American,,,0,0,0,0,0,0,0,,,,,1,0
ct_series_file,8228c4a2-df00-4c4a-97a0-84361ee54fd5,Open-A1,2.16.840.1.114274.1818.56441877741912567253184848375544845458,CT,DCM,DICOM,10000364-1061841/2.16.840.1.114274.1818.513580763754599099317072955121930339997/2.16.840.1.114274.1818.56441877741912567253184848375544845458.zip,214036162,e643ed032488abb29df4ba86d5bcf6f8,,10000364-1061841,,Br40f,XYZ_EC,,,False,ORIGINAL_PRIMARY_AXIAL_CT_SOM5 SPI,,SIEMENS,SOMATOM Definition Flash,CT,,dg.MD1R/72eb10d2-3a02-4cd4-a922-784fb08e8c10,FFS,0.958984375,THINS,2.16.840.1.114274.1818.56441877741912567253184848375544845458,1.5,,f704bef2-2e0f-450c-bbd0-8beaf82f4757,ACR_20241215,dc4d36ee-4985-4edd-b244-2d200b8c7915,2.16.840.1.114274.1818.513580763754599099317072955121930339997,10000364-1061841,10000364-1061841,No,Male,80.0,White,True,True,0,0,0,0,0,0,0,,,,,1,0
ct_series_file,109ed934-4da0-4c38-a922-6bfa2d909465,Open-A1,2.16.840.1.114274.1818.50189196027178671936172181074154520201,CT,DCM,DICOM,10000364-5936148/2.16.840.1.114274.1818.50893885995067656668414069392094656179/2.16.840.1.114274.1818.50189196027178671936172181074154520201.zip,35985448,a897202bb7514f2645636153c7cc8ed0,,10000364-5936148,APPLIED,,,,,,,,SIEMENS,SOMATOM Definition Flash,CT,151.0,dg.MD1R/12f68b67-5c7e-4f43-93bc-78d7e558edbd,,,CORONAL,2.16.840.1.114274.1818.50189196027178671936172181074154520201,,,4a5dd86d-7965-48bb-9c2b-c6d36089c780,ACR_20220314,a8646baf-e0f7-490f-b520-0837325b11e6,2.16.840.1.114274.1818.50893885995067656668414069392094656179,10000364-5936148,10000364-5936148,No,Male,59.0,Black or African American,,,0,0,0,0,0,0,0,,,,,1,0
ct_series_file,8887e3bb-cf2c-4330-a3e9-49eeb41b543e,Open-A1,2.16.840.1.114274.1818.551493914451720047216097378707296597159,CT,DCM,DICOM,10000364-1520617/2.16.840.1.114274.1818.550701205103151472316236100776320454290/2.16.840.1.114274.1818.551493914451720047216097378707296597159.zip,56043000,d2d0f6e492e4f0883d8818fcf202abb8,,10000364-1520617,OMNIPAQUE 350,,,,,,,,GE MEDICAL SYSTEMS,LightSpeed VCT,CT,281.0,dg.MD1R/37cf98c4-27b3-4dfe-b59d-a949b534b04b,,,HELICAL CHEST ABD/PELVIS,2.16.840.1.114274.1818.551493914451720047216097378707296597159,,,b2f0484a-2536-49b7-8739-c1056a9ce85c,ACR_20220218,a84e7f5e-635a-4941-b837-51ae15794c80,2.16.840.1.114274.1818.550701205103151472316236100776320454290,10000364-1520617,10000364-1520617,No,Male,54.0,White,,,0,0,0,0,0,0,0,,,,,1,0
ct_series_file,b6bc73e6-886d-4695-bdff-120c8402bbcd,Open-A1,2.16.840.1.114274.1818.57601945926515302119976926436381065889,CT,DCM,DICOM,10000364-1102837/2.16.840.1.114274.1818.518899442922798844911195419760634197378/2.16.840.1.114274.1818.57601945926515302119976926436381065889.zip,61991796,1907cf1d16d9effbea1c1fcbf0fc6939,,10000364-1102837,APPLIED,,,,,,,,SIEMENS,SOMATOM Definition Flash,CT,225.0,dg.MD1R/18b3c8cd-6574-43ef-b2eb-1946b1ecf728,,,DE_PE  1.5  MPR  sag  F_0.6,2.16.840.1.114274.1818.57601945926515302119976926436381065889,,,b2f0484a-2536-49b7-8739-c1056a9ce85c,ACR_20220218,c6fcde5e-ef92-4fea-bd55-cc76487260ae,2.16.840.1.114274.1818.518899442922798844911195419760634197378,10000364-1102837,10000364-1102837,No,Female,52.0,White,,,0,0,0,0,0,0,0,,,,,1,0
ct_series_file,df22694e-864a-4cce-b900-1d3c91cd4bbd,Open-A1,2.16.840.1.114274.1818.477155528618263970818123067062396788391,CT,DCM,DICOM,10000364-4952235/2.16.840.1.114274.1818.510838905511957040414911162183130053039/2.16.840.1.114274.1818.477155528618263970818123067062396788391.zip,22774294,925d10d6ba56d538307de399e2c4afb2,,10000364-4952235,,,,,,,,,GE MEDICAL SYSTEMS,LightSpeed VCT,CT,117.0,dg.MD1R/18324367-536e-438f-b5db-b9ffecfe37c4,,,Std 2.5,2.16.840.1.114274.1818.477155528618263970818123067062396788391,,,4a5dd86d-7965-48bb-9c2b-c6d36089c780,ACR_20220314,3f63934d-d08a-4647-8cde-01a876eab940,2.16.840.1.114274.1818.510838905511957040414911162183130053039,10000364-4952235,10000364-4952235,No,Female,68.0,White,,,0,0,0,0,0,0,0,,,,,1,0
ct_series_file,11cc2406-4b05-49d6-9f89-933dafa1b920,Open-A1,2.16.840.1.114362.1.12177026.25874454649.636205977.951.130,CT,DCM,DICOM,10008204-jrDbhpPF0CtDw3vevLiA/2.16.840.1.114274.1818.515884620322084215117319707119168640679/2.16.840.1.114362.1.12177026.25874454649.636205977.951.130.zip,3670278,ce32135088584cebce3654b2d4acd546,,10008204-jrDbhpPF0CtDw3vevLiA,,STANDARD,,Skull-stripping,2.0,True,DERIVED_PRIMARY_AXIAL,0.0,GE MEDICAL SYSTEMS / MIM Software,Optima CT660,CT,64.0,dg.MD1R/942db333-37fe-46fe-93be-333bbc17caa0,HFS,0.488281041,BrainSegmentation,2.16.840.1.114362.1.12177026.25874454649.636205977.951.130,2.499999762,,f3a84a57-f61e-4953-af27-23f850bc857a,ACR_20230415,27290926-51b2-418a-805f-24def518123c,2.16.840.1.114274.1818.515884620322084215117319707119168640679,10008204-jrDbhpPF0CtDw3vevLiA,10008204-jrDbhpPF0CtDw3vevLiA,No,Female,,White,False,False,0,0,0,0,0,0,0,,,,,1,0
ct_series_file,1ff25eda-16dc-4d2b-94de-669a4d50ec22,Open-A1,2.16.840.1.114274.1818.55580037107703423503340773071893056130,CT,DCM,DICOM,10008204-OVd60EVwskWwzMYESLTzA/2.16.840.1.114274.1818.511277654857117206017675060655874787977/2.16.840.1.114274.1818.55580037107703423503340773071893056130.zip,5750540,4d65bce50a6548330f06103c52e3c3f3,,10008204-OVd60EVwskWwzMYESLTzA,,,,,,,,,GE MEDICAL SYSTEMS,Optima CT660,CT,33.0,dg.MD1R/afd972a8-cc7f-4b4f-94ef-56168814fcb8,,,COR MIP 10,2.16.840.1.114274.1818.55580037107703423503340773071893056130,,,b2f0484a-2536-49b7-8739-c1056a9ce85c,ACR_20220218,7dec28e7-5fce-457c-965c-07dce0b42f16,2.16.840.1.114274.1818.511277654857117206017675060655874787977,10008204-OVd60EVwskWwzMYESLTzA,10008204-OVd60EVwskWwzMYESLTzA,No,Male,78.0,White,False,False,0,0,0,0,0,0,0,,,,,1,0
ct_series_file,9ebb72af-58ed-4971-9705-3856bb572044,Open-A1,2.16.840.1.114274.1818.46223330019472772741505016270716192941,CT,DCM,DICOM,10008204-fJQ0ztTalEu4UFmrjyoDQ/2.16.840.1.114274.1818.502983118620051066013322754378018566832/2.16.840.1.114274.1818.46223330019472772741505016270716192941.zip,30690946,df90db5f1b91eda3cb3a547e3a29a553,,10008204-fJQ0ztTalEu4UFmrjyoDQ,,,,,,,,,GE MEDICAL SYSTEMS,Optima CT660,CT,118.0,dg.MD1R/2b77d7ed-fcf4-488a-ba16-ece40f360a5b,,,2.5_LUNG_PACS,2.16.840.1.114274.1818.46223330019472772741505016270716192941,,,b2f0484a-2536-49b7-8739-c1056a9ce85c,ACR_20220218,e5ade4d6-1e70-4fe6-9c7f-55bfd8d08212,2.16.840.1.114274.1818.502983118620051066013322754378018566832,10008204-fJQ0ztTalEu4UFmrjyoDQ,10008204-fJQ0ztTalEu4UFmrjyoDQ,No,Female,,White,,,0,0,0,0,0,0,0,,,,,1,0
ct_series_file,c0d4cf40-bbfa-4848-a319-a48d3d66640e,Open-A1,2.16.840.1.114274.1818.520652111234333280614142226437905534127,CT,DCM,DICOM,10000364-2450037/2.16.840.1.114274.1818.495297005536051037816253800818972089254/2.16.840.1.114274.1818.520652111234333280614142226437905534127.zip,64896768,6733eccfa000940ab3d65f343fb96c61,,10000364-2450037,OMNI 350,,,,,,,,SIEMENS,SOMATOM Drive,CT,213.0,dg.MD1R/048d5c65-4aac-476b-83c2-47305d3965ee,,,AX CHEST PE LUNG +C  F_0.5,2.16.840.1.114274.1818.520652111234333280614142226437905534127,,,4a5dd86d-7965-48bb-9c2b-c6d36089c780,ACR_20220314,c9029c35-ae9d-4bf8-a535-1512202e46b6,2.16.840.1.114274.1818.495297005536051037816253800818972089254,10000364-2450037,10000364-2450037,No,Female,56.0,White,,,0,0,0,0,0,0,0,,,,,1,0
ct_series_file,797d7fa2-aa8f-4ec3-8bc4-fab9ae930e3d,Open-A1,2.16.840.1.114274.1818.560174184076135428712311230749468646076,CT,DCM,DICOM,10000364-1097033/2.16.840.1.114274.1818.52452803241376217636101656797294313366/2.16.840.1.114274.1818.560174184076135428712311230749468646076.zip,42869832,d63084bc73b9e9364c072ba4093315d3,,10000364-1097033,,,,,,,,,GE MEDICAL SYSTEMS,LightSpeed VCT,CT,245.0,dg.MD1R/fb81c920-36c7-42e2-984c-83dcb6a763c6,,,sagittal abdomen,2.16.840.1.114274.1818.560174184076135428712311230749468646076,,,4a5dd86d-7965-48bb-9c2b-c6d36089c780,ACR_20220314,61c4e0ba-a0eb-49b5-b6bc-ed5849d87218,2.16.840.1.114274.1818.52452803241376217636101656797294313366,10000364-1097033,10000364-1097033,No,Male,71.0,White,,,0,0,0,0,0,0,0,,,,,1,0
ct_series_file,1843825d-8612-41aa-a71e-53a65f71c93d,Open-A1,2.16.840.1.114274.1818.563444886636303591011463973371663828668,CT,DCM,DICOM,10000364-6542450/2.16.840.1.114274.1818.57238788246655060982018683186151334320/2.16.840.1.114274.1818.563444886636303591011463973371663828668.zip,75526580,8aa2efe4e46aee490f6f45e474a75f6b,,10000364-6542450,,,,,,,,,GE MEDICAL SYSTEMS,LightSpeed VCT,CT,295.0,dg.MD1R/784f8f2c-d2ae-4df6-a9d6-3cafb10d0d04,,,Lung 1.25,2.16.840.1.114274.1818.563444886636303591011463973371663828668,,,4a5dd86d-7965-48bb-9c2b-c6d36089c780,ACR_20220314,62b4a6de-48ca-42c9-bd1b-7c755ceedf2e,2.16.840.1.114274.1818.57238788246655060982018683186151334320,10000364-6542450,10000364-6542450,No,Male,53.0,Black or African American,,,0,0,0,0,0,0,0,,,,,1,0
ct_series_file,43bd98a8-364f-4538-8881-6cc881fae909,Open-A1,2.16.840.1.114274.1818.545140841524768223911519908900154081153,CT,DCM,DICOM,10000364-2598844/2.16.840.1.114274.1818.482972850087325335817408294962794768261/2.16.840.1.114274.1818.545140841524768223911519908900154081153.zip,21880180,140c4ddde88c867fb5a637b1f85a6ff9,,10000364-2598844,,,,,,,,,GE MEDICAL SYSTEMS,Discovery CT750 HD,CT,87.0,dg.MD1R/ca919de5-b9d5-49f5-9b6a-b1a1a1543a15,,,Lung MIPS,2.16.840.1.114274.1818.545140841524768223911519908900154081153,,,4a5dd86d-7965-48bb-9c2b-c6d36089c780,ACR_20220314,0b6eca4b-7c20-494f-9195-9138b7e32e18,2.16.840.1.114274.1818.482972850087325335817408294962794768261,10000364-2598844,10000364-2598844,No,Male,27.0,White,,,0,0,0,0,0,0,0,,,,,1,0
ct_series_file,6715bdc3-1bf3-4d21-b96f-ba21d9fe5d1d,Open-A1,2.16.840.1.114274.1818.514152064062469465310042110915047131271,CT,DCM,DICOM,10000364-2419984/2.16.840.1.114274.1818.505728029671482238412370894525135977119/2.16.840.1.114274.1818.514152064062469465310042110915047131271.zip,48802826,1db924bf14b3763f6a1ea167bd12dea4,,10000364-2419984,OMNIPAQUE,,,,,,,,GE MEDICAL SYSTEMS,Revolution CT,CT,259.0,dg.MD1R/6de46ea8-f91c-49fc-966c-e7f5ac73b5eb,,,C/A/P,2.16.840.1.114274.1818.514152064062469465310042110915047131271,,,4a5dd86d-7965-48bb-9c2b-c6d36089c780,ACR_20220314,595f9380-bb1b-45ee-85fd-fce022d00e78,2.16.840.1.114274.1818.505728029671482238412370894525135977119,10000364-2419984,10000364-2419984,No,Male,59.0,Not Reported,,,0,0,0,0,0,0,0,,,,,1,0
ct_series_file,e85df028-8370-47a2-aee5-670b4467f18d,Open-A1,2.16.840.1.114274.1818.516130474189220940818414720524750754217,CT,DCM,DICOM,10003752-sgsRzgM9IEKOSgaHSLxPWQ/2.16.840.1.114274.1818.50585475349734734024652972551334994857/2.16.840.1.114274.1818.516130474189220940818414720524750754217.zip,211988580,59cdd7e79fb3008459961a2e563a67c4,,10003752-sgsRzgM9IEKOSgaHSLxPWQ,,,,,,,,,GE MEDICAL SYSTEMS,Revolution CT,CT,1023.0,dg.MD1R/1010d3aa-59f9-42d1-9acb-8d0e3c2fd66e,,,CTA CAP SOURCE,2.16.840.1.114274.1818.516130474189220940818414720524750754217,,,06406925-1d98-4e8f-a0ce-c52b678bcb2a,ACR_20220107,1f9fa737-3616-44dc-a70f-8b6b64f502d2,2.16.840.1.114274.1818.50585475349734734024652972551334994857,10003752-sgsRzgM9IEKOSgaHSLxPWQ,10003752-sgsRzgM9IEKOSgaHSLxPWQ,No,Female,23.0,Black or African American,,,0,0,0,0,0,0,0,,,,,1,0
ct_series_file,0a57cb86-ae9b-45c3-8644-6746db5c5471,Open-A1,2.16.840.1.114274.1818.54903408154901076685412644634689237946,CT,DCM,DICOM,10000364-1606491/2.16.840.1.114274.1818.5137697252436681262677933660199797170/2.16.840.1.114274.1818.54903408154901076685412644634689237946.zip,757112,6c8c21d8d2fec5ac843c3d9b40ec7f60,,10000364-1606491,,,,,,,,,GE MEDICAL SYSTEMS,LightSpeed VCT,CT,4.0,dg.MD1R/b7638761-ced7-4bf2-8103-b9f25e0866ef,,,Smart Prep Series,2.16.840.1.114274.1818.54903408154901076685412644634689237946,,,4a5dd86d-7965-48bb-9c2b-c6d36089c780,ACR_20220314,a265f041-8a31-4ffb-add8-17adc4de8e44,2.16.840.1.114274.1818.5137697252436681262677933660199797170,10000364-1606491,10000364-1606491,No,Female,56.0,White,True,True,0,0,0,0,0,0,0,,,,,1,0
ct_series_file,6a1cf92a-e159-41f7-a0b4-4ae52e34d0e8,Open-A1,2.16.840.1.114274.1818.50675187667344465792129259674858192279,CT,DCM,DICOM,10000364-1616130/2.16.840.1.114274.1818.56020834203880086534120928504818809772/2.16.840.1.114274.1818.50675187667344465792129259674858192279.zip,21804384,99078b151cd9981b5ba26d93e8b8ed8c,,10000364-1616130,,,,,,,,,GE MEDICAL SYSTEMS,LightSpeed VCT,CT,110.0,dg.MD1R/7851505b-2b5a-4c39-a8a2-f50e09db313f,,,Std 2.5,2.16.840.1.114274.1818.50675187667344465792129259674858192279,,,4a5dd86d-7965-48bb-9c2b-c6d36089c780,ACR_20220314,7be72251-a98b-443b-bfc5-b177e155f494,2.16.840.1.114274.1818.56020834203880086534120928504818809772,10000364-1616130,10000364-1616130,No,Female,54.0,Black or African American,,,0,0,0,0,0,0,0,,,,,1,0
ct_series_file,cb99b004-34f9-485b-be66-90f048b95a7d,Open-A1,2.16.840.1.114362.1.12177026.25874454649.637942075.1060.962,CT,DCM,DICOM,10008204-2NJufFJhq0GqiYgarPE9DQ/2.16.840.1.114274.1818.534489533842778276910156349647014549424/2.16.840.1.114362.1.12177026.25874454649.637942075.1060.962.zip,3641206,a38618e31853173a95eef9bf024d57f7,,10008204-2NJufFJhq0GqiYgarPE9DQ,,STANDARD,,Skull-stripping,2.0,True,DERIVED_PRIMARY_AXIAL,0.0,GE MEDICAL SYSTEMS / MIM Software,Optima CT660,CT,59.0,dg.MD1R/cbf38e14-75bc-4f54-8639-ded53a252712,HFS,0.429688007,BrainSegmentation,2.16.840.1.114362.1.12177026.25874454649.637942075.1060.962,2.5,,f3a84a57-f61e-4953-af27-23f850bc857a,ACR_20230415,018f5323-44fe-40c7-a0a4-9d2ea203177a,2.16.840.1.114274.1818.534489533842778276910156349647014549424,10008204-2NJufFJhq0GqiYgarPE9DQ,10008204-2NJufFJhq0GqiYgarPE9DQ,No,Female,75.0,White,False,False,0,0,0,0,0,0,0,,,,,1,0
ct_series_file,bb0ef327-d0ff-401f-adf7-416241249d21,Open-A1,2.16.840.1.114274.1818.5074804034880526113426189340355331728,CT,DCM,DICOM,10000364-1457502/2.16.840.1.114274.1818.573397866205241130810354302290032897434/2.16.840.1.114274.1818.5074804034880526113426189340355331728.zip,366276,ab642d07f2ea6c9111730ce902a171a0,,10000364-1457502,,,,,,,,,SIEMENS,SOMATOM Definition AS+,CT,2.0,dg.MD1R/642796dd-4994-4dde-a4a3-f4623b037332,,,Topogram  0.6  T20s,2.16.840.1.114274.1818.5074804034880526113426189340355331728,,,b2f0484a-2536-49b7-8739-c1056a9ce85c,ACR_20220218,fe514050-6c6a-4b19-aca8-800cf5e0fca6,2.16.840.1.114274.1818.573397866205241130810354302290032897434,10000364-1457502,10000364-1457502,No,Female,55.0,White,,,0,0,0,0,0,0,0,,,,,1,0
ct_series_file,40bb61f8-0870-4d0a-b890-c267b6608a4d,Open-A1,2.16.840.1.114274.1818.535356337180885317210509570150987188381,CT,DCM,DICOM,2.16.840.1.114274.1818.4982306087026505768785273848020712600/2.16.840.1.114274.1818.535356337180885317210509570150987188381.zip,35089702,8d2cda6bd5dc85951dd766a592c9cd43,,10003752-T0p2I9bi3UK89ian4IGPXA,,,,,,,,,GE MEDICAL SYSTEMS,Revolution CT,CT,138.0,dg.MD1R/e7c670d3-1121-45d6-906d-7348717ee276,,,LUNGS (CHEST),2.16.840.1.114274.1818.535356337180885317210509570150987188381,,,da2db6a3-93f5-4066-90b2-f8dd8afadd2c,ACR_20211115,37e6700f-eef3-4222-9155-3cc125b3e485,2.16.840.1.114274.1818.4982306087026505768785273848020712600,10003752-T0p2I9bi3UK89ian4IGPXA,10003752-T0p2I9bi3UK89ian4IGPXA,No,Female,62.0,Black or African American,,,0,0,0,0,0,0,0,,,,,1,0
ct_series_file,ab5289e0-b07e-44f5-be08-50bc1168dfe8,Open-A1,2.16.840.1.114274.1818.5702907081508747566872388521385250179,CT,DCM,DICOM,10000364-2598844/2.16.840.1.114274.1818.472053943120866775315395493839092198570/2.16.840.1.114274.1818.5702907081508747566872388521385250179.zip,11083152,a55b5e9d6a2b00fe839c681d392b6f1e,,10000364-2598844,,,,,,,,,GE MEDICAL SYSTEMS,LightSpeed VCT,CT,56.0,dg.MD1R/1d2427f2-a377-483e-8a3f-92e9aeea5473,,,CTA MIPS CORONAL,2.16.840.1.114274.1818.5702907081508747566872388521385250179,,,4a5dd86d-7965-48bb-9c2b-c6d36089c780,ACR_20220314,fb1793b2-a671-482a-ae6a-4bb1f24506c2,2.16.840.1.114274.1818.472053943120866775315395493839092198570,10000364-2598844,10000364-2598844,No,Male,27.0,White,,,0,0,0,0,0,0,0,,,,,1,0
ct_series_file,5fca3e2f-13b1-4bc6-bdf7-375e908e64e2,Open-A1,2.16.840.1.114274.1818.57102739162677183946174841155699238281,CT,DCM,DICOM,10000364-5808562/2.16.840.1.114274.1818.56418559389906408991431392435406644920/2.16.840.1.114274.1818.57102739162677183946174841155699238281.zip,42571900,8637259a14555fc0d0ff23783572bb30,,10000364-5808562,,,,,,,,,SIEMENS,SOMATOM Definition AS,CT,157.0,dg.MD1R/fc460fd9-d084-4958-964d-21b2d22302d3,,,Lungs,2.16.840.1.114274.1818.57102739162677183946174841155699238281,,,4a5dd86d-7965-48bb-9c2b-c6d36089c780,ACR_20220314,682bf11f-e5d6-409d-a648-0c6d788ee5bb,2.16.840.1.114274.1818.56418559389906408991431392435406644920,10000364-5808562,10000364-5808562,No,Male,89.0,White,,,0,0,0,0,0,0,0,,,,,1,0
ct_series_file,d66e3b89-4766-441d-8caf-e4afe53739de,Open-A1,2.16.840.1.114274.1818.512609428392041491515557593929212930234,CT,DCM,DICOM,2.16.840.1.114274.1818.50964771363627335949490989679436773551/2.16.840.1.114274.1818.512609428392041491515557593929212930234.zip,6927636,a8e72cff3e6a010e1d39e0a528ae9073,,10008204-9uiS3RqmnUS34RxJfMnjDQ,,,,,,,,,GE MEDICAL SYSTEMS,Optima CT660,CT,35.0,dg.MD1R/286c27b6-a6d6-450e-832a-71f83c73b408,,,AXIAL MIP 10 X 10,2.16.840.1.114274.1818.512609428392041491515557593929212930234,,,da2db6a3-93f5-4066-90b2-f8dd8afadd2c,ACR_20211115,6012e3a0-1911-4ca6-bc7d-1d1afd68322c,2.16.840.1.114274.1818.50964771363627335949490989679436773551,10008204-9uiS3RqmnUS34RxJfMnjDQ,10008204-9uiS3RqmnUS34RxJfMnjDQ,No,Female,61.0,White,,,0,0,0,0,0,0,0,,,,,1,0
ct_series_file,dd1db8a7-1ba4-4873-9413-00ae1f0fc4f7,Open-A1,2.16.840.1.114274.1818.49219024832252874567341234412365144989,CT,DCM,DICOM,10000364-102663/2.16.840.1.114274.1818.50386292537336235671092220048742068641/2.16.840.1.114274.1818.49219024832252874567341234412365144989.zip,52413744,ff67c68fdf1bd6434265889c98ce7e8f,,10000364-102663,,Br56f_3,ELLIP_ZEC,,,False,ORIGINAL_PRIMARY_AXIAL_CT_SOM5 MIP,0.0,Siemens Healthineers,SOMATOM go.Top,CT,,dg.MD1R/d459a150-4280-4db8-b447-a52488783404,FFS,0.62457363,SUPINE INHALATION CHEST 1.50 Br56 S3 cor,2.16.840.1.114274.1818.49219024832252874567341234412365144989,1.5,,f704bef2-2e0f-450c-bbd0-8beaf82f4757,ACR_20241215,794247b1-4011-4402-ac01-18df703c3c67,2.16.840.1.114274.1818.50386292537336235671092220048742068641,10000364-102663,10000364-102663,No,Female,62.0,White,False,False,0,0,0,0,0,0,0,,,,,1,0
ct_series_file,b80b6f66-e7c1-4188-94b7-0c627f46758c,Open-A1,2.16.840.1.114274.1818.511967817700509537614129859140052327077,CT,DCM,DICOM,10008204-JY0aZguECUCfluEvQXjmXQ/2.16.840.1.114274.1818.48474154660679565965645385177669797007/2.16.840.1.114274.1818.511967817700509537614129859140052327077.zip,23581892,08de3838cfe26830ed7e0da8bd4479e7,,10008204-JY0aZguECUCfluEvQXjmXQ,,,,,,,,,GE MEDICAL SYSTEMS,Optima CT660,CT,115.0,dg.MD1R/71cabee8-3d72-4d08-9d00-0b7a6b2a3fa1,,,2.5_STD_PACS,2.16.840.1.114274.1818.511967817700509537614129859140052327077,,,06406925-1d98-4e8f-a0ce-c52b678bcb2a,ACR_20220107,55042df0-c5c9-4d5f-838d-a282abd6dcd2,2.16.840.1.114274.1818.48474154660679565965645385177669797007,10008204-JY0aZguECUCfluEvQXjmXQ,10008204-JY0aZguECUCfluEvQXjmXQ,No,Female,79.0,White,,,0,0,0,0,0,0,0,,,,,1,0
ct_series_file,95594ac5-bb62-4796-b32e-81927359cc5f,Open-A1,2.16.840.1.114274.1818.492853385218284032511270816695050171271,CT,DCM,DICOM,10003752-Bf2E8DJUOKva8GfLLLw/2.16.840.1.114274.1818.53898697351348030178852787462823370898/2.16.840.1.114274.1818.492853385218284032511270816695050171271.zip,1705838,9d4b6cad1c3c1aa65bfacc1f94400ed2,,10003752-Bf2E8DJUOKva8GfLLLw,,,,,,,,,GE MEDICAL SYSTEMS,Revolution CT,CT,2.0,dg.MD1R/78852562-6ec5-4d07-a15f-0402c291fa4a,,,Scout,2.16.840.1.114274.1818.492853385218284032511270816695050171271,,,06406925-1d98-4e8f-a0ce-c52b678bcb2a,ACR_20220107,c6d1dbf3-f39b-43a3-95c4-5fc2cf6e733d,2.16.840.1.114274.1818.53898697351348030178852787462823370898,10003752-Bf2E8DJUOKva8GfLLLw,10003752-Bf2E8DJUOKva8GfLLLw,No,Female,75.0,Not Reported,,,0,0,0,0,0,0,0,,,,,1,0
ct_series_file,8fdd498e-d878-465f-9482-fc86711753f0,Open-A1,2.16.840.1.114274.1818.55757723880885989083714946239639669931,CT,DCM,DICOM,2.16.840.1.114274.1818.55964054017101574566468868814426692232/2.16.840.1.114274.1818.55757723880885989083714946239639669931.zip,20813624,dd7cd261c928cfa20fe62635943a7b52,,10003752-3QGhEvxtUyDcGMDeBEpPQ,Iodine,,,,,,,,Philips,Brilliance 64,CT,94.0,dg.MD1R/294ada01-d642-4501-bb4c-fcf380c914c7,,,AXL ART  iDose (2),2.16.840.1.114274.1818.55757723880885989083714946239639669931,,,da2db6a3-93f5-4066-90b2-f8dd8afadd2c,ACR_20211115,197fa651-3dd2-4aa5-b0d8-c8f3bbb7178b,2.16.840.1.114274.1818.55964054017101574566468868814426692232,10003752-3QGhEvxtUyDcGMDeBEpPQ,10003752-3QGhEvxtUyDcGMDeBEpPQ,No,Female,59.0,Black or African American,,,0,0,0,0,0,0,0,,,,,1,0
ct_series_file,fe987f08-2a7b-49fd-a4c8-d14d777a9d03,Open-A1,2.16.840.1.114274.1818.47874875690287852638217190386379115148,CT,DCM,DICOM,10000364-2075941/2.16.840.1.114274.1818.5706568565317616541343501029804563090/2.16.840.1.114274.1818.47874875690287852638217190386379115148.zip,37173882,4d63d34da9d1a6c5385116bd95fd8b10,,10000364-2075941,OMNIPAQUE,,,,,,,,SIEMENS,SOMATOM Definition AS,CT,166.0,dg.MD1R/bfd42a58-0fc5-4e8f-a5a3-e3036b0147b6,,,Routine Chest,2.16.840.1.114274.1818.47874875690287852638217190386379115148,,,4a5dd86d-7965-48bb-9c2b-c6d36089c780,ACR_20220314,143d82e0-ced6-44c9-a67a-b48f4cb16eed,2.16.840.1.114274.1818.5706568565317616541343501029804563090,10000364-2075941,10000364-2075941,No,Female,75.0,White,,,0,0,0,0,0,0,0,,,,,1,0
ct_series_file,a917f443-65d6-432e-9df5-51bd3d2ab591,Open-A1,2.16.840.1.114274.1818.56663605100858883548775996139666476695,CT,DCM,DICOM,10003752-GgDbKDK4dEGLwctzWSx1yw/2.16.840.1.114274.1818.5033701380791122218308915763233497734/2.16.840.1.114274.1818.56663605100858883548775996139666476695.zip,69775012,c4612b112c06ae116a2cb76a7b9c1619,,10003752-GgDbKDK4dEGLwctzWSx1yw,,,,,,,,,GE MEDICAL SYSTEMS,Revolution CT,CT,271.0,dg.MD1R/2d1e9f75-4733-4ce8-b019-c62bfc228824,,,HI RES,2.16.840.1.114274.1818.56663605100858883548775996139666476695,,,06406925-1d98-4e8f-a0ce-c52b678bcb2a,ACR_20220107,d1904b96-d892-48af-98f2-eeeeb416eb98,2.16.840.1.114274.1818.5033701380791122218308915763233497734,10003752-GgDbKDK4dEGLwctzWSx1yw,10003752-GgDbKDK4dEGLwctzWSx1yw,No,Male,60.0,Black or African American,,,0,0,0,0,0,0,0,,,,,1,0
ct_series_file,a0375489-312e-457d-8f5a-0148bbb968f5,Open-A1,2.16.840.1.114274.1818.520267530173805374015223221229641901953,CT,DCM,DICOM,10008204-fcjEeJrk0K1cddkNYf6Sg/2.16.840.1.114274.1818.55503183999996720602659154797085668736/2.16.840.1.114274.1818.520267530173805374015223221229641901953.zip,30840434,fc68f0b20c5e6f8bac3ff156622a9ff2,,10008204-fcjEeJrk0K1cddkNYf6Sg,,,,,,,,,GE MEDICAL SYSTEMS,Optima CT660,CT,156.0,dg.MD1R/f244bf5b-3e19-4070-ac75-983ca8192c3d,,,COR ANGIO X2,2.16.840.1.114274.1818.520267530173805374015223221229641901953,,,b2f0484a-2536-49b7-8739-c1056a9ce85c,ACR_20220218,d1b88d0d-f8fa-426c-b112-e79b0de68d6a,2.16.840.1.114274.1818.55503183999996720602659154797085668736,10008204-fcjEeJrk0K1cddkNYf6Sg,10008204-fcjEeJrk0K1cddkNYf6Sg,No,Female,63.0,White,,,0,0,0,0,0,0,0,,,,,1,0
ct_series_file,e1b21f81-6fe6-41bc-8925-9982f4b96934,Open-A1,2.16.840.1.114274.1818.504439488525387388911724681761878804156,CT,DCM,DICOM,10008204-L30nOFwsxkmECPDT2b8dbw/2.16.840.1.114274.1818.508120416060279485116250299878299640246/2.16.840.1.114274.1818.504439488525387388911724681761878804156.zip,20011760,ff4341012c573949f4f668af8200d5b2,,10008204-L30nOFwsxkmECPDT2b8dbw,,,,,,,,,GE MEDICAL SYSTEMS,Optima CT660,CT,110.0,dg.MD1R/05a9121d-dc95-4587-83da-c3181e7981ee,,,SAG,2.16.840.1.114274.1818.504439488525387388911724681761878804156,,,4a5dd86d-7965-48bb-9c2b-c6d36089c780,ACR_20220314,f93d14d8-7a51-448c-9c2e-2245d38c98f4,2.16.840.1.114274.1818.508120416060279485116250299878299640246,10008204-L30nOFwsxkmECPDT2b8dbw,10008204-L30nOFwsxkmECPDT2b8dbw,No,Male,83.0,White,,,0,0,0,0,0,0,0,,,,,1,0
ct_series_file,533a7057-e614-4ff5-81ac-acb4782d32b3,Open-A1,2.16.840.1.114274.1818.472176119172637187617802764689604010906,CT,DCM,DICOM,10008204-hMN5tBF10WaqG8NtgvQA/2.16.840.1.114274.1818.516860138751465630515313495286253064578/2.16.840.1.114274.1818.472176119172637187617802764689604010906.zip,7687302,fa3148da56044c2121ec9c947604bbbb,,10008204-hMN5tBF10WaqG8NtgvQA,,,,,,,,,GE MEDICAL SYSTEMS,Optima CT660,CT,37.0,dg.MD1R/17c2f7e0-ebe3-4c89-bbde-632810419d8c,,,AXIAL MIP 10 X 10,2.16.840.1.114274.1818.472176119172637187617802764689604010906,,,b2f0484a-2536-49b7-8739-c1056a9ce85c,ACR_20220218,27201833-695a-4f78-9784-be0e463b7447,2.16.840.1.114274.1818.516860138751465630515313495286253064578,10008204-hMN5tBF10WaqG8NtgvQA,10008204-hMN5tBF10WaqG8NtgvQA,No,Female,45.0,White,,,0,0,0,0,0,0,0,,,,,1,0
ct_series_file,c2b58e33-6223-4c78-ab99-d1d89d1b21ab,Open-A1,2.16.840.1.114274.1818.54595770505941003417293561231892288663,CT,DCM,DICOM,10003752-C2L8efFylUUCs0kGH0r7Q/2.16.840.1.114274.1818.53188760322684051244513316589712081035/2.16.840.1.114274.1818.54595770505941003417293561231892288663.zip,68764526,d9d65ce8f7d4abb0d7db02dd9a4ce4a9,,10003752-C2L8efFylUUCs0kGH0r7Q,,,,,,,,,GE MEDICAL SYSTEMS,Revolution HD,CT,275.0,dg.MD1R/c4760727-e56c-4fbf-94b9-c51a7e5ef6fa,,,HIGH RES,2.16.840.1.114274.1818.54595770505941003417293561231892288663,,,06406925-1d98-4e8f-a0ce-c52b678bcb2a,ACR_20220107,ccc74359-2367-4cfb-927d-04f36b6667a8,2.16.840.1.114274.1818.53188760322684051244513316589712081035,10003752-C2L8efFylUUCs0kGH0r7Q,10003752-C2L8efFylUUCs0kGH0r7Q,No,Male,66.0,White,,,0,0,0,0,0,0,0,,,,,1,0
ct_series_file,061f499d-aa06-4ea4-85b9-043fa5d687f2,Open-A1,2.16.840.1.114274.1818.49168277786746254526615181101363424437,CT,DCM,DICOM,10000364-2060670/2.16.840.1.114274.1818.523079266325199358811576392051873397917/2.16.840.1.114274.1818.49168277786746254526615181101363424437.zip,154958,6be54df3c22201c257479b745f18794a,,10000364-2060670,,T20f,NONE,,,False,ORIGINAL_PRIMARY_LOCALIZER_CT_SOM5 TOP,,SIEMENS,SOMATOM Definition AS,CT,,dg.MD1R/e5799885-c6d4-4816-874d-982e77a7651c,HFS,1.0,Topogram  0.6  T20f,2.16.840.1.114274.1818.49168277786746254526615181101363424437,,,f704bef2-2e0f-450c-bbd0-8beaf82f4757,ACR_20241215,932546bd-c9aa-42f3-bcf4-df2910125ba2,2.16.840.1.114274.1818.523079266325199358811576392051873397917,10000364-2060670,10000364-2060670,No,Female,70.0,White,True,True,0,0,0,0,0,0,0,,,,,1,0
ct_series_file,96f1d1be-662c-4359-85aa-33857f43d43a,Open-A1,2.16.840.1.114274.1818.53638387997822901857220042932787080885,CT,DCM,DICOM,2.16.840.1.114274.1818.523341122381007333411416693426905359021/2.16.840.1.114274.1818.53638387997822901857220042932787080885.zip,595628,3392f1b97bf58d4839efd731eb3512dc,,10008204-tv8n1fgEjUuRgG2LyD1BRw,,,,,,,,,GE MEDICAL SYSTEMS,Optima CT660,CT,2.0,dg.MD1R/041d67c1-2c7e-4867-bd26-c4d10a01194d,,,SCOUT,2.16.840.1.114274.1818.53638387997822901857220042932787080885,,,da2db6a3-93f5-4066-90b2-f8dd8afadd2c,ACR_20211115,11860007-a601-4f0c-9de8-59efc98eb564,2.16.840.1.114274.1818.523341122381007333411416693426905359021,10008204-tv8n1fgEjUuRgG2LyD1BRw,10008204-tv8n1fgEjUuRgG2LyD1BRw,No,Female,,White,False,False,0,0,0,0,0,0,0,,,,,1,0
ct_series_file,b06430fe-dd9d-4f51-a5e0-7f5375f0a4a5,Open-A1,2.16.840.1.114274.1818.47715452562935113921602519471552142471,CT,DCM,DICOM,10000364-5747455/2.16.840.1.114274.1818.52783002991999042848858380094804777893/2.16.840.1.114274.1818.47715452562935113921602519471552142471.zip,47520082,0cf29ee937a12a697e451f72af318c71,,10000364-5747455,OMNIPAQUE,,,,,,,,SIEMENS,SOMATOM Definition AS,CT,190.0,dg.MD1R/e94c982b-9b48-4baf-a3bb-d0f2ec03d999,,,Sag MIP,2.16.840.1.114274.1818.47715452562935113921602519471552142471,,,4a5dd86d-7965-48bb-9c2b-c6d36089c780,ACR_20220314,6b6d3c18-4cd4-4c68-8ce8-6768ecaef970,2.16.840.1.114274.1818.52783002991999042848858380094804777893,10000364-5747455,10000364-5747455,No,Female,75.0,Black or African American,,,0,0,0,0,0,0,0,,,,,1,0
ct_series_file,aec77803-5b4d-4c3d-ba2c-ecc4ecf29b24,Open-A1,2.16.840.1.114274.1818.533996222468400420718278223415347718059,CT,DCM,DICOM,10003752-D7s9ukCVOUSJl9ajdsMzQ/2.16.840.1.114274.1818.529264904132437492314888989878858564228/2.16.840.1.114274.1818.533996222468400420718278223415347718059.zip,21447306,fd609ec07f3774440989431a7a848da6,,10003752-D7s9ukCVOUSJl9ajdsMzQ,,,,,,,,,GE MEDICAL SYSTEMS,Revolution CT,CT,107.0,dg.MD1R/b026f3df-ba5f-42f7-8aae-8c459c58e77d,,,CHEST SAG,2.16.840.1.114274.1818.533996222468400420718278223415347718059,,,06406925-1d98-4e8f-a0ce-c52b678bcb2a,ACR_20220107,2f066322-7031-4956-8263-b02252a68d22,2.16.840.1.114274.1818.529264904132437492314888989878858564228,10003752-D7s9ukCVOUSJl9ajdsMzQ,10003752-D7s9ukCVOUSJl9ajdsMzQ,No,Female,79.0,White,,,0,0,0,0,0,0,0,,,,,1,0
ct_series_file,295f7db3-ab25-45b2-ad37-8478e4925ea9,Open-A1,2.16.840.1.114274.1818.56614307456728826106934618176362168968,CT,DCM,DICOM,10000364-5771033/2.16.840.1.114274.1818.560084297282692650715156967008886635416/2.16.840.1.114274.1818.56614307456728826106934618176362168968.zip,180088,17bd6b7042401c97c2cf9574962896e9,,10000364-5771033,,,,,,,,,SIEMENS,SOMATOM Definition Flash,CT,1.0,dg.MD1R/c8afd0fb-4645-423b-a9d7-5a8ceeed7f28,,,Topogram AP  1.0  Tr20,2.16.840.1.114274.1818.56614307456728826106934618176362168968,,,4a5dd86d-7965-48bb-9c2b-c6d36089c780,ACR_20220314,fdb1da96-7300-40da-822f-b12fe1e9b396,2.16.840.1.114274.1818.560084297282692650715156967008886635416,10000364-5771033,10000364-5771033,No,Female,68.0,White,,,0,0,0,0,0,0,0,,,,,1,0
ct_series_file,8eb0242f-1bb8-4b8a-b9d2-5d4ae1bf6ee4,Open-A1,2.16.840.1.114274.1818.502573302208646976011476079734220523139,CT,DCM,DICOM,10000364-805108/2.16.840.1.114274.1818.49420233626548503358765471637545946756/2.16.840.1.114274.1818.502573302208646976011476079734220523139.zip,34956042,13d96439b1acbddd12353986fb4304c6,,10000364-805108,NONE,,,,,,,,GE MEDICAL SYSTEMS,Revolution HD,CT,194.0,dg.MD1R/91be9a34-5818-4ca6-8b0a-c8a975c7c1d4,,,SAG BODY,2.16.840.1.114274.1818.502573302208646976011476079734220523139,,,b2f0484a-2536-49b7-8739-c1056a9ce85c,ACR_20220218,c67c2d6a-ac00-4b17-989d-d9523eb61584,2.16.840.1.114274.1818.49420233626548503358765471637545946756,10000364-805108,10000364-805108,No,Female,20.0,Not Reported,,,0,0,0,0,0,0,0,,,,,1,0
ct_series_file,5a9423d1-c87c-4d0b-8cba-62a0a12e22a5,Open-A1,2.16.840.1.114274.1818.511247755853710057418126459445752451474,CT,DCM,DICOM,10000364-423639/2.16.840.1.114274.1818.51397926232484881102218549922850452630/2.16.840.1.114274.1818.511247755853710057418126459445752451474.zip,31422014,c5d586f4c871b69ab690b711af2589c4,,10000364-423639,OMNIPAQUE,,,,,,,,SIEMENS,SOMATOM Definition AS,CT,107.0,dg.MD1R/3d6d93f6-c24e-453a-af7b-024123c9c3a1,,,Lung,2.16.840.1.114274.1818.511247755853710057418126459445752451474,,,4a5dd86d-7965-48bb-9c2b-c6d36089c780,ACR_20220314,509a8567-688b-4bfd-abe7-f36548b4899b,2.16.840.1.114274.1818.51397926232484881102218549922850452630,10000364-423639,10000364-423639,No,Male,58.0,White,,,0,0,0,0,0,0,0,,,,,1,0
ct_series_file,7d9e470e-c348-4b3f-a663-f4670e6d83e7,Open-A1,2.16.840.1.114274.1818.48594728153583095902369108096101232308,CT,DCM,DICOM,2.16.840.1.114274.1818.557725228889553000617698882663788471198/2.16.840.1.114274.1818.48594728153583095902369108096101232308.zip,10791482,16938585a229defba02fd6ed11ebc4f5,,10003752-BmWOn1OkTUGZp1eWEcMRQ,,,,,,,,,Philips,Brilliance 64,CT,45.0,dg.MD1R/90c76978-371e-489b-b505-2d9043082453,,,MIP  iDose (2),2.16.840.1.114274.1818.48594728153583095902369108096101232308,,,da2db6a3-93f5-4066-90b2-f8dd8afadd2c,ACR_20211115,baed2a6e-d040-4e67-b901-5b54fc342954,2.16.840.1.114274.1818.557725228889553000617698882663788471198,10003752-BmWOn1OkTUGZp1eWEcMRQ,10003752-BmWOn1OkTUGZp1eWEcMRQ,No,Female,68.0,Black or African American,,,0,0,0,0,0,0,0,,,,,1,0
ct_series_file,2569a558-27a6-4e5f-a3a5-435f436b6aa8,Open-A1,2.16.840.1.114274.1818.55157772734434712622948211068032029350,CT,DCM,DICOM,10000364-1185098/2.16.840.1.114274.1818.555869599047609722912956586324526194339/2.16.840.1.114274.1818.55157772734434712622948211068032029350.zip,208098,3991eec04deda69705c96d1dd8deca50,,10000364-1185098,,,,,,,,,SIEMENS,SOMATOM Definition AS,CT,1.0,dg.MD1R/50d1c55a-960a-4a45-9f12-50752c800fe2,,,PreMonitoring  10.0  B30f,2.16.840.1.114274.1818.55157772734434712622948211068032029350,,,b2f0484a-2536-49b7-8739-c1056a9ce85c,ACR_20220218,56e2a79e-a2a7-4008-bd11-bda8cae2fb4a,2.16.840.1.114274.1818.555869599047609722912956586324526194339,10000364-1185098,10000364-1185098,No,Female,67.0,White,,,0,0,0,0,0,0,0,,,,,1,0
ct_series_file,6a76dc49-e422-432d-952a-884a27675854,Open-A1,2.16.840.1.114274.1818.527288842522574198414432916446197297038,CT,DCM,DICOM,2.16.840.1.114274.1818.46556240070118595457796905928740891811/2.16.840.1.114274.1818.527288842522574198414432916446197297038.zip,9539416,bfa43327e890552c6c77c97fbff63412,,10003752-Q0JggQrx6EOIR751VgH8aA,,,,,,,,,Philips,iCT 256,CT,34.0,dg.MD1R/fec11617-34d7-4f55-b365-1292f1b0d65c,,,MinIP  iDose (2),2.16.840.1.114274.1818.527288842522574198414432916446197297038,,,da2db6a3-93f5-4066-90b2-f8dd8afadd2c,ACR_20211115,5fa2e944-4743-48b0-8f12-4b0d0641fe58,2.16.840.1.114274.1818.46556240070118595457796905928740891811,10003752-Q0JggQrx6EOIR751VgH8aA,10003752-Q0JggQrx6EOIR751VgH8aA,No,Female,78.0,Black or African American,,,0,0,0,0,0,0,0,,,,,1,0
ct_series_file,ebe99303-125d-4346-8b04-be1a4d779eb5,Open-A1,2.16.840.1.114274.1818.519655012862684783217974013701787669146,CT,DCM,DICOM,10008204-WJLvQ6ibkjmXJAvhVLDw/2.16.840.1.114274.1818.531202721971726316212876348855779238322/2.16.840.1.114274.1818.519655012862684783217974013701787669146.zip,7209942,f6df9b18433c2926d4a19257de8c1afd,,10008204-WJLvQ6ibkjmXJAvhVLDw,,,,,,,,,GE MEDICAL SYSTEMS,Optima CT660,CT,39.0,dg.MD1R/1caf2918-9e6f-4a72-8872-a30e8fe6534c,,,COR MIP 10,2.16.840.1.114274.1818.519655012862684783217974013701787669146,,,4a5dd86d-7965-48bb-9c2b-c6d36089c780,ACR_20220314,d7ed8235-b2b4-4f9c-9993-a54aa87f5d89,2.16.840.1.114274.1818.531202721971726316212876348855779238322,10008204-WJLvQ6ibkjmXJAvhVLDw,10008204-WJLvQ6ibkjmXJAvhVLDw,No,Male,75.0,White,,,0,0,0,0,0,0,0,,,,,1,0
ct_series_file,ab536ecd-6f7e-4398-a4c6-77e45beaf718,Open-A1,2.16.840.1.114274.1818.52422471387827333661766597014975392693,CT,DCM,DICOM,10008204-nUgCUsZH0SZ6mrJQA5Geg/2.16.840.1.114274.1818.572166843697438930118146370461333644685/2.16.840.1.114274.1818.52422471387827333661766597014975392693.zip,5183020,2b98183f555c430d442430c54f399551,,10008204-nUgCUsZH0SZ6mrJQA5Geg,,,,,,,,,GE MEDICAL SYSTEMS,Optima CT660,CT,25.0,dg.MD1R/dafe6c7c-9ebf-4d58-9f6e-a8434f354942,,,COR MIP 10,2.16.840.1.114274.1818.52422471387827333661766597014975392693,,,4a5dd86d-7965-48bb-9c2b-c6d36089c780,ACR_20220314,ae6b6a8d-81cb-46a6-b2e6-811e32bd4f61,2.16.840.1.114274.1818.572166843697438930118146370461333644685,10008204-nUgCUsZH0SZ6mrJQA5Geg,10008204-nUgCUsZH0SZ6mrJQA5Geg,No,Female,56.0,White,,,0,0,0,0,0,0,0,,,,,1,0
ct_series_file,dd578c7e-badb-4e79-b803-ffce62c7d068,Open-A1,2.16.840.1.114274.1818.56523152579802314977297420620984138924,CT,DCM,DICOM,10000364-5272782/2.16.840.1.114274.1818.52493569690556234449330971878633672584/2.16.840.1.114274.1818.56523152579802314977297420620984138924.zip,55784078,a00c36a80608ab3ec6365d6d5c7c3e14,,10000364-5272782,OMNIPAQUE 350,,,,,,,,GE MEDICAL SYSTEMS,LightSpeed VCT,CT,228.0,dg.MD1R/c5b26837-80f0-4cd9-a184-68262285e917,,,LUNG,2.16.840.1.114274.1818.56523152579802314977297420620984138924,,,4a5dd86d-7965-48bb-9c2b-c6d36089c780,ACR_20220314,015fc5c0-fa9c-4249-ae2b-59fe6ad5b4a6,2.16.840.1.114274.1818.52493569690556234449330971878633672584,10000364-5272782,10000364-5272782,No,Female,53.0,White,,,0,0,0,0,0,0,0,,,,,1,0
ct_series_file,5ff2cbbf-888b-480f-94be-1e1ae4593d65,Open-A1,2.16.840.1.114274.1818.560036483730881043617363076649025581717,CT,DCM,DICOM,10000364-1210834/2.16.840.1.114274.1818.537306766621808428610294293613281849259/2.16.840.1.114274.1818.560036483730881043617363076649025581717.zip,193544250,b653aa257b3ef81c846b17557a8c2a23,,10000364-1210834,,,,,,,,,GE MEDICAL SYSTEMS,Discovery CT750 HD,CT,971.0,dg.MD1R/b59dd062-72d2-4dc0-949f-f0e3ef441dfa,,,Recon 3: C/A/P Std 2.5,2.16.840.1.114274.1818.560036483730881043617363076649025581717,,,b2f0484a-2536-49b7-8739-c1056a9ce85c,ACR_20220218,72efdabe-1aee-4004-9e5d-bf388503cfec,2.16.840.1.114274.1818.537306766621808428610294293613281849259,10000364-1210834,10000364-1210834,No,Female,69.0,Black or African American,,,0,0,0,0,0,0,0,,,,,1,0
ct_series_file,77d9a88d-7617-49ac-9724-adae571d023f,Open-A1,2.16.840.1.114274.1818.55687386471350967199722430871577722789,CT,DCM,DICOM,10000364-5810376/2.16.840.1.114274.1818.530215492056724585114263759614150322058/2.16.840.1.114274.1818.55687386471350967199722430871577722789.zip,146240,8eaa5c01bf3a8ce010624d0f6edf5805,,10000364-5810376,,,,,,,,,SIEMENS,SOMATOM Definition AS,CT,1.0,dg.MD1R/43f6dc69-6688-458e-b1a8-27bfaac88189,,,Topogram  0.6  T20f,2.16.840.1.114274.1818.55687386471350967199722430871577722789,,,4a5dd86d-7965-48bb-9c2b-c6d36089c780,ACR_20220314,621d86fc-812c-45ea-a4cc-e998a1c3b6e7,2.16.840.1.114274.1818.530215492056724585114263759614150322058,10000364-5810376,10000364-5810376,No,Female,73.0,White,,,0,0,0,0,0,0,0,,,,,1,0
ct_series_file,86d34b4f-373a-4e8b-91dc-7d908c708059,Open-A1,2.16.840.1.114274.1818.520840552403134106315836294950197869481,CT,DCM,DICOM,10008204-OVd60EVwskWwzMYESLTzA/2.16.840.1.114274.1818.511277654857117206017675060655874787977/2.16.840.1.114274.1818.520840552403134106315836294950197869481.zip,6568576,5c86d80ac46f258b1505baa2897108f8,,10008204-OVd60EVwskWwzMYESLTzA,,,,,,,,,GE MEDICAL SYSTEMS,Optima CT660,CT,34.0,dg.MD1R/a94f7e40-7bca-4c74-8cde-323abc39a3bf,,,AXIAL MIP 10 X 10,2.16.840.1.114274.1818.520840552403134106315836294950197869481,,,b2f0484a-2536-49b7-8739-c1056a9ce85c,ACR_20220218,7dec28e7-5fce-457c-965c-07dce0b42f16,2.16.840.1.114274.1818.511277654857117206017675060655874787977,10008204-OVd60EVwskWwzMYESLTzA,10008204-OVd60EVwskWwzMYESLTzA,No,Male,78.0,White,False,False,0,0,0,0,0,0,0,,,,,1,0
ct_series_file,889eeac8-346a-45f9-a84c-b9d2963aea61,Open-A1,2.16.840.1.114274.1818.50626168634362669564148518157330191013,CT,DCM,DICOM,2.16.840.1.114274.1818.557725228889553000617698882663788471198/2.16.840.1.114274.1818.50626168634362669564148518157330191013.zip,344254,4298a4a763014e6ecfbd38a75d0bb3d0,,10003752-BmWOn1OkTUGZp1eWEcMRQ,,,,,,,,,Philips,Brilliance 64,CT,2.0,dg.MD1R/54082cb0-9c43-4a80-b148-e26213825891,,,SCOUT,2.16.840.1.114274.1818.50626168634362669564148518157330191013,,,da2db6a3-93f5-4066-90b2-f8dd8afadd2c,ACR_20211115,baed2a6e-d040-4e67-b901-5b54fc342954,2.16.840.1.114274.1818.557725228889553000617698882663788471198,10003752-BmWOn1OkTUGZp1eWEcMRQ,10003752-BmWOn1OkTUGZp1eWEcMRQ,No,Female,68.0,Black or African American,,,0,0,0,0,0,0,0,,,,,1,0
