object_id,submitter_id,modality,case_ids_clean,covid19_positive,sex,age_at_index,race,icu_indicator,ventilator_indicator,covid,bacterial_pneumonia,viral_pneumonia,lung_abscess,emphysema_copd,ild_fibrosis,pleural_effusion,pneumothorax,atelectasis,pulm_embolism,ards,lung_malignancy,meta_heart_failure,meta_pulm_htn,meta_cardiomegaly,meta_pulm_edema,meta_arrhythmia,meta_cad,meta_valvular,meta_hypertension,meta_diabetes,meta_renal,meta_aortic_disease,meta_autoimmune,meta_transplant,meta_tb_ntm,meta_bronchiectasis,normal,preprocessed_path
dg.MD1R/803ca270-6fab-4e93-807f-ba4b785d8b94,10041569-iCsmIr47DkuXT12Pp2bI6Q,CT,,Yes,Female,42.0,White,False,False,1,0,0,0,0,0,0,0,0,0,0,0,0,0,0,0,0,0,0,0,0,0,0,0,0,0,0,0,data/preprocessed/ct/803ca270-6fab-4e93-807f-ba4b785d8b94.nii.gz
dg.MD1R/d0a226e1-fdbc-4116-b78a-d3b5866c46d2,10000364-1757248,CT,,Yes,Female,43.0,Not Reported,True,True,1,0,0,0,0,0,0,0,0,0,0,0,0,0,0,0,0,0,0,0,0,0,0,0,0,0,0,0,data/preprocessed/ct/d0a226e1-fdbc-4116-b78a-d3b5866c46d2.nii.gz
dg.MD1R/0bd2e367-4096-4abf-8e1c-96893d6ba915,10022779-N5tDk3pU0KrSTv95rGVJw,CT,10022779-N5tDk3pU0KrSTv95rGVJw,Yes,Male,66.0,Black or African American,,,1,0,0,0,0,0,0,0,0,0,0,0,0,0,0,0,0,0,0,0,0,0,0,0,0,0,0,0,data/preprocessed/ct/0bd2e367-4096-4abf-8e1c-96893d6ba915.nii.gz
dg.MD1R/5e57bb90-13ec-4423-9757-b2fc175d67dd,10000364-2421812,CT,10000364-2421812,Yes,Female,71.0,White,,,1,0,0,0,0,0,0,0,0,0,0,0,0,0,0,0,0,0,0,0,0,0,0,0,0,0,0,0,data/preprocessed/ct/5e57bb90-13ec-4423-9757-b2fc175d67dd.nii.gz
dg.MD1R/f0ee3597-fb47-456e-84a3-bd27b8a3656d,10000364-1318352,CT,10000364-1318352,Yes,Male,54.0,Black or African American,False,False,1,0,0,0,0,0,0,0,0,0,0,0,0,0,0,0,0,0,0,0,0,0,0,0,0,0,0,0,data/preprocessed/ct/f0ee3597-fb47-456e-84a3-bd27b8a3656d.nii.gz
dg.MD1R/d3d45b9d-2936-4967-9d29-7475b2d68385,10003752-M6rCSZ1BPE69B3n6JBCuGg,CT,10003752-M6rCSZ1BPE69B3n6JBCuGg,Yes,Male,11.0,Black or African American,,,1,0,0,0,0,0,0,0,0,0,0,0,0,0,0,0,0,0,0,0,0,0,0,0,0,0,0,0,data/preprocessed/ct/d3d45b9d-2936-4967-9d29-7475b2d68385.nii.gz
dg.MD1R/e73d32df-081c-4f56-9d01-116bd721177f,10000364-861160,CT,10000364-861160,Yes,Female,,White,,,1,0,0,0,0,0,0,0,0,0,0,0,0,0,0,0,0,0,0,0,0,0,0,0,0,0,0,0,data/preprocessed/ct/e73d32df-081c-4f56-9d01-116bd721177f.nii.gz
dg.MD1R/38027ade-c610-4fa9-862e-2a990414a09c,10003752-DOfi7nhGSUiRzjfKvrlwpg,CT,10003752-DOfi7nhGSUiRzjfKvrlwpg,Yes,Female,75.0,Black or African American,,,1,0,0,0,0,0,0,0,0,0,0,0,0,0,0,0,0,0,0,0,0,0,0,0,0,0,0,0,data/preprocessed/ct/38027ade-c610-4fa9-862e-2a990414a09c.nii.gz
dg.MD1R/ef91320a-8cde-4c1c-970f-77212d21980e,10000364-1519497,CT,10000364-1519497,Yes,Male,74.0,Black or African American,,,1,0,0,0,0,0,0,0,0,0,0,0,0,0,0,0,0,0,0,0,0,0,0,0,0,0,0,0,data/preprocessed/ct/ef91320a-8cde-4c1c-970f-77212d21980e.nii.gz
dg.MD1R/148d4b0a-edf2-45f0-8b71-ef95ab0da303,10041569-rdL12m75aU6AT4OZNtG2Aw,CT,10041569-rdL12m75aU6AT4OZNtG2Aw,Yes,Male,51.0,Black or African American,False,True,1,1,1,0,0,1,1,0,1,1,1,0,1,0,1,1,1,1,1,1,1,1,0,0,0,0,1,0,data/preprocessed/ct/148d4b0a-edf2-45f0-8b71-ef95ab0da303.nii.gz
dg.MD1R/0ddc4cf1-bc34-4480-a880-0dd4c8e53acc,10000364-1166858,CT,10000364-1166858,Yes,Female,64.0,White,True,True,1,0,0,0,0,0,0,0,0,0,0,0,0,0,0,0,0,0,0,0,0,0,0,0,0,0,0,0,data/preprocessed/ct/0ddc4cf1-bc34-4480-a880-0dd4c8e53acc.nii.gz
dg.MD1R/e3f56d12-107f-4357-b1d2-8906159b8904,10000364-1714558,CT,,Yes,Female,50.0,White,False,False,1,0,0,0,0,0,0,0,0,0,0,0,0,0,0,0,0,0,0,0,0,0,0,0,0,0,0,0,data/preprocessed/ct/e3f56d12-107f-4357-b1d2-8906159b8904.nii.gz
dg.MD1R/20e5613e-9418-46de-959e-beb5b78e0ff5,10000364-1312167,CT,,Yes,Male,67.0,White,False,False,1,0,0,0,0,0,0,0,0,0,0,0,0,0,0,0,0,0,0,0,0,0,0,0,0,0,0,0,data/preprocessed/ct/20e5613e-9418-46de-959e-beb5b78e0ff5.nii.gz
dg.MD1R/8b2bf58f-90f3-449b-ae0d-9bf083fcbc18,10041569-5Fv9UwnuUiNYZzMtPzPQ,CT,,Yes,Female,73.0,White,False,True,1,0,0,0,0,0,0,0,0,0,0,0,0,0,0,0,0,0,0,0,0,0,0,0,0,0,0,0,data/preprocessed/ct/8b2bf58f-90f3-449b-ae0d-9bf083fcbc18.nii.gz
dg.MD1R/d8c36d13-eabc-46b2-af40-34178f6c371c,10000364-1394499,CT,10000364-1394499,Yes,Male,79.0,Black or African American,True,True,1,0,0,0,0,0,0,0,0,0,1,0,0,0,0,0,0,0,0,0,0,0,0,0,0,0,0,0,data/preprocessed/ct/d8c36d13-eabc-46b2-af40-34178f6c371c.nii.gz
dg.MD1R/9173843c-ab03-4af6-9016-4cf9034269e9,10000364-2372732,CT,10000364-2372732,Yes,Female,25.0,White,True,False,1,0,0,0,0,0,0,0,0,0,0,0,0,0,0,0,0,0,0,0,0,0,0,0,0,0,0,0,data/preprocessed/ct/9173843c-ab03-4af6-9016-4cf9034269e9.nii.gz
dg.MD1R/3c28372a-f650-4577-b2d7-9325cc78e496,10000364-479823,CT,10000364-479823,Yes,Male,46.0,White,True,False,1,0,0,0,0,0,0,0,0,0,0,0,0,0,0,0,0,0,0,0,0,0,0,0,0,0,0,0,data/preprocessed/ct/3c28372a-f650-4577-b2d7-9325cc78e496.nii.gz
dg.MD1R/67a87537-3be9-4c26-814e-390ecbf8c917,10000364-1519515,CT,10000364-1519515,Yes,Male,62.0,Black or African American,True,True,1,0,0,0,0,0,0,0,0,0,0,0,0,0,0,0,0,0,0,0,0,0,0,0,0,0,0,0,data/preprocessed/ct/67a87537-3be9-4c26-814e-390ecbf8c917.nii.gz
dg.MD1R/57c9fcce-2445-4a11-9c56-6d20bd9f976c,10041569-sIJTlQNqE6FdcDvltzYeQ,CT,,Yes,Female,70.0,White,False,False,1,0,0,0,0,0,0,0,0,0,0,0,0,0,0,0,0,0,0,0,0,0,0,0,0,0,0,0,data/preprocessed/ct/57c9fcce-2445-4a11-9c56-6d20bd9f976c.nii.gz
dg.MD1R/4b42aad2-8721-4b84-b2f1-2fb565a599fd,10000364-1247731,CT,10000364-1247731,Yes,Female,57.0,White,False,False,1,0,0,0,0,0,0,0,0,0,0,0,0,0,0,0,0,0,0,0,0,0,0,0,0,0,0,0,data/preprocessed/ct/4b42aad2-8721-4b84-b2f1-2fb565a599fd.nii.gz
dg.MD1R/1154074a-cc39-47d9-981f-a9d635cb0b86,10003752-HFtqtoJMskOSUp8rz1sbBw,CT,10003752-HFtqtoJMskOSUp8rz1sbBw,Yes,Male,73.0,Black or African American,,,1,0,0,0,0,0,0,0,0,0,0,0,0,0,0,0,0,0,0,0,0,0,0,0,0,0,0,0,data/preprocessed/ct/1154074a-cc39-47d9-981f-a9d635cb0b86.nii.gz
dg.MD1R/207c7ae7-4ab8-4f12-aeb2-822e0dcc7055,10000364-2373459,CT,10000364-2373459,Yes,Male,52.0,White,,,1,0,0,0,0,0,0,0,0,0,0,0,0,0,0,0,0,0,0,0,0,0,0,0,0,0,0,0,data/preprocessed/ct/207c7ae7-4ab8-4f12-aeb2-822e0dcc7055.nii.gz
dg.MD1R/9e3f25e5-4fe8-4523-b9c4-b65cdfb4f401,10041569-iCsmIr47DkuXT12Pp2bI6Q,CT,,Yes,Female,42.0,White,False,False,1,0,0,0,0,0,0,0,0,0,0,0,0,0,0,0,0,0,0,0,0,0,0,0,0,0,0,0,data/preprocessed/ct/9e3f25e5-4fe8-4523-b9c4-b65cdfb4f401.nii.gz
dg.MD1R/41445e39-225d-4207-9234-1c1b38c325d7,10000364-1235791,CT,10000364-1235791,Yes,Male,88.0,White,,,1,0,0,0,0,0,0,0,0,0,0,0,0,0,0,0,0,0,0,0,0,0,0,0,0,0,0,0,data/preprocessed/ct/41445e39-225d-4207-9234-1c1b38c325d7.nii.gz
dg.MD1R/7b59c6d3-20a9-476e-8767-900c4adfd535,10003752-QS3K5sgtcUmS1tBz4knRg,CT,10003752-QS3K5sgtcUmS1tBz4knRg,Yes,Male,89.0,Black or African American,,,1,0,0,0,0,0,0,0,0,0,0,0,0,0,0,0,0,0,0,0,0,0,0,0,0,0,0,0,data/preprocessed/ct/7b59c6d3-20a9-476e-8767-900c4adfd535.nii.gz
dg.MD1R/d20b25cb-01b4-4694-a4ec-694ea2f47d47,10000364-5911216,CT,10000364-5911216,Yes,Male,73.0,White,True,True,1,0,0,0,0,0,0,0,0,0,0,0,0,0,0,0,0,0,0,0,0,0,0,0,0,0,0,0,data/preprocessed/ct/d20b25cb-01b4-4694-a4ec-694ea2f47d47.nii.gz
dg.MD1R/aad3ad9d-170a-4eb3-86c1-285634660995,10000364-5874723,CT,10000364-5874723,Yes,Male,71.0,White,False,False,1,0,0,0,0,0,0,0,0,0,0,0,0,0,0,0,0,0,0,0,0,0,0,0,0,0,0,0,data/preprocessed/ct/aad3ad9d-170a-4eb3-86c1-285634660995.nii.gz
dg.MD1R/fd4492b6-cd9f-437a-9efe-971c061ba609,10000364-1966488,CT,,Yes,Female,78.0,Black or African American,False,False,1,0,0,0,0,0,0,0,0,0,0,0,0,0,0,0,0,0,0,0,0,0,0,0,0,0,0,0,data/preprocessed/ct/fd4492b6-cd9f-437a-9efe-971c061ba609.nii.gz
dg.MD1R/b32b95d3-369d-4aad-a45a-dc5177b5e25d,10000364-6490864,CT,10000364-6490864,Yes,Male,82.0,White,,,1,0,0,0,0,0,0,0,0,0,0,0,0,0,0,0,0,0,0,0,0,0,0,0,0,0,0,0,data/preprocessed/ct/b32b95d3-369d-4aad-a45a-dc5177b5e25d.nii.gz
dg.MD1R/ece268fa-363e-4dcf-a313-9650a4af207e,10041569-SytwUN6koU6LLR3RcLHkA,CT,10041569-SytwUN6koU6LLR3RcLHkA,Yes,Female,62.0,Black or African American,False,False,1,1,0,0,0,0,1,0,1,0,1,0,1,0,1,1,1,1,1,1,1,1,0,0,0,0,0,0,data/preprocessed/ct/ece268fa-363e-4dcf-a313-9650a4af207e.nii.gz
dg.MD1R/8fcb5d9b-c777-400e-8358-113c7be235c8,10000364-1260382,CT,10000364-1260382,Yes,Female,80.0,White,True,True,1,0,1,0,1,0,0,0,0,0,0,0,0,0,0,0,1,0,0,0,1,0,0,0,0,0,1,0,data/preprocessed/ct/8fcb5d9b-c777-400e-8358-113c7be235c8.nii.gz
dg.MD1R/ce622e5f-c661-498e-b94b-fa569556b021,10000364-973671,CT,10000364-973671,Yes,Male,74.0,Asian,True,True,1,0,0,0,1,0,0,0,0,0,0,0,0,0,1,0,0,0,0,0,1,0,0,0,0,0,0,0,data/preprocessed/ct/ce622e5f-c661-498e-b94b-fa569556b021.nii.gz
dg.MD1R/63e367b1-8317-4d72-b438-936612cf821b,10000364-985274,CT,10000364-985274,Yes,Female,75.0,White,,,1,0,0,0,0,0,0,0,0,0,0,0,0,0,0,0,0,0,0,0,0,0,0,0,0,0,0,0,data/preprocessed/ct/63e367b1-8317-4d72-b438-936612cf821b.nii.gz
dg.MD1R/6fb8d141-d36d-431b-a186-4ab957f6364f,10000364-1101520,CT,10000364-1101520,Yes,Female,55.0,White,,,1,0,0,0,0,0,0,0,0,0,0,0,0,0,0,0,0,0,0,0,0,0,0,0,0,0,0,0,data/preprocessed/ct/6fb8d141-d36d-431b-a186-4ab957f6364f.nii.gz
dg.MD1R/a654bf00-14e6-4718-bc6d-851359f2bdf0,10000364-5842646,CT,10000364-5842646,Yes,Male,52.0,White,True,True,1,0,0,0,0,0,0,0,0,0,0,0,0,0,0,0,0,0,0,0,0,0,0,0,0,0,0,0,data/preprocessed/ct/a654bf00-14e6-4718-bc6d-851359f2bdf0.nii.gz
dg.MD1R/dcc639d0-bce9-4007-b1c6-19f33f2e536f,10000364-1725793,CT,10000364-1725793,Yes,Female,65.0,White,,,1,0,0,0,0,0,0,0,0,0,0,0,0,0,0,0,0,0,0,0,0,0,0,0,0,0,0,0,data/preprocessed/ct/dcc639d0-bce9-4007-b1c6-19f33f2e536f.nii.gz
dg.MD1R/101f7a95-d1ca-4871-b8c3-52e7c2cdcd23,10000364-6602834,CT,10000364-6602834,Yes,Male,87.0,White,False,False,1,0,0,0,0,0,0,0,0,0,0,0,0,0,0,0,0,0,0,0,0,0,0,0,0,0,0,0,data/preprocessed/ct/101f7a95-d1ca-4871-b8c3-52e7c2cdcd23.nii.gz
dg.MD1R/25e44874-af0c-4e99-aa05-ccbe3233f0c4,10000364-1440810,CT,10000364-1440810,Yes,Female,49.0,Black or African American,,,1,0,0,0,0,0,0,0,0,0,0,0,0,0,0,0,0,0,0,0,0,0,0,0,0,0,0,0,data/preprocessed/ct/25e44874-af0c-4e99-aa05-ccbe3233f0c4.nii.gz
dg.MD1R/1b5dcd2d-f6ee-460e-a543-2c587e03fcd7,10000364-1979384,CT,10000364-1979384,Yes,Male,77.0,Black or African American,True,False,1,0,0,0,0,0,0,0,0,0,0,0,0,0,0,0,0,0,0,0,0,0,0,0,0,0,0,0,data/preprocessed/ct/1b5dcd2d-f6ee-460e-a543-2c587e03fcd7.nii.gz
dg.MD1R/51fde939-0f35-4a8f-b746-3b175ab3562e,10000364-1641006,CT,10000364-1641006,Yes,Female,29.0,White,,,1,0,0,0,0,0,0,0,0,0,0,0,0,0,0,0,0,0,0,0,0,0,0,0,0,0,0,0,data/preprocessed/ct/51fde939-0f35-4a8f-b746-3b175ab3562e.nii.gz
dg.MD1R/27b9d15c-d88e-451c-8d6d-518783bdb4b8,10003752-RS0mVmj3TUiVQY5BVbyOmg,CT,10003752-RS0mVmj3TUiVQY5BVbyOmg,Yes,Male,75.0,Black or African American,,,1,0,0,0,0,0,0,0,0,0,0,0,0,0,0,0,0,0,0,0,0,0,0,0,0,0,0,0,data/preprocessed/ct/27b9d15c-d88e-451c-8d6d-518783bdb4b8.nii.gz
dg.MD1R/3da3fc86-1a80-4a9e-bb74-efb92301d8d8,10000364-89609,CT,10000364-89609,Yes,Male,68.0,White,True,False,1,0,0,0,0,0,0,0,0,0,0,0,0,0,0,0,0,0,0,0,0,0,0,0,0,0,0,0,data/preprocessed/ct/3da3fc86-1a80-4a9e-bb74-efb92301d8d8.nii.gz
dg.MD1R/41beb9d1-8f52-4b38-a92c-9380daafa156,10000364-1518828,CT,10000364-1518828,Yes,Male,29.0,White,,,1,0,0,0,0,0,0,0,0,0,0,0,0,0,0,0,0,0,0,0,0,0,0,0,0,0,0,0,data/preprocessed/ct/41beb9d1-8f52-4b38-a92c-9380daafa156.nii.gz
dg.MD1R/8883272e-b1be-45ec-8eb0-767aca323f4b,10000364-5537807,CT,10000364-5537807,Yes,Male,72.0,White,True,True,1,0,0,0,0,0,0,0,0,0,0,0,0,0,0,0,0,0,0,0,0,0,0,0,0,0,0,0,data/preprocessed/ct/8883272e-b1be-45ec-8eb0-767aca323f4b.nii.gz
dg.MD1R/5caa04b0-f1ca-40f3-b563-468ba5755d96,10003752-Kg47seRI3EyOmG76t32GGQ,CT,10003752-Kg47seRI3EyOmG76t32GGQ,Yes,Female,39.0,Black or African American,,,1,0,0,0,0,0,0,0,0,0,0,0,0,0,0,0,0,0,0,0,0,0,0,0,0,0,0,0,data/preprocessed/ct/5caa04b0-f1ca-40f3-b563-468ba5755d96.nii.gz
dg.MD1R/5dcc3fd0-95df-4008-b106-88e1afedad5b,10000364-998727,CT,10000364-998727,Yes,Female,77.0,White,False,False,1,0,0,0,0,0,0,0,0,0,0,0,0,0,0,0,0,0,0,0,0,0,0,0,0,0,0,0,data/preprocessed/ct/5dcc3fd0-95df-4008-b106-88e1afedad5b.nii.gz
dg.MD1R/cc5003c1-6200-4ea8-bde9-bba8a1f13c77,10041569-g7BegS168EGCpgRylILjoA,CT,10041569-g7BegS168EGCpgRylILjoA,Yes,Female,63.0,White,False,True,1,1,1,0,0,1,1,0,1,1,1,0,1,1,0,1,1,1,1,1,1,0,0,1,0,0,0,0,data/preprocessed/ct/cc5003c1-6200-4ea8-bde9-bba8a1f13c77.nii.gz
dg.MD1R/6a4a23db-3555-4b3f-a08d-be070c5acaee,10000364-6557833,CT,10000364-6557833,Yes,Male,53.0,White,False,False,1,0,0,0,0,0,0,0,0,0,0,0,0,0,0,0,0,0,0,0,0,0,0,0,0,0,0,0,data/preprocessed/ct/6a4a23db-3555-4b3f-a08d-be070c5acaee.nii.gz
dg.MD1R/f6a16425-74d7-497a-bd61-f5107f9ffda6,10000364-1845404,CT,10000364-1845404,Yes,Female,65.0,White,,,1,0,0,0,0,0,0,0,0,0,0,0,0,0,0,0,0,0,0,0,0,0,0,0,0,0,0,0,data/preprocessed/ct/f6a16425-74d7-497a-bd61-f5107f9ffda6.nii.gz
dg.MD1R/c1513407-da41-415b-bfd4-a8443e38cbdb,10000364-1376305,CT,10000364-1376305,Yes,Female,89.0,White,True,True,1,0,0,0,0,0,0,0,0,0,0,0,0,0,0,0,0,0,0,0,0,0,0,0,0,0,0,0,data/preprocessed/ct/c1513407-da41-415b-bfd4-a8443e38cbdb.nii.gz
dg.MD1R/b394c986-a7f3-4a2f-9d74-83ffe48773dc,10008204-7ObDYiqWXEuN1LBYzyGwMg,CT,10008204-7ObDYiqWXEuN1LBYzyGwMg,Yes,Male,68.0,White,,,1,0,0,0,0,0,0,0,0,0,0,0,0,0,0,0,0,0,0,0,0,0,0,0,0,0,0,0,data/preprocessed/ct/b394c986-a7f3-4a2f-9d74-83ffe48773dc.nii.gz
dg.MD1R/e5a9defd-04e3-4bf4-8638-e534934ffc45,10003752-B69TEUkgDkqgf6e4soagAA,CT,10003752-B69TEUkgDkqgf6e4soagAA,Yes,Male,61.0,White,,,1,0,0,0,0,0,0,0,0,0,0,0,0,0,0,0,0,0,0,0,0,0,0,0,0,0,0,0,data/preprocessed/ct/e5a9defd-04e3-4bf4-8638-e534934ffc45.nii.gz
dg.MD1R/e6dbe3d2-90e7-42b0-8b35-d6781b473244,10003752-3A0TfMtRv0CCsKIkOqayAg,CT,10003752-3A0TfMtRv0CCsKIkOqayAg,Yes,Female,67.0,Black or African American,,,1,0,0,0,0,0,0,0,0,0,0,0,0,0,0,0,0,0,0,0,0,0,0,0,0,0,0,0,data/preprocessed/ct/e6dbe3d2-90e7-42b0-8b35-d6781b473244.nii.gz
dg.MD1R/5c1423b6-339d-4d85-a73f-67f7b552643c,10000364-5656954,CT,10000364-5656954,Yes,Male,61.0,White,,,1,0,0,0,0,0,0,0,0,0,0,0,0,0,0,0,0,0,0,0,0,0,0,0,0,0,0,0,data/preprocessed/ct/5c1423b6-339d-4d85-a73f-67f7b552643c.nii.gz
dg.MD1R/62878800-f0bc-47ae-b292-83bd0d39c972,10000364-1334990,CT,,Yes,Female,56.0,Black or African American,False,False,1,0,0,0,0,0,0,0,0,0,0,0,0,0,0,0,0,0,0,0,0,0,0,0,0,0,0,0,data/preprocessed/ct/62878800-f0bc-47ae-b292-83bd0d39c972.nii.gz
dg.MD1R/06cd55c3-dba2-4b4e-b965-8db7cf321c8c,10000364-6575132,CT,10000364-6575132,Yes,Female,71.0,White,False,False,1,0,0,0,0,0,0,0,0,0,0,0,0,0,0,0,0,0,0,0,0,0,0,0,0,0,0,0,data/preprocessed/ct/06cd55c3-dba2-4b4e-b965-8db7cf321c8c.nii.gz
dg.MD1R/ddb85293-f89e-408a-9455-b7fde31b6e99,10000364-1608765,CT,10000364-1608765,Yes,Male,66.0,Black or African American,True,True,1,0,0,0,0,0,0,0,0,0,0,0,0,0,0,0,0,0,0,0,0,0,0,0,0,0,0,0,data/preprocessed/ct/ddb85293-f89e-408a-9455-b7fde31b6e99.nii.gz
dg.MD1R/1c6be391-4d94-4bcf-931f-d5adcba7f7ec,10000364-6398605,CT,10000364-6398605,Yes,Female,57.0,Asian,True,True,1,0,0,0,0,0,0,0,0,0,0,0,0,0,0,0,1,0,0,1,0,1,0,0,0,0,0,0,data/preprocessed/ct/1c6be391-4d94-4bcf-931f-d5adcba7f7ec.nii.gz
dg.MD1R/4c43a955-5643-4e93-9d54-39068b8bfa7a,10000364-796304,CT,10000364-796304,Yes,Female,38.0,Black or African American,,,1,0,0,0,0,0,0,0,0,0,0,0,0,0,0,0,0,0,0,0,0,0,0,0,0,0,0,0,data/preprocessed/ct/4c43a955-5643-4e93-9d54-39068b8bfa7a.nii.gz
dg.MD1R/d60b0ea9-85f5-4e16-92bf-0761cee26f7b,10003752-Kg47seRI3EyOmG76t32GGQ,CT,10003752-Kg47seRI3EyOmG76t32GGQ,Yes,Female,39.0,Black or African American,,,1,0,0,0,0,0,0,0,0,0,0,0,0,0,0,0,0,0,0,0,0,0,0,0,0,0,0,0,data/preprocessed/ct/d60b0ea9-85f5-4e16-92bf-0761cee26f7b.nii.gz
dg.MD1R/94d25108-b2fd-461b-a3b9-47365fd02abf,10000364-1531105,CT,10000364-1531105,Yes,Female,36.0,White,False,False,1,0,0,0,0,0,0,0,0,0,0,0,0,0,0,0,0,0,0,0,0,0,0,0,0,0,0,0,data/preprocessed/ct/94d25108-b2fd-461b-a3b9-47365fd02abf.nii.gz
dg.MD1R/6cc7c675-8a8b-4e2f-b09c-cedf2cf0e4cf,10000364-1743558,CT,10000364-1743558,Yes,Male,69.0,White,True,False,1,0,0,0,0,0,0,0,0,0,0,0,0,0,0,0,0,0,0,0,0,0,0,0,0,0,0,0,
dg.MD1R/553dc6af-f98d-49f6-b4ea-3998a592158b,10041569-5Fv9UwnuUiNYZzMtPzPQ,CT,,Yes,Female,73.0,White,False,True,1,0,0,0,0,0,0,0,0,0,0,0,0,0,0,0,0,0,0,0,0,0,0,0,0,0,0,0,data/preprocessed/ct/553dc6af-f98d-49f6-b4ea-3998a592158b.nii.gz
dg.MD1R/6bcc024a-2a96-4714-87f7-5f1ef06c53d2,10003752-HtSGClp9Y0C6XNccqcMJAw,CT,10003752-HtSGClp9Y0C6XNccqcMJAw,Yes,Female,33.0,White,,,1,0,0,0,0,0,0,0,0,0,0,0,0,0,0,0,0,0,0,0,0,0,0,0,0,0,0,0,data/preprocessed/ct/6bcc024a-2a96-4714-87f7-5f1ef06c53d2.nii.gz
dg.MD1R/06d4f0d3-5d1f-4d34-a6ad-a79968629887,10000364-1490588,CT,10000364-1490588,Yes,Male,84.0,White,True,False,1,0,0,0,0,0,0,0,0,0,0,0,0,0,0,0,0,0,0,0,0,0,0,0,0,0,0,0,
dg.MD1R/c0f10508-7da4-4f41-a737-806798870881,10041569-5Fv9UwnuUiNYZzMtPzPQ,CT,,Yes,Female,73.0,White,False,True,1,0,0,0,0,0,0,0,0,0,0,0,0,0,0,0,0,0,0,0,0,0,0,0,0,0,0,0,data/preprocessed/ct/c0f10508-7da4-4f41-a737-806798870881.nii.gz
dg.MD1R/a681155f-dd80-43a6-8342-12eaa0d37b84,10041569-5Fv9UwnuUiNYZzMtPzPQ,CT,,Yes,Female,73.0,White,False,True,1,0,0,0,0,0,0,0,0,0,0,0,0,0,0,0,0,0,0,0,0,0,0,0,0,0,0,0,data/preprocessed/ct/a681155f-dd80-43a6-8342-12eaa0d37b84.nii.gz
dg.MD1R/8d3ae13b-2296-4f53-a870-cbae38619a61,10000364-1603150,CT,10000364-1603150,Yes,Male,53.0,White,,,1,0,0,0,0,0,0,0,0,0,0,0,0,0,0,0,0,0,0,0,0,0,0,0,0,0,0,0,
dg.MD1R/a2747501-6912-4646-a364-c8126addd8f3,10000364-1368156,CT,10000364-1368156,Yes,Male,,White,False,False,1,0,0,0,0,0,0,0,0,0,0,0,0,0,0,0,0,0,0,0,0,0,0,0,0,0,0,0,
dg.MD1R/c669a81e-3e85-4899-8f98-79747698aa5e,10000364-737905,CT,10000364-737905,Yes,Male,62.0,Black or African American,,,1,0,0,0,0,0,0,0,0,0,0,0,0,0,0,0,0,0,0,0,0,0,0,0,0,0,0,0,
dg.MD1R/b0c4dc1c-4f77-4068-9b57-8648934560d5,10000364-1916339,CT,10000364-1916339,Yes,Female,43.0,Black or African American,False,False,1,0,0,0,0,0,0,0,0,0,0,0,0,0,0,0,0,0,0,0,0,0,0,0,0,0,0,0,
dg.MD1R/ceb252e7-f219-475f-a707-41e38d0c2030,10000364-796384,CT,10000364-796384,Yes,Male,62.0,Black or African American,,,1,0,0,0,0,0,0,0,0,0,0,0,0,0,0,0,0,0,0,0,0,0,0,0,0,0,0,0,
dg.MD1R/c094479f-9f2f-4329-be5b-d6b6ca310ba7,10000364-81029,CT,10000364-81029,Yes,Female,84.0,White,True,True,1,0,0,0,0,0,0,0,0,0,0,0,0,0,0,0,0,0,0,0,0,0,0,0,0,0,0,0,
dg.MD1R/3df1b0eb-8337-4660-9e87-6c7cc426e1c3,10000364-1050195,CT,10000364-1050195,Yes,Male,55.0,White,True,False,1,0,0,0,0,0,0,0,0,0,0,0,0,0,0,0,0,0,0,0,0,0,0,0,0,0,0,0,
dg.MD1R/1bd6862d-2d81-4ac0-ba7f-a2d28bbb4dba,10000364-1798403,CT,10000364-1798403,Yes,Female,47.0,Black or African American,,,1,0,0,0,0,0,0,0,0,0,0,0,0,0,0,0,0,0,0,0,0,0,0,0,0,0,0,0,
dg.MD1R/fb0795bf-bbf2-476c-828d-798c1619a2b1,10000364-6545836,CT,10000364-6545836,Yes,Male,56.0,White,True,False,1,0,0,0,0,0,0,0,0,0,0,0,0,0,0,0,0,0,0,0,0,0,0,0,0,0,0,0,
dg.MD1R/c482a9f2-cba8-4cca-8421-0ee50e312452,10000364-1714989,CT,10000364-1714989,Yes,Female,56.0,White,,,1,0,0,0,0,0,0,0,0,0,0,0,0,0,0,0,0,0,0,0,0,0,0,0,0,0,0,0,
dg.MD1R/3c957432-6145-499e-ab6c-42d56ea99fe5,10000364-607557,CT,10000364-607557,Yes,Male,73.0,White,True,True,1,0,0,0,0,0,0,0,0,0,0,0,0,0,0,0,0,0,0,0,0,0,0,0,0,0,0,0,
dg.MD1R/20b3b663-82e2-46ed-8d34-ca10ebdd5fe9,10000364-369892,CT,10000364-369892,Yes,Male,64.0,White,True,True,1,0,0,0,0,0,0,0,0,0,0,0,0,0,0,0,0,0,0,0,0,0,0,0,0,0,0,0,
dg.MD1R/60d8ff5e-0b22-4678-ae38-8ccc59c0284e,10000364-1465830,CT,10000364-1465830,Yes,Male,62.0,Black or African American,True,True,1,0,0,0,0,0,0,0,0,0,0,0,0,0,0,0,0,0,0,0,0,0,0,0,0,0,0,0,
dg.MD1R/6d5461a6-9b92-42e2-b9cc-8d9db3f5971e,10000364-5584550,CT,10000364-5584550,Yes,Male,85.0,White,False,False,1,0,0,0,0,0,0,0,0,0,0,0,0,0,0,0,0,0,0,0,0,0,0,0,0,0,0,0,
dg.MD1R/6ce1a9f3-70cf-4775-bc14-a0e3d1c0f2a7,10000364-2714054,CT,10000364-2714054,Yes,Female,58.0,White,False,False,1,0,0,0,0,0,0,0,0,0,0,0,0,0,0,0,0,0,0,0,0,0,0,0,0,0,0,0,
dg.MD1R/17349f12-4c25-4748-a92a-77cd32b13edd,10000364-5788541,CT,10000364-5788541,Yes,Male,55.0,White,False,False,1,0,0,0,0,0,0,0,0,0,0,0,0,0,0,0,0,0,0,0,0,0,0,0,0,0,0,0,
dg.MD1R/1eddd124-4d8c-4e08-875f-c7f5635dd042,10000364-1002845,CT,,Yes,Female,80.0,White,True,True,1,0,0,0,0,0,0,0,0,0,0,0,0,0,0,0,0,0,0,0,0,0,0,0,0,0,0,0,
dg.MD1R/04025312-3633-4484-89b0-2ad87bfeb9ff,10000364-1048138,CT,10000364-1048138,Yes,Female,62.0,White,,,1,0,0,0,0,0,0,0,0,0,0,0,0,0,0,0,0,0,0,0,0,0,0,0,0,0,0,0,
dg.MD1R/1f2bb55a-2993-49a5-886e-4c66e667bbeb,10003752-51S1voqe2UqgRfAdngn5kw,CT,10003752-51S1voqe2UqgRfAdngn5kw,Yes,Female,81.0,Black or African American,,,1,0,0,0,0,0,0,0,0,0,0,0,0,0,0,0,0,0,0,0,0,0,0,0,0,0,0,0,
dg.MD1R/5c032efc-f8a3-486f-b6c0-0061fc70bd91,10000364-1488026,CT,10000364-1488026,Yes,Female,50.0,White,,,1,0,0,0,0,0,0,0,0,0,0,0,0,0,0,0,0,0,0,0,0,0,0,0,0,0,0,0,
dg.MD1R/642926e5-4744-4f41-8e78-25c330370703,10000364-1386329,CT,10000364-1386329,Yes,Male,59.0,Black or African American,True,False,1,0,0,0,0,0,0,0,0,0,0,0,0,0,0,0,0,0,0,0,0,0,0,0,0,0,0,0,
dg.MD1R/3d9bcbe2-380a-4886-aef0-b8f307a7b71b,10000364-5324696,CT,10000364-5324696,Yes,Male,58.0,White,True,False,1,0,0,0,0,0,0,0,1,0,0,0,1,0,1,0,0,1,1,1,0,0,0,0,0,0,0,0,
dg.MD1R/cb6fc4da-3966-464a-afef-90123f9448b5,10000364-1585483,CT,10000364-1585483,Yes,Male,49.0,White,False,True,1,0,0,0,0,0,0,0,0,0,0,0,0,0,0,0,0,0,0,0,0,0,0,0,0,0,0,0,
dg.MD1R/daeb6ecc-ff66-44e1-af2f-dd6621315bf3,10000364-1800994,CT,10000364-1800994,Yes,Male,59.0,Not Reported,,,1,0,0,0,0,0,0,0,0,0,0,0,0,0,0,0,0,0,0,0,0,0,0,0,0,0,0,0,
dg.MD1R/b9d1286f-2245-40ec-ab3f-aceafd1e1b0a,10000364-1782813,CT,10000364-1782813,Yes,Female,57.0,White,True,True,1,0,0,0,0,0,0,0,0,0,0,0,0,0,0,0,0,0,0,0,0,0,0,0,0,0,0,0,
dg.MD1R/768aef5b-12c6-4d65-92f4-e48fa4ad1396,10000364-1926362,CT,10000364-1926362,Yes,Male,81.0,White,True,True,1,0,0,0,0,0,0,0,0,0,0,0,0,0,0,0,0,0,0,0,0,0,0,0,0,0,0,0,
dg.MD1R/fb0580fd-9788-436e-883a-cc120fc13f70,10003752-wFvQEYq9aUu1Mz8UzYkMHg,CT,10003752-wFvQEYq9aUu1Mz8UzYkMHg,Yes,Female,60.0,Black or African American,,,1,0,0,0,0,0,0,0,0,0,0,0,0,0,0,0,0,0,0,0,0,0,0,0,0,0,0,0,
dg.MD1R/ff9345ef-671b-4e7f-9123-9b94459ccc74,10003752-Fj0fSi6baUnRY3HeNjFag,CT,10003752-Fj0fSi6baUnRY3HeNjFag,Yes,Male,67.0,Black or African American,,,1,0,0,0,0,0,0,0,0,0,0,0,0,0,0,0,0,0,0,0,0,0,0,0,0,0,0,0,
dg.MD1R/e73b3488-4420-4223-becd-7ab01ec77ef4,10000364-1771656,CT,10000364-1771656,Yes,Male,61.0,White,,,1,0,0,0,0,0,0,0,0,0,0,0,0,0,0,0,0,0,0,0,0,0,0,0,0,0,0,0,
dg.MD1R/be7e829e-5862-4c9d-94d0-f4fd556f8d43,10000364-1979384,CT,10000364-1979384,Yes,Male,77.0,Black or African American,True,False,1,0,0,0,0,0,0,0,0,0,0,0,0,0,0,0,0,0,0,0,0,0,0,0,0,0,0,0,data/preprocessed/ct/be7e829e-5862-4c9d-94d0-f4fd556f8d43.nii.gz
dg.MD1R/29a8242e-b9ea-41f7-844c-598d69671cb5,10000364-1593279,CT,10000364-1593279,Yes,Female,78.0,White,,,1,0,0,0,0,0,0,0,0,0,0,0,0,0,0,0,0,0,0,0,0,0,0,0,0,0,0,0,
dg.MD1R/e06b767f-6cb6-417d-a729-79f69d31423f,10008204-hnHCMz6Ci0CRRaJBA1fMFA,CT,10008204-hnHCMz6Ci0CRRaJBA1fMFA,Yes,Female,70.0,White,False,False,1,0,0,0,0,0,0,0,0,0,0,0,0,0,0,0,0,0,0,0,0,0,0,0,0,0,0,0,
dg.MD1R/df1adb44-4da8-41ba-ad48-0ab6165759a0,10000364-1710349,CT,10000364-1710349,Yes,Female,65.0,White,,,1,0,0,0,0,0,0,0,0,0,0,0,0,0,0,0,0,0,0,0,0,0,0,0,0,0,0,0,
dg.MD1R/e73415c9-1cfc-4382-96b8-43f489fa0d62,10000364-1718540,CT,10000364-1718540,Yes,Female,28.0,Black or African American,False,False,1,0,0,0,0,0,0,0,0,0,0,0,0,0,0,0,0,0,0,0,0,0,0,0,0,0,0,0,
dg.MD1R/b06f8c80-3c41-4ba8-9288-238e1125b8a7,10000364-786734,CT,,Yes,Female,65.0,Black or African American,True,True,1,0,0,0,0,0,0,0,0,0,0,0,0,0,0,0,0,0,0,0,0,0,0,0,0,0,0,0,
dg.MD1R/caa78322-8aa3-4722-9c14-43427da0569f,10000364-959462,CT,10000364-959462,Yes,Male,46.0,Black or African American,False,False,1,0,0,0,0,0,0,0,0,0,0,0,0,0,0,0,0,0,0,0,0,0,0,0,0,0,0,0,
dg.MD1R/cfd53040-e2fa-4cf6-b153-b6e2a02d1d5e,10000364-2684926,CT,10000364-2684926,Yes,Male,60.0,White,False,False,1,0,0,0,0,0,0,0,0,0,0,0,0,0,0,0,0,0,0,0,0,0,0,0,0,0,0,0,
dg.MD1R/ffd0ff21-babe-4ba8-bd8d-bddf1f6a47ce,10000364-1255845,CT,10000364-1255845,Yes,Male,55.0,White,,,1,0,0,0,0,0,0,0,0,0,0,0,0,0,0,0,0,0,0,0,0,0,0,0,0,0,0,0,
dg.MD1R/b033c049-9d36-409a-8371-223e8102f5a3,10000364-5418159,CT,,Yes,Female,51.0,White,True,False,1,0,0,0,0,0,0,0,0,0,0,0,0,0,0,0,0,0,0,0,0,0,0,0,0,0,0,0,
dg.MD1R/1d87151e-8fb7-4c8b-9d68-bde6e347bdc6,10000364-505319,CT,10000364-505319,Yes,Male,70.0,White,,,1,0,0,0,0,0,0,0,0,0,0,0,0,0,0,0,0,0,0,0,0,0,0,0,0,0,0,0,
dg.MD1R/e422d210-ac4f-4f80-9673-69fc3b9ce5ac,10000364-1609292,CT,10000364-1609292,Yes,Male,30.0,Not Reported,,,1,0,0,0,0,0,0,0,0,0,0,0,0,0,0,0,0,0,0,0,0,0,0,0,0,0,0,0,
dg.MD1R/522a7f04-83e9-4cc5-b9fc-b73475855d71,10003752-T36BHnWyIU23pTaF67QTBQ,CT,10003752-T36BHnWyIU23pTaF67QTBQ,Yes,Male,78.0,Not Reported,,,1,0,0,0,0,0,0,0,0,0,0,0,0,0,0,0,0,0,0,0,0,0,0,0,0,0,0,0,
dg.MD1R/1b24bedd-8e61-49e1-b43f-5469ba050d1e,10041569-bFF4J5AcxkSvU0ZBXOHAQ,CT,,Yes,Female,64.0,White,False,True,1,0,0,0,0,0,0,0,0,0,0,0,0,0,0,0,0,0,0,0,0,0,0,0,0,0,0,0,
dg.MD1R/1d24b089-c1d2-4a50-a455-a3591bee7185,10000364-2373459,CT,10000364-2373459,Yes,Male,52.0,White,,,1,0,0,0,0,0,0,0,0,0,0,0,0,0,0,0,0,0,0,0,0,0,0,0,0,0,0,0,data/preprocessed/ct/1d24b089-c1d2-4a50-a455-a3591bee7185.nii.gz
dg.MD1R/66df6a32-6b2d-48de-abce-a4326845c5de,10000364-1256461,CT,10000364-1256461,Yes,Female,86.0,White,False,False,1,1,0,0,0,0,0,0,0,0,0,0,0,0,0,0,1,0,0,0,1,0,0,0,0,0,0,0,
dg.MD1R/364e7701-0b2a-4ef0-8e23-32f3b3c76a4f,10000364-2700905,CT,10000364-2700905,Yes,Male,36.0,White,,,1,0,0,0,0,0,0,0,0,0,0,0,0,0,0,0,0,0,0,0,0,0,0,0,0,0,0,0,
dg.MD1R/2029dde4-91e7-41f6-b9d9-67a49a0c669f,10000364-1732728,CT,10000364-1732728,Yes,Male,42.0,White,,,1,0,0,0,0,0,0,0,0,0,0,0,0,0,0,0,0,0,0,0,0,0,0,0,0,0,0,0,
dg.MD1R/69c95627-c09f-4741-a394-234eb5f875e0,10003752-vEyB7rRri0q3m2DTKNpcg,CT,10003752-vEyB7rRri0q3m2DTKNpcg,Yes,Female,54.0,Black or African American,,,1,0,0,0,0,0,0,0,0,0,0,0,0,0,0,0,0,0,0,0,0,0,0,0,0,0,0,0,
dg.MD1R/f2da21ea-5893-4dde-95ad-513f106e3121,10000364-5911216,CT,10000364-5911216,Yes,Male,73.0,White,True,True,1,0,0,0,0,0,0,0,0,0,0,0,0,0,0,0,0,0,0,0,0,0,0,0,0,0,0,0,data/preprocessed/ct/f2da21ea-5893-4dde-95ad-513f106e3121.nii.gz
dg.MD1R/9e0f6c58-b9d5-4351-8579-35741e9aa79f,10000364-1094310,CT,10000364-1094310,Yes,Male,59.0,Black or African American,,,1,0,0,0,0,0,0,0,0,0,0,0,0,0,0,0,0,0,0,0,0,0,0,0,0,0,0,0,
dg.MD1R/4eebd33e-b54f-4a0f-b04c-dee836484519,10000364-1836586,CT,10000364-1836586,Yes,Male,65.0,White,False,False,1,0,0,0,0,0,0,0,0,0,0,0,0,0,0,0,0,0,0,0,0,0,0,0,0,0,0,0,
dg.MD1R/fca38957-c808-4c98-a4c9-d7da8cec0691,10000364-1472327,CT,10000364-1472327,Yes,Female,58.0,White,True,True,1,1,1,0,1,0,0,0,0,0,1,1,0,0,0,0,1,0,0,1,0,0,0,0,0,0,0,0,
dg.MD1R/86bb75c6-ee33-4955-8eae-bde96063062a,10000364-1030245,CT,,Yes,Male,64.0,White,False,False,1,0,0,0,0,0,0,0,0,0,0,0,0,0,0,0,0,0,0,0,0,0,0,0,0,0,0,0,
dg.MD1R/17b086e7-b467-4d78-97eb-a6b1b0eeda3c,10003752-XEyBV3nukeFKbtALdHPaA,CT,10003752-XEyBV3nukeFKbtALdHPaA,Yes,Male,54.0,Black or African American,,,1,0,0,0,0,0,0,0,0,0,0,0,0,0,0,0,0,0,0,0,0,0,0,0,0,0,0,0,
dg.MD1R/61b0cdb4-5521-4c43-a0f0-973b9e3121d1,10000364-1256217,CT,10000364-1256217,Yes,Male,34.0,Black or African American,,,1,0,0,0,0,0,0,0,0,0,0,0,0,0,0,0,0,0,0,0,0,0,0,0,0,0,0,0,
dg.MD1R/5a2d2796-9e9f-43be-91e3-741bf4a7a38f,10000364-1334990,CT,,Yes,Female,56.0,Black or African American,False,False,1,0,0,0,0,0,0,0,0,0,0,0,0,0,0,0,0,0,0,0,0,0,0,0,0,0,0,0,data/preprocessed/ct/5a2d2796-9e9f-43be-91e3-741bf4a7a38f.nii.gz
dg.MD1R/0043be6e-4224-4cf5-bc74-03e5cf0d555f,10003752-QYvayfDR06A1F8xYGbA,CT,10003752-QYvayfDR06A1F8xYGbA,Yes,Female,68.0,Black or African American,,,1,0,0,0,0,0,0,0,0,0,0,0,0,0,0,0,0,0,0,0,0,0,0,0,0,0,0,0,
dg.MD1R/5fa4a6a6-ff89-4026-96c4-b1ae84f7f379,10000364-2443852,CT,10000364-2443852,Yes,Female,69.0,White,,,1,0,0,0,0,0,0,0,0,0,0,0,0,0,0,0,0,0,0,0,0,0,0,0,0,0,0,0,
dg.MD1R/13a7ff95-61d4-49a1-aa06-263d4b264d6c,10003752-1azc4d4F9UOj1vIbA3G0BQ,CT,10003752-1azc4d4F9UOj1vIbA3G0BQ,Yes,Male,63.0,Black or African American,,,1,0,0,0,0,0,0,0,0,0,0,0,0,0,0,0,0,0,0,0,0,0,0,0,0,0,0,0,
dg.MD1R/696e3a2f-d8eb-4a53-b819-79fc5873cbc8,10000364-1425304,CT,10000364-1425304,Yes,Female,18.0,Black or African American,False,False,1,0,0,0,0,0,0,0,0,0,0,0,0,0,0,0,0,0,0,0,0,0,0,0,0,0,0,0,
dg.MD1R/e72fd339-8713-40b3-a8ba-8eaf917c79a0,10000364-1384763,CT,10000364-1384763,Yes,Female,80.0,White,,,1,0,0,0,0,0,0,0,0,0,0,0,0,0,0,0,0,0,0,0,0,0,0,0,0,0,0,0,
dg.MD1R/c295273c-fd29-4373-87de-e74c3bd0b3ef,10000364-1615807,CT,10000364-1615807,Yes,Female,52.0,White,False,False,1,0,0,0,0,0,0,0,0,0,0,0,0,0,0,0,0,0,0,0,0,0,0,0,0,0,0,0,
dg.MD1R/cb3767d2-4093-4fa1-a9d4-134a597fbc14,10000364-1272138,CT,10000364-1272138,Yes,Female,57.0,Not Reported,,,1,0,0,0,0,0,0,0,0,0,0,0,0,0,0,0,0,0,0,0,0,0,0,0,0,0,0,0,
dg.MD1R/66e3a46f-aae7-44f3-a1ee-5d287ec28ab7,10000364-163370,CT,10000364-163370,Yes,Male,66.0,Black or African American,,,1,0,0,0,0,0,0,0,0,0,0,0,0,0,0,0,0,0,0,0,0,0,0,0,0,0,0,0,
dg.MD1R/cb4471a6-6a45-48ff-8b6e-de58dc1fb4e8,10000364-1050195,CT,10000364-1050195,Yes,Male,55.0,White,True,False,1,0,0,0,0,0,0,0,0,0,0,0,0,0,0,0,0,0,0,0,0,0,0,0,0,0,0,0,
dg.MD1R/45573ac3-c758-4c1b-8d30-d295e39f0c79,10000364-1518337,CT,10000364-1518337,Yes,Female,61.0,White,True,False,1,0,0,0,0,0,0,0,0,0,0,0,0,0,0,0,0,0,0,0,0,0,0,0,0,0,0,0,
dg.MD1R/a8bfa24f-3054-4e11-8034-d12ef59c50c3,10000364-604300,CT,10000364-604300,Yes,Male,62.0,White,True,False,1,0,0,0,0,0,0,0,0,0,0,0,0,0,0,0,0,0,0,0,0,0,0,0,0,0,0,0,
dg.MD1R/7e43ecc9-864d-4df9-b433-a9e6a48ac3dc,10000364-1604033,CT,10000364-1604033,Yes,Female,43.0,Black or African American,,,1,0,0,0,0,0,0,0,0,0,0,0,0,0,0,0,0,0,0,0,0,0,0,0,0,0,0,0,
dg.MD1R/48ad0d18-1c73-4840-8ab0-790d4e3a1540,10000364-2371229,CT,10000364-2371229,Yes,Female,77.0,White,,,1,0,0,0,0,0,0,0,0,0,0,0,0,0,0,0,0,0,0,0,0,0,0,0,0,0,0,0,
dg.MD1R/b8b138d7-df86-4df6-9bfd-8687c27d739a,10000364-1803760,CT,10000364-1803760,Yes,Male,75.0,White,True,False,1,0,0,0,0,0,0,0,0,0,0,0,0,0,0,0,0,0,0,0,0,0,0,0,0,0,0,0,
dg.MD1R/d0398ab9-cb63-4a2c-ae0f-ab8fd683c624,10000364-1440998,CT,10000364-1440998,Yes,Female,40.0,Black or African American,False,False,1,0,0,0,0,0,0,0,0,0,0,0,0,0,0,0,0,0,0,0,0,0,0,0,0,0,0,0,
dg.MD1R/5c798be5-cafe-4c7d-a6ec-7baf947fe9e2,10000364-920844,CT,10000364-920844,Yes,Female,66.0,White,,,1,0,0,0,0,0,0,0,0,0,0,0,0,0,0,0,0,0,0,0,0,0,0,0,0,0,0,0,
dg.MD1R/d1cb0df3-767b-4758-9a2a-544db404b18d,10000364-1649958,CT,10000364-1649958,Yes,Male,47.0,White,,,1,0,0,0,0,0,0,0,0,0,0,0,0,0,0,0,0,0,0,0,0,0,0,0,0,0,0,0,
dg.MD1R/e61de45b-d23c-4928-b2b4-948254f14048,10000364-1917172,CT,10000364-1917172,Yes,Female,65.0,Black or African American,True,False,1,0,0,0,0,0,0,0,0,0,0,0,0,0,0,0,0,0,0,0,0,0,0,0,0,0,0,0,
dg.MD1R/33afd586-7fed-48cb-a1c2-e54476c48db2,10000364-930111,CT,10000364-930111,Yes,Male,59.0,White,False,False,1,0,0,0,0,0,0,0,0,0,0,0,0,0,0,0,0,0,0,0,0,0,0,0,0,0,0,0,
dg.MD1R/03c51615-e1c9-426b-8a1b-17c2dd1d0de5,10003752-K8T8WTRcTkKoXSkzsi7Tnw,CT,10003752-K8T8WTRcTkKoXSkzsi7Tnw,Yes,Male,74.0,Black or African American,,,1,0,0,0,0,0,0,0,0,0,0,0,0,0,0,0,0,0,0,0,0,0,0,0,0,0,0,0,
dg.MD1R/2095528d-fbc6-4931-9f4e-6004e06519f9,10000364-257219,CT,,Yes,Female,62.0,Black or African American,False,False,1,0,0,0,0,0,0,0,0,0,0,0,0,0,0,0,0,0,0,0,0,0,0,0,0,0,0,0,
dg.MD1R/b5b81944-ec6d-4db1-8101-a1982f30cc28,10008204-RDpgaQGJ9ESzovguXxZhTQ,CT,10008204-RDpgaQGJ9ESzovguXxZhTQ,Yes,Male,59.0,White,,,1,0,0,0,0,0,0,0,0,0,0,0,0,0,0,0,0,0,0,0,0,0,0,0,0,0,0,0,
dg.MD1R/0c87a47a-a2f7-4b6c-b01f-cc49ca72ffaa,10000364-5894165,CT,10000364-5894165,Yes,Male,71.0,White,False,False,1,0,0,0,0,0,0,0,0,0,0,0,0,0,0,0,0,0,0,0,0,0,0,0,0,0,0,0,
dg.MD1R/9655b9b0-e1d7-4b62-8cab-043eb5edca44,10041569-5Fv9UwnuUiNYZzMtPzPQ,CT,,Yes,Female,73.0,White,False,True,1,0,0,0,0,0,0,0,0,0,0,0,0,0,0,0,0,0,0,0,0,0,0,0,0,0,0,0,data/preprocessed/ct/9655b9b0-e1d7-4b62-8cab-043eb5edca44.nii.gz
dg.MD1R/6c6be393-660a-47b3-ba16-9db058ace9d7,10003752-ddjVNYLZR0GKU9iHRMCOpg,CT,10003752-ddjVNYLZR0GKU9iHRMCOpg,Yes,Female,,Black or African American,,,1,0,0,0,0,0,0,0,0,0,0,0,0,0,0,0,0,0,0,0,0,0,0,0,0,0,0,0,
dg.MD1R/2dc1f4a6-08f4-4119-be7f-3b2d17af119b,10000364-5435710,CT,10000364-5435710,Yes,Female,71.0,White,,,1,0,0,0,0,0,0,0,0,0,0,0,0,0,0,0,0,0,0,0,0,0,0,0,0,0,0,0,
dg.MD1R/e26116cb-535e-4825-9412-8d6b03df4da8,10003752-2KULAYbg20av09EIWpgCTw,CT,10003752-2KULAYbg20av09EIWpgCTw,Yes,Male,66.0,American Indian or Alaska Native,,,1,0,0,0,0,0,0,0,0,0,0,0,0,0,0,0,0,0,0,0,0,0,0,0,0,0,0,0,
dg.MD1R/adf48b94-14fc-419f-a7a2-0550c7859293,10041569-DlqX5imb0ejWPhSL4fHg,CT,10041569-DlqX5imb0ejWPhSL4fHg,Yes,Female,73.0,Black or African American,False,True,1,1,1,0,1,1,0,0,1,0,1,0,1,0,1,1,1,1,0,1,1,1,0,0,0,0,1,0,
dg.MD1R/5e8af18e-2076-4d9d-840d-d65dc4472795,10000364-1585483,CT,10000364-1585483,Yes,Male,49.0,White,False,True,1,0,0,0,0,0,0,0,0,0,0,0,0,0,0,0,0,0,0,0,0,0,0,0,0,0,0,0,
dg.MD1R/d8803e23-9dba-4545-988b-0a8b564e6cff,10003752-I0bNw0zfgEmiES4BgN1unw,CT,10003752-I0bNw0zfgEmiES4BgN1unw,Yes,Female,78.0,Black or African American,,,1,0,0,0,0,0,0,0,0,0,0,0,0,0,0,0,0,0,0,0,0,0,0,0,0,0,0,0,
dg.MD1R/df710cff-9458-4618-90eb-80bbbcd2c4d0,10000364-6575132,CT,10000364-6575132,Yes,Female,71.0,White,False,False,1,0,0,0,0,0,0,0,0,0,0,0,0,0,0,0,0,0,0,0,0,0,0,0,0,0,0,0,data/preprocessed/ct/df710cff-9458-4618-90eb-80bbbcd2c4d0.nii.gz
dg.MD1R/0db1af9d-e5af-43a4-881e-1416f109019a,10000364-2441617,CT,10000364-2441617,Yes,Male,80.0,White,,,1,0,0,0,0,0,0,0,0,0,0,0,0,0,0,0,0,0,0,0,0,0,0,0,0,0,0,0,
dg.MD1R/b656769c-bac6-4bdd-abad-909ad32fc077,10003752-m9j2P9eWzkazquCgS7zyQ,CT,10003752-m9j2P9eWzkazquCgS7zyQ,Yes,Male,48.0,White,,,1,0,0,0,0,0,0,0,0,0,0,0,0,0,0,0,0,0,0,0,0,0,0,0,0,0,0,0,
dg.MD1R/8cdf17e4-306b-4478-b94d-fea93f6d30d0,10000364-1961293,CT,10000364-1961293,Yes,Male,53.0,American Indian or Alaska Native,,,1,0,0,0,0,0,0,0,0,0,0,0,0,0,0,0,0,0,0,0,0,0,0,0,0,0,0,0,
dg.MD1R/f9adae99-2c87-4fa0-aee9-ce5c7d5725a3,10000364-1737443,CT,10000364-1737443,Yes,Female,55.0,White,,,1,0,0,0,0,0,0,0,0,0,0,0,0,0,0,0,0,0,0,0,0,0,0,0,0,0,0,0,
dg.MD1R/f0841012-daff-41aa-8ae6-2ae69b8712b0,10041569-5Fv9UwnuUiNYZzMtPzPQ,CT,,Yes,Female,73.0,White,False,True,1,0,0,0,0,0,0,0,0,0,0,0,0,0,0,0,0,0,0,0,0,0,0,0,0,0,0,0,data/preprocessed/ct/f0841012-daff-41aa-8ae6-2ae69b8712b0.nii.gz
dg.MD1R/c8e22473-70ff-4fc3-ab1a-69f3b96ad535,10000364-1145620,CT,10000364-1145620,Yes,Male,65.0,White,,,1,0,0,0,0,0,0,0,0,0,0,0,0,0,0,0,0,0,0,0,0,0,0,0,0,0,0,0,
dg.MD1R/020cfb89-295e-4f4e-a545-c6813a6b3513,10003752-y5CHw5Z0SIz78dJ65jRg,CT,10003752-y5CHw5Z0SIz78dJ65jRg,Yes,Male,68.0,White,,,1,0,0,0,0,0,0,0,0,0,0,0,0,0,0,0,0,0,0,0,0,0,0,0,0,0,0,0,
dg.MD1R/3beb311c-70ec-4bb3-abe0-402f33807953,10003752-uYw4aujF10SXcWmD7vAsDw,CT,10003752-uYw4aujF10SXcWmD7vAsDw,Yes,Male,69.0,White,,,1,0,0,0,0,0,0,0,0,0,0,0,0,0,0,0,0,0,0,0,0,0,0,0,0,0,0,0,
dg.MD1R/73d868aa-32e8-4e3e-8efc-63d0e0f8c532,10041569-4kmOpWZon0G9H8bxHFgdBw,CT,,Yes,Female,66.0,Black or African American,False,True,1,0,0,0,0,0,0,0,0,0,0,0,0,0,0,0,0,0,0,0,0,0,0,0,0,0,0,0,
dg.MD1R/4a8acc12-e8d1-45a5-8240-bf1aa7dc0e75,10000364-1251592,CT,10000364-1251592,Yes,Female,69.0,White,True,False,1,0,0,0,0,0,0,0,0,0,0,0,0,0,0,0,0,0,0,0,0,0,0,0,0,0,0,0,
dg.MD1R/1bae2c92-e5fd-4baf-a442-0349dfc9fd38,10000364-111038,CT,10000364-111038,Yes,Female,76.0,White,False,False,1,0,0,0,0,0,0,0,0,0,0,0,0,0,0,0,0,0,0,0,0,0,0,0,0,0,0,0,
dg.MD1R/e842ea1e-3168-4ef8-869b-af1553b432c0,10041569-GXa3oFEhwECViCgSy0Fxg,CT,,Yes,Female,58.0,White,False,False,1,0,0,0,0,0,0,0,0,0,0,0,0,0,0,0,0,0,0,0,0,0,0,0,0,0,0,0,
dg.MD1R/143669c4-0ae6-4b06-ac31-6f37f1939668,10000364-1145620,CT,10000364-1145620,Yes,Male,65.0,White,,,1,0,0,0,0,0,0,0,0,0,0,0,0,0,0,0,0,0,0,0,0,0,0,0,0,0,0,0,
dg.MD1R/fbceacab-543e-4714-8b41-c5c595300c08,10003752-DOfi7nhGSUiRzjfKvrlwpg,CT,10003752-DOfi7nhGSUiRzjfKvrlwpg,Yes,Female,75.0,Black or African American,,,1,0,0,0,0,0,0,0,0,0,0,0,0,0,0,0,0,0,0,0,0,0,0,0,0,0,0,0,data/preprocessed/ct/fbceacab-543e-4714-8b41-c5c595300c08.nii.gz
dg.MD1R/5f463791-82ab-4f29-bb6c-685f4d35d1a5,10000364-2690360,CT,,Yes,Female,36.0,Black or African American,False,False,1,0,0,0,0,0,0,0,0,0,0,0,0,0,0,0,0,0,0,0,0,0,0,0,0,0,0,0,
dg.MD1R/e633cd7b-3cf7-4f80-895a-be14a0a203ac,10000364-1520717,CT,10000364-1520717,Yes,Male,53.0,White,False,False,1,0,0,0,0,0,0,0,0,0,0,0,0,0,0,0,0,0,0,0,0,0,0,0,0,0,0,0,
dg.MD1R/c049a933-7bad-44a2-b801-015bee05bfed,10041569-5Fv9UwnuUiNYZzMtPzPQ,CT,,Yes,Female,73.0,White,False,True,1,0,0,0,0,0,0,0,0,0,0,0,0,0,0,0,0,0,0,0,0,0,0,0,0,0,0,0,data/preprocessed/ct/c049a933-7bad-44a2-b801-015bee05bfed.nii.gz
dg.MD1R/1a8cb0ea-f1d6-4411-8e24-74de0c5d9ca1,10000364-1703298,CT,10000364-1703298,Yes,Female,10.0,Black or African American,,,1,0,0,0,0,0,0,0,0,0,0,0,0,0,0,0,0,0,0,0,0,0,0,0,0,0,0,0,
dg.MD1R/1c1dd3e5-116a-41e3-bfee-b35327f0f74b,10000364-1373343,CT,,Yes,Male,53.0,White,False,False,1,0,0,0,0,0,0,0,0,0,0,0,0,0,0,0,0,0,0,0,0,0,0,0,0,0,0,0,
dg.MD1R/c0f20597-903c-4e47-9be4-1e3db06225fa,10000364-298793,CT,10000364-298793,Yes,Male,34.0,Not Reported,,,1,0,0,0,0,0,0,0,0,0,0,0,0,0,0,0,0,0,0,0,0,0,0,0,0,0,0,0,
dg.MD1R/baceb6b7-42b9-4001-8858-a436362b8ba3,10000364-1508868,CT,10000364-1508868,Yes,Female,37.0,White,,,1,0,0,0,0,0,0,0,0,0,0,0,0,0,0,0,0,0,0,0,0,0,0,0,0,0,0,0,
dg.MD1R/4ef59a4b-b30d-437e-aab9-840d12181082,10000364-2621211,CT,10000364-2621211,Yes,Female,64.0,White,False,False,1,0,0,0,0,0,0,0,0,0,0,0,0,0,0,0,0,0,0,0,0,0,0,0,0,0,0,0,
dg.MD1R/27f4ad03-fb2d-498b-9b91-5877541b5744,10000364-403366,CT,10000364-403366,Yes,Male,65.0,Black or African American,,,1,0,0,0,0,0,0,0,0,0,0,0,0,0,0,0,0,0,0,0,0,0,0,0,0,0,0,0,
dg.MD1R/316491d6-485d-4ca7-bc81-feca1368a7e3,10000364-916390,CT,10000364-916390,Yes,Male,59.0,White,False,False,1,0,0,0,0,0,0,0,0,0,0,0,0,0,0,0,0,0,0,0,0,0,0,0,0,0,0,0,
dg.MD1R/fcaceb86-8036-47e2-acf2-13300eb20b8f,10003752-30IDvgUsakyGP2rKULaiQ,CT,10003752-30IDvgUsakyGP2rKULaiQ,Yes,Male,59.0,Black or African American,,,1,0,0,0,0,0,0,0,0,0,0,0,0,0,0,0,0,0,0,0,0,0,0,0,0,0,0,0,
dg.MD1R/152c2938-93da-41dc-9368-c18826129b1a,10003752-UnGb57QsnEa43S20Ns2SJw,CT,10003752-UnGb57QsnEa43S20Ns2SJw,Yes,Male,64.0,Black or African American,,,1,0,0,0,0,0,0,0,0,0,0,0,0,0,0,0,0,0,0,0,0,0,0,0,0,0,0,0,
dg.MD1R/cd629b53-491e-4609-8bfe-1db438e813f6,10000364-1463758,CT,10000364-1463758,Yes,Female,61.0,Not Reported,,,1,0,0,0,0,0,0,0,0,0,0,0,0,0,0,0,0,0,0,0,0,0,0,0,0,0,0,0,
dg.MD1R/9f5bc1be-248f-454f-ba7c-0d076a5dd678,10041569-8SUuaW3UqJ6anfR0l64g,CT,,Yes,Female,72.0,Black or African American,False,True,1,0,0,0,0,0,0,0,0,0,0,0,0,0,0,0,0,0,0,0,0,0,0,0,0,0,0,0,
dg.MD1R/6d583051-aa91-4bee-8751-7086e1e2c427,10000364-1348900,CT,10000364-1348900,Yes,Male,62.0,White,True,True,1,0,0,0,0,0,0,0,0,0,0,0,0,0,0,0,0,0,0,0,0,0,0,0,0,0,0,0,
dg.MD1R/59d00167-8f4b-4405-bb71-660440a16362,10000364-2093141,CT,,Yes,Female,86.0,White,True,False,1,0,0,0,0,0,0,0,0,0,0,0,0,0,0,0,0,0,0,0,0,0,0,0,0,0,0,0,
dg.MD1R/0c73a586-53c0-490c-b2d0-bc4b4e7ff85e,10000364-1305506,CT,10000364-1305506,Yes,Male,33.0,White,,,1,0,0,0,0,0,0,0,0,0,0,0,0,0,0,0,0,0,0,0,0,0,0,0,0,0,0,0,
dg.MD1R/8f3b5d4f-65e6-43a0-8f1b-d382c21d0cbf,10000364-157716,CT,10000364-157716,Yes,Male,59.0,White,True,True,1,0,0,0,0,0,0,0,0,0,0,0,0,0,0,0,0,0,0,0,0,0,0,0,0,0,0,0,
dg.MD1R/17d86bf0-e06a-4941-9261-911cccfe1fb1,10000364-1836586,CT,10000364-1836586,Yes,Male,65.0,White,False,False,1,0,0,0,0,0,0,0,0,0,0,0,0,0,0,0,0,0,0,0,0,0,0,0,0,0,0,0,
dg.MD1R/fd325588-37e7-4e82-bbe6-9453054edcba,10000364-1602246,CT,10000364-1602246,Yes,Male,74.0,Black or African American,False,False,1,0,0,0,0,0,0,0,0,0,0,0,0,0,0,0,0,0,0,0,0,0,0,0,0,0,0,0,
dg.MD1R/f17b18a4-b160-49ec-8090-fb2b05d1bdb4,10003752-N60Xusx70OjxqNN93o0Ww,CT,10003752-N60Xusx70OjxqNN93o0Ww,Yes,Female,60.0,Black or African American,,,1,0,0,0,0,0,0,0,0,0,0,0,0,0,0,0,0,0,0,0,0,0,0,0,0,0,0,0,
dg.MD1R/c6dae967-1a3d-420b-9696-8ca7f9542fb3,10000364-1333651,CT,10000364-1333651,Yes,Female,79.0,White,False,True,1,0,0,0,0,0,0,0,0,0,0,0,0,0,0,0,0,0,0,0,0,0,0,0,0,0,0,0,
dg.MD1R/1f20ddeb-e0b8-4af1-84bd-041ab97fafef,10000364-263184,CT,,Yes,Female,65.0,White,False,False,1,0,0,0,0,0,0,0,0,0,0,0,0,0,0,0,0,0,0,0,0,0,0,0,0,0,0,0,
dg.MD1R/b84063f8-2d1d-49b5-a940-6106c7b2287f,10000364-1432410,CT,10000364-1432410,No,Female,52.0,White,,,1,0,0,0,0,0,0,0,0,0,0,0,0,0,0,0,0,0,0,0,0,0,0,0,0,0,0,0,
dg.MD1R/801609b4-2b09-4cde-891f-cf56e70432ff,10000364-1630980,CT,,Yes,Male,60.0,White,False,False,1,0,0,0,0,0,0,0,0,0,0,0,0,0,0,0,0,0,0,0,0,0,0,0,0,0,0,0,
dg.MD1R/3ccadd47-2d77-42a4-8015-48a79700dfeb,10000364-5319351,CT,10000364-5319351,Yes,Male,58.0,White,,,1,0,0,0,0,0,0,0,0,0,0,0,0,0,0,0,0,0,0,0,0,0,0,0,0,0,0,0,
dg.MD1R/50192fba-bddd-459a-9b66-24aa3baff734,10000364-2715759,CT,10000364-2715759,Yes,Male,14.0,Not Reported,False,True,1,0,0,0,0,0,0,0,0,0,0,0,0,0,0,0,0,0,0,0,0,0,0,0,0,0,0,0,
dg.MD1R/83e082a3-9626-4069-80ef-6f878b287c39,10008204-VFjRLLiSEyoM1iaejxBrQ,CT,10008204-VFjRLLiSEyoM1iaejxBrQ,Yes,Female,24.0,White,False,False,1,0,0,0,0,0,0,0,0,0,0,0,0,0,0,0,0,0,0,0,0,0,0,0,0,0,0,0,
dg.MD1R/e77db9ae-bc3f-47c8-a8c2-68fee6a546b8,10003752-7Asq0LN5oU6YS9QCef8C2Q,CT,10003752-7Asq0LN5oU6YS9QCef8C2Q,Yes,Male,61.0,White,,,1,0,0,0,0,0,0,0,0,0,0,0,0,0,0,0,0,0,0,0,0,0,0,0,0,0,0,0,
dg.MD1R/7172cec9-fa75-406b-b616-748728ae0741,10003752-JuhOJ0FdpEyMn0zlOlEhZQ,CT,10003752-JuhOJ0FdpEyMn0zlOlEhZQ,Yes,Female,67.0,Black or African American,,,1,0,0,0,0,0,0,0,0,0,0,0,0,0,0,0,0,0,0,0,0,0,0,0,0,0,0,0,
dg.MD1R/e31e6b01-605a-437e-ae88-0ed03535a172,10000364-6543199,CT,10000364-6543199,Yes,Female,36.0,White,,,1,0,0,0,0,0,0,0,0,0,0,0,0,0,0,0,0,0,0,0,0,0,0,0,0,0,0,0,
dg.MD1R/cd694f10-a2dd-482c-a3d0-c9b430f71e6f,10064773-3BmGp1RSdUW42OK2vzxqg,CT,10064773-3BmGp1RSdUW42OK2vzxqg,Yes,Female,50.0,Not Reported,False,False,1,0,0,0,0,0,0,0,0,0,0,0,0,0,0,0,0,0,0,0,0,0,0,0,0,0,0,0,
dg.MD1R/ae0911ff-adb8-4fd0-b37c-163136f2bd6c,10000364-2401251,CT,10000364-2401251,Yes,Male,73.0,White,True,False,1,0,0,0,0,0,0,0,0,0,0,0,0,0,0,0,0,0,0,0,0,0,0,0,0,0,0,0,
dg.MD1R/9dec5937-dbb0-43bc-af64-d276f1d189bc,10000364-6468504,CT,10000364-6468504,Yes,Female,34.0,White,,,1,0,0,0,0,0,0,0,0,0,0,0,0,0,0,0,0,0,0,0,0,0,0,0,0,0,0,0,
dg.MD1R/5f4115d5-7f6a-4493-9a6b-05a238080163,10000364-5780,CT,10000364-5780,Yes,Male,52.0,Not Reported,True,True,1,0,0,0,0,0,0,0,0,0,0,0,0,0,0,0,0,0,0,0,0,0,0,0,0,0,0,0,
dg.MD1R/a5a733b9-f85f-4031-9db0-f4d99619594d,10000364-1399732,CT,10000364-1399732,Yes,Female,49.0,Black or African American,,,1,0,0,0,0,0,0,0,0,0,0,0,0,0,0,0,0,0,0,0,0,0,0,0,0,0,0,0,
dg.MD1R/ad3e74d4-4f63-400a-8680-2a291d6c791d,10000364-6194968,CT,10000364-6194968,Yes,Male,41.0,Not Reported,,,1,0,0,0,0,0,0,0,0,0,0,0,0,0,0,0,0,0,0,0,0,0,0,0,0,0,0,0,
dg.MD1R/624bf922-b22d-424e-8162-ff5d098e8702,10003752-PtFjg3wUUOgMH5Ia2iLA,CT,10003752-PtFjg3wUUOgMH5Ia2iLA,Yes,Male,61.0,Black or African American,,,1,0,0,0,0,0,0,0,0,0,0,0,0,0,0,0,0,0,0,0,0,0,0,0,0,0,0,0,
dg.MD1R/66f6c18d-b425-4bd8-b4d0-1557c0eba0b9,10000364-1602675,CT,,Yes,Male,73.0,Black or African American,True,True,1,0,0,0,0,0,0,0,0,0,0,0,0,0,0,0,0,0,0,0,0,0,0,0,0,0,0,0,
dg.MD1R/09fbf3e8-a6c1-4ade-b2a3-0209c44a1ddd,10003752-4ddGJ2YchkKSFtHcadwa4w,CT,10003752-4ddGJ2YchkKSFtHcadwa4w,Yes,Male,85.0,Black or African American,,,1,0,0,0,0,0,0,0,0,0,0,0,0,0,0,0,0,0,0,0,0,0,0,0,0,0,0,0,
dg.MD1R/a6d35004-af53-454e-809b-5ac0eaea38cf,10000364-1426983,CT,10000364-1426983,Yes,Female,72.0,White,True,True,1,0,0,0,0,0,0,0,0,0,0,0,0,0,0,0,0,0,0,0,0,0,0,0,0,0,0,0,
dg.MD1R/49606166-ef78-462a-b999-79e8ceb085f7,10008204-rJsNsAB8aEOY8nBPWeVEVw,CT,10008204-rJsNsAB8aEOY8nBPWeVEVw,Yes,Male,55.0,White,,,1,0,0,0,0,0,0,0,0,0,0,0,0,0,0,0,0,0,0,0,0,0,0,0,0,0,0,0,
dg.MD1R/435d5a3d-949f-40cb-85b9-adb638000607,10041569-NCqDv8OEUyQItLOWlNToA,CT,10041569-NCqDv8OEUyQItLOWlNToA,Yes,Female,61.0,White,False,True,1,1,0,0,1,1,1,0,1,0,1,0,1,1,1,0,1,0,0,1,1,1,0,0,0,0,0,0,
dg.MD1R/eeed8db0-c031-4932-948a-14947e59a7f8,10000364-1535039,CT,10000364-1535039,Yes,Female,59.0,White,False,False,1,0,0,0,0,0,0,0,0,0,0,0,0,0,0,0,0,0,0,0,0,0,0,0,0,0,0,0,
dg.MD1R/4b7f81ae-eba0-43bb-bd91-844203a9b40e,10000364-1490588,CT,10000364-1490588,Yes,Male,84.0,White,True,False,1,0,0,0,0,0,0,0,0,0,0,0,0,0,0,0,0,0,0,0,0,0,0,0,0,0,0,0,
dg.MD1R/9be82f57-7c0d-464d-a331-d036cf029cdf,10000364-1530644,CT,10000364-1530644,Yes,Female,65.0,White,True,False,1,0,0,0,0,0,0,0,0,0,0,0,0,0,0,0,0,0,0,0,0,0,0,0,0,0,0,0,
dg.MD1R/4690cb55-b22f-4eab-a1f0-4a3d6d5317b2,10000364-5625407,CT,10000364-5625407,Yes,Male,72.0,Black or African American,True,True,1,0,0,0,0,0,0,0,0,0,0,0,0,0,0,0,0,0,0,0,0,0,0,0,0,0,0,0,
dg.MD1R/6c17c745-ea06-47f7-9b8b-3cd90ba23c17,10000364-1775416,CT,10000364-1775416,Yes,Female,46.0,Black or African American,,,1,0,0,0,0,0,0,0,0,0,0,0,0,0,0,0,0,0,0,0,0,0,0,0,0,0,0,0,
dg.MD1R/feba0303-ce74-4dc0-a98c-99c02e7ae4b7,10000364-5842646,CT,10000364-5842646,Yes,Male,52.0,White,True,True,1,0,0,0,0,0,0,0,0,0,0,0,0,0,0,0,0,0,0,0,0,0,0,0,0,0,0,0,data/preprocessed/ct/feba0303-ce74-4dc0-a98c-99c02e7ae4b7.nii.gz
dg.MD1R/0051ea5a-881a-4853-af6b-360e2c29966f,10000364-1247731,CT,10000364-1247731,Yes,Female,57.0,White,False,False,1,0,0,0,0,0,0,0,0,0,0,0,0,0,0,0,0,0,0,0,0,0,0,0,0,0,0,0,data/preprocessed/ct/0051ea5a-881a-4853-af6b-360e2c29966f.nii.gz
dg.MD1R/e82b3b5d-7c9e-427e-b746-f4d1b12e79f8,10000364-260687,CT,10000364-260687,Yes,Female,85.0,White,,,1,0,0,0,0,0,0,0,0,0,0,0,0,0,0,0,0,0,0,0,0,0,0,0,0,0,0,0,
dg.MD1R/d84d361f-44e6-4ae1-a06b-67cfb9f9d268,10000364-1594555,CT,10000364-1594555,Yes,Female,38.0,Not Reported,,,1,0,0,0,0,0,0,0,0,0,0,0,0,0,0,0,0,0,0,0,0,0,0,0,0,0,0,0,
dg.MD1R/6914bb9e-5ce6-4636-bf79-a0b02364dec6,10000364-396398,CT,10000364-396398,Yes,Male,65.0,White,,,1,0,0,0,0,0,0,0,0,0,0,0,0,0,0,0,0,0,0,0,0,0,0,0,0,0,0,0,
dg.MD1R/d703b818-8c4d-4bd3-bc29-325bdaf061e4,10000364-1363964,CT,10000364-1363964,Yes,Male,67.0,Black or African American,,,1,0,0,0,0,0,0,0,0,0,0,0,0,0,0,0,0,0,0,0,0,0,0,0,0,0,0,0,
dg.MD1R/1ad781a9-31ce-4b49-ba34-077fe1ca5037,10000364-1841406,CT,10000364-1841406,Yes,Female,44.0,White,False,False,1,0,0,0,0,0,0,0,0,0,0,0,0,0,0,0,0,0,0,0,0,0,0,0,0,0,0,0,
dg.MD1R/3b3f61f0-2ce1-4b14-8b1c-10bb2b3d4c5f,10000364-5232770,CT,10000364-5232770,Yes,Male,52.0,White,,,1,0,0,0,0,0,0,0,0,0,0,0,0,0,0,0,0,0,0,0,0,0,0,0,0,0,0,0,
dg.MD1R/902e31d1-9701-4ccd-8dde-51c70e90c62f,10000364-1421151,CT,10000364-1421151,Yes,Male,66.0,Black or African American,,,1,0,0,0,0,0,0,0,0,0,0,0,0,0,0,0,0,0,0,0,0,0,0,0,0,0,0,0,
dg.MD1R/e722ba01-f268-4655-b2ec-7a5e986df45a,10000364-6567146,CT,10000364-6567146,Yes,Male,24.0,Not Reported,True,False,1,0,0,0,0,0,0,0,0,0,0,0,0,0,0,0,0,0,0,0,0,0,0,0,0,0,0,0,
dg.MD1R/f4eec43d-cb22-4040-8151-2792217248c7,10000364-1418747,CT,,Yes,Female,44.0,White,False,False,1,0,0,0,0,0,0,0,0,0,0,0,0,0,0,0,0,0,0,0,0,0,0,0,0,0,0,0,
dg.MD1R/366ae8fe-ef8f-4768-9910-7ce5931146e2,10003752-u81K9KeYZ0COBBw6dkDC0A,CT,10003752-u81K9KeYZ0COBBw6dkDC0A,Yes,Male,68.0,White,,,1,0,0,0,0,0,0,0,0,0,0,0,0,0,0,0,0,0,0,0,0,0,0,0,0,0,0,0,
dg.MD1R/82402c3a-2a22-4792-b943-558f5c0a0210,10000364-1399732,CT,10000364-1399732,Yes,Female,49.0,Black or African American,,,1,0,0,0,0,0,0,0,0,0,0,0,0,0,0,0,0,0,0,0,0,0,0,0,0,0,0,0,
dg.MD1R/d257e055-d136-4413-85e8-d182c1c7b3aa,10000364-1604169,CT,10000364-1604169,Yes,Female,67.0,Not Reported,True,True,1,1,0,0,0,0,0,0,0,0,0,0,0,0,0,0,0,0,0,0,1,0,0,0,0,0,0,0,
dg.MD1R/8a41aec3-b9f5-4a0e-8612-0e47c48f144d,10000364-2470945,CT,10000364-2470945,Yes,Female,53.0,Black or African American,False,True,1,0,0,0,0,0,0,0,0,0,0,0,0,0,0,0,0,0,0,0,0,0,0,0,0,0,0,0,
dg.MD1R/05b99e53-73bb-4f74-901c-ea3da2a854c6,10064773-0SxaGeNqwU68dEVxGQlaw,CT,10064773-0SxaGeNqwU68dEVxGQlaw,Yes,Male,65.0,Not Reported,False,False,1,0,0,0,0,0,0,0,0,0,0,0,0,0,0,0,0,0,0,0,0,0,0,0,0,0,0,0,
dg.MD1R/2309c632-cb14-4e55-b4b9-1bcde27091ac,10000364-1528048,CT,10000364-1528048,Yes,Female,81.0,White,True,True,1,0,0,0,0,0,0,0,0,0,0,0,0,0,0,0,0,0,0,0,0,0,0,0,0,0,0,0,
dg.MD1R/58a20725-a0ed-4743-928f-308160d33427,10003752-PtFjg3wUUOgMH5Ia2iLA,CT,10003752-PtFjg3wUUOgMH5Ia2iLA,Yes,Male,61.0,Black or African American,,,1,0,0,0,0,0,0,0,0,0,0,0,0,0,0,0,0,0,0,0,0,0,0,0,0,0,0,0,
dg.MD1R/0c266a6e-5c83-4c16-add7-fdfba0752804,10000364-1531105,CT,10000364-1531105,Yes,Female,36.0,White,False,False,1,0,0,0,0,0,0,0,0,0,0,0,0,0,0,0,0,0,0,0,0,0,0,0,0,0,0,0,data/preprocessed/ct/0c266a6e-5c83-4c16-add7-fdfba0752804.nii.gz
dg.MD1R/36a83a13-94fd-4515-a090-d6ef2889558d,10041569-kgAvx7uJ10ONCduLyMtlg,CT,10041569-kgAvx7uJ10ONCduLyMtlg,No,Male,52.0,White,False,True,1,1,0,0,1,0,1,0,1,0,1,0,1,0,1,1,1,1,0,1,0,0,0,0,0,0,0,0,
dg.MD1R/cdb679bf-b84f-4563-8a82-b764488b9ecf,10000364-5527993,CT,10000364-5527993,Yes,Female,50.0,Black or African American,False,False,1,0,0,0,0,0,0,0,0,0,0,0,0,0,0,0,0,0,0,0,0,0,0,0,0,0,0,0,
dg.MD1R/d00c9cef-0b1f-4d53-b41d-d5f1dde74b10,10000364-1433495,CT,10000364-1433495,Yes,Female,57.0,White,True,True,1,0,0,0,0,0,0,0,0,0,0,0,0,0,0,0,0,0,0,0,0,0,0,0,0,0,0,0,
dg.MD1R/4b3531fb-5df1-4294-9cef-9d1ccea2e5a6,10000364-6553682,CT,10000364-6553682,Yes,Male,55.0,Not Reported,True,True,1,0,0,0,0,0,0,0,0,0,0,0,0,0,0,0,0,0,0,0,0,0,0,0,0,0,0,0,
dg.MD1R/2a87ec51-7a7f-4fae-a034-4b6f466406cc,10000364-54387,CT,10000364-54387,Yes,Male,56.0,Not Reported,,,1,0,0,0,0,0,0,0,0,0,0,0,0,0,0,0,0,0,0,0,0,0,0,0,0,0,0,0,
dg.MD1R/f966f976-b816-4b01-96cf-28eb6ebb1a57,10000364-5683378,CT,10000364-5683378,Yes,Male,78.0,White,,,1,0,0,0,0,0,0,0,0,0,0,0,0,0,0,0,0,0,0,0,0,0,0,0,0,0,0,0,
dg.MD1R/0adba00c-ce4d-4f0f-894f-a7128826ed4d,10000364-1772317,CT,10000364-1772317,Yes,Male,33.0,White,,,1,0,0,0,0,0,0,0,0,0,0,0,0,0,0,0,0,0,0,0,0,0,0,0,0,0,0,0,
dg.MD1R/440df770-43e2-446e-a5ef-5fcdf753090f,10000364-607557,CT,10000364-607557,Yes,Male,73.0,White,True,True,1,0,0,0,0,0,0,0,0,0,0,0,0,0,0,0,0,0,0,0,0,0,0,0,0,0,0,0,
dg.MD1R/402b4ddf-46ff-4e37-a45a-00c506406758,10041569-LqedCnHRzE2a5BStIBN8g,CT,,Yes,Male,63.0,White,False,True,1,0,0,0,0,0,0,0,0,0,0,0,0,0,0,0,0,0,0,0,0,0,0,0,0,0,0,0,
dg.MD1R/304f4d7a-34d5-4b08-bc82-e2859a9f64e3,10000364-823738,CT,10000364-823738,Yes,Female,74.0,White,False,False,1,0,0,0,0,0,0,0,0,0,0,0,0,0,0,0,0,0,0,0,0,0,0,0,0,0,0,0,
dg.MD1R/cbd73f67-176a-419a-8caa-1da72c17a979,10000364-1429373,CT,10000364-1429373,Yes,Female,49.0,White,False,False,1,0,0,0,0,0,0,0,0,0,0,0,0,0,0,0,0,0,0,0,0,0,0,0,0,0,0,0,
dg.MD1R/f0c13c67-da3c-401c-96b1-8125e63f34bd,10000364-1584620,CT,10000364-1584620,Yes,Female,48.0,Black or African American,True,True,1,0,0,0,0,0,0,0,0,0,0,0,0,0,0,0,0,0,0,0,0,0,0,0,0,0,0,0,
dg.MD1R/8a484f6c-90ef-4ef4-9b69-89b3399fb0e4,10000364-2450363,CT,10000364-2450363,Yes,Male,69.0,White,False,False,1,0,0,0,0,0,0,0,0,0,0,0,0,0,0,0,0,0,0,0,0,0,0,0,0,0,0,0,
dg.MD1R/b31f09cf-6397-4630-957a-2354aef6452d,10000364-1430987,CT,10000364-1430987,Yes,Female,62.0,White,,,1,0,0,0,0,0,0,0,0,0,0,0,0,0,0,0,0,0,0,0,0,0,0,0,0,0,0,0,
dg.MD1R/5bcba92d-ff1b-4c31-8a20-0c07e22c4b75,10000364-9069,CT,10000364-9069,Yes,Male,71.0,White,True,True,1,0,0,0,0,0,0,0,0,0,0,0,0,0,0,0,0,0,0,0,0,0,0,0,0,0,0,0,
dg.MD1R/d8752829-fcfc-40bf-b1cf-f2a2a426e23a,10041569-rdL12m75aU6AT4OZNtG2Aw,CT,10041569-rdL12m75aU6AT4OZNtG2Aw,Yes,Male,51.0,Black or African American,False,True,1,1,1,0,0,1,1,0,1,1,1,0,1,0,1,1,1,1,1,1,1,1,0,0,0,0,1,0,data/preprocessed/ct/d8752829-fcfc-40bf-b1cf-f2a2a426e23a.nii.gz
dg.MD1R/a6168e46-2e7c-4e7b-bf81-47d1be50adc3,10041569-rdL12m75aU6AT4OZNtG2Aw,CT,10041569-rdL12m75aU6AT4OZNtG2Aw,Yes,Male,51.0,Black or African American,False,True,1,1,1,0,0,1,1,0,1,1,1,0,1,0,1,1,1,1,1,1,1,1,0,0,0,0,1,0,data/preprocessed/ct/a6168e46-2e7c-4e7b-bf81-47d1be50adc3.nii.gz
dg.MD1R/8e8ded4b-04f5-4024-a0c0-68d951503aef,10041569-DlqX5imb0ejWPhSL4fHg,CT,10041569-DlqX5imb0ejWPhSL4fHg,Yes,Female,73.0,Black or African American,False,True,1,1,1,0,1,1,0,0,1,0,1,0,1,0,1,1,1,1,0,1,1,1,0,0,0,0,1,0,
dg.MD1R/51b4e37d-2c1b-4202-86fa-a22d30c0ca5d,10041569-g7BegS168EGCpgRylILjoA,CT,10041569-g7BegS168EGCpgRylILjoA,Yes,Female,63.0,White,False,True,1,1,1,0,0,1,1,0,1,1,1,0,1,1,0,1,1,1,1,1,1,0,0,1,0,0,0,0,data/preprocessed/ct/51b4e37d-2c1b-4202-86fa-a22d30c0ca5d.nii.gz
dg.MD1R/23ed912e-4f91-4592-83c3-f1aec361deb5,10041569-DlqX5imb0ejWPhSL4fHg,CT,10041569-DlqX5imb0ejWPhSL4fHg,Yes,Female,73.0,Black or African American,False,True,1,1,1,0,1,1,0,0,1,0,1,0,1,0,1,1,1,1,0,1,1,1,0,0,0,0,1,0,
dg.MD1R/31b139ef-8463-40fb-9052-c5b44f0b6b25,10041569-DlqX5imb0ejWPhSL4fHg,CT,10041569-DlqX5imb0ejWPhSL4fHg,Yes,Female,73.0,Black or African American,False,True,1,1,1,0,1,1,0,0,1,0,1,0,1,0,1,1,1,1,0,1,1,1,0,0,0,0,1,0,
dg.MD1R/a7c48315-12c9-4681-a091-92085c257d0d,10000364-5643090,CT,10000364-5643090,No,Female,76.0,White,False,True,0,1,0,0,0,0,0,0,0,0,0,0,0,0,0,0,0,1,0,0,0,0,0,0,0,0,0,0,
dg.MD1R/4da25004-a0be-47fc-b185-2d304ee1e945,10000364-1288160,CT,10000364-1288160,Yes,Male,28.0,White,True,True,1,1,1,0,0,0,0,0,0,0,1,0,0,0,0,0,1,0,1,1,0,1,0,0,0,0,0,0,
dg.MD1R/5c492bcb-1a81-4bf3-a858-d3e27c5b1588,10041569-DlqX5imb0ejWPhSL4fHg,CT,10041569-DlqX5imb0ejWPhSL4fHg,Yes,Female,73.0,Black or African American,False,True,1,1,1,0,1,1,0,0,1,0,1,0,1,0,1,1,1,1,0,1,1,1,0,0,0,0,1,0,
dg.MD1R/918d38a0-8967-43ac-b11d-ba2a081015ee,10041569-NCqDv8OEUyQItLOWlNToA,CT,10041569-NCqDv8OEUyQItLOWlNToA,Yes,Female,61.0,White,False,True,1,1,0,0,1,1,1,0,1,0,1,0,1,1,1,0,1,0,0,1,1,1,0,0,0,0,0,0,
dg.MD1R/6126a00c-29d0-49c3-9d22-f7a4a4e5d420,10000364-1607263,CT,10000364-1607263,Yes,Female,64.0,Black or African American,True,True,1,1,1,0,0,0,1,0,1,0,1,0,0,0,0,0,1,0,0,1,0,0,0,0,0,0,0,0,
dg.MD1R/faafd565-c180-4c93-aa17-975fcc14aabe,10041569-c7w6HYO4oU7uSiC4lcZiA,CT,10041569-c7w6HYO4oU7uSiC4lcZiA,Yes,Male,66.0,White,False,True,1,1,0,1,1,1,1,1,1,1,1,0,0,0,0,0,0,0,1,1,1,0,0,0,0,0,0,0,
dg.MD1R/c4b97238-e83e-4f02-a419-e2c60458200e,10041569-rdL12m75aU6AT4OZNtG2Aw,CT,10041569-rdL12m75aU6AT4OZNtG2Aw,Yes,Male,51.0,Black or African American,False,True,1,1,1,0,0,1,1,0,1,1,1,0,1,0,1,1,1,1,1,1,1,1,0,0,0,0,1,0,data/preprocessed/ct/c4b97238-e83e-4f02-a419-e2c60458200e.nii.gz
dg.MD1R/0abd5378-d8d1-4666-8dfb-769e6987bb13,10041569-KTJisivBEW8eG11h3OmCQ,CT,10041569-KTJisivBEW8eG11h3OmCQ,Yes,Male,36.0,Not Reported,False,True,1,1,1,0,0,1,1,1,1,1,1,0,1,1,1,1,1,1,1,1,1,1,0,0,1,1,0,0,
dg.MD1R/e90577fb-6d88-44d9-8ab1-709963a1e35b,10000364-899490,CT,10000364-899490,Yes,Female,71.0,White,False,True,1,1,0,0,0,0,1,0,0,0,1,0,1,1,1,0,1,0,0,0,1,1,0,0,0,0,0,0,
dg.MD1R/fc0b2365-1959-455f-8504-11aa6bf0e806,10000364-1472327,CT,10000364-1472327,Yes,Female,58.0,White,True,True,1,1,1,0,1,0,0,0,0,0,1,1,0,0,0,0,1,0,0,1,0,0,0,0,0,0,0,0,
dg.MD1R/f3bee382-f650-43f2-bcd9-29577db44c9e,10041569-PM8BrEOGvEyWPkLhhZ94XQ,CT,10041569-PM8BrEOGvEyWPkLhhZ94XQ,Yes,Male,66.0,Black or African American,False,True,1,1,1,1,0,1,1,1,1,1,1,0,0,0,1,0,0,0,0,1,1,0,1,0,0,0,0,0,
dg.MD1R/aa349885-d121-445e-8479-bce10dc2a4a2,10041569-ObI0JieKtE2oeNm5iAtegA,CT,10041569-ObI0JieKtE2oeNm5iAtegA,Yes,Male,57.0,Not Reported,False,True,1,1,0,0,0,1,1,1,1,1,1,0,1,0,1,1,1,1,0,0,0,0,0,0,0,0,0,0,
dg.MD1R/8744ac10-c81d-48d3-bd5d-7e085670e4f0,10041569-kgAvx7uJ10ONCduLyMtlg,CT,10041569-kgAvx7uJ10ONCduLyMtlg,No,Male,52.0,White,False,True,1,1,0,0,1,0,1,0,1,0,1,0,1,0,1,1,1,1,0,1,0,0,0,0,0,0,0,0,
dg.MD1R/44a13ad3-c83b-4427-8afd-13359f3041a9,10000364-1256461,CT,10000364-1256461,Yes,Female,86.0,White,False,False,1,1,0,0,0,0,0,0,0,0,0,0,0,0,0,0,1,0,0,0,1,0,0,0,0,0,0,0,
dg.MD1R/29d1aa46-3e65-49dc-9d04-02df010e7850,10000364-1607263,CT,10000364-1607263,Yes,Female,64.0,Black or African American,True,True,1,1,1,0,0,0,1,0,1,0,1,0,0,0,0,0,1,0,0,1,0,0,0,0,0,0,0,0,
dg.MD1R/bf5055e9-cb28-4f91-8439-8f242cfe17a1,10041569-0MlpwvpeqkmKqEG4iMez6g,CT,10041569-0MlpwvpeqkmKqEG4iMez6g,Yes,Male,54.0,White,False,True,1,1,1,0,1,1,1,1,0,0,1,0,0,0,0,0,1,1,0,1,0,0,0,0,0,0,0,0,
dg.MD1R/5c8fd12c-6a1a-4ac9-8728-eede8bcf4563,10000364-744747,CT,10000364-744747,Yes,Male,77.0,White,True,True,1,1,0,0,0,0,0,0,1,0,1,0,1,0,0,0,1,1,0,1,0,0,0,0,0,0,0,0,
dg.MD1R/adadadd3-65d3-45d7-85dc-33bb88421c44,10041569-r2jQ1Jeo5UW7QlTnmJ2Ug,CT,10041569-r2jQ1Jeo5UW7QlTnmJ2Ug,Yes,Male,26.0,White,False,True,1,1,0,0,0,1,1,0,0,0,1,0,0,0,1,1,1,0,0,0,1,0,0,0,0,0,0,0,
dg.MD1R/0146906d-d09f-4df3-b925-644521938658,10000364-1256461,CT,10000364-1256461,Yes,Female,86.0,White,False,False,1,1,0,0,0,0,0,0,0,0,0,0,0,0,0,0,1,0,0,0,1,0,0,0,0,0,0,0,
dg.MD1R/1cbbfe65-c583-43e2-8526-2b56ed8042e5,10041569-DlqX5imb0ejWPhSL4fHg,CT,10041569-DlqX5imb0ejWPhSL4fHg,Yes,Female,73.0,Black or African American,False,True,1,1,1,0,1,1,0,0,1,0,1,0,1,0,1,1,1,1,0,1,1,1,0,0,0,0,1,0,
dg.MD1R/27dae894-3db6-44a9-a644-e12a56c3d9b0,10041569-NCqDv8OEUyQItLOWlNToA,CT,10041569-NCqDv8OEUyQItLOWlNToA,Yes,Female,61.0,White,False,True,1,1,0,0,1,1,1,0,1,0,1,0,1,1,1,0,1,0,0,1,1,1,0,0,0,0,0,0,
dg.MD1R/6928ef4c-ed9a-4417-a6ef-326686e751c2,10000364-1604169,CT,10000364-1604169,Yes,Female,67.0,Not Reported,True,True,1,1,0,0,0,0,0,0,0,0,0,0,0,0,0,0,0,0,0,0,1,0,0,0,0,0,0,0,
dg.MD1R/68ac2b7a-6cd0-4778-b2f1-89a5f1e19766,10041569-rdL12m75aU6AT4OZNtG2Aw,CT,10041569-rdL12m75aU6AT4OZNtG2Aw,Yes,Male,51.0,Black or African American,False,True,1,1,1,0,0,1,1,0,1,1,1,0,1,0,1,1,1,1,1,1,1,1,0,0,0,0,1,0,data/preprocessed/ct/68ac2b7a-6cd0-4778-b2f1-89a5f1e19766.nii.gz
dg.MD1R/c416ff25-e888-4e68-9e74-87946b821254,10000364-2443380,CT,10000364-2443380,Yes,Female,74.0,White,True,True,1,1,0,0,0,0,0,0,0,0,0,0,0,0,0,0,0,0,0,0,0,0,0,0,0,0,0,0,
dg.MD1R/316b8568-adab-47ee-b185-1f4b040f8b5b,10000364-1303431,CT,10000364-1303431,Yes,Male,78.0,Black or African American,True,False,1,1,0,0,0,0,0,0,0,0,0,0,1,0,0,0,0,1,0,0,0,0,0,0,0,0,0,0,
dg.MD1R/69fc56ac-6296-4471-ab60-c7008e2f0295,10000364-6303877,CT,10000364-6303877,Yes,Female,64.0,White,True,False,1,1,1,0,0,0,1,0,0,0,0,1,0,0,0,0,0,0,0,0,0,0,0,0,0,0,0,0,
dg.MD1R/89e4cb08-946f-4c0d-bc7e-74573bf935fc,10000364-1607263,CT,10000364-1607263,Yes,Female,64.0,Black or African American,True,True,1,1,1,0,0,0,1,0,1,0,1,0,0,0,0,0,1,0,0,1,0,0,0,0,0,0,0,0,
dg.MD1R/59d4b3f7-c5d2-4bd0-8b4c-e7a9f324fa46,10041569-eL6G9dsawkq2QuiCGa8i7Q,CT,10041569-eL6G9dsawkq2QuiCGa8i7Q,Yes,Male,62.0,White,False,False,1,1,1,0,0,0,1,0,1,0,1,0,0,0,0,0,0,0,0,1,1,1,0,0,0,0,0,0,
dg.MD1R/4b57f888-5bc6-4980-bd9a-4729f4e26675,10041569-YwgotNEPQUS9rTCEmYfvGg,CT,10041569-YwgotNEPQUS9rTCEmYfvGg,Yes,Male,43.0,Not Reported,False,True,1,1,1,0,0,1,1,1,1,1,1,0,0,0,0,1,1,0,0,1,1,0,0,0,0,1,0,0,
dg.MD1R/6fef53ce-ac45-48ee-b03c-efb47a3865ad,10041569-KTJisivBEW8eG11h3OmCQ,CT,10041569-KTJisivBEW8eG11h3OmCQ,Yes,Male,36.0,Not Reported,False,True,1,1,1,0,0,1,1,1,1,1,1,0,1,1,1,1,1,1,1,1,1,1,0,0,1,1,0,0,
dg.MD1R/f24710d7-bcbf-435d-942a-02aa035e5326,10000364-1472327,CT,10000364-1472327,Yes,Female,58.0,White,True,True,1,1,1,0,1,0,0,0,0,0,1,1,0,0,0,0,1,0,0,1,0,0,0,0,0,0,0,0,
dg.MD1R/705d1701-bb19-4960-aca0-e60d33e22627,10041569-YIon3HGGUa4N81uJEoWmg,CT,10041569-YIon3HGGUa4N81uJEoWmg,Yes,Male,84.0,Black or African American,False,False,1,1,1,0,1,1,1,0,1,0,1,0,1,0,1,1,1,1,1,1,1,1,0,0,0,1,0,0,
dg.MD1R/8c19e5b6-c9cc-42dd-8e5d-e494957077f5,10041569-DlqX5imb0ejWPhSL4fHg,CT,10041569-DlqX5imb0ejWPhSL4fHg,Yes,Female,73.0,Black or African American,False,True,1,1,1,0,1,1,0,0,1,0,1,0,1,0,1,1,1,1,0,1,1,1,0,0,0,0,1,0,
dg.MD1R/0d456bc2-e438-4342-8aee-598be4fe88ef,10041569-c7w6HYO4oU7uSiC4lcZiA,CT,10041569-c7w6HYO4oU7uSiC4lcZiA,Yes,Male,66.0,White,False,True,1,1,0,1,1,1,1,1,1,1,1,0,0,0,0,0,0,0,1,1,1,0,0,0,0,0,0,0,
dg.MD1R/26c1bc69-4a4f-4bc8-aae8-70e6cc4cb17d,10041569-SytwUN6koU6LLR3RcLHkA,CT,10041569-SytwUN6koU6LLR3RcLHkA,Yes,Female,62.0,Black or African American,False,False,1,1,0,0,0,0,1,0,1,0,1,0,1,0,1,1,1,1,1,1,1,1,0,0,0,0,0,0,data/preprocessed/ct/26c1bc69-4a4f-4bc8-aae8-70e6cc4cb17d.nii.gz
dg.MD1R/a7bc9037-d8bb-4f57-8c6e-f56a8ad41e46,10041569-2WbOmaZUqE23vA7fnyC4w,CT,10041569-2WbOmaZUqE23vA7fnyC4w,Yes,Male,48.0,Not Reported,False,True,1,1,1,0,0,1,1,1,1,0,1,0,0,0,1,1,1,0,1,1,1,1,0,0,0,0,0,0,
dg.MD1R/a52da6a6-63a2-4d74-8d20-6352767c7ea3,10000364-1288160,CT,10000364-1288160,Yes,Male,28.0,White,True,True,1,1,1,0,0,0,0,0,0,0,1,0,0,0,0,0,1,0,1,1,0,1,0,0,0,0,0,0,
dg.MD1R/6bdabd63-cd81-417f-a914-4caf686a6ea4,10041569-DlqX5imb0ejWPhSL4fHg,CT,10041569-DlqX5imb0ejWPhSL4fHg,Yes,Female,73.0,Black or African American,False,True,1,1,1,0,1,1,0,0,1,0,1,0,1,0,1,1,1,1,0,1,1,1,0,0,0,0,1,0,
dg.MD1R/ded55387-a78e-4078-b047-252d41fa1265,10000364-1288160,CT,10000364-1288160,Yes,Male,28.0,White,True,True,1,1,1,0,0,0,0,0,0,0,1,0,0,0,0,0,1,0,1,1,0,1,0,0,0,0,0,0,
dg.MD1R/686810f1-5829-49bc-a077-a0b0a344a763,10041569-YIon3HGGUa4N81uJEoWmg,CT,10041569-YIon3HGGUa4N81uJEoWmg,Yes,Male,84.0,Black or African American,False,False,1,1,1,0,1,1,1,0,1,0,1,0,1,0,1,1,1,1,1,1,1,1,0,0,0,1,0,0,
dg.MD1R/b1318bcf-a037-4a18-bf85-577e4a55677f,10000364-899490,CT,10000364-899490,Yes,Female,71.0,White,False,True,1,1,0,0,0,0,1,0,0,0,1,0,1,1,1,0,1,0,0,0,1,1,0,0,0,0,0,0,
dg.MD1R/33d9d487-c073-4428-a026-ec8174a1fa9b,10041569-4DNktkkdXUGzSU6qGPxFEw,CT,10041569-4DNktkkdXUGzSU6qGPxFEw,Yes,Female,26.0,Black or African American,False,True,1,1,0,0,0,1,1,0,1,1,1,0,1,0,1,1,0,1,0,1,1,1,0,0,0,0,0,0,
dg.MD1R/854627e2-c65c-43a6-8bef-c2eaf24b4066,10000364-252224,CT,10000364-252224,Yes,Male,88.0,White,True,True,1,1,0,0,0,0,0,0,0,0,1,0,0,0,0,0,1,0,1,1,0,1,0,0,0,0,0,0,
dg.MD1R/7eb66c80-64a1-48bf-9059-f99427fe1cb2,10041569-g7BegS168EGCpgRylILjoA,CT,10041569-g7BegS168EGCpgRylILjoA,Yes,Female,63.0,White,False,True,1,1,1,0,0,1,1,0,1,1,1,0,1,1,0,1,1,1,1,1,1,0,0,1,0,0,0,0,data/preprocessed/ct/7eb66c80-64a1-48bf-9059-f99427fe1cb2.nii.gz
dg.MD1R/138f5794-1eec-43d4-8b7a-ea3e467e257a,10041569-DlqX5imb0ejWPhSL4fHg,CT,10041569-DlqX5imb0ejWPhSL4fHg,Yes,Female,73.0,Black or African American,False,True,1,1,1,0,1,1,0,0,1,0,1,0,1,0,1,1,1,1,0,1,1,1,0,0,0,0,1,0,
dg.MD1R/ce01b7e6-932b-4d99-be92-57d2c3b22c8b,10041569-KTJisivBEW8eG11h3OmCQ,CT,10041569-KTJisivBEW8eG11h3OmCQ,Yes,Male,36.0,Not Reported,False,True,1,1,1,0,0,1,1,1,1,1,1,0,1,1,1,1,1,1,1,1,1,1,0,0,1,1,0,0,
dg.MD1R/4c40a394-fa8b-4462-97e4-f31e795af941,10041569-g7BegS168EGCpgRylILjoA,CT,10041569-g7BegS168EGCpgRylILjoA,Yes,Female,63.0,White,False,True,1,1,1,0,0,1,1,0,1,1,1,0,1,1,0,1,1,1,1,1,1,0,0,1,0,0,0,0,data/preprocessed/ct/4c40a394-fa8b-4462-97e4-f31e795af941.nii.gz
dg.MD1R/d4198061-cb80-44f8-bf49-1fdfc51dde4c,10041569-kgAvx7uJ10ONCduLyMtlg,CT,10041569-kgAvx7uJ10ONCduLyMtlg,No,Male,52.0,White,False,True,1,1,0,0,1,0,1,0,1,0,1,0,1,0,1,1,1,1,0,1,0,0,0,0,0,0,0,0,
dg.MD1R/d514b085-0a5a-4505-b70c-787751f6988d,10041569-SytwUN6koU6LLR3RcLHkA,CT,10041569-SytwUN6koU6LLR3RcLHkA,Yes,Female,62.0,Black or African American,False,False,1,1,0,0,0,0,1,0,1,0,1,0,1,0,1,1,1,1,1,1,1,1,0,0,0,0,0,0,data/preprocessed/ct/d514b085-0a5a-4505-b70c-787751f6988d.nii.gz
dg.MD1R/86a66d39-836f-4b33-a186-d50998f940ad,10000364-1288160,CT,10000364-1288160,Yes,Male,28.0,White,True,True,1,1,1,0,0,0,0,0,0,0,1,0,0,0,0,0,1,0,1,1,0,1,0,0,0,0,0,0,
dg.MD1R/2748ca0d-0f79-4dde-8b74-583f8a776e8b,10041569-0MlpwvpeqkmKqEG4iMez6g,CT,10041569-0MlpwvpeqkmKqEG4iMez6g,Yes,Male,54.0,White,False,True,1,1,1,0,1,1,1,1,0,0,1,0,0,0,0,0,1,1,0,1,0,0,0,0,0,0,0,0,
dg.MD1R/7a8a93c8-c305-4e38-a395-02a4baf16ac9,10000364-1288160,CT,10000364-1288160,Yes,Male,28.0,White,True,True,1,1,1,0,0,0,0,0,0,0,1,0,0,0,0,0,1,0,1,1,0,1,0,0,0,0,0,0,
dg.MD1R/808342f5-8be1-4cc1-ab48-4f059cc3b2b6,10000364-1303431,CT,10000364-1303431,Yes,Male,78.0,Black or African American,True,False,1,1,0,0,0,0,0,0,0,0,0,0,1,0,0,0,0,1,0,0,0,0,0,0,0,0,0,0,
dg.MD1R/e8a270ff-4bd6-407e-95c1-a6b2253ab153,10000364-1472327,CT,10000364-1472327,Yes,Female,58.0,White,True,True,1,1,1,0,1,0,0,0,0,0,1,1,0,0,0,0,1,0,0,1,0,0,0,0,0,0,0,0,
dg.MD1R/4938e607-b302-4a96-a429-746b34acef01,10000364-1472327,CT,10000364-1472327,Yes,Female,58.0,White,True,True,1,1,1,0,1,0,0,0,0,0,1,1,0,0,0,0,1,0,0,1,0,0,0,0,0,0,0,0,
dg.MD1R/ca6bfdfc-6f75-4f28-8ef4-5fe74f8a436e,10041569-NCqDv8OEUyQItLOWlNToA,CT,10041569-NCqDv8OEUyQItLOWlNToA,Yes,Female,61.0,White,False,True,1,1,0,0,1,1,1,0,1,0,1,0,1,1,1,0,1,0,0,1,1,1,0,0,0,0,0,0,
dg.MD1R/ecaa490a-e1d2-412e-af2b-1246b9797b80,10000364-1604169,CT,10000364-1604169,Yes,Female,67.0,Not Reported,True,True,1,1,0,0,0,0,0,0,0,0,0,0,0,0,0,0,0,0,0,0,1,0,0,0,0,0,0,0,
dg.MD1R/7a121037-e94d-494e-9fd8-c4fd481afe0b,10041569-NSEL0dEU50iSJEeE7kzpPQ,CT,10041569-NSEL0dEU50iSJEeE7kzpPQ,Yes,Male,58.0,White,False,True,1,1,0,0,0,1,1,0,0,1,1,0,1,1,1,1,1,1,1,1,1,1,0,0,0,0,1,0,
dg.MD1R/f73aeb86-0494-4d2b-bbff-170392443b8c,10000364-744747,CT,10000364-744747,Yes,Male,77.0,White,True,True,1,1,0,0,0,0,0,0,1,0,1,0,1,0,0,0,1,1,0,1,0,0,0,0,0,0,0,0,
dg.MD1R/78d497f1-18d5-439e-9627-1db5c478d95c,10041569-KTJisivBEW8eG11h3OmCQ,CT,10041569-KTJisivBEW8eG11h3OmCQ,Yes,Male,36.0,Not Reported,False,True,1,1,1,0,0,1,1,1,1,1,1,0,1,1,1,1,1,1,1,1,1,1,0,0,1,1,0,0,
dg.MD1R/b67b99d2-83b0-4617-bdc5-b94776e84a96,10041569-g7BegS168EGCpgRylILjoA,CT,10041569-g7BegS168EGCpgRylILjoA,Yes,Female,63.0,White,False,True,1,1,1,0,0,1,1,0,1,1,1,0,1,1,0,1,1,1,1,1,1,0,0,1,0,0,0,0,data/preprocessed/ct/b67b99d2-83b0-4617-bdc5-b94776e84a96.nii.gz
dg.MD1R/8d81093d-b9df-418e-913e-1824140ade7e,10041569-DlqX5imb0ejWPhSL4fHg,CT,10041569-DlqX5imb0ejWPhSL4fHg,Yes,Female,73.0,Black or African American,False,True,1,1,1,0,1,1,0,0,1,0,1,0,1,0,1,1,1,1,0,1,1,1,0,0,0,0,1,0,
dg.MD1R/fb234d43-4208-4869-b37f-734cea422558,10041569-KTJisivBEW8eG11h3OmCQ,CT,10041569-KTJisivBEW8eG11h3OmCQ,Yes,Male,36.0,Not Reported,False,True,1,1,1,0,0,1,1,1,1,1,1,0,1,1,1,1,1,1,1,1,1,1,0,0,1,1,0,0,
dg.MD1R/011e9c45-3bda-4921-9107-0978c4709336,10000364-2443380,CT,10000364-2443380,Yes,Female,74.0,White,True,True,1,1,0,0,0,0,0,0,0,0,0,0,0,0,0,0,0,0,0,0,0,0,0,0,0,0,0,0,
dg.MD1R/bfb8bd3f-4574-45f1-bbab-ece05dfb2e3c,10041569-SytwUN6koU6LLR3RcLHkA,CT,10041569-SytwUN6koU6LLR3RcLHkA,Yes,Female,62.0,Black or African American,False,False,1,1,0,0,0,0,1,0,1,0,1,0,1,0,1,1,1,1,1,1,1,1,0,0,0,0,0,0,data/preprocessed/ct/bfb8bd3f-4574-45f1-bbab-ece05dfb2e3c.nii.gz
dg.MD1R/e69b02b2-c4ee-4288-9c0f-49db2f4039f2,10041569-PM8BrEOGvEyWPkLhhZ94XQ,CT,10041569-PM8BrEOGvEyWPkLhhZ94XQ,Yes,Male,66.0,Black or African American,False,True,1,1,1,1,0,1,1,1,1,1,1,0,0,0,1,0,0,0,0,1,1,0,1,0,0,0,0,0,
dg.MD1R/f1f3a3af-02f0-42cc-a264-f4eb92829b6d,10041569-hGXklXiglkyibymE05GqA,CT,10041569-hGXklXiglkyibymE05GqA,Yes,Male,49.0,White,False,True,1,1,1,0,0,0,1,0,1,1,1,1,1,0,1,1,1,1,0,1,1,1,0,0,0,0,0,0,
dg.MD1R/395bbf36-2926-4a47-87d4-90ef3fd424cd,10041569-DlqX5imb0ejWPhSL4fHg,CT,10041569-DlqX5imb0ejWPhSL4fHg,Yes,Female,73.0,Black or African American,False,True,1,1,1,0,1,1,0,0,1,0,1,0,1,0,1,1,1,1,0,1,1,1,0,0,0,0,1,0,
dg.MD1R/ff18c2e8-406f-45ab-a004-4d9d3024a213,10041569-c7w6HYO4oU7uSiC4lcZiA,CT,10041569-c7w6HYO4oU7uSiC4lcZiA,Yes,Male,66.0,White,False,True,1,1,0,1,1,1,1,1,1,1,1,0,0,0,0,0,0,0,1,1,1,0,0,0,0,0,0,0,
dg.MD1R/80ae1c84-11ce-4624-9c11-1a195d2c7bfc,10041569-KTJisivBEW8eG11h3OmCQ,CT,10041569-KTJisivBEW8eG11h3OmCQ,Yes,Male,36.0,Not Reported,False,True,1,1,1,0,0,1,1,1,1,1,1,0,1,1,1,1,1,1,1,1,1,1,0,0,1,1,0,0,
dg.MD1R/815fc290-d6b8-4828-84ab-08d32d7e5e80,10041569-KTJisivBEW8eG11h3OmCQ,CT,10041569-KTJisivBEW8eG11h3OmCQ,Yes,Male,36.0,Not Reported,False,True,1,1,1,0,0,1,1,1,1,1,1,0,1,1,1,1,1,1,1,1,1,1,0,0,1,1,0,0,
dg.MD1R/eb325bbe-9cc3-4e88-a14b-d21901a7ee1f,10041569-g7BegS168EGCpgRylILjoA,CT,10041569-g7BegS168EGCpgRylILjoA,Yes,Female,63.0,White,False,True,1,1,1,0,0,1,1,0,1,1,1,0,1,1,0,1,1,1,1,1,1,0,0,1,0,0,0,0,data/preprocessed/ct/eb325bbe-9cc3-4e88-a14b-d21901a7ee1f.nii.gz
dg.MD1R/e9b6d002-60ec-4776-852c-ceaac6c87c34,10041569-g7BegS168EGCpgRylILjoA,CT,10041569-g7BegS168EGCpgRylILjoA,Yes,Female,63.0,White,False,True,1,1,1,0,0,1,1,0,1,1,1,0,1,1,0,1,1,1,1,1,1,0,0,1,0,0,0,0,data/preprocessed/ct/e9b6d002-60ec-4776-852c-ceaac6c87c34.nii.gz
dg.MD1R/dc67a4ab-37a2-48ec-8364-82615de2078a,10041569-DlqX5imb0ejWPhSL4fHg,CT,10041569-DlqX5imb0ejWPhSL4fHg,Yes,Female,73.0,Black or African American,False,True,1,1,1,0,1,1,0,0,1,0,1,0,1,0,1,1,1,1,0,1,1,1,0,0,0,0,1,0,
dg.MD1R/aac1b862-fa62-4c43-b1a9-80619aa45082,10000364-1303431,CT,10000364-1303431,Yes,Male,78.0,Black or African American,True,False,1,1,0,0,0,0,0,0,0,0,0,0,1,0,0,0,0,1,0,0,0,0,0,0,0,0,0,0,
dg.MD1R/2fe1a82e-e4c9-4e92-89a9-1217a339f31e,10041569-SytwUN6koU6LLR3RcLHkA,CT,10041569-SytwUN6koU6LLR3RcLHkA,Yes,Female,62.0,Black or African American,False,False,1,1,0,0,0,0,1,0,1,0,1,0,1,0,1,1,1,1,1,1,1,1,0,0,0,0,0,0,data/preprocessed/ct/2fe1a82e-e4c9-4e92-89a9-1217a339f31e.nii.gz
dg.MD1R/a936a43f-5b7d-4a5a-a924-e8250e76ee88,10041569-YwgotNEPQUS9rTCEmYfvGg,CT,10041569-YwgotNEPQUS9rTCEmYfvGg,Yes,Male,43.0,Not Reported,False,True,1,1,1,0,0,1,1,1,1,1,1,0,0,0,0,1,1,0,0,1,1,0,0,0,0,1,0,0,
dg.MD1R/cb810ddb-6f78-4fd5-91c1-eab79558921a,10000364-6303877,CT,10000364-6303877,Yes,Female,64.0,White,True,False,1,1,1,0,0,0,1,0,0,0,0,1,0,0,0,0,0,0,0,0,0,0,0,0,0,0,0,0,
dg.MD1R/efc9c8c9-cc59-4806-8217-db96cca4e49d,10000364-6303877,CT,10000364-6303877,Yes,Female,64.0,White,True,False,1,1,1,0,0,0,1,0,0,0,0,1,0,0,0,0,0,0,0,0,0,0,0,0,0,0,0,0,
dg.MD1R/ca1bbe66-d9cb-4634-892a-69443d800369,10041569-PM8BrEOGvEyWPkLhhZ94XQ,CT,10041569-PM8BrEOGvEyWPkLhhZ94XQ,Yes,Male,66.0,Black or African American,False,True,1,1,1,1,0,1,1,1,1,1,1,0,0,0,1,0,0,0,0,1,1,0,1,0,0,0,0,0,
dg.MD1R/93df44e8-aa1a-4797-ad9e-6b9f043cb546,10041569-hGXklXiglkyibymE05GqA,CT,10041569-hGXklXiglkyibymE05GqA,Yes,Male,49.0,White,False,True,1,1,1,0,0,0,1,0,1,1,1,1,1,0,1,1,1,1,0,1,1,1,0,0,0,0,0,0,
dg.MD1R/da50c580-5603-49d8-bef3-27377d60b2b7,10041569-g7BegS168EGCpgRylILjoA,CT,10041569-g7BegS168EGCpgRylILjoA,Yes,Female,63.0,White,False,True,1,1,1,0,0,1,1,0,1,1,1,0,1,1,0,1,1,1,1,1,1,0,0,1,0,0,0,0,data/preprocessed/ct/da50c580-5603-49d8-bef3-27377d60b2b7.nii.gz
dg.MD1R/1cfad156-aa60-4340-aea6-2d530a318699,10000364-1256461,CT,10000364-1256461,Yes,Female,86.0,White,False,False,1,1,0,0,0,0,0,0,0,0,0,0,0,0,0,0,1,0,0,0,1,0,0,0,0,0,0,0,
dg.MD1R/c1972f7f-7b15-4528-abb1-02364280ec74,10041569-rdL12m75aU6AT4OZNtG2Aw,CT,10041569-rdL12m75aU6AT4OZNtG2Aw,Yes,Male,51.0,Black or African American,False,True,1,1,1,0,0,1,1,0,1,1,1,0,1,0,1,1,1,1,1,1,1,1,0,0,0,0,1,0,data/preprocessed/ct/c1972f7f-7b15-4528-abb1-02364280ec74.nii.gz
dg.MD1R/798891b8-7a01-43a4-a0db-1e27201dab5d,10000364-1303431,CT,10000364-1303431,Yes,Male,78.0,Black or African American,True,False,1,1,0,0,0,0,0,0,0,0,0,0,1,0,0,0,0,1,0,0,0,0,0,0,0,0,0,0,
dg.MD1R/2a9f9d03-73b1-4857-a29a-51e76d6e852b,10041569-hGXklXiglkyibymE05GqA,CT,10041569-hGXklXiglkyibymE05GqA,Yes,Male,49.0,White,False,True,1,1,1,0,0,0,1,0,1,1,1,1,1,0,1,1,1,1,0,1,1,1,0,0,0,0,0,0,
dg.MD1R/590b1518-883c-469c-bc17-0aaecc5d3eba,10000364-1303431,CT,10000364-1303431,Yes,Male,78.0,Black or African American,True,False,1,1,0,0,0,0,0,0,0,0,0,0,1,0,0,0,0,1,0,0,0,0,0,0,0,0,0,0,
dg.MD1R/332dcc30-b4e5-4516-943a-665491292c1d,10000364-1256461,CT,10000364-1256461,Yes,Female,86.0,White,False,False,1,1,0,0,0,0,0,0,0,0,0,0,0,0,0,0,1,0,0,0,1,0,0,0,0,0,0,0,
dg.MD1R/0faf23ce-867d-4fa3-88f4-3b11fa4d8f6c,10000364-1472327,CT,10000364-1472327,Yes,Female,58.0,White,True,True,1,1,1,0,1,0,0,0,0,0,1,1,0,0,0,0,1,0,0,1,0,0,0,0,0,0,0,0,
dg.MD1R/71a3de35-bfed-4d37-989f-c8a4b7d5d724,10000364-1303431,CT,10000364-1303431,Yes,Male,78.0,Black or African American,True,False,1,1,0,0,0,0,0,0,0,0,0,0,1,0,0,0,0,1,0,0,0,0,0,0,0,0,0,0,
dg.MD1R/65152615-7720-4d93-84e6-3f6954df2bfc,10041569-YwgotNEPQUS9rTCEmYfvGg,CT,10041569-YwgotNEPQUS9rTCEmYfvGg,Yes,Male,43.0,Not Reported,False,True,1,1,1,0,0,1,1,1,1,1,1,0,0,0,0,1,1,0,0,1,1,0,0,0,0,1,0,0,
dg.MD1R/da706d30-9897-4391-9b07-3a8c6963ec0a,10000364-252224,CT,10000364-252224,Yes,Male,88.0,White,True,True,1,1,0,0,0,0,0,0,0,0,1,0,0,0,0,0,1,0,1,1,0,1,0,0,0,0,0,0,
dg.MD1R/43d9cd6e-0184-4365-a28a-dfb588d48d7a,10000364-899490,CT,10000364-899490,Yes,Female,71.0,White,False,True,1,1,0,0,0,0,1,0,0,0,1,0,1,1,1,0,1,0,0,0,1,1,0,0,0,0,0,0,
dg.MD1R/ec03a62f-1155-4194-83a7-3d418d788881,10000364-744747,CT,10000364-744747,Yes,Male,77.0,White,True,True,1,1,0,0,0,0,0,0,1,0,1,0,1,0,0,0,1,1,0,1,0,0,0,0,0,0,0,0,
dg.MD1R/d672d3c6-a054-44dc-8641-1ed6cbc3449d,10000364-5643090,CT,10000364-5643090,No,Female,76.0,White,False,True,0,1,0,0,0,0,0,0,0,0,0,0,0,0,0,0,0,1,0,0,0,0,0,0,0,0,0,0,
dg.MD1R/f49c7e47-78bf-485e-912a-5490fd24af21,10041569-g7BegS168EGCpgRylILjoA,CT,10041569-g7BegS168EGCpgRylILjoA,Yes,Female,63.0,White,False,True,1,1,1,0,0,1,1,0,1,1,1,0,1,1,0,1,1,1,1,1,1,0,0,1,0,0,0,0,data/preprocessed/ct/f49c7e47-78bf-485e-912a-5490fd24af21.nii.gz
dg.MD1R/a1072f32-da93-4d23-abb3-aab708ae80f4,10000364-1288160,CT,10000364-1288160,Yes,Male,28.0,White,True,True,1,1,1,0,0,0,0,0,0,0,1,0,0,0,0,0,1,0,1,1,0,1,0,0,0,0,0,0,
dg.MD1R/76e810f9-a532-4fab-8ef2-d51704113b10,10041569-NSEL0dEU50iSJEeE7kzpPQ,CT,10041569-NSEL0dEU50iSJEeE7kzpPQ,Yes,Male,58.0,White,False,True,1,1,0,0,0,1,1,0,0,1,1,0,1,1,1,1,1,1,1,1,1,1,0,0,0,0,1,0,
dg.MD1R/a15628aa-0401-4c79-b00c-9e9f8ced4a0c,10041569-g7BegS168EGCpgRylILjoA,CT,10041569-g7BegS168EGCpgRylILjoA,Yes,Female,63.0,White,False,True,1,1,1,0,0,1,1,0,1,1,1,0,1,1,0,1,1,1,1,1,1,0,0,1,0,0,0,0,data/preprocessed/ct/a15628aa-0401-4c79-b00c-9e9f8ced4a0c.nii.gz
dg.MD1R/84d05e29-4e8e-41b2-a46e-bac4f35498a1,10041569-DlqX5imb0ejWPhSL4fHg,CT,10041569-DlqX5imb0ejWPhSL4fHg,Yes,Female,73.0,Black or African American,False,True,1,1,1,0,1,1,0,0,1,0,1,0,1,0,1,1,1,1,0,1,1,1,0,0,0,0,1,0,
dg.MD1R/a25f48ad-cac4-4c98-be6a-696b9bdbcdb9,10041569-kgAvx7uJ10ONCduLyMtlg,CT,10041569-kgAvx7uJ10ONCduLyMtlg,No,Male,52.0,White,False,True,1,1,0,0,1,0,1,0,1,0,1,0,1,0,1,1,1,1,0,1,0,0,0,0,0,0,0,0,
dg.MD1R/aa8d6cac-c8ef-4a17-8a5e-5ea4f5ca187e,10000364-6303877,CT,10000364-6303877,Yes,Female,64.0,White,True,False,1,1,1,0,0,0,1,0,0,0,0,1,0,0,0,0,0,0,0,0,0,0,0,0,0,0,0,0,
dg.MD1R/8a4d131e-72ac-4a91-8e01-40f7d56e4227,10041569-NCqDv8OEUyQItLOWlNToA,CT,10041569-NCqDv8OEUyQItLOWlNToA,Yes,Female,61.0,White,False,True,1,1,0,0,1,1,1,0,1,0,1,0,1,1,1,0,1,0,0,1,1,1,0,0,0,0,0,0,
dg.MD1R/7b042276-783d-4e8f-8642-24d60247a39d,10041569-KTJisivBEW8eG11h3OmCQ,CT,10041569-KTJisivBEW8eG11h3OmCQ,Yes,Male,36.0,Not Reported,False,True,1,1,1,0,0,1,1,1,1,1,1,0,1,1,1,1,1,1,1,1,1,1,0,0,1,1,0,0,
dg.MD1R/a97b287d-b947-4a00-be3e-14cd50635656,10000364-252224,CT,10000364-252224,Yes,Male,88.0,White,True,True,1,1,0,0,0,0,0,0,0,0,1,0,0,0,0,0,1,0,1,1,0,1,0,0,0,0,0,0,
dg.MD1R/70f9c434-e4de-49ff-8992-024034e3acca,10041569-hGXklXiglkyibymE05GqA,CT,10041569-hGXklXiglkyibymE05GqA,Yes,Male,49.0,White,False,True,1,1,1,0,0,0,1,0,1,1,1,1,1,0,1,1,1,1,0,1,1,1,0,0,0,0,0,0,
dg.MD1R/d16db19d-3d40-40ac-ab26-16401847f904,10041569-YwgotNEPQUS9rTCEmYfvGg,CT,10041569-YwgotNEPQUS9rTCEmYfvGg,Yes,Male,43.0,Not Reported,False,True,1,1,1,0,0,1,1,1,1,1,1,0,0,0,0,1,1,0,0,1,1,0,0,0,0,1,0,0,
dg.MD1R/979d104b-b759-4896-887d-81ecd482206d,10041569-NCqDv8OEUyQItLOWlNToA,CT,10041569-NCqDv8OEUyQItLOWlNToA,Yes,Female,61.0,White,False,True,1,1,0,0,1,1,1,0,1,0,1,0,1,1,1,0,1,0,0,1,1,1,0,0,0,0,0,0,
dg.MD1R/91004220-5e61-4e16-b0c7-198eb21e696b,10041569-PM8BrEOGvEyWPkLhhZ94XQ,CT,10041569-PM8BrEOGvEyWPkLhhZ94XQ,Yes,Male,66.0,Black or African American,False,True,1,1,1,1,0,1,1,1,1,1,1,0,0,0,1,0,0,0,0,1,1,0,1,0,0,0,0,0,
dg.MD1R/6d5d2d44-c715-4407-9545-83355d2a355b,10041569-PM8BrEOGvEyWPkLhhZ94XQ,CT,10041569-PM8BrEOGvEyWPkLhhZ94XQ,Yes,Male,66.0,Black or African American,False,True,1,1,1,1,0,1,1,1,1,1,1,0,0,0,1,0,0,0,0,1,1,0,1,0,0,0,0,0,
dg.MD1R/7f50c7b1-d67b-4493-ac56-a8cf1e4ee385,10041569-YIon3HGGUa4N81uJEoWmg,CT,10041569-YIon3HGGUa4N81uJEoWmg,Yes,Male,84.0,Black or African American,False,False,1,1,1,0,1,1,1,0,1,0,1,0,1,0,1,1,1,1,1,1,1,1,0,0,0,1,0,0,
dg.MD1R/b351d773-471f-4bcd-b16e-3fa6b4405909,10041569-c7w6HYO4oU7uSiC4lcZiA,CT,10041569-c7w6HYO4oU7uSiC4lcZiA,Yes,Male,66.0,White,False,True,1,1,0,1,1,1,1,1,1,1,1,0,0,0,0,0,0,0,1,1,1,0,0,0,0,0,0,0,
dg.MD1R/9dd49345-5ad8-46ea-be63-05058f6cedef,10000364-6303877,CT,10000364-6303877,Yes,Female,64.0,White,True,False,1,1,1,0,0,0,1,0,0,0,0,1,0,0,0,0,0,0,0,0,0,0,0,0,0,0,0,0,
dg.MD1R/4842def0-2abd-4773-bfd7-f78c2759c1ba,10041569-YIon3HGGUa4N81uJEoWmg,CT,10041569-YIon3HGGUa4N81uJEoWmg,Yes,Male,84.0,Black or African American,False,False,1,1,1,0,1,1,1,0,1,0,1,0,1,0,1,1,1,1,1,1,1,1,0,0,0,1,0,0,
dg.MD1R/24605a47-a0b8-4af4-b021-7b45492c3e8a,10041569-hGXklXiglkyibymE05GqA,CT,10041569-hGXklXiglkyibymE05GqA,Yes,Male,49.0,White,False,True,1,1,1,0,0,0,1,0,1,1,1,1,1,0,1,1,1,1,0,1,1,1,0,0,0,0,0,0,
dg.MD1R/af14d281-5539-409b-85f3-450da319a0b0,10041569-YwgotNEPQUS9rTCEmYfvGg,CT,10041569-YwgotNEPQUS9rTCEmYfvGg,Yes,Male,43.0,Not Reported,False,True,1,1,1,0,0,1,1,1,1,1,1,0,0,0,0,1,1,0,0,1,1,0,0,0,0,1,0,0,
dg.MD1R/85159ac4-fc16-4219-82e3-55cfcca07da0,10000364-899490,CT,10000364-899490,Yes,Female,71.0,White,False,True,1,1,0,0,0,0,1,0,0,0,1,0,1,1,1,0,1,0,0,0,1,1,0,0,0,0,0,0,
dg.MD1R/4564c512-1094-4ddc-9801-5389d08cdbe4,10041569-g7BegS168EGCpgRylILjoA,CT,10041569-g7BegS168EGCpgRylILjoA,Yes,Female,63.0,White,False,True,1,1,1,0,0,1,1,0,1,1,1,0,1,1,0,1,1,1,1,1,1,0,0,1,0,0,0,0,data/preprocessed/ct/4564c512-1094-4ddc-9801-5389d08cdbe4.nii.gz
dg.MD1R/c407267f-9d30-4109-919f-3deb2a343b6f,10000364-1256461,CT,10000364-1256461,Yes,Female,86.0,White,False,False,1,1,0,0,0,0,0,0,0,0,0,0,0,0,0,0,1,0,0,0,1,0,0,0,0,0,0,0,
dg.MD1R/18c5a8bc-319f-4147-91eb-86b349eb112a,10041569-c7w6HYO4oU7uSiC4lcZiA,CT,10041569-c7w6HYO4oU7uSiC4lcZiA,Yes,Male,66.0,White,False,True,1,1,0,1,1,1,1,1,1,1,1,0,0,0,0,0,0,0,1,1,1,0,0,0,0,0,0,0,
dg.MD1R/c15983d6-1a0f-491c-bfcd-caa987478ecf,10041569-BH9LpNbWTkKgMIdUhFnVlg,CT,10041569-BH9LpNbWTkKgMIdUhFnVlg,No,Male,65.0,Black or African American,False,True,1,1,1,0,1,1,1,0,1,1,1,0,1,0,1,1,1,1,1,1,1,1,0,0,1,0,0,0,
dg.MD1R/8643792e-561b-4413-878b-23af3704436b,10041569-YwgotNEPQUS9rTCEmYfvGg,CT,10041569-YwgotNEPQUS9rTCEmYfvGg,Yes,Male,43.0,Not Reported,False,True,1,1,1,0,0,1,1,1,1,1,1,0,0,0,0,1,1,0,0,1,1,0,0,0,0,1,0,0,
dg.MD1R/bd1e8dd1-a940-4664-a418-4d87548b1afd,10000364-1607263,CT,10000364-1607263,Yes,Female,64.0,Black or African American,True,True,1,1,1,0,0,0,1,0,1,0,1,0,0,0,0,0,1,0,0,1,0,0,0,0,0,0,0,0,
dg.MD1R/49f41458-8dc3-4d07-a2aa-f8d4d38a47c3,10041569-4DNktkkdXUGzSU6qGPxFEw,CT,10041569-4DNktkkdXUGzSU6qGPxFEw,Yes,Female,26.0,Black or African American,False,True,1,1,0,0,0,1,1,0,1,1,1,0,1,0,1,1,0,1,0,1,1,1,0,0,0,0,0,0,
dg.MD1R/663bd8c8-67cc-4210-abd9-c310c353767e,10041569-c7w6HYO4oU7uSiC4lcZiA,CT,10041569-c7w6HYO4oU7uSiC4lcZiA,Yes,Male,66.0,White,False,True,1,1,0,1,1,1,1,1,1,1,1,0,0,0,0,0,0,0,1,1,1,0,0,0,0,0,0,0,
dg.MD1R/73d82709-27bd-41f0-991d-56342a2be601,10041569-hGXklXiglkyibymE05GqA,CT,10041569-hGXklXiglkyibymE05GqA,Yes,Male,49.0,White,False,True,1,1,1,0,0,0,1,0,1,1,1,1,1,0,1,1,1,1,0,1,1,1,0,0,0,0,0,0,
dg.MD1R/5cd79ed1-256c-4acf-b495-c2f432336c95,10041569-PM8BrEOGvEyWPkLhhZ94XQ,CT,10041569-PM8BrEOGvEyWPkLhhZ94XQ,Yes,Male,66.0,Black or African American,False,True,1,1,1,1,0,1,1,1,1,1,1,0,0,0,1,0,0,0,0,1,1,0,1,0,0,0,0,0,
dg.MD1R/1b752b8e-db69-41f7-98d9-f04a266fff19,10000364-744747,CT,10000364-744747,Yes,Male,77.0,White,True,True,1,1,0,0,0,0,0,0,1,0,1,0,1,0,0,0,1,1,0,1,0,0,0,0,0,0,0,0,
dg.MD1R/2df9bb5e-5fbe-479c-bfd4-26d44feebfdb,10041569-DlqX5imb0ejWPhSL4fHg,CT,10041569-DlqX5imb0ejWPhSL4fHg,Yes,Female,73.0,Black or African American,False,True,1,1,1,0,1,1,0,0,1,0,1,0,1,0,1,1,1,1,0,1,1,1,0,0,0,0,1,0,
dg.MD1R/1a709b33-abea-455a-bf0c-b340df2822e3,10041569-hGXklXiglkyibymE05GqA,CT,10041569-hGXklXiglkyibymE05GqA,Yes,Male,49.0,White,False,True,1,1,1,0,0,0,1,0,1,1,1,1,1,0,1,1,1,1,0,1,1,1,0,0,0,0,0,0,
dg.MD1R/4717c652-21de-44c4-90e3-1060a997d621,10041569-YIon3HGGUa4N81uJEoWmg,CT,10041569-YIon3HGGUa4N81uJEoWmg,Yes,Male,84.0,Black or African American,False,False,1,1,1,0,1,1,1,0,1,0,1,0,1,0,1,1,1,1,1,1,1,1,0,0,0,1,0,0,
dg.MD1R/88bea0cf-6d8c-45b7-a345-2c250a3b4eae,10000364-744747,CT,10000364-744747,Yes,Male,77.0,White,True,True,1,1,0,0,0,0,0,0,1,0,1,0,1,0,0,0,1,1,0,1,0,0,0,0,0,0,0,0,
dg.MD1R/6748cf46-a7df-4d2c-8e8f-6c57a62e857c,10000364-6303877,CT,10000364-6303877,Yes,Female,64.0,White,True,False,1,1,1,0,0,0,1,0,0,0,0,1,0,0,0,0,0,0,0,0,0,0,0,0,0,0,0,0,
dg.MD1R/112c9a31-d7ab-4fad-ae8a-36f3a7f9f92d,10041569-PM8BrEOGvEyWPkLhhZ94XQ,CT,10041569-PM8BrEOGvEyWPkLhhZ94XQ,Yes,Male,66.0,Black or African American,False,True,1,1,1,1,0,1,1,1,1,1,1,0,0,0,1,0,0,0,0,1,1,0,1,0,0,0,0,0,
dg.MD1R/4f4fcf83-c199-407e-9b64-f1332ffc912b,10041569-0MlpwvpeqkmKqEG4iMez6g,CT,10041569-0MlpwvpeqkmKqEG4iMez6g,Yes,Male,54.0,White,False,True,1,1,1,0,1,1,1,1,0,0,1,0,0,0,0,0,1,1,0,1,0,0,0,0,0,0,0,0,
dg.MD1R/ea639651-77d4-49d8-8bac-5845c6d2e47b,10000364-1288160,CT,10000364-1288160,Yes,Male,28.0,White,True,True,1,1,1,0,0,0,0,0,0,0,1,0,0,0,0,0,1,0,1,1,0,1,0,0,0,0,0,0,
dg.MD1R/a1c86879-2368-4750-a253-0ae3af38cf46,10041569-YwgotNEPQUS9rTCEmYfvGg,CT,10041569-YwgotNEPQUS9rTCEmYfvGg,Yes,Male,43.0,Not Reported,False,True,1,1,1,0,0,1,1,1,1,1,1,0,0,0,0,1,1,0,0,1,1,0,0,0,0,1,0,0,
dg.MD1R/89874700-7c4d-43c9-aada-96eb85a0aabf,10041569-NCqDv8OEUyQItLOWlNToA,CT,10041569-NCqDv8OEUyQItLOWlNToA,Yes,Female,61.0,White,False,True,1,1,0,0,1,1,1,0,1,0,1,0,1,1,1,0,1,0,0,1,1,1,0,0,0,0,0,0,
dg.MD1R/c1c69604-bbde-4c78-bd75-66d27ee84c79,10000364-1303431,CT,10000364-1303431,Yes,Male,78.0,Black or African American,True,False,1,1,0,0,0,0,0,0,0,0,0,0,1,0,0,0,0,1,0,0,0,0,0,0,0,0,0,0,
dg.MD1R/6416a892-5cb3-4dcd-a3e0-7bafe8e0f2f4,10000364-5643090,CT,10000364-5643090,No,Female,76.0,White,False,True,0,1,0,0,0,0,0,0,0,0,0,0,0,0,0,0,0,1,0,0,0,0,0,0,0,0,0,0,
dg.MD1R/81aeca88-961b-4c9f-87ae-c4336d11f543,10041569-4DNktkkdXUGzSU6qGPxFEw,CT,10041569-4DNktkkdXUGzSU6qGPxFEw,Yes,Female,26.0,Black or African American,False,True,1,1,0,0,0,1,1,0,1,1,1,0,1,0,1,1,0,1,0,1,1,1,0,0,0,0,0,0,
dg.MD1R/08c68622-9f9e-4f7e-9fb6-0988c5b08c72,10000364-5643090,CT,10000364-5643090,No,Female,76.0,White,False,True,0,1,0,0,0,0,0,0,0,0,0,0,0,0,0,0,0,1,0,0,0,0,0,0,0,0,0,0,
dg.MD1R/975c02d2-1606-4c1b-b370-82dea74535ee,10041569-c7w6HYO4oU7uSiC4lcZiA,CT,10041569-c7w6HYO4oU7uSiC4lcZiA,Yes,Male,66.0,White,False,True,1,1,0,1,1,1,1,1,1,1,1,0,0,0,0,0,0,0,1,1,1,0,0,0,0,0,0,0,
dg.MD1R/a942832d-71b3-4a1b-a5bf-ecd617c952cc,10000364-1303431,CT,10000364-1303431,Yes,Male,78.0,Black or African American,True,False,1,1,0,0,0,0,0,0,0,0,0,0,1,0,0,0,0,1,0,0,0,0,0,0,0,0,0,0,
dg.MD1R/8fe3af71-88a3-4b3c-a9ec-6ea7fe00f3c1,10000364-1303431,CT,10000364-1303431,Yes,Male,78.0,Black or African American,True,False,1,1,0,0,0,0,0,0,0,0,0,0,1,0,0,0,0,1,0,0,0,0,0,0,0,0,0,0,
dg.MD1R/12bbf196-31d0-436e-93a7-a97c1d222ece,10041569-0MlpwvpeqkmKqEG4iMez6g,CT,10041569-0MlpwvpeqkmKqEG4iMez6g,Yes,Male,54.0,White,False,True,1,1,1,0,1,1,1,1,0,0,1,0,0,0,0,0,1,1,0,1,0,0,0,0,0,0,0,0,
dg.MD1R/54ae3671-1cd6-4c14-90d8-75683e2cc896,10041569-YwgotNEPQUS9rTCEmYfvGg,CT,10041569-YwgotNEPQUS9rTCEmYfvGg,Yes,Male,43.0,Not Reported,False,True,1,1,1,0,0,1,1,1,1,1,1,0,0,0,0,1,1,0,0,1,1,0,0,0,0,1,0,0,
dg.MD1R/e874c62c-c098-4dde-bb77-7c42322f722f,10041569-g7BegS168EGCpgRylILjoA,CT,10041569-g7BegS168EGCpgRylILjoA,Yes,Female,63.0,White,False,True,1,1,1,0,0,1,1,0,1,1,1,0,1,1,0,1,1,1,1,1,1,0,0,1,0,0,0,0,data/preprocessed/ct/e874c62c-c098-4dde-bb77-7c42322f722f.nii.gz
dg.MD1R/2178b317-63b2-40fd-8a82-70d685c6bf1f,10041569-c7w6HYO4oU7uSiC4lcZiA,CT,10041569-c7w6HYO4oU7uSiC4lcZiA,Yes,Male,66.0,White,False,True,1,1,0,1,1,1,1,1,1,1,1,0,0,0,0,0,0,0,1,1,1,0,0,0,0,0,0,0,
dg.MD1R/586f8c62-bb5a-46fe-8f3b-63f549a24256,10041569-hGXklXiglkyibymE05GqA,CT,10041569-hGXklXiglkyibymE05GqA,Yes,Male,49.0,White,False,True,1,1,1,0,0,0,1,0,1,1,1,1,1,0,1,1,1,1,0,1,1,1,0,0,0,0,0,0,
dg.MD1R/227bef95-f09a-4cb1-8468-2aee995c1eb7,10000364-6303877,CT,10000364-6303877,Yes,Female,64.0,White,True,False,1,1,1,0,0,0,1,0,0,0,0,1,0,0,0,0,0,0,0,0,0,0,0,0,0,0,0,0,
dg.MD1R/36257c38-3596-4dfb-a9c5-d02d8d14d37c,10000364-5643090,CT,10000364-5643090,No,Female,76.0,White,False,True,0,1,0,0,0,0,0,0,0,0,0,0,0,0,0,0,0,1,0,0,0,0,0,0,0,0,0,0,
dg.MD1R/036a973f-5065-4af5-8584-b28ed5d0a3a0,10000364-899490,CT,10000364-899490,Yes,Female,71.0,White,False,True,1,1,0,0,0,0,1,0,0,0,1,0,1,1,1,0,1,0,0,0,1,1,0,0,0,0,0,0,
dg.MD1R/22f8eaf4-d94a-46d5-9284-e3026524fdf5,10041569-c7w6HYO4oU7uSiC4lcZiA,CT,10041569-c7w6HYO4oU7uSiC4lcZiA,Yes,Male,66.0,White,False,True,1,1,0,1,1,1,1,1,1,1,1,0,0,0,0,0,0,0,1,1,1,0,0,0,0,0,0,0,
dg.MD1R/ddd20d48-762b-4e5f-a890-8a2354176288,10000364-1472327,CT,10000364-1472327,Yes,Female,58.0,White,True,True,1,1,1,0,1,0,0,0,0,0,1,1,0,0,0,0,1,0,0,1,0,0,0,0,0,0,0,0,
dg.MD1R/273ffb94-f7a5-40ad-972a-a024bd9f2cdd,10041569-hGXklXiglkyibymE05GqA,CT,10041569-hGXklXiglkyibymE05GqA,Yes,Male,49.0,White,False,True,1,1,1,0,0,0,1,0,1,1,1,1,1,0,1,1,1,1,0,1,1,1,0,0,0,0,0,0,
dg.MD1R/5872739e-bdd3-49e2-a586-955cb0b93018,10041569-g7BegS168EGCpgRylILjoA,CT,10041569-g7BegS168EGCpgRylILjoA,Yes,Female,63.0,White,False,True,1,1,1,0,0,1,1,0,1,1,1,0,1,1,0,1,1,1,1,1,1,0,0,1,0,0,0,0,data/preprocessed/ct/5872739e-bdd3-49e2-a586-955cb0b93018.nii.gz
dg.MD1R/f38bc40e-4c32-4277-9c55-adbf97816fa6,10041569-kgAvx7uJ10ONCduLyMtlg,CT,10041569-kgAvx7uJ10ONCduLyMtlg,No,Male,52.0,White,False,True,1,1,0,0,1,0,1,0,1,0,1,0,1,0,1,1,1,1,0,1,0,0,0,0,0,0,0,0,
dg.MD1R/cb32da28-6f8a-483d-b035-97ec75e43018,10041569-g7BegS168EGCpgRylILjoA,CT,10041569-g7BegS168EGCpgRylILjoA,Yes,Female,63.0,White,False,True,1,1,1,0,0,1,1,0,1,1,1,0,1,1,0,1,1,1,1,1,1,0,0,1,0,0,0,0,data/preprocessed/ct/cb32da28-6f8a-483d-b035-97ec75e43018.nii.gz
dg.MD1R/5b14025c-91fd-4e92-8c50-06e82011d8ab,10000364-1604169,CT,10000364-1604169,Yes,Female,67.0,Not Reported,True,True,1,1,0,0,0,0,0,0,0,0,0,0,0,0,0,0,0,0,0,0,1,0,0,0,0,0,0,0,
dg.MD1R/4a1a77a0-0ae9-4ced-99ce-5c656a676954,10041569-r2jQ1Jeo5UW7QlTnmJ2Ug,CT,10041569-r2jQ1Jeo5UW7QlTnmJ2Ug,Yes,Male,26.0,White,False,True,1,1,0,0,0,1,1,0,0,0,1,0,0,0,1,1,1,0,0,0,1,0,0,0,0,0,0,0,
dg.MD1R/e9931d87-31a1-4a74-a079-07484258d0f6,10041569-g7BegS168EGCpgRylILjoA,CT,10041569-g7BegS168EGCpgRylILjoA,Yes,Female,63.0,White,False,True,1,1,1,0,0,1,1,0,1,1,1,0,1,1,0,1,1,1,1,1,1,0,0,1,0,0,0,0,data/preprocessed/ct/e9931d87-31a1-4a74-a079-07484258d0f6.nii.gz
dg.MD1R/cb68c3ad-619b-4133-b46e-b34b773b603b,10000364-1472327,CT,10000364-1472327,Yes,Female,58.0,White,True,True,1,1,1,0,1,0,0,0,0,0,1,1,0,0,0,0,1,0,0,1,0,0,0,0,0,0,0,0,
dg.MD1R/2408bccf-a059-4283-b338-caa962b49e10,10041569-SytwUN6koU6LLR3RcLHkA,CT,10041569-SytwUN6koU6LLR3RcLHkA,Yes,Female,62.0,Black or African American,False,False,1,1,0,0,0,0,1,0,1,0,1,0,1,0,1,1,1,1,1,1,1,1,0,0,0,0,0,0,data/preprocessed/ct/2408bccf-a059-4283-b338-caa962b49e10.nii.gz
dg.MD1R/b97184a1-f52f-4947-a2cc-43fa216cd877,10041569-g7BegS168EGCpgRylILjoA,CT,10041569-g7BegS168EGCpgRylILjoA,Yes,Female,63.0,White,False,True,1,1,1,0,0,1,1,0,1,1,1,0,1,1,0,1,1,1,1,1,1,0,0,1,0,0,0,0,data/preprocessed/ct/b97184a1-f52f-4947-a2cc-43fa216cd877.nii.gz
dg.MD1R/f5b6e7ba-b538-4bd4-8d11-36beb335d73b,10000364-1303431,CT,10000364-1303431,Yes,Male,78.0,Black or African American,True,False,1,1,0,0,0,0,0,0,0,0,0,0,1,0,0,0,0,1,0,0,0,0,0,0,0,0,0,0,
dg.MD1R/31b51bc1-34d3-44bd-ac67-139d5f612a42,10000364-1607263,CT,10000364-1607263,Yes,Female,64.0,Black or African American,True,True,1,1,1,0,0,0,1,0,1,0,1,0,0,0,0,0,1,0,0,1,0,0,0,0,0,0,0,0,
dg.MD1R/b9ec2db9-81ac-43bd-81ad-a1c32463a7d7,10041569-g7BegS168EGCpgRylILjoA,CT,10041569-g7BegS168EGCpgRylILjoA,Yes,Female,63.0,White,False,True,1,1,1,0,0,1,1,0,1,1,1,0,1,1,0,1,1,1,1,1,1,0,0,1,0,0,0,0,data/preprocessed/ct/b9ec2db9-81ac-43bd-81ad-a1c32463a7d7.nii.gz
dg.MD1R/4f263675-7dc6-4d96-86b3-e580917f65c3,10041569-NCqDv8OEUyQItLOWlNToA,CT,10041569-NCqDv8OEUyQItLOWlNToA,Yes,Female,61.0,White,False,True,1,1,0,0,1,1,1,0,1,0,1,0,1,1,1,0,1,0,0,1,1,1,0,0,0,0,0,0,
dg.MD1R/d880377c-94e0-464b-b0c5-bb70db3327d8,10041569-4DNktkkdXUGzSU6qGPxFEw,CT,10041569-4DNktkkdXUGzSU6qGPxFEw,Yes,Female,26.0,Black or African American,False,True,1,1,0,0,0,1,1,0,1,1,1,0,1,0,1,1,0,1,0,1,1,1,0,0,0,0,0,0,
dg.MD1R/e3e6f1f6-cfb0-4560-a07e-d32098c56368,10041569-YwgotNEPQUS9rTCEmYfvGg,CT,10041569-YwgotNEPQUS9rTCEmYfvGg,Yes,Male,43.0,Not Reported,False,True,1,1,1,0,0,1,1,1,1,1,1,0,0,0,0,1,1,0,0,1,1,0,0,0,0,1,0,0,
dg.MD1R/df082883-0033-4b6d-ae4c-657a9df017d9,10000364-5643090,CT,10000364-5643090,No,Female,76.0,White,False,True,0,1,0,0,0,0,0,0,0,0,0,0,0,0,0,0,0,1,0,0,0,0,0,0,0,0,0,0,
dg.MD1R/40ea4bb4-9f41-4a65-a609-2a542ddfa1f2,10000364-1288160,CT,10000364-1288160,Yes,Male,28.0,White,True,True,1,1,1,0,0,0,0,0,0,0,1,0,0,0,0,0,1,0,1,1,0,1,0,0,0,0,0,0,
dg.MD1R/8508d5b8-037b-4b69-a041-7d5f6f879394,10041569-ObI0JieKtE2oeNm5iAtegA,CT,10041569-ObI0JieKtE2oeNm5iAtegA,Yes,Male,57.0,Not Reported,False,True,1,1,0,0,0,1,1,1,1,1,1,0,1,0,1,1,1,1,0,0,0,0,0,0,0,0,0,0,
dg.MD1R/d142c94e-fe13-420c-833d-4bbf461d9b1d,10041569-c7w6HYO4oU7uSiC4lcZiA,CT,10041569-c7w6HYO4oU7uSiC4lcZiA,Yes,Male,66.0,White,False,True,1,1,0,1,1,1,1,1,1,1,1,0,0,0,0,0,0,0,1,1,1,0,0,0,0,0,0,0,
dg.MD1R/8c47f8bd-0189-40be-aa4c-0b4544d01ced,10041569-VGNu6FLHPEiGjPVNhzb7rA,CT,10041569-VGNu6FLHPEiGjPVNhzb7rA,Yes,Female,38.0,Black or African American,False,True,1,1,0,0,0,0,0,0,1,0,1,0,1,0,1,1,0,1,0,1,1,1,0,0,0,0,0,0,
dg.MD1R/c32aff4d-46dc-4fcd-9d75-6a63de7a9264,10041569-YwgotNEPQUS9rTCEmYfvGg,CT,10041569-YwgotNEPQUS9rTCEmYfvGg,Yes,Male,43.0,Not Reported,False,True,1,1,1,0,0,1,1,1,1,1,1,0,0,0,0,1,1,0,0,1,1,0,0,0,0,1,0,0,
dg.MD1R/d3376e03-6a55-4c4c-95fb-8152d20ea392,10000364-1256461,CT,10000364-1256461,Yes,Female,86.0,White,False,False,1,1,0,0,0,0,0,0,0,0,0,0,0,0,0,0,1,0,0,0,1,0,0,0,0,0,0,0,
dg.MD1R/758e4302-63d9-46fd-a81a-f5959f4dfdaf,10041569-c7w6HYO4oU7uSiC4lcZiA,CT,10041569-c7w6HYO4oU7uSiC4lcZiA,Yes,Male,66.0,White,False,True,1,1,0,1,1,1,1,1,1,1,1,0,0,0,0,0,0,0,1,1,1,0,0,0,0,0,0,0,
dg.MD1R/06268ef4-fa68-4580-9640-44b8d3451104,10000364-1472327,CT,10000364-1472327,Yes,Female,58.0,White,True,True,1,1,1,0,1,0,0,0,0,0,1,1,0,0,0,0,1,0,0,1,0,0,0,0,0,0,0,0,
dg.MD1R/ae1602d7-94a7-4f34-9047-dc774ddf0236,10041569-KTJisivBEW8eG11h3OmCQ,CT,10041569-KTJisivBEW8eG11h3OmCQ,Yes,Male,36.0,Not Reported,False,True,1,1,1,0,0,1,1,1,1,1,1,0,1,1,1,1,1,1,1,1,1,1,0,0,1,1,0,0,
dg.MD1R/21709476-69e8-40d0-8c45-2e9166611d0c,10041569-YwgotNEPQUS9rTCEmYfvGg,CT,10041569-YwgotNEPQUS9rTCEmYfvGg,Yes,Male,43.0,Not Reported,False,True,1,1,1,0,0,1,1,1,1,1,1,0,0,0,0,1,1,0,0,1,1,0,0,0,0,1,0,0,
dg.MD1R/3e44f2ce-0d09-455e-90f7-7d302927b79b,10000364-1303431,CT,10000364-1303431,Yes,Male,78.0,Black or African American,True,False,1,1,0,0,0,0,0,0,0,0,0,0,1,0,0,0,0,1,0,0,0,0,0,0,0,0,0,0,
dg.MD1R/92535428-0099-4fa1-9299-49cf1e27d09f,10041569-NSEL0dEU50iSJEeE7kzpPQ,CT,10041569-NSEL0dEU50iSJEeE7kzpPQ,Yes,Male,58.0,White,False,True,1,1,0,0,0,1,1,0,0,1,1,0,1,1,1,1,1,1,1,1,1,1,0,0,0,0,1,0,
dg.MD1R/1a42f62a-9374-4139-b657-52ab5336fd11,10000364-1256461,CT,10000364-1256461,Yes,Female,86.0,White,False,False,1,1,0,0,0,0,0,0,0,0,0,0,0,0,0,0,1,0,0,0,1,0,0,0,0,0,0,0,
dg.MD1R/1a55f455-70d6-47a6-8a96-68b113d0f9e2,10041569-YwgotNEPQUS9rTCEmYfvGg,CT,10041569-YwgotNEPQUS9rTCEmYfvGg,Yes,Male,43.0,Not Reported,False,True,1,1,1,0,0,1,1,1,1,1,1,0,0,0,0,1,1,0,0,1,1,0,0,0,0,1,0,0,
dg.MD1R/b0d1327e-753d-4138-8a81-b3c69954385b,10000364-1604169,CT,10000364-1604169,Yes,Female,67.0,Not Reported,True,True,1,1,0,0,0,0,0,0,0,0,0,0,0,0,0,0,0,0,0,0,1,0,0,0,0,0,0,0,
dg.MD1R/64f0930f-ac78-4198-ad15-c9f8b0e28003,10000364-1607263,CT,10000364-1607263,Yes,Female,64.0,Black or African American,True,True,1,1,1,0,0,0,1,0,1,0,1,0,0,0,0,0,1,0,0,1,0,0,0,0,0,0,0,0,
dg.MD1R/2d30071f-b052-48f7-b9ce-a78780b95120,10000364-5643090,CT,10000364-5643090,No,Female,76.0,White,False,True,0,1,0,0,0,0,0,0,0,0,0,0,0,0,0,0,0,1,0,0,0,0,0,0,0,0,0,0,
dg.MD1R/d1ceb026-a979-44b3-b4de-72fab1090294,10000364-1303431,CT,10000364-1303431,Yes,Male,78.0,Black or African American,True,False,1,1,0,0,0,0,0,0,0,0,0,0,1,0,0,0,0,1,0,0,0,0,0,0,0,0,0,0,
dg.MD1R/c467bb6c-d527-48ca-ac27-3a46d5164843,10000364-899490,CT,10000364-899490,Yes,Female,71.0,White,False,True,1,1,0,0,0,0,1,0,0,0,1,0,1,1,1,0,1,0,0,0,1,1,0,0,0,0,0,0,
dg.MD1R/0f996374-4ef4-4fc3-a470-3ee3224a6e34,10041569-DlqX5imb0ejWPhSL4fHg,CT,10041569-DlqX5imb0ejWPhSL4fHg,Yes,Female,73.0,Black or African American,False,True,1,1,1,0,1,1,0,0,1,0,1,0,1,0,1,1,1,1,0,1,1,1,0,0,0,0,1,0,
dg.MD1R/0c3b5b22-5d24-4a51-82d8-20a1352f0c83,10041569-SytwUN6koU6LLR3RcLHkA,CT,10041569-SytwUN6koU6LLR3RcLHkA,Yes,Female,62.0,Black or African American,False,False,1,1,0,0,0,0,1,0,1,0,1,0,1,0,1,1,1,1,1,1,1,1,0,0,0,0,0,0,data/preprocessed/ct/0c3b5b22-5d24-4a51-82d8-20a1352f0c83.nii.gz
dg.MD1R/72c39c7f-0200-4bfe-8b44-19d5ba661be2,10000364-1604169,CT,10000364-1604169,Yes,Female,67.0,Not Reported,True,True,1,1,0,0,0,0,0,0,0,0,0,0,0,0,0,0,0,0,0,0,1,0,0,0,0,0,0,0,
dg.MD1R/1582b2a0-a320-472a-afa3-a72f6e369604,10041569-0MlpwvpeqkmKqEG4iMez6g,CT,10041569-0MlpwvpeqkmKqEG4iMez6g,Yes,Male,54.0,White,False,True,1,1,1,0,1,1,1,1,0,0,1,0,0,0,0,0,1,1,0,1,0,0,0,0,0,0,0,0,
dg.MD1R/9de40da9-8ede-48a4-9c8e-c0e9c235bb31,10041569-r2jQ1Jeo5UW7QlTnmJ2Ug,CT,10041569-r2jQ1Jeo5UW7QlTnmJ2Ug,Yes,Male,26.0,White,False,True,1,1,0,0,0,1,1,0,0,0,1,0,0,0,1,1,1,0,0,0,1,0,0,0,0,0,0,0,
dg.MD1R/811107ef-b12c-499b-90a7-ca77ae00cf15,10041569-VGNu6FLHPEiGjPVNhzb7rA,CT,10041569-VGNu6FLHPEiGjPVNhzb7rA,Yes,Female,38.0,Black or African American,False,True,1,1,0,0,0,0,0,0,1,0,1,0,1,0,1,1,0,1,0,1,1,1,0,0,0,0,0,0,
dg.MD1R/3cb9a2e3-6ebd-4fa0-84e3-897ec927016f,10000364-1288160,CT,10000364-1288160,Yes,Male,28.0,White,True,True,1,1,1,0,0,0,0,0,0,0,1,0,0,0,0,0,1,0,1,1,0,1,0,0,0,0,0,0,
dg.MD1R/1cadcc18-8fc2-4654-9c1f-81f1de3a12fd,10041569-0MlpwvpeqkmKqEG4iMez6g,CT,10041569-0MlpwvpeqkmKqEG4iMez6g,Yes,Male,54.0,White,False,True,1,1,1,0,1,1,1,1,0,0,1,0,0,0,0,0,1,1,0,1,0,0,0,0,0,0,0,0,
dg.MD1R/213a7d8b-2c4e-4e13-9644-07f39ab73d58,10000364-5643090,CT,10000364-5643090,No,Female,76.0,White,False,True,0,1,0,0,0,0,0,0,0,0,0,0,0,0,0,0,0,1,0,0,0,0,0,0,0,0,0,0,
dg.MD1R/934974fe-086f-4927-894f-8b51bd4d9221,10041569-qyn7o7O1MkWMKhOmffWoA,CT,10041569-qyn7o7O1MkWMKhOmffWoA,Yes,Male,67.0,Black or African American,False,False,1,1,1,0,1,1,1,1,1,0,1,0,0,0,1,0,0,1,0,1,0,1,0,0,0,0,0,0,
dg.MD1R/a46d65e3-1caa-4ea9-9c94-35f831d8978b,10041569-rdL12m75aU6AT4OZNtG2Aw,CT,10041569-rdL12m75aU6AT4OZNtG2Aw,Yes,Male,51.0,Black or African American,False,True,1,1,1,0,0,1,1,0,1,1,1,0,1,0,1,1,1,1,1,1,1,1,0,0,0,0,1,0,data/preprocessed/ct/a46d65e3-1caa-4ea9-9c94-35f831d8978b.nii.gz
dg.MD1R/76dfcda4-a0fc-4912-8d09-ca64aa175360,10041569-YIon3HGGUa4N81uJEoWmg,CT,10041569-YIon3HGGUa4N81uJEoWmg,Yes,Male,84.0,Black or African American,False,False,1,1,1,0,1,1,1,0,1,0,1,0,1,0,1,1,1,1,1,1,1,1,0,0,0,1,0,0,
dg.MD1R/6773cd61-2740-4aec-b5b1-86b9e1477941,10041569-YIon3HGGUa4N81uJEoWmg,CT,10041569-YIon3HGGUa4N81uJEoWmg,Yes,Male,84.0,Black or African American,False,False,1,1,1,0,1,1,1,0,1,0,1,0,1,0,1,1,1,1,1,1,1,1,0,0,0,1,0,0,
dg.MD1R/40d2a235-0319-47be-b67f-31d448a17c76,10041569-4DNktkkdXUGzSU6qGPxFEw,CT,10041569-4DNktkkdXUGzSU6qGPxFEw,Yes,Female,26.0,Black or African American,False,True,1,1,0,0,0,1,1,0,1,1,1,0,1,0,1,1,0,1,0,1,1,1,0,0,0,0,0,0,
dg.MD1R/d30197a8-420d-4669-9194-c10bada7073e,10000364-1288160,CT,10000364-1288160,Yes,Male,28.0,White,True,True,1,1,1,0,0,0,0,0,0,0,1,0,0,0,0,0,1,0,1,1,0,1,0,0,0,0,0,0,
dg.MD1R/ca162d4a-67c0-468e-bef9-54658d3e83ee,10041569-YIon3HGGUa4N81uJEoWmg,CT,10041569-YIon3HGGUa4N81uJEoWmg,Yes,Male,84.0,Black or African American,False,False,1,1,1,0,1,1,1,0,1,0,1,0,1,0,1,1,1,1,1,1,1,1,0,0,0,1,0,0,
dg.MD1R/62425beb-2f73-410f-a024-5a8ba6284dad,10041569-DlqX5imb0ejWPhSL4fHg,CT,10041569-DlqX5imb0ejWPhSL4fHg,Yes,Female,73.0,Black or African American,False,True,1,1,1,0,1,1,0,0,1,0,1,0,1,0,1,1,1,1,0,1,1,1,0,0,0,0,1,0,
dg.MD1R/8c38c964-f1bf-450d-bea9-895f1882a06b,10041569-g7BegS168EGCpgRylILjoA,CT,10041569-g7BegS168EGCpgRylILjoA,Yes,Female,63.0,White,False,True,1,1,1,0,0,1,1,0,1,1,1,0,1,1,0,1,1,1,1,1,1,0,0,1,0,0,0,0,data/preprocessed/ct/8c38c964-f1bf-450d-bea9-895f1882a06b.nii.gz
dg.MD1R/2edf47f3-dc1c-4e7d-a45a-c7c1fda3dc5a,10041569-r2jQ1Jeo5UW7QlTnmJ2Ug,CT,10041569-r2jQ1Jeo5UW7QlTnmJ2Ug,Yes,Male,26.0,White,False,True,1,1,0,0,0,1,1,0,0,0,1,0,0,0,1,1,1,0,0,0,1,0,0,0,0,0,0,0,
dg.MD1R/d719efaf-2c45-4768-9b81-310ab621002b,10041569-g7BegS168EGCpgRylILjoA,CT,10041569-g7BegS168EGCpgRylILjoA,Yes,Female,63.0,White,False,True,1,1,1,0,0,1,1,0,1,1,1,0,1,1,0,1,1,1,1,1,1,0,0,1,0,0,0,0,data/preprocessed/ct/d719efaf-2c45-4768-9b81-310ab621002b.nii.gz
dg.MD1R/517b53e2-5452-403c-a74f-b029d8401a5e,10041569-VGNu6FLHPEiGjPVNhzb7rA,CT,10041569-VGNu6FLHPEiGjPVNhzb7rA,Yes,Female,38.0,Black or African American,False,True,1,1,0,0,0,0,0,0,1,0,1,0,1,0,1,1,0,1,0,1,1,1,0,0,0,0,0,0,
dg.MD1R/51bab5c6-2e52-40b7-811e-24d1aa72b5da,10000364-1303431,CT,10000364-1303431,Yes,Male,78.0,Black or African American,True,False,1,1,0,0,0,0,0,0,0,0,0,0,1,0,0,0,0,1,0,0,0,0,0,0,0,0,0,0,
dg.MD1R/f352d9be-425c-4a62-aa8a-be8b56834f79,10041569-ObI0JieKtE2oeNm5iAtegA,CT,10041569-ObI0JieKtE2oeNm5iAtegA,Yes,Male,57.0,Not Reported,False,True,1,1,0,0,0,1,1,1,1,1,1,0,1,0,1,1,1,1,0,0,0,0,0,0,0,0,0,0,
dg.MD1R/f38647d1-f69c-48d8-9b09-dd12272113f2,10041569-NCqDv8OEUyQItLOWlNToA,CT,10041569-NCqDv8OEUyQItLOWlNToA,Yes,Female,61.0,White,False,True,1,1,0,0,1,1,1,0,1,0,1,0,1,1,1,0,1,0,0,1,1,1,0,0,0,0,0,0,
dg.MD1R/72796c9a-7d8c-4115-a901-972be29ab60e,10041569-c7w6HYO4oU7uSiC4lcZiA,CT,10041569-c7w6HYO4oU7uSiC4lcZiA,Yes,Male,66.0,White,False,True,1,1,0,1,1,1,1,1,1,1,1,0,0,0,0,0,0,0,1,1,1,0,0,0,0,0,0,0,
dg.MD1R/a446d6be-1013-4f88-8a56-03cb899f0f1d,10000364-1303431,CT,10000364-1303431,Yes,Male,78.0,Black or African American,True,False,1,1,0,0,0,0,0,0,0,0,0,0,1,0,0,0,0,1,0,0,0,0,0,0,0,0,0,0,
dg.MD1R/bfc68330-3654-47b5-bb26-b4b0239c60fc,10041569-g7BegS168EGCpgRylILjoA,CT,10041569-g7BegS168EGCpgRylILjoA,Yes,Female,63.0,White,False,True,1,1,1,0,0,1,1,0,1,1,1,0,1,1,0,1,1,1,1,1,1,0,0,1,0,0,0,0,data/preprocessed/ct/bfc68330-3654-47b5-bb26-b4b0239c60fc.nii.gz
dg.MD1R/11112b94-3d41-4dcb-b6d7-e371f056a427,10041569-PM8BrEOGvEyWPkLhhZ94XQ,CT,10041569-PM8BrEOGvEyWPkLhhZ94XQ,Yes,Male,66.0,Black or African American,False,True,1,1,1,1,0,1,1,1,1,1,1,0,0,0,1,0,0,0,0,1,1,0,1,0,0,0,0,0,
dg.MD1R/0d04adaa-3095-4fd5-b7a3-e8c895608f4b,10041569-DlqX5imb0ejWPhSL4fHg,CT,10041569-DlqX5imb0ejWPhSL4fHg,Yes,Female,73.0,Black or African American,False,True,1,1,1,0,1,1,0,0,1,0,1,0,1,0,1,1,1,1,0,1,1,1,0,0,0,0,1,0,
dg.MD1R/ed269982-9954-417e-befb-2508c19aa3b2,10041569-hGXklXiglkyibymE05GqA,CT,10041569-hGXklXiglkyibymE05GqA,Yes,Male,49.0,White,False,True,1,1,1,0,0,0,1,0,1,1,1,1,1,0,1,1,1,1,0,1,1,1,0,0,0,0,0,0,
dg.MD1R/b2f7e099-29a6-4800-ac7d-bda1f495665b,10041569-NCqDv8OEUyQItLOWlNToA,CT,10041569-NCqDv8OEUyQItLOWlNToA,Yes,Female,61.0,White,False,True,1,1,0,0,1,1,1,0,1,0,1,0,1,1,1,0,1,0,0,1,1,1,0,0,0,0,0,0,
dg.MD1R/e8650fcd-4c88-4d33-bd73-9932548edaee,10041569-NCqDv8OEUyQItLOWlNToA,CT,10041569-NCqDv8OEUyQItLOWlNToA,Yes,Female,61.0,White,False,True,1,1,0,0,1,1,1,0,1,0,1,0,1,1,1,0,1,0,0,1,1,1,0,0,0,0,0,0,
dg.MD1R/ed635894-efe5-4e74-926a-40952ff9663e,10041569-DlqX5imb0ejWPhSL4fHg,CT,10041569-DlqX5imb0ejWPhSL4fHg,Yes,Female,73.0,Black or African American,False,True,1,1,1,0,1,1,0,0,1,0,1,0,1,0,1,1,1,1,0,1,1,1,0,0,0,0,1,0,
dg.MD1R/b9a79b6f-705e-4d6d-8ad1-a044be65d8f2,10041569-0MlpwvpeqkmKqEG4iMez6g,CT,10041569-0MlpwvpeqkmKqEG4iMez6g,Yes,Male,54.0,White,False,True,1,1,1,0,1,1,1,1,0,0,1,0,0,0,0,0,1,1,0,1,0,0,0,0,0,0,0,0,
dg.MD1R/1e11881c-32ec-418a-ac19-0ab2abba5abb,10041569-eL6G9dsawkq2QuiCGa8i7Q,CT,10041569-eL6G9dsawkq2QuiCGa8i7Q,Yes,Male,62.0,White,False,False,1,1,1,0,0,0,1,0,1,0,1,0,0,0,0,0,0,0,0,1,1,1,0,0,0,0,0,0,
dg.MD1R/1e85a47f-378c-445f-b804-34d2b6c1b63c,10041569-5mEhtO0KQ0Ocq21FWZ6jQ,CT,10041569-5mEhtO0KQ0Ocq21FWZ6jQ,Yes,Male,65.0,Black or African American,False,True,1,1,1,0,0,1,0,1,0,0,1,0,0,0,0,1,1,0,0,1,0,1,0,0,0,0,1,0,
dg.MD1R/43fec1ea-a8b6-49cb-b970-2512bce45425,10000364-1607263,CT,10000364-1607263,Yes,Female,64.0,Black or African American,True,True,1,1,1,0,0,0,1,0,1,0,1,0,0,0,0,0,1,0,0,1,0,0,0,0,0,0,0,0,
dg.MD1R/51cf21c1-bb6f-4dce-842c-9d7d54a2c160,10041569-kgAvx7uJ10ONCduLyMtlg,CT,10041569-kgAvx7uJ10ONCduLyMtlg,No,Male,52.0,White,False,True,1,1,0,0,1,0,1,0,1,0,1,0,1,0,1,1,1,1,0,1,0,0,0,0,0,0,0,0,
dg.MD1R/82ab785c-03ef-4aa2-b463-c7ce8d21e879,10041569-4DNktkkdXUGzSU6qGPxFEw,CT,10041569-4DNktkkdXUGzSU6qGPxFEw,Yes,Female,26.0,Black or African American,False,True,1,1,0,0,0,1,1,0,1,1,1,0,1,0,1,1,0,1,0,1,1,1,0,0,0,0,0,0,
dg.MD1R/c48ca9f9-02b0-4919-8881-3e606ba5532b,10041569-g7BegS168EGCpgRylILjoA,CT,10041569-g7BegS168EGCpgRylILjoA,Yes,Female,63.0,White,False,True,1,1,1,0,0,1,1,0,1,1,1,0,1,1,0,1,1,1,1,1,1,0,0,1,0,0,0,0,data/preprocessed/ct/c48ca9f9-02b0-4919-8881-3e606ba5532b.nii.gz
dg.MD1R/3673f21e-c235-426a-82de-51f8a965fa25,10041569-0MlpwvpeqkmKqEG4iMez6g,CT,10041569-0MlpwvpeqkmKqEG4iMez6g,Yes,Male,54.0,White,False,True,1,1,1,0,1,1,1,1,0,0,1,0,0,0,0,0,1,1,0,1,0,0,0,0,0,0,0,0,
dg.MD1R/f12ea89b-ec46-4a09-a1e6-6a6c28611ea6,10041569-c7w6HYO4oU7uSiC4lcZiA,CT,10041569-c7w6HYO4oU7uSiC4lcZiA,Yes,Male,66.0,White,False,True,1,1,0,1,1,1,1,1,1,1,1,0,0,0,0,0,0,0,1,1,1,0,0,0,0,0,0,0,
dg.MD1R/6c4cf1f3-6669-489b-99e4-90387c9ce9d3,10041569-KTJisivBEW8eG11h3OmCQ,CT,10041569-KTJisivBEW8eG11h3OmCQ,Yes,Male,36.0,Not Reported,False,True,1,1,1,0,0,1,1,1,1,1,1,0,1,1,1,1,1,1,1,1,1,1,0,0,1,1,0,0,
dg.MD1R/8ff48477-b0ab-418e-add0-da94a31f7d0e,10041569-YwgotNEPQUS9rTCEmYfvGg,CT,10041569-YwgotNEPQUS9rTCEmYfvGg,Yes,Male,43.0,Not Reported,False,True,1,1,1,0,0,1,1,1,1,1,1,0,0,0,0,1,1,0,0,1,1,0,0,0,0,1,0,0,
dg.MD1R/4783786b-09c3-4f64-aac1-261ad835035b,10000364-1472327,CT,10000364-1472327,Yes,Female,58.0,White,True,True,1,1,1,0,1,0,0,0,0,0,1,1,0,0,0,0,1,0,0,1,0,0,0,0,0,0,0,0,
dg.MD1R/be44a4bd-f5e7-4fea-8c95-724c5f20982d,10041569-YwgotNEPQUS9rTCEmYfvGg,CT,10041569-YwgotNEPQUS9rTCEmYfvGg,Yes,Male,43.0,Not Reported,False,True,1,1,1,0,0,1,1,1,1,1,1,0,0,0,0,1,1,0,0,1,1,0,0,0,0,1,0,0,
dg.MD1R/171c2b0f-6376-4588-8607-4dc458565d1d,10041569-g7BegS168EGCpgRylILjoA,CT,10041569-g7BegS168EGCpgRylILjoA,Yes,Female,63.0,White,False,True,1,1,1,0,0,1,1,0,1,1,1,0,1,1,0,1,1,1,1,1,1,0,0,1,0,0,0,0,data/preprocessed/ct/171c2b0f-6376-4588-8607-4dc458565d1d.nii.gz
dg.MD1R/eebc3890-006e-46d4-b2fa-04cbb2ad74ae,10041569-0MlpwvpeqkmKqEG4iMez6g,CT,10041569-0MlpwvpeqkmKqEG4iMez6g,Yes,Male,54.0,White,False,True,1,1,1,0,1,1,1,1,0,0,1,0,0,0,0,0,1,1,0,1,0,0,0,0,0,0,0,0,
dg.MD1R/6c382f09-d6bf-4b08-a04c-c4972f1a1318,10000364-1256461,CT,10000364-1256461,Yes,Female,86.0,White,False,False,1,1,0,0,0,0,0,0,0,0,0,0,0,0,0,0,1,0,0,0,1,0,0,0,0,0,0,0,
dg.MD1R/7a4361bd-c24d-4e88-9c4b-3999e2697322,10041569-c7w6HYO4oU7uSiC4lcZiA,CT,10041569-c7w6HYO4oU7uSiC4lcZiA,Yes,Male,66.0,White,False,True,1,1,0,1,1,1,1,1,1,1,1,0,0,0,0,0,0,0,1,1,1,0,0,0,0,0,0,0,
dg.MD1R/13327821-37e7-41ae-97c6-06115f06b06d,10041569-YwgotNEPQUS9rTCEmYfvGg,CT,10041569-YwgotNEPQUS9rTCEmYfvGg,Yes,Male,43.0,Not Reported,False,True,1,1,1,0,0,1,1,1,1,1,1,0,0,0,0,1,1,0,0,1,1,0,0,0,0,1,0,0,
dg.MD1R/dd5bf432-c9db-4001-897e-5074c63a9266,10000364-1290721,CT,10000364-1290721,Yes,Male,81.0,Not Reported,False,True,1,0,1,0,1,0,0,0,0,0,0,0,0,0,0,0,0,0,0,0,0,0,0,0,0,0,0,0,
dg.MD1R/6bde4a7f-4d9e-4638-b544-5964acb6db4d,10000364-1472327,CT,10000364-1472327,Yes,Female,58.0,White,True,True,1,1,1,0,1,0,0,0,0,0,1,1,0,0,0,0,1,0,0,1,0,0,0,0,0,0,0,0,
dg.MD1R/3b655517-957e-4b8e-987e-5d3c7917042c,10041569-hGXklXiglkyibymE05GqA,CT,10041569-hGXklXiglkyibymE05GqA,Yes,Male,49.0,White,False,True,1,1,1,0,0,0,1,0,1,1,1,1,1,0,1,1,1,1,0,1,1,1,0,0,0,0,0,0,
dg.MD1R/52f809d7-163b-424e-87af-e4e2f44505b5,10000364-1472327,CT,10000364-1472327,Yes,Female,58.0,White,True,True,1,1,1,0,1,0,0,0,0,0,1,1,0,0,0,0,1,0,0,1,0,0,0,0,0,0,0,0,
dg.MD1R/bb6de569-0fa1-4e9c-ac48-a687b78695c3,10041569-g7BegS168EGCpgRylILjoA,CT,10041569-g7BegS168EGCpgRylILjoA,Yes,Female,63.0,White,False,True,1,1,1,0,0,1,1,0,1,1,1,0,1,1,0,1,1,1,1,1,1,0,0,1,0,0,0,0,data/preprocessed/ct/bb6de569-0fa1-4e9c-ac48-a687b78695c3.nii.gz
dg.MD1R/a4ca1119-713c-4429-84cb-7221a5f8b037,10000364-1290721,CT,10000364-1290721,Yes,Male,81.0,Not Reported,False,True,1,0,1,0,1,0,0,0,0,0,0,0,0,0,0,0,0,0,0,0,0,0,0,0,0,0,0,0,
dg.MD1R/1d99ebc1-2c33-43f8-981c-e03d82e23942,10041569-PM8BrEOGvEyWPkLhhZ94XQ,CT,10041569-PM8BrEOGvEyWPkLhhZ94XQ,Yes,Male,66.0,Black or African American,False,True,1,1,1,1,0,1,1,1,1,1,1,0,0,0,1,0,0,0,0,1,1,0,1,0,0,0,0,0,
dg.MD1R/d6d01660-b9c0-4cc9-ac53-7eabb7513d36,10041569-hGXklXiglkyibymE05GqA,CT,10041569-hGXklXiglkyibymE05GqA,Yes,Male,49.0,White,False,True,1,1,1,0,0,0,1,0,1,1,1,1,1,0,1,1,1,1,0,1,1,1,0,0,0,0,0,0,
dg.MD1R/1ddde6f6-07c7-4093-a52a-e3db4a925d0d,10000364-1472327,CT,10000364-1472327,Yes,Female,58.0,White,True,True,1,1,1,0,1,0,0,0,0,0,1,1,0,0,0,0,1,0,0,1,0,0,0,0,0,0,0,0,
dg.MD1R/9f1bc751-7d10-4e51-be60-f01be3e5e343,10041569-rdL12m75aU6AT4OZNtG2Aw,CT,10041569-rdL12m75aU6AT4OZNtG2Aw,Yes,Male,51.0,Black or African American,False,True,1,1,1,0,0,1,1,0,1,1,1,0,1,0,1,1,1,1,1,1,1,1,0,0,0,0,1,0,data/preprocessed/ct/9f1bc751-7d10-4e51-be60-f01be3e5e343.nii.gz
dg.MD1R/aa2ad47e-465e-40db-bdee-82313bb58313,10000364-5744553,CT,10000364-5744553,Yes,Male,64.0,White,True,True,1,0,1,0,0,0,0,0,0,0,0,0,1,0,0,0,1,1,0,1,1,0,0,0,0,0,0,0,
dg.MD1R/6af2fb6d-3bba-4368-9885-f55fd0a01997,10041569-DlqX5imb0ejWPhSL4fHg,CT,10041569-DlqX5imb0ejWPhSL4fHg,Yes,Female,73.0,Black or African American,False,True,1,1,1,0,1,1,0,0,1,0,1,0,1,0,1,1,1,1,0,1,1,1,0,0,0,0,1,0,
dg.MD1R/b735fd96-8bbc-497e-9477-c46e79ab2a34,10041569-eL6G9dsawkq2QuiCGa8i7Q,CT,10041569-eL6G9dsawkq2QuiCGa8i7Q,Yes,Male,62.0,White,False,False,1,1,1,0,0,0,1,0,1,0,1,0,0,0,0,0,0,0,0,1,1,1,0,0,0,0,0,0,
dg.MD1R/891c3690-e607-4025-8ae8-e2bf001789d8,10041569-YIon3HGGUa4N81uJEoWmg,CT,10041569-YIon3HGGUa4N81uJEoWmg,Yes,Male,84.0,Black or African American,False,False,1,1,1,0,1,1,1,0,1,0,1,0,1,0,1,1,1,1,1,1,1,1,0,0,0,1,0,0,
dg.MD1R/31985f16-1d38-4ee0-9eaa-926daac0965a,10000364-1290721,CT,10000364-1290721,Yes,Male,81.0,Not Reported,False,True,1,0,1,0,1,0,0,0,0,0,0,0,0,0,0,0,0,0,0,0,0,0,0,0,0,0,0,0,
dg.MD1R/16a5aa71-3cae-4991-bca8-5c223ce5a4d1,10041569-YIon3HGGUa4N81uJEoWmg,CT,10041569-YIon3HGGUa4N81uJEoWmg,Yes,Male,84.0,Black or African American,False,False,1,1,1,0,1,1,1,0,1,0,1,0,1,0,1,1,1,1,1,1,1,1,0,0,0,1,0,0,
dg.MD1R/4f6672e8-651e-4219-b171-cd5fb481e246,10041569-g7BegS168EGCpgRylILjoA,CT,10041569-g7BegS168EGCpgRylILjoA,Yes,Female,63.0,White,False,True,1,1,1,0,0,1,1,0,1,1,1,0,1,1,0,1,1,1,1,1,1,0,0,1,0,0,0,0,data/preprocessed/ct/4f6672e8-651e-4219-b171-cd5fb481e246.nii.gz
dg.MD1R/1464ae4a-5afb-4057-b3ca-bba6b4c8c44b,10000364-1290721,CT,10000364-1290721,Yes,Male,81.0,Not Reported,False,True,1,0,1,0,1,0,0,0,0,0,0,0,0,0,0,0,0,0,0,0,0,0,0,0,0,0,0,0,
dg.MD1R/32c9f612-373c-4a12-bad0-39839dc9e9b9,10000364-1290721,CT,10000364-1290721,Yes,Male,81.0,Not Reported,False,True,1,0,1,0,1,0,0,0,0,0,0,0,0,0,0,0,0,0,0,0,0,0,0,0,0,0,0,0,
dg.MD1R/934d4746-16a9-4848-8d0a-6e6164a80338,10000364-1290721,CT,10000364-1290721,Yes,Male,81.0,Not Reported,False,True,1,0,1,0,1,0,0,0,0,0,0,0,0,0,0,0,0,0,0,0,0,0,0,0,0,0,0,0,
dg.MD1R/5ea3e0a5-f219-4f8b-8b5b-9222d63eef2b,10000364-1290721,CT,10000364-1290721,Yes,Male,81.0,Not Reported,False,True,1,0,1,0,1,0,0,0,0,0,0,0,0,0,0,0,0,0,0,0,0,0,0,0,0,0,0,0,
dg.MD1R/6d02e730-edc4-4211-866c-c9a15576449b,10000364-1146253,CT,10000364-1146253,Yes,Male,70.0,White,True,True,1,0,1,0,1,0,0,0,0,0,1,0,1,0,0,0,1,1,0,0,1,1,0,0,0,0,0,0,
dg.MD1R/3ed0fda9-56c3-4e80-8e10-0a9213d99f2b,10000364-1472327,CT,10000364-1472327,Yes,Female,58.0,White,True,True,1,1,1,0,1,0,0,0,0,0,1,1,0,0,0,0,1,0,0,1,0,0,0,0,0,0,0,0,
dg.MD1R/9a0fef21-32c6-4dd1-95f6-20b4bf1f4932,10000364-1288160,CT,10000364-1288160,Yes,Male,28.0,White,True,True,1,1,1,0,0,0,0,0,0,0,1,0,0,0,0,0,1,0,1,1,0,1,0,0,0,0,0,0,
dg.MD1R/0f721d61-ad16-4cc9-a805-5a6bea8ab30c,10041569-hGXklXiglkyibymE05GqA,CT,10041569-hGXklXiglkyibymE05GqA,Yes,Male,49.0,White,False,True,1,1,1,0,0,0,1,0,1,1,1,1,1,0,1,1,1,1,0,1,1,1,0,0,0,0,0,0,
dg.MD1R/5e38e0fd-6b53-4ce1-a355-091afd8b150b,10000364-1260382,CT,10000364-1260382,Yes,Female,80.0,White,True,True,1,0,1,0,1,0,0,0,0,0,0,0,0,0,0,0,1,0,0,0,1,0,0,0,0,0,1,0,data/preprocessed/ct/5e38e0fd-6b53-4ce1-a355-091afd8b150b.nii.gz
dg.MD1R/5ea60b36-b8ef-443e-9b5c-3c5cac5e37d9,10041569-2WbOmaZUqE23vA7fnyC4w,CT,10041569-2WbOmaZUqE23vA7fnyC4w,Yes,Male,48.0,Not Reported,False,True,1,1,1,0,0,1,1,1,1,0,1,0,0,0,1,1,1,0,1,1,1,1,0,0,0,0,0,0,
dg.MD1R/feef5220-9b41-4eb4-a745-64ffad418a74,10000364-6303877,CT,10000364-6303877,Yes,Female,64.0,White,True,False,1,1,1,0,0,0,1,0,0,0,0,1,0,0,0,0,0,0,0,0,0,0,0,0,0,0,0,0,
dg.MD1R/48fd3df6-29df-4521-9096-e44fc68294fe,10000364-1607263,CT,10000364-1607263,Yes,Female,64.0,Black or African American,True,True,1,1,1,0,0,0,1,0,1,0,1,0,0,0,0,0,1,0,0,1,0,0,0,0,0,0,0,0,
dg.MD1R/1859ad38-3806-46a7-9d5e-4dfdc6aeaf2b,10000364-1607263,CT,10000364-1607263,Yes,Female,64.0,Black or African American,True,True,1,1,1,0,0,0,1,0,1,0,1,0,0,0,0,0,1,0,0,1,0,0,0,0,0,0,0,0,
dg.MD1R/5a6aaa46-701c-448d-a35b-b204f75c8e8e,10041569-eL6G9dsawkq2QuiCGa8i7Q,CT,10041569-eL6G9dsawkq2QuiCGa8i7Q,Yes,Male,62.0,White,False,False,1,1,1,0,0,0,1,0,1,0,1,0,0,0,0,0,0,0,0,1,1,1,0,0,0,0,0,0,
dg.MD1R/28bbd767-a673-41d9-b2c7-e14c7d9c832d,10041569-g7BegS168EGCpgRylILjoA,CT,10041569-g7BegS168EGCpgRylILjoA,Yes,Female,63.0,White,False,True,1,1,1,0,0,1,1,0,1,1,1,0,1,1,0,1,1,1,1,1,1,0,0,1,0,0,0,0,data/preprocessed/ct/28bbd767-a673-41d9-b2c7-e14c7d9c832d.nii.gz
dg.MD1R/a409d612-a4bf-4408-924d-0c128738373c,10041569-DlqX5imb0ejWPhSL4fHg,CT,10041569-DlqX5imb0ejWPhSL4fHg,Yes,Female,73.0,Black or African American,False,True,1,1,1,0,1,1,0,0,1,0,1,0,1,0,1,1,1,1,0,1,1,1,0,0,0,0,1,0,
dg.MD1R/c7a50189-99fe-4457-828a-3210f547e70c,10000364-1373610,CT,10000364-1373610,Yes,Male,74.0,Not Reported,True,True,1,0,1,1,0,0,0,0,0,0,0,0,1,0,0,0,0,0,0,1,1,1,0,0,0,0,0,0,
dg.MD1R/386aa5d5-2655-4749-8361-a2bc5d06f723,10041569-DlqX5imb0ejWPhSL4fHg,CT,10041569-DlqX5imb0ejWPhSL4fHg,Yes,Female,73.0,Black or African American,False,True,1,1,1,0,1,1,0,0,1,0,1,0,1,0,1,1,1,1,0,1,1,1,0,0,0,0,1,0,
dg.MD1R/84fc2418-dbdd-46aa-9d1c-a853f64d89e3,10041569-g7BegS168EGCpgRylILjoA,CT,10041569-g7BegS168EGCpgRylILjoA,Yes,Female,63.0,White,False,True,1,1,1,0,0,1,1,0,1,1,1,0,1,1,0,1,1,1,1,1,1,0,0,1,0,0,0,0,data/preprocessed/ct/84fc2418-dbdd-46aa-9d1c-a853f64d89e3.nii.gz
dg.MD1R/92dfdfbc-06ad-4aad-bd33-5c16c8fdd566,10000364-1290721,CT,10000364-1290721,Yes,Male,81.0,Not Reported,False,True,1,0,1,0,1,0,0,0,0,0,0,0,0,0,0,0,0,0,0,0,0,0,0,0,0,0,0,0,
dg.MD1R/88ae6587-7cda-47a3-9cb2-3cc88cf2690d,10041569-g7BegS168EGCpgRylILjoA,CT,10041569-g7BegS168EGCpgRylILjoA,Yes,Female,63.0,White,False,True,1,1,1,0,0,1,1,0,1,1,1,0,1,1,0,1,1,1,1,1,1,0,0,1,0,0,0,0,data/preprocessed/ct/88ae6587-7cda-47a3-9cb2-3cc88cf2690d.nii.gz
dg.MD1R/c98f5749-de82-464b-a2a9-9fc7a832aa30,10041569-DlqX5imb0ejWPhSL4fHg,CT,10041569-DlqX5imb0ejWPhSL4fHg,Yes,Female,73.0,Black or African American,False,True,1,1,1,0,1,1,0,0,1,0,1,0,1,0,1,1,1,1,0,1,1,1,0,0,0,0,1,0,
dg.MD1R/d50f4540-d826-4722-a9af-c562c01b7669,10000364-1260382,CT,10000364-1260382,Yes,Female,80.0,White,True,True,1,0,1,0,1,0,0,0,0,0,0,0,0,0,0,0,1,0,0,0,1,0,0,0,0,0,1,0,data/preprocessed/ct/d50f4540-d826-4722-a9af-c562c01b7669.nii.gz
dg.MD1R/9deaae99-4369-4a80-bf9a-16994821054e,10041569-KTJisivBEW8eG11h3OmCQ,CT,10041569-KTJisivBEW8eG11h3OmCQ,Yes,Male,36.0,Not Reported,False,True,1,1,1,0,0,1,1,1,1,1,1,0,1,1,1,1,1,1,1,1,1,1,0,0,1,1,0,0,
dg.MD1R/f43b9c7d-8847-46b5-97c9-0fb769196cb6,10041569-g7BegS168EGCpgRylILjoA,CT,10041569-g7BegS168EGCpgRylILjoA,Yes,Female,63.0,White,False,True,1,1,1,0,0,1,1,0,1,1,1,0,1,1,0,1,1,1,1,1,1,0,0,1,0,0,0,0,data/preprocessed/ct/f43b9c7d-8847-46b5-97c9-0fb769196cb6.nii.gz
dg.MD1R/a02ba825-b918-4bad-a7dd-9691e01867be,10000364-2606228,CT,10000364-2606228,Yes,Female,86.0,White,True,False,1,0,1,0,0,0,0,0,0,0,0,0,0,0,0,0,0,0,0,0,0,0,0,0,0,0,0,0,
dg.MD1R/1c97506d-9a09-403d-b2db-a8c1bb0eb505,10041569-hGXklXiglkyibymE05GqA,CT,10041569-hGXklXiglkyibymE05GqA,Yes,Male,49.0,White,False,True,1,1,1,0,0,0,1,0,1,1,1,1,1,0,1,1,1,1,0,1,1,1,0,0,0,0,0,0,
dg.MD1R/93884da5-6cf9-4774-a793-fe1ca7101a9d,10000364-1288160,CT,10000364-1288160,Yes,Male,28.0,White,True,True,1,1,1,0,0,0,0,0,0,0,1,0,0,0,0,0,1,0,1,1,0,1,0,0,0,0,0,0,
dg.MD1R/a3b40239-bb03-4220-a073-db32a74e27a1,10041569-g7BegS168EGCpgRylILjoA,CT,10041569-g7BegS168EGCpgRylILjoA,Yes,Female,63.0,White,False,True,1,1,1,0,0,1,1,0,1,1,1,0,1,1,0,1,1,1,1,1,1,0,0,1,0,0,0,0,data/preprocessed/ct/a3b40239-bb03-4220-a073-db32a74e27a1.nii.gz
dg.MD1R/a8cc0e86-eb7b-4804-9d69-7d2d8b69982f,10000364-1373610,CT,10000364-1373610,Yes,Male,74.0,Not Reported,True,True,1,0,1,1,0,0,0,0,0,0,0,0,1,0,0,0,0,0,0,1,1,1,0,0,0,0,0,0,
dg.MD1R/e3643806-44da-482b-ba15-0eb8d38d4550,10041569-0MlpwvpeqkmKqEG4iMez6g,CT,10041569-0MlpwvpeqkmKqEG4iMez6g,Yes,Male,54.0,White,False,True,1,1,1,0,1,1,1,1,0,0,1,0,0,0,0,0,1,1,0,1,0,0,0,0,0,0,0,0,
dg.MD1R/a90044c7-94c2-45d0-8a89-031ce19591f7,10041569-g7BegS168EGCpgRylILjoA,CT,10041569-g7BegS168EGCpgRylILjoA,Yes,Female,63.0,White,False,True,1,1,1,0,0,1,1,0,1,1,1,0,1,1,0,1,1,1,1,1,1,0,0,1,0,0,0,0,data/preprocessed/ct/a90044c7-94c2-45d0-8a89-031ce19591f7.nii.gz
dg.MD1R/95d941a5-9881-4e52-a63c-9ea4b99e6dbf,10041569-YwgotNEPQUS9rTCEmYfvGg,CT,10041569-YwgotNEPQUS9rTCEmYfvGg,Yes,Male,43.0,Not Reported,False,True,1,1,1,0,0,1,1,1,1,1,1,0,0,0,0,1,1,0,0,1,1,0,0,0,0,1,0,0,
dg.MD1R/46f399a6-694f-48ff-9988-98f892b7b7d9,10000364-5744553,CT,10000364-5744553,Yes,Male,64.0,White,True,True,1,0,1,0,0,0,0,0,0,0,0,0,1,0,0,0,1,1,0,1,1,0,0,0,0,0,0,0,
dg.MD1R/aa2cd5d6-f957-4ebb-ab15-4fa8fc254911,10041569-PM8BrEOGvEyWPkLhhZ94XQ,CT,10041569-PM8BrEOGvEyWPkLhhZ94XQ,Yes,Male,66.0,Black or African American,False,True,1,1,1,1,0,1,1,1,1,1,1,0,0,0,1,0,0,0,0,1,1,0,1,0,0,0,0,0,
dg.MD1R/c3fe2992-ee1e-4ddd-8b47-1087d3a84291,10000364-1607263,CT,10000364-1607263,Yes,Female,64.0,Black or African American,True,True,1,1,1,0,0,0,1,0,1,0,1,0,0,0,0,0,1,0,0,1,0,0,0,0,0,0,0,0,
dg.MD1R/9ed90117-14e1-4a19-89bf-7c64b621c45e,10041569-rdL12m75aU6AT4OZNtG2Aw,CT,10041569-rdL12m75aU6AT4OZNtG2Aw,Yes,Male,51.0,Black or African American,False,True,1,1,1,0,0,1,1,0,1,1,1,0,1,0,1,1,1,1,1,1,1,1,0,0,0,0,1,0,data/preprocessed/ct/9ed90117-14e1-4a19-89bf-7c64b621c45e.nii.gz
dg.MD1R/95d52113-7ad8-40a3-95fc-f5719f000bce,10000364-6303877,CT,10000364-6303877,Yes,Female,64.0,White,True,False,1,1,1,0,0,0,1,0,0,0,0,1,0,0,0,0,0,0,0,0,0,0,0,0,0,0,0,0,
dg.MD1R/dff895da-4d61-41bf-84c0-8cf9427786a1,10041569-YwgotNEPQUS9rTCEmYfvGg,CT,10041569-YwgotNEPQUS9rTCEmYfvGg,Yes,Male,43.0,Not Reported,False,True,1,1,1,0,0,1,1,1,1,1,1,0,0,0,0,1,1,0,0,1,1,0,0,0,0,1,0,0,
dg.MD1R/4d6ac7a9-7dd7-4422-b271-70a141970eca,10000364-6303877,CT,10000364-6303877,Yes,Female,64.0,White,True,False,1,1,1,0,0,0,1,0,0,0,0,1,0,0,0,0,0,0,0,0,0,0,0,0,0,0,0,0,
dg.MD1R/bd159448-efc8-4a81-addd-813cda3a5983,10041569-qyn7o7O1MkWMKhOmffWoA,CT,10041569-qyn7o7O1MkWMKhOmffWoA,Yes,Male,67.0,Black or African American,False,False,1,1,1,0,1,1,1,1,1,0,1,0,0,0,1,0,0,1,0,1,0,1,0,0,0,0,0,0,
dg.MD1R/bbface72-7783-4589-9e3f-79da060e66ee,10041569-DlqX5imb0ejWPhSL4fHg,CT,10041569-DlqX5imb0ejWPhSL4fHg,Yes,Female,73.0,Black or African American,False,True,1,1,1,0,1,1,0,0,1,0,1,0,1,0,1,1,1,1,0,1,1,1,0,0,0,0,1,0,
dg.MD1R/d7359825-6d31-4d69-b9aa-4dbf810b1106,10000364-1290721,CT,10000364-1290721,Yes,Male,81.0,Not Reported,False,True,1,0,1,0,1,0,0,0,0,0,0,0,0,0,0,0,0,0,0,0,0,0,0,0,0,0,0,0,
dg.MD1R/d4bc6de2-2a77-4cf7-a50f-d7b802aa85fc,10000364-1260382,CT,10000364-1260382,Yes,Female,80.0,White,True,True,1,0,1,0,1,0,0,0,0,0,0,0,0,0,0,0,1,0,0,0,1,0,0,0,0,0,1,0,data/preprocessed/ct/d4bc6de2-2a77-4cf7-a50f-d7b802aa85fc.nii.gz
dg.MD1R/4a86b26b-2606-44d4-897a-382dc0accf00,10000364-1373610,CT,10000364-1373610,Yes,Male,74.0,Not Reported,True,True,1,0,1,1,0,0,0,0,0,0,0,0,1,0,0,0,0,0,0,1,1,1,0,0,0,0,0,0,
dg.MD1R/96824ab0-c9b9-42ab-88d7-e16b40711f65,10041569-KTJisivBEW8eG11h3OmCQ,CT,10041569-KTJisivBEW8eG11h3OmCQ,Yes,Male,36.0,Not Reported,False,True,1,1,1,0,0,1,1,1,1,1,1,0,1,1,1,1,1,1,1,1,1,1,0,0,1,1,0,0,
dg.MD1R/fe4139d9-5b6d-4b1e-8a75-7420d01544e4,10000364-1288160,CT,10000364-1288160,Yes,Male,28.0,White,True,True,1,1,1,0,0,0,0,0,0,0,1,0,0,0,0,0,1,0,1,1,0,1,0,0,0,0,0,0,
dg.MD1R/f69d9f54-059f-4313-b9ee-37e891c7cce5,10000364-1290721,CT,10000364-1290721,Yes,Male,81.0,Not Reported,False,True,1,0,1,0,1,0,0,0,0,0,0,0,0,0,0,0,0,0,0,0,0,0,0,0,0,0,0,0,
dg.MD1R/32f81232-234f-4314-b061-06ac0ca688d0,10041569-k8IVxNVD0GPgNtSsov6lw,CT,10041569-k8IVxNVD0GPgNtSsov6lw,Yes,Female,70.0,Black or African American,False,True,1,1,1,0,1,1,1,0,1,0,1,0,1,1,1,0,0,1,0,1,1,1,0,0,0,0,0,0,
dg.MD1R/934fc540-9773-4b2b-9599-c02befc26101,10000364-1373610,CT,10000364-1373610,Yes,Male,74.0,Not Reported,True,True,1,0,1,1,0,0,0,0,0,0,0,0,1,0,0,0,0,0,0,1,1,1,0,0,0,0,0,0,
dg.MD1R/64917c96-699e-4f49-a437-e3ff0a6e8d63,10000364-1290721,CT,10000364-1290721,Yes,Male,81.0,Not Reported,False,True,1,0,1,0,1,0,0,0,0,0,0,0,0,0,0,0,0,0,0,0,0,0,0,0,0,0,0,0,
dg.MD1R/ebd893cb-06bb-47c1-90d0-5ce698543977,10000364-1260382,CT,10000364-1260382,Yes,Female,80.0,White,True,True,1,0,1,0,1,0,0,0,0,0,0,0,0,0,0,0,1,0,0,0,1,0,0,0,0,0,1,0,data/preprocessed/ct/ebd893cb-06bb-47c1-90d0-5ce698543977.nii.gz
dg.MD1R/0a7a81c1-461d-41c9-becd-84c879408949,10041569-YwgotNEPQUS9rTCEmYfvGg,CT,10041569-YwgotNEPQUS9rTCEmYfvGg,Yes,Male,43.0,Not Reported,False,True,1,1,1,0,0,1,1,1,1,1,1,0,0,0,0,1,1,0,0,1,1,0,0,0,0,1,0,0,
dg.MD1R/89db7fe7-5bda-4c5c-80eb-ecc1231e74a5,10000364-1260382,CT,10000364-1260382,Yes,Female,80.0,White,True,True,1,0,1,0,1,0,0,0,0,0,0,0,0,0,0,0,1,0,0,0,1,0,0,0,0,0,1,0,data/preprocessed/ct/89db7fe7-5bda-4c5c-80eb-ecc1231e74a5.nii.gz
dg.MD1R/95a9b9ed-b46d-4d64-8a60-903d6d9cda4e,10041569-g7BegS168EGCpgRylILjoA,CT,10041569-g7BegS168EGCpgRylILjoA,Yes,Female,63.0,White,False,True,1,1,1,0,0,1,1,0,1,1,1,0,1,1,0,1,1,1,1,1,1,0,0,1,0,0,0,0,data/preprocessed/ct/95a9b9ed-b46d-4d64-8a60-903d6d9cda4e.nii.gz
dg.MD1R/496398a3-a165-4045-be49-c0ce5da986ca,10000364-1472327,CT,10000364-1472327,Yes,Female,58.0,White,True,True,1,1,1,0,1,0,0,0,0,0,1,1,0,0,0,0,1,0,0,1,0,0,0,0,0,0,0,0,
dg.MD1R/1abbe955-03f1-4478-b7fd-330a23d2fe9a,10000364-1472327,CT,10000364-1472327,Yes,Female,58.0,White,True,True,1,1,1,0,1,0,0,0,0,0,1,1,0,0,0,0,1,0,0,1,0,0,0,0,0,0,0,0,
dg.MD1R/701c3d94-b1b9-4161-9736-b1c2781335d4,10041569-KTJisivBEW8eG11h3OmCQ,CT,10041569-KTJisivBEW8eG11h3OmCQ,Yes,Male,36.0,Not Reported,False,True,1,1,1,0,0,1,1,1,1,1,1,0,1,1,1,1,1,1,1,1,1,1,0,0,1,1,0,0,
dg.MD1R/ab0ebf23-9418-4c82-a62d-fa6a04f6b2b4,10041569-KTJisivBEW8eG11h3OmCQ,CT,10041569-KTJisivBEW8eG11h3OmCQ,Yes,Male,36.0,Not Reported,False,True,1,1,1,0,0,1,1,1,1,1,1,0,1,1,1,1,1,1,1,1,1,1,0,0,1,1,0,0,
dg.MD1R/e9072230-4871-4fbc-b4ef-6204e715c7cb,10041569-DlqX5imb0ejWPhSL4fHg,CT,10041569-DlqX5imb0ejWPhSL4fHg,Yes,Female,73.0,Black or African American,False,True,1,1,1,0,1,1,0,0,1,0,1,0,1,0,1,1,1,1,0,1,1,1,0,0,0,0,1,0,
dg.MD1R/e811c8d9-de58-4551-9fd8-1ff5fb2aa336,10000364-1290721,CT,10000364-1290721,Yes,Male,81.0,Not Reported,False,True,1,0,1,0,1,0,0,0,0,0,0,0,0,0,0,0,0,0,0,0,0,0,0,0,0,0,0,0,
dg.MD1R/515b6276-12c7-4e05-b354-3803a72981c6,10041569-YwgotNEPQUS9rTCEmYfvGg,CT,10041569-YwgotNEPQUS9rTCEmYfvGg,Yes,Male,43.0,Not Reported,False,True,1,1,1,0,0,1,1,1,1,1,1,0,0,0,0,1,1,0,0,1,1,0,0,0,0,1,0,0,
dg.MD1R/b95b97c9-d059-4531-9709-44e89447960d,10041569-DlqX5imb0ejWPhSL4fHg,CT,10041569-DlqX5imb0ejWPhSL4fHg,Yes,Female,73.0,Black or African American,False,True,1,1,1,0,1,1,0,0,1,0,1,0,1,0,1,1,1,1,0,1,1,1,0,0,0,0,1,0,
dg.MD1R/fcfe6862-67a1-4986-a059-a9a65e00f8ba,10041569-eL6G9dsawkq2QuiCGa8i7Q,CT,10041569-eL6G9dsawkq2QuiCGa8i7Q,Yes,Male,62.0,White,False,False,1,1,1,0,0,0,1,0,1,0,1,0,0,0,0,0,0,0,0,1,1,1,0,0,0,0,0,0,
dg.MD1R/6ac4da06-d11b-488d-af93-884fe0e61b3a,10041569-eL6G9dsawkq2QuiCGa8i7Q,CT,10041569-eL6G9dsawkq2QuiCGa8i7Q,Yes,Male,62.0,White,False,False,1,1,1,0,0,0,1,0,1,0,1,0,0,0,0,0,0,0,0,1,1,1,0,0,0,0,0,0,
dg.MD1R/485620b7-c3de-43c3-a95e-c5ddb0cf74ab,10041569-PM8BrEOGvEyWPkLhhZ94XQ,CT,10041569-PM8BrEOGvEyWPkLhhZ94XQ,Yes,Male,66.0,Black or African American,False,True,1,1,1,1,0,1,1,1,1,1,1,0,0,0,1,0,0,0,0,1,1,0,1,0,0,0,0,0,
dg.MD1R/d3e4c983-295e-464a-8349-9350d0904744,10041569-eL6G9dsawkq2QuiCGa8i7Q,CT,10041569-eL6G9dsawkq2QuiCGa8i7Q,Yes,Male,62.0,White,False,False,1,1,1,0,0,0,1,0,1,0,1,0,0,0,0,0,0,0,0,1,1,1,0,0,0,0,0,0,
dg.MD1R/9c10aa12-ea7e-46f5-b9bb-15283c3efdcb,10000364-1472327,CT,10000364-1472327,Yes,Female,58.0,White,True,True,1,1,1,0,1,0,0,0,0,0,1,1,0,0,0,0,1,0,0,1,0,0,0,0,0,0,0,0,
dg.MD1R/83e84f0a-edf9-43ff-b593-b82c68cf9f3e,10041569-g7BegS168EGCpgRylILjoA,CT,10041569-g7BegS168EGCpgRylILjoA,Yes,Female,63.0,White,False,True,1,1,1,0,0,1,1,0,1,1,1,0,1,1,0,1,1,1,1,1,1,0,0,1,0,0,0,0,data/preprocessed/ct/83e84f0a-edf9-43ff-b593-b82c68cf9f3e.nii.gz
dg.MD1R/83f5e6d9-7a86-433e-ab26-c8a610a0540e,10041569-DlqX5imb0ejWPhSL4fHg,CT,10041569-DlqX5imb0ejWPhSL4fHg,Yes,Female,73.0,Black or African American,False,True,1,1,1,0,1,1,0,0,1,0,1,0,1,0,1,1,1,1,0,1,1,1,0,0,0,0,1,0,
dg.MD1R/2ef2161c-9ddb-4a1a-b375-9c9c9a637dd8,10000364-5744553,CT,10000364-5744553,Yes,Male,64.0,White,True,True,1,0,1,0,0,0,0,0,0,0,0,0,1,0,0,0,1,1,0,1,1,0,0,0,0,0,0,0,
dg.MD1R/c732ac67-ae57-4e6c-925a-eb5aa0d87d71,10000364-1472327,CT,10000364-1472327,Yes,Female,58.0,White,True,True,1,1,1,0,1,0,0,0,0,0,1,1,0,0,0,0,1,0,0,1,0,0,0,0,0,0,0,0,
dg.MD1R/e1337569-b9ff-42a1-a398-bc3dcfd419ad,10041569-eL6G9dsawkq2QuiCGa8i7Q,CT,10041569-eL6G9dsawkq2QuiCGa8i7Q,Yes,Male,62.0,White,False,False,1,1,1,0,0,0,1,0,1,0,1,0,0,0,0,0,0,0,0,1,1,1,0,0,0,0,0,0,
dg.MD1R/4b5197df-1d6d-466c-b289-75b76d626653,10041569-YwgotNEPQUS9rTCEmYfvGg,CT,10041569-YwgotNEPQUS9rTCEmYfvGg,Yes,Male,43.0,Not Reported,False,True,1,1,1,0,0,1,1,1,1,1,1,0,0,0,0,1,1,0,0,1,1,0,0,0,0,1,0,0,
dg.MD1R/81c6f146-a5a8-47b2-8f06-5cbee07bb9e4,10041569-DlqX5imb0ejWPhSL4fHg,CT,10041569-DlqX5imb0ejWPhSL4fHg,Yes,Female,73.0,Black or African American,False,True,1,1,1,0,1,1,0,0,1,0,1,0,1,0,1,1,1,1,0,1,1,1,0,0,0,0,1,0,
dg.MD1R/5e99e5c0-7222-4a24-863b-2ae55f88d3f4,10041569-g7BegS168EGCpgRylILjoA,CT,10041569-g7BegS168EGCpgRylILjoA,Yes,Female,63.0,White,False,True,1,1,1,0,0,1,1,0,1,1,1,0,1,1,0,1,1,1,1,1,1,0,0,1,0,0,0,0,data/preprocessed/ct/5e99e5c0-7222-4a24-863b-2ae55f88d3f4.nii.gz
dg.MD1R/ae0fe42d-5d3c-4791-81f7-b22299eb187a,10000364-1290721,CT,10000364-1290721,Yes,Male,81.0,Not Reported,False,True,1,0,1,0,1,0,0,0,0,0,0,0,0,0,0,0,0,0,0,0,0,0,0,0,0,0,0,0,
dg.MD1R/240e2cba-a678-4a67-9305-6e1614d013ba,10041569-PM8BrEOGvEyWPkLhhZ94XQ,CT,10041569-PM8BrEOGvEyWPkLhhZ94XQ,Yes,Male,66.0,Black or African American,False,True,1,1,1,1,0,1,1,1,1,1,1,0,0,0,1,0,0,0,0,1,1,0,1,0,0,0,0,0,
dg.MD1R/6a115b58-af15-4a8e-b3e0-ec83e84a53e6,10000364-6303877,CT,10000364-6303877,Yes,Female,64.0,White,True,False,1,1,1,0,0,0,1,0,0,0,0,1,0,0,0,0,0,0,0,0,0,0,0,0,0,0,0,0,
dg.MD1R/fc209227-07de-4335-8488-28886086a4c1,10000364-1607263,CT,10000364-1607263,Yes,Female,64.0,Black or African American,True,True,1,1,1,0,0,0,1,0,1,0,1,0,0,0,0,0,1,0,0,1,0,0,0,0,0,0,0,0,
dg.MD1R/d6209507-8900-4747-ae5c-a58954495ab5,10041569-DlqX5imb0ejWPhSL4fHg,CT,10041569-DlqX5imb0ejWPhSL4fHg,Yes,Female,73.0,Black or African American,False,True,1,1,1,0,1,1,0,0,1,0,1,0,1,0,1,1,1,1,0,1,1,1,0,0,0,0,1,0,
dg.MD1R/13b84022-43ac-46b9-ac8b-a90c84f1409a,10000364-1472327,CT,10000364-1472327,Yes,Female,58.0,White,True,True,1,1,1,0,1,0,0,0,0,0,1,1,0,0,0,0,1,0,0,1,0,0,0,0,0,0,0,0,
dg.MD1R/6dbea61b-98a8-4385-9741-7375ace75762,10000364-5744553,CT,10000364-5744553,Yes,Male,64.0,White,True,True,1,0,1,0,0,0,0,0,0,0,0,0,1,0,0,0,1,1,0,1,1,0,0,0,0,0,0,0,
dg.MD1R/57f0ee64-c040-454a-8f89-5c885785fc4e,10041569-KTJisivBEW8eG11h3OmCQ,CT,10041569-KTJisivBEW8eG11h3OmCQ,Yes,Male,36.0,Not Reported,False,True,1,1,1,0,0,1,1,1,1,1,1,0,1,1,1,1,1,1,1,1,1,1,0,0,1,1,0,0,
dg.MD1R/519045c2-7a3a-47b2-8c00-e3bb0dca8be1,10041569-hGXklXiglkyibymE05GqA,CT,10041569-hGXklXiglkyibymE05GqA,Yes,Male,49.0,White,False,True,1,1,1,0,0,0,1,0,1,1,1,1,1,0,1,1,1,1,0,1,1,1,0,0,0,0,0,0,
dg.MD1R/719357a9-284e-46d0-b600-344d69373f10,10041569-YwgotNEPQUS9rTCEmYfvGg,CT,10041569-YwgotNEPQUS9rTCEmYfvGg,Yes,Male,43.0,Not Reported,False,True,1,1,1,0,0,1,1,1,1,1,1,0,0,0,0,1,1,0,0,1,1,0,0,0,0,1,0,0,
dg.MD1R/10c48c6b-689b-4baf-94b4-302f9fee355e,10000364-1146253,CT,10000364-1146253,Yes,Male,70.0,White,True,True,1,0,1,0,1,0,0,0,0,0,1,0,1,0,0,0,1,1,0,0,1,1,0,0,0,0,0,0,
dg.MD1R/91415b76-0eab-44fc-b0dd-401e49a396d9,10000364-1290721,CT,10000364-1290721,Yes,Male,81.0,Not Reported,False,True,1,0,1,0,1,0,0,0,0,0,0,0,0,0,0,0,0,0,0,0,0,0,0,0,0,0,0,0,
dg.MD1R/db578461-9e7c-4b7f-87b1-a39d42002b37,10000364-1472327,CT,10000364-1472327,Yes,Female,58.0,White,True,True,1,1,1,0,1,0,0,0,0,0,1,1,0,0,0,0,1,0,0,1,0,0,0,0,0,0,0,0,
dg.MD1R/279b5bc2-eac7-44a3-b064-6d40724c57c2,10041569-KTJisivBEW8eG11h3OmCQ,CT,10041569-KTJisivBEW8eG11h3OmCQ,Yes,Male,36.0,Not Reported,False,True,1,1,1,0,0,1,1,1,1,1,1,0,1,1,1,1,1,1,1,1,1,1,0,0,1,1,0,0,
dg.MD1R/3076bf07-5b46-4fda-b9f0-9ec28583d7ff,10041569-PM8BrEOGvEyWPkLhhZ94XQ,CT,10041569-PM8BrEOGvEyWPkLhhZ94XQ,Yes,Male,66.0,Black or African American,False,True,1,1,1,1,0,1,1,1,1,1,1,0,0,0,1,0,0,0,0,1,1,0,1,0,0,0,0,0,
dg.MD1R/50d63902-cd22-41b5-a77e-562b065ab358,10041569-KTJisivBEW8eG11h3OmCQ,CT,10041569-KTJisivBEW8eG11h3OmCQ,Yes,Male,36.0,Not Reported,False,True,1,1,1,0,0,1,1,1,1,1,1,0,1,1,1,1,1,1,1,1,1,1,0,0,1,1,0,0,
dg.MD1R/0c427d21-a125-485f-ade5-5e1d82c84cc7,10000364-5744553,CT,10000364-5744553,Yes,Male,64.0,White,True,True,1,0,1,0,0,0,0,0,0,0,0,0,1,0,0,0,1,1,0,1,1,0,0,0,0,0,0,0,
dg.MD1R/5c7f362a-da39-464a-9c1a-a1db3b4c6c6a,10041569-YIon3HGGUa4N81uJEoWmg,CT,10041569-YIon3HGGUa4N81uJEoWmg,Yes,Male,84.0,Black or African American,False,False,1,1,1,0,1,1,1,0,1,0,1,0,1,0,1,1,1,1,1,1,1,1,0,0,0,1,0,0,
dg.MD1R/d66318c6-dbc7-4f0d-ae5f-a1d1d029d006,10041569-eL6G9dsawkq2QuiCGa8i7Q,CT,10041569-eL6G9dsawkq2QuiCGa8i7Q,Yes,Male,62.0,White,False,False,1,1,1,0,0,0,1,0,1,0,1,0,0,0,0,0,0,0,0,1,1,1,0,0,0,0,0,0,
dg.MD1R/f5d3793f-0a8e-4196-8bfd-81aaee2fdec9,10000364-1373610,CT,10000364-1373610,Yes,Male,74.0,Not Reported,True,True,1,0,1,1,0,0,0,0,0,0,0,0,1,0,0,0,0,0,0,1,1,1,0,0,0,0,0,0,
dg.MD1R/ab1d114f-47e4-4db6-b076-b9c44196f65d,10041569-KTJisivBEW8eG11h3OmCQ,CT,10041569-KTJisivBEW8eG11h3OmCQ,Yes,Male,36.0,Not Reported,False,True,1,1,1,0,0,1,1,1,1,1,1,0,1,1,1,1,1,1,1,1,1,1,0,0,1,1,0,0,
dg.MD1R/644e3377-fe72-4ef2-9d42-5f19afa42373,10000364-5744553,CT,10000364-5744553,Yes,Male,64.0,White,True,True,1,0,1,0,0,0,0,0,0,0,0,0,1,0,0,0,1,1,0,1,1,0,0,0,0,0,0,0,
dg.MD1R/c4ff6f92-ca6b-418f-adf1-54840eefc834,10000364-6303877,CT,10000364-6303877,Yes,Female,64.0,White,True,False,1,1,1,0,0,0,1,0,0,0,0,1,0,0,0,0,0,0,0,0,0,0,0,0,0,0,0,0,
dg.MD1R/f943e858-b9fb-4099-a480-f883eae00813,10000364-1288160,CT,10000364-1288160,Yes,Male,28.0,White,True,True,1,1,1,0,0,0,0,0,0,0,1,0,0,0,0,0,1,0,1,1,0,1,0,0,0,0,0,0,
dg.MD1R/7cc8bc7a-0ad4-4688-ac73-331952d99ecb,10000364-1260382,CT,10000364-1260382,Yes,Female,80.0,White,True,True,1,0,1,0,1,0,0,0,0,0,0,0,0,0,0,0,1,0,0,0,1,0,0,0,0,0,1,0,data/preprocessed/ct/7cc8bc7a-0ad4-4688-ac73-331952d99ecb.nii.gz
dg.MD1R/0f4191c5-54b1-4a15-a9e2-cc5cd6951c6d,10041569-PM8BrEOGvEyWPkLhhZ94XQ,CT,10041569-PM8BrEOGvEyWPkLhhZ94XQ,Yes,Male,66.0,Black or African American,False,True,1,1,1,1,0,1,1,1,1,1,1,0,0,0,1,0,0,0,0,1,1,0,1,0,0,0,0,0,
dg.MD1R/9ebc4790-3734-4dff-83be-87fafa85963b,10041569-hGXklXiglkyibymE05GqA,CT,10041569-hGXklXiglkyibymE05GqA,Yes,Male,49.0,White,False,True,1,1,1,0,0,0,1,0,1,1,1,1,1,0,1,1,1,1,0,1,1,1,0,0,0,0,0,0,
dg.MD1R/b50a319f-f469-4fd7-b0f3-8df31381413a,10041569-k8IVxNVD0GPgNtSsov6lw,CT,10041569-k8IVxNVD0GPgNtSsov6lw,Yes,Female,70.0,Black or African American,False,True,1,1,1,0,1,1,1,0,1,0,1,0,1,1,1,0,0,1,0,1,1,1,0,0,0,0,0,0,
dg.MD1R/e48977db-d368-4881-a0dc-347ee93556f0,10000364-352978,CT,10000364-352978,Yes,Male,86.0,White,False,False,1,0,1,0,0,0,0,0,0,0,0,1,0,0,0,0,1,1,0,1,1,0,0,0,0,0,0,0,
dg.MD1R/2140ff03-22ae-4e42-9a3a-93c5cc64bc8d,10000364-1288160,CT,10000364-1288160,Yes,Male,28.0,White,True,True,1,1,1,0,0,0,0,0,0,0,1,0,0,0,0,0,1,0,1,1,0,1,0,0,0,0,0,0,
dg.MD1R/a4f3fcb2-777a-45c3-8a18-119dbd46f073,10041569-KTJisivBEW8eG11h3OmCQ,CT,10041569-KTJisivBEW8eG11h3OmCQ,Yes,Male,36.0,Not Reported,False,True,1,1,1,0,0,1,1,1,1,1,1,0,1,1,1,1,1,1,1,1,1,1,0,0,1,1,0,0,
dg.MD1R/4d68faa9-2db4-4d2e-a4aa-347aae56b617,10000364-1290721,CT,10000364-1290721,Yes,Male,81.0,Not Reported,False,True,1,0,1,0,1,0,0,0,0,0,0,0,0,0,0,0,0,0,0,0,0,0,0,0,0,0,0,0,
dg.MD1R/308ef082-ac5b-492f-93d7-bf12f5666233,10041569-hGXklXiglkyibymE05GqA,CT,10041569-hGXklXiglkyibymE05GqA,Yes,Male,49.0,White,False,True,1,1,1,0,0,0,1,0,1,1,1,1,1,0,1,1,1,1,0,1,1,1,0,0,0,0,0,0,
dg.MD1R/9a5e21cd-a154-4a43-a2c1-75325d23cf88,10000364-1472327,CT,10000364-1472327,Yes,Female,58.0,White,True,True,1,1,1,0,1,0,0,0,0,0,1,1,0,0,0,0,1,0,0,1,0,0,0,0,0,0,0,0,
dg.MD1R/0d2b5c9a-cae5-4d1b-982f-5d427ef7e0b8,10041569-PM8BrEOGvEyWPkLhhZ94XQ,CT,10041569-PM8BrEOGvEyWPkLhhZ94XQ,Yes,Male,66.0,Black or African American,False,True,1,1,1,1,0,1,1,1,1,1,1,0,0,0,1,0,0,0,0,1,1,0,1,0,0,0,0,0,
dg.MD1R/1b4b6f4c-3ebd-424a-bd82-9e56083caef2,10041569-rdL12m75aU6AT4OZNtG2Aw,CT,10041569-rdL12m75aU6AT4OZNtG2Aw,Yes,Male,51.0,Black or African American,False,True,1,1,1,0,0,1,1,0,1,1,1,0,1,0,1,1,1,1,1,1,1,1,0,0,0,0,1,0,data/preprocessed/ct/1b4b6f4c-3ebd-424a-bd82-9e56083caef2.nii.gz
dg.MD1R/ae1a900c-ffd4-4e27-b074-53f7da4a58ef,10041569-DlqX5imb0ejWPhSL4fHg,CT,10041569-DlqX5imb0ejWPhSL4fHg,Yes,Female,73.0,Black or African American,False,True,1,1,1,0,1,1,0,0,1,0,1,0,1,0,1,1,1,1,0,1,1,1,0,0,0,0,1,0,
dg.MD1R/1e21867c-3193-4d21-bf2b-2cc0ae680923,10000364-1290721,CT,10000364-1290721,Yes,Male,81.0,Not Reported,False,True,1,0,1,0,1,0,0,0,0,0,0,0,0,0,0,0,0,0,0,0,0,0,0,0,0,0,0,0,
dg.MD1R/23e66ac8-93eb-462f-81b2-f5c46c21b9ea,10000364-1607263,CT,10000364-1607263,Yes,Female,64.0,Black or African American,True,True,1,1,1,0,0,0,1,0,1,0,1,0,0,0,0,0,1,0,0,1,0,0,0,0,0,0,0,0,
dg.MD1R/cb923ea4-b82b-45bb-9d2d-9ebeb17e999e,10041569-k8IVxNVD0GPgNtSsov6lw,CT,10041569-k8IVxNVD0GPgNtSsov6lw,Yes,Female,70.0,Black or African American,False,True,1,1,1,0,1,1,1,0,1,0,1,0,1,1,1,0,0,1,0,1,1,1,0,0,0,0,0,0,
dg.MD1R/9a58757d-e262-43a8-9fde-37031c0fd13c,10041569-g7BegS168EGCpgRylILjoA,CT,10041569-g7BegS168EGCpgRylILjoA,Yes,Female,63.0,White,False,True,1,1,1,0,0,1,1,0,1,1,1,0,1,1,0,1,1,1,1,1,1,0,0,1,0,0,0,0,data/preprocessed/ct/9a58757d-e262-43a8-9fde-37031c0fd13c.nii.gz
dg.MD1R/a4e71cfe-90e0-4d46-88d1-518fbb1cd89f,10000364-6303877,CT,10000364-6303877,Yes,Female,64.0,White,True,False,1,1,1,0,0,0,1,0,0,0,0,1,0,0,0,0,0,0,0,0,0,0,0,0,0,0,0,0,
dg.MD1R/32a041b5-052f-419f-8702-b91985088f22,10000364-352978,CT,10000364-352978,Yes,Male,86.0,White,False,False,1,0,1,0,0,0,0,0,0,0,0,1,0,0,0,0,1,1,0,1,1,0,0,0,0,0,0,0,
dg.MD1R/0708d890-581b-49ac-9952-13088643dbb7,10041569-hGXklXiglkyibymE05GqA,CT,10041569-hGXklXiglkyibymE05GqA,Yes,Male,49.0,White,False,True,1,1,1,0,0,0,1,0,1,1,1,1,1,0,1,1,1,1,0,1,1,1,0,0,0,0,0,0,
dg.MD1R/907849cf-9c2c-4c9f-917c-0944aef3988c,10041569-g7BegS168EGCpgRylILjoA,CT,10041569-g7BegS168EGCpgRylILjoA,Yes,Female,63.0,White,False,True,1,1,1,0,0,1,1,0,1,1,1,0,1,1,0,1,1,1,1,1,1,0,0,1,0,0,0,0,data/preprocessed/ct/907849cf-9c2c-4c9f-917c-0944aef3988c.nii.gz
dg.MD1R/39f939de-b478-4bda-b690-75c6b3abc930,10041569-DlqX5imb0ejWPhSL4fHg,CT,10041569-DlqX5imb0ejWPhSL4fHg,Yes,Female,73.0,Black or African American,False,True,1,1,1,0,1,1,0,0,1,0,1,0,1,0,1,1,1,1,0,1,1,1,0,0,0,0,1,0,
dg.MD1R/e5f54713-5211-4402-bf6c-83056b137dcd,10000364-1290721,CT,10000364-1290721,Yes,Male,81.0,Not Reported,False,True,1,0,1,0,1,0,0,0,0,0,0,0,0,0,0,0,0,0,0,0,0,0,0,0,0,0,0,0,
dg.MD1R/38ebe217-270d-486e-ba1f-c355bd011faa,10041569-g7BegS168EGCpgRylILjoA,CT,10041569-g7BegS168EGCpgRylILjoA,Yes,Female,63.0,White,False,True,1,1,1,0,0,1,1,0,1,1,1,0,1,1,0,1,1,1,1,1,1,0,0,1,0,0,0,0,data/preprocessed/ct/38ebe217-270d-486e-ba1f-c355bd011faa.nii.gz
dg.MD1R/8a3e3e3d-6216-4ebe-921c-5483f8eeae81,10000364-1260382,CT,10000364-1260382,Yes,Female,80.0,White,True,True,1,0,1,0,1,0,0,0,0,0,0,0,0,0,0,0,1,0,0,0,1,0,0,0,0,0,1,0,data/preprocessed/ct/8a3e3e3d-6216-4ebe-921c-5483f8eeae81.nii.gz
dg.MD1R/ca943fce-72ec-47b7-a69e-a30ae4e5dbe6,10000364-1260382,CT,10000364-1260382,Yes,Female,80.0,White,True,True,1,0,1,0,1,0,0,0,0,0,0,0,0,0,0,0,1,0,0,0,1,0,0,0,0,0,1,0,data/preprocessed/ct/ca943fce-72ec-47b7-a69e-a30ae4e5dbe6.nii.gz
dg.MD1R/76b65171-b8fb-4cf8-b987-7c3eca405c0a,10041569-0MlpwvpeqkmKqEG4iMez6g,CT,10041569-0MlpwvpeqkmKqEG4iMez6g,Yes,Male,54.0,White,False,True,1,1,1,0,1,1,1,1,0,0,1,0,0,0,0,0,1,1,0,1,0,0,0,0,0,0,0,0,
dg.MD1R/a7d504f3-fdd6-4b55-9521-aa0fe769c9fb,10000364-1472327,CT,10000364-1472327,Yes,Female,58.0,White,True,True,1,1,1,0,1,0,0,0,0,0,1,1,0,0,0,0,1,0,0,1,0,0,0,0,0,0,0,0,
dg.MD1R/39e2ffb5-e7cf-4d92-8f72-b56a18d24e06,10000364-1373610,CT,10000364-1373610,Yes,Male,74.0,Not Reported,True,True,1,0,1,1,0,0,0,0,0,0,0,0,1,0,0,0,0,0,0,1,1,1,0,0,0,0,0,0,
dg.MD1R/90759823-78d5-4d77-8ebd-2b6a86370f7e,10041569-PM8BrEOGvEyWPkLhhZ94XQ,CT,10041569-PM8BrEOGvEyWPkLhhZ94XQ,Yes,Male,66.0,Black or African American,False,True,1,1,1,1,0,1,1,1,1,1,1,0,0,0,1,0,0,0,0,1,1,0,1,0,0,0,0,0,
dg.MD1R/5f30e335-b4eb-41da-8a92-37bfce60ebd4,10041569-g7BegS168EGCpgRylILjoA,CT,10041569-g7BegS168EGCpgRylILjoA,Yes,Female,63.0,White,False,True,1,1,1,0,0,1,1,0,1,1,1,0,1,1,0,1,1,1,1,1,1,0,0,1,0,0,0,0,data/preprocessed/ct/5f30e335-b4eb-41da-8a92-37bfce60ebd4.nii.gz
dg.MD1R/ceeca3df-ce44-4f27-b9dd-f4e6ac3236d0,10041569-DlqX5imb0ejWPhSL4fHg,CT,10041569-DlqX5imb0ejWPhSL4fHg,Yes,Female,73.0,Black or African American,False,True,1,1,1,0,1,1,0,0,1,0,1,0,1,0,1,1,1,1,0,1,1,1,0,0,0,0,1,0,
dg.MD1R/2df0885a-5a37-495a-b7c6-f3d6650b030d,10000364-5744553,CT,10000364-5744553,Yes,Male,64.0,White,True,True,1,0,1,0,0,0,0,0,0,0,0,0,1,0,0,0,1,1,0,1,1,0,0,0,0,0,0,0,
dg.MD1R/7fb8b7e0-226c-4e98-a53a-25952979a152,10041569-YwgotNEPQUS9rTCEmYfvGg,CT,10041569-YwgotNEPQUS9rTCEmYfvGg,Yes,Male,43.0,Not Reported,False,True,1,1,1,0,0,1,1,1,1,1,1,0,0,0,0,1,1,0,0,1,1,0,0,0,0,1,0,0,
dg.MD1R/b36e8883-e17a-4cc1-9572-32fd235966ad,10041569-YIon3HGGUa4N81uJEoWmg,CT,10041569-YIon3HGGUa4N81uJEoWmg,Yes,Male,84.0,Black or African American,False,False,1,1,1,0,1,1,1,0,1,0,1,0,1,0,1,1,1,1,1,1,1,1,0,0,0,1,0,0,
dg.MD1R/8d55f217-9ac6-4e0a-9c3c-efd65df09a2e,10041569-YwgotNEPQUS9rTCEmYfvGg,CT,10041569-YwgotNEPQUS9rTCEmYfvGg,Yes,Male,43.0,Not Reported,False,True,1,1,1,0,0,1,1,1,1,1,1,0,0,0,0,1,1,0,0,1,1,0,0,0,0,1,0,0,
dg.MD1R/1748c33d-3d7a-4a27-bb80-57171a685dfc,10041569-hGXklXiglkyibymE05GqA,CT,10041569-hGXklXiglkyibymE05GqA,Yes,Male,49.0,White,False,True,1,1,1,0,0,0,1,0,1,1,1,1,1,0,1,1,1,1,0,1,1,1,0,0,0,0,0,0,
dg.MD1R/6645bfae-6954-421c-bd60-f2abfd5a16ef,10041569-YIon3HGGUa4N81uJEoWmg,CT,10041569-YIon3HGGUa4N81uJEoWmg,Yes,Male,84.0,Black or African American,False,False,1,1,1,0,1,1,1,0,1,0,1,0,1,0,1,1,1,1,1,1,1,1,0,0,0,1,0,0,
dg.MD1R/671217fe-d5fb-4c35-a1a7-8605dbce2299,10000364-1288160,CT,10000364-1288160,Yes,Male,28.0,White,True,True,1,1,1,0,0,0,0,0,0,0,1,0,0,0,0,0,1,0,1,1,0,1,0,0,0,0,0,0,
dg.MD1R/b906df6e-070b-4367-9e5a-a3e4c1154a0b,10041569-DlqX5imb0ejWPhSL4fHg,CT,10041569-DlqX5imb0ejWPhSL4fHg,Yes,Female,73.0,Black or African American,False,True,1,1,1,0,1,1,0,0,1,0,1,0,1,0,1,1,1,1,0,1,1,1,0,0,0,0,1,0,
dg.MD1R/8ecaf481-bb5c-4e3d-ac90-b3fbe38be67d,10000364-1472327,CT,10000364-1472327,Yes,Female,58.0,White,True,True,1,1,1,0,1,0,0,0,0,0,1,1,0,0,0,0,1,0,0,1,0,0,0,0,0,0,0,0,
dg.MD1R/4de387c2-f2c4-434c-b419-81d8391eb9d1,10041569-YwgotNEPQUS9rTCEmYfvGg,CT,10041569-YwgotNEPQUS9rTCEmYfvGg,Yes,Male,43.0,Not Reported,False,True,1,1,1,0,0,1,1,1,1,1,1,0,0,0,0,1,1,0,0,1,1,0,0,0,0,1,0,0,
dg.MD1R/5e4fea07-892b-4152-b023-af7ad6638c33,10000364-1290721,CT,10000364-1290721,Yes,Male,81.0,Not Reported,False,True,1,0,1,0,1,0,0,0,0,0,0,0,0,0,0,0,0,0,0,0,0,0,0,0,0,0,0,0,
dg.MD1R/7f3cf0f0-eb59-4ed4-8b64-2ea362ac1bf8,10000364-1472327,CT,10000364-1472327,Yes,Female,58.0,White,True,True,1,1,1,0,1,0,0,0,0,0,1,1,0,0,0,0,1,0,0,1,0,0,0,0,0,0,0,0,
dg.MD1R/972f07e3-5b73-401d-803c-75007a436c93,10041569-c7w6HYO4oU7uSiC4lcZiA,CT,10041569-c7w6HYO4oU7uSiC4lcZiA,Yes,Male,66.0,White,False,True,1,1,0,1,1,1,1,1,1,1,1,0,0,0,0,0,0,0,1,1,1,0,0,0,0,0,0,0,
dg.MD1R/91377f70-5bc8-4f11-bdb6-f4bf7dbd0939,10041569-c7w6HYO4oU7uSiC4lcZiA,CT,10041569-c7w6HYO4oU7uSiC4lcZiA,Yes,Male,66.0,White,False,True,1,1,0,1,1,1,1,1,1,1,1,0,0,0,0,0,0,0,1,1,1,0,0,0,0,0,0,0,
dg.MD1R/fedaa826-69fc-4bd9-b184-0b8e568aca26,10041569-c7w6HYO4oU7uSiC4lcZiA,CT,10041569-c7w6HYO4oU7uSiC4lcZiA,Yes,Male,66.0,White,False,True,1,1,0,1,1,1,1,1,1,1,1,0,0,0,0,0,0,0,1,1,1,0,0,0,0,0,0,0,
dg.MD1R/2fe486a8-c96c-461f-80de-9d95e05e915c,10041569-c7w6HYO4oU7uSiC4lcZiA,CT,10041569-c7w6HYO4oU7uSiC4lcZiA,Yes,Male,66.0,White,False,True,1,1,0,1,1,1,1,1,1,1,1,0,0,0,0,0,0,0,1,1,1,0,0,0,0,0,0,0,
dg.MD1R/62146c5b-bd87-430b-a1f3-889a0c426892,10000364-1373610,CT,10000364-1373610,Yes,Male,74.0,Not Reported,True,True,1,0,1,1,0,0,0,0,0,0,0,0,1,0,0,0,0,0,0,1,1,1,0,0,0,0,0,0,
dg.MD1R/1618371b-0cf3-4e78-9692-c349a5abd51e,10041569-PM8BrEOGvEyWPkLhhZ94XQ,CT,10041569-PM8BrEOGvEyWPkLhhZ94XQ,Yes,Male,66.0,Black or African American,False,True,1,1,1,1,0,1,1,1,1,1,1,0,0,0,1,0,0,0,0,1,1,0,1,0,0,0,0,0,
dg.MD1R/69e00425-36c4-4e79-ae9c-674c77892083,10041569-c7w6HYO4oU7uSiC4lcZiA,CT,10041569-c7w6HYO4oU7uSiC4lcZiA,Yes,Male,66.0,White,False,True,1,1,0,1,1,1,1,1,1,1,1,0,0,0,0,0,0,0,1,1,1,0,0,0,0,0,0,0,
dg.MD1R/c269eec2-a673-4320-8c12-3f211d1e4ab0,10000364-1373610,CT,10000364-1373610,Yes,Male,74.0,Not Reported,True,True,1,0,1,1,0,0,0,0,0,0,0,0,1,0,0,0,0,0,0,1,1,1,0,0,0,0,0,0,
dg.MD1R/1b735c51-4123-46b4-a451-67951eb794f1,10000364-1373610,CT,10000364-1373610,Yes,Male,74.0,Not Reported,True,True,1,0,1,1,0,0,0,0,0,0,0,0,1,0,0,0,0,0,0,1,1,1,0,0,0,0,0,0,
dg.MD1R/cf0d49ca-1950-4784-9316-37f96097894b,10041569-c7w6HYO4oU7uSiC4lcZiA,CT,10041569-c7w6HYO4oU7uSiC4lcZiA,Yes,Male,66.0,White,False,True,1,1,0,1,1,1,1,1,1,1,1,0,0,0,0,0,0,0,1,1,1,0,0,0,0,0,0,0,
dg.MD1R/d36338df-d912-4fc7-ac11-b2a849a7e55e,10041569-c7w6HYO4oU7uSiC4lcZiA,CT,10041569-c7w6HYO4oU7uSiC4lcZiA,Yes,Male,66.0,White,False,True,1,1,0,1,1,1,1,1,1,1,1,0,0,0,0,0,0,0,1,1,1,0,0,0,0,0,0,0,
dg.MD1R/f7ae8160-8629-446a-b30b-f6bc5e6f3e36,10041569-PM8BrEOGvEyWPkLhhZ94XQ,CT,10041569-PM8BrEOGvEyWPkLhhZ94XQ,Yes,Male,66.0,Black or African American,False,True,1,1,1,1,0,1,1,1,1,1,1,0,0,0,1,0,0,0,0,1,1,0,1,0,0,0,0,0,
dg.MD1R/0a6c3b52-befd-46eb-9f19-754ecd552b6e,10041569-c7w6HYO4oU7uSiC4lcZiA,CT,10041569-c7w6HYO4oU7uSiC4lcZiA,Yes,Male,66.0,White,False,True,1,1,0,1,1,1,1,1,1,1,1,0,0,0,0,0,0,0,1,1,1,0,0,0,0,0,0,0,
dg.MD1R/ff040502-a30d-4c5a-b282-cd038d8c1f5c,10041569-c7w6HYO4oU7uSiC4lcZiA,CT,10041569-c7w6HYO4oU7uSiC4lcZiA,Yes,Male,66.0,White,False,True,1,1,0,1,1,1,1,1,1,1,1,0,0,0,0,0,0,0,1,1,1,0,0,0,0,0,0,0,
dg.MD1R/b72fb57c-0702-4157-805b-b744da2ea704,10000364-1373610,CT,10000364-1373610,Yes,Male,74.0,Not Reported,True,True,1,0,1,1,0,0,0,0,0,0,0,0,1,0,0,0,0,0,0,1,1,1,0,0,0,0,0,0,
dg.MD1R/f9594571-a934-48fc-a16a-e5c702161b68,10041569-c7w6HYO4oU7uSiC4lcZiA,CT,10041569-c7w6HYO4oU7uSiC4lcZiA,Yes,Male,66.0,White,False,True,1,1,0,1,1,1,1,1,1,1,1,0,0,0,0,0,0,0,1,1,1,0,0,0,0,0,0,0,
dg.MD1R/fc5bf82c-4ff1-4c8f-9af7-f4354defe0b1,10041569-c7w6HYO4oU7uSiC4lcZiA,CT,10041569-c7w6HYO4oU7uSiC4lcZiA,Yes,Male,66.0,White,False,True,1,1,0,1,1,1,1,1,1,1,1,0,0,0,0,0,0,0,1,1,1,0,0,0,0,0,0,0,
dg.MD1R/3850118e-945a-4517-b9cf-dcc1efcb2659,10041569-c7w6HYO4oU7uSiC4lcZiA,CT,10041569-c7w6HYO4oU7uSiC4lcZiA,Yes,Male,66.0,White,False,True,1,1,0,1,1,1,1,1,1,1,1,0,0,0,0,0,0,0,1,1,1,0,0,0,0,0,0,0,
dg.MD1R/c26ba682-06b2-4dec-bc83-3f690fe1599c,10041569-PM8BrEOGvEyWPkLhhZ94XQ,CT,10041569-PM8BrEOGvEyWPkLhhZ94XQ,Yes,Male,66.0,Black or African American,False,True,1,1,1,1,0,1,1,1,1,1,1,0,0,0,1,0,0,0,0,1,1,0,1,0,0,0,0,0,
dg.MD1R/e6c8570c-7d4f-4f70-92ae-a51ec5040e2e,10000364-1373610,CT,10000364-1373610,Yes,Male,74.0,Not Reported,True,True,1,0,1,1,0,0,0,0,0,0,0,0,1,0,0,0,0,0,0,1,1,1,0,0,0,0,0,0,
dg.MD1R/5ce2248c-a4a2-4097-bfd3-165e4f62dbab,10041569-c7w6HYO4oU7uSiC4lcZiA,CT,10041569-c7w6HYO4oU7uSiC4lcZiA,Yes,Male,66.0,White,False,True,1,1,0,1,1,1,1,1,1,1,1,0,0,0,0,0,0,0,1,1,1,0,0,0,0,0,0,0,
dg.MD1R/c5741983-7337-44d5-8bde-ceec4bf38950,10000364-1373610,CT,10000364-1373610,Yes,Male,74.0,Not Reported,True,True,1,0,1,1,0,0,0,0,0,0,0,0,1,0,0,0,0,0,0,1,1,1,0,0,0,0,0,0,
dg.MD1R/f7e6da80-014a-4148-8ff4-fc39c0276f96,10041569-c7w6HYO4oU7uSiC4lcZiA,CT,10041569-c7w6HYO4oU7uSiC4lcZiA,Yes,Male,66.0,White,False,True,1,1,0,1,1,1,1,1,1,1,1,0,0,0,0,0,0,0,1,1,1,0,0,0,0,0,0,0,
dg.MD1R/b9d11daa-e5f2-469e-9a33-aa64fc42c848,10041569-PM8BrEOGvEyWPkLhhZ94XQ,CT,10041569-PM8BrEOGvEyWPkLhhZ94XQ,Yes,Male,66.0,Black or African American,False,True,1,1,1,1,0,1,1,1,1,1,1,0,0,0,1,0,0,0,0,1,1,0,1,0,0,0,0,0,
dg.MD1R/58550278-fc6e-44a9-9651-3ed7706b2621,10041569-c7w6HYO4oU7uSiC4lcZiA,CT,10041569-c7w6HYO4oU7uSiC4lcZiA,Yes,Male,66.0,White,False,True,1,1,0,1,1,1,1,1,1,1,1,0,0,0,0,0,0,0,1,1,1,0,0,0,0,0,0,0,
dg.MD1R/87b5f1ba-b492-4ce8-8639-1ec089219dfc,10041569-c7w6HYO4oU7uSiC4lcZiA,CT,10041569-c7w6HYO4oU7uSiC4lcZiA,Yes,Male,66.0,White,False,True,1,1,0,1,1,1,1,1,1,1,1,0,0,0,0,0,0,0,1,1,1,0,0,0,0,0,0,0,
dg.MD1R/b655422c-a54b-4799-bf19-7da5044affde,10000364-1373610,CT,10000364-1373610,Yes,Male,74.0,Not Reported,True,True,1,0,1,1,0,0,0,0,0,0,0,0,1,0,0,0,0,0,0,1,1,1,0,0,0,0,0,0,
dg.MD1R/f9735ac2-20bd-43b2-9aa1-9ae4402a7cd0,10041569-PM8BrEOGvEyWPkLhhZ94XQ,CT,10041569-PM8BrEOGvEyWPkLhhZ94XQ,Yes,Male,66.0,Black or African American,False,True,1,1,1,1,0,1,1,1,1,1,1,0,0,0,1,0,0,0,0,1,1,0,1,0,0,0,0,0,
dg.MD1R/c0e03325-803e-41ca-90e1-2237fc2c2488,10041569-PM8BrEOGvEyWPkLhhZ94XQ,CT,10041569-PM8BrEOGvEyWPkLhhZ94XQ,Yes,Male,66.0,Black or African American,False,True,1,1,1,1,0,1,1,1,1,1,1,0,0,0,1,0,0,0,0,1,1,0,1,0,0,0,0,0,
dg.MD1R/def46a13-9629-4068-89c2-90c2e90d699d,10041569-c7w6HYO4oU7uSiC4lcZiA,CT,10041569-c7w6HYO4oU7uSiC4lcZiA,Yes,Male,66.0,White,False,True,1,1,0,1,1,1,1,1,1,1,1,0,0,0,0,0,0,0,1,1,1,0,0,0,0,0,0,0,
dg.MD1R/cb1fbe81-cf64-4e9e-b02f-607a2fc7d557,10000364-1373610,CT,10000364-1373610,Yes,Male,74.0,Not Reported,True,True,1,0,1,1,0,0,0,0,0,0,0,0,1,0,0,0,0,0,0,1,1,1,0,0,0,0,0,0,
dg.MD1R/d1a589e4-e1b5-463d-9674-b91f5d812eb3,10041569-c7w6HYO4oU7uSiC4lcZiA,CT,10041569-c7w6HYO4oU7uSiC4lcZiA,Yes,Male,66.0,White,False,True,1,1,0,1,1,1,1,1,1,1,1,0,0,0,0,0,0,0,1,1,1,0,0,0,0,0,0,0,
dg.MD1R/5b978063-5e54-434e-bbef-7c511ee8f9fe,10041569-c7w6HYO4oU7uSiC4lcZiA,CT,10041569-c7w6HYO4oU7uSiC4lcZiA,Yes,Male,66.0,White,False,True,1,1,0,1,1,1,1,1,1,1,1,0,0,0,0,0,0,0,1,1,1,0,0,0,0,0,0,0,
dg.MD1R/a3fde5e9-9073-447b-9d44-3710e118a6dd,10041569-c7w6HYO4oU7uSiC4lcZiA,CT,10041569-c7w6HYO4oU7uSiC4lcZiA,Yes,Male,66.0,White,False,True,1,1,0,1,1,1,1,1,1,1,1,0,0,0,0,0,0,0,1,1,1,0,0,0,0,0,0,0,
dg.MD1R/a35d71f3-ed9a-4ad2-a4b9-96a7f7b70806,10000364-1373610,CT,10000364-1373610,Yes,Male,74.0,Not Reported,True,True,1,0,1,1,0,0,0,0,0,0,0,0,1,0,0,0,0,0,0,1,1,1,0,0,0,0,0,0,
dg.MD1R/76896baa-fbf8-4f5a-9f4f-8200be851c8e,10041569-c7w6HYO4oU7uSiC4lcZiA,CT,10041569-c7w6HYO4oU7uSiC4lcZiA,Yes,Male,66.0,White,False,True,1,1,0,1,1,1,1,1,1,1,1,0,0,0,0,0,0,0,1,1,1,0,0,0,0,0,0,0,
dg.MD1R/5dfb76d8-de16-4a2a-9b37-cf5cfa03ef66,10041569-PM8BrEOGvEyWPkLhhZ94XQ,CT,10041569-PM8BrEOGvEyWPkLhhZ94XQ,Yes,Male,66.0,Black or African American,False,True,1,1,1,1,0,1,1,1,1,1,1,0,0,0,1,0,0,0,0,1,1,0,1,0,0,0,0,0,
dg.MD1R/4f9246af-774e-4c1d-aba7-e9d81219cf58,10041569-c7w6HYO4oU7uSiC4lcZiA,CT,10041569-c7w6HYO4oU7uSiC4lcZiA,Yes,Male,66.0,White,False,True,1,1,0,1,1,1,1,1,1,1,1,0,0,0,0,0,0,0,1,1,1,0,0,0,0,0,0,0,
dg.MD1R/5c22a9f4-66b1-489d-97ca-f295cae80edf,10041569-PM8BrEOGvEyWPkLhhZ94XQ,CT,10041569-PM8BrEOGvEyWPkLhhZ94XQ,Yes,Male,66.0,Black or African American,False,True,1,1,1,1,0,1,1,1,1,1,1,0,0,0,1,0,0,0,0,1,1,0,1,0,0,0,0,0,
dg.MD1R/94fe7504-192e-492d-94d2-cb234f5d8924,10041569-c7w6HYO4oU7uSiC4lcZiA,CT,10041569-c7w6HYO4oU7uSiC4lcZiA,Yes,Male,66.0,White,False,True,1,1,0,1,1,1,1,1,1,1,1,0,0,0,0,0,0,0,1,1,1,0,0,0,0,0,0,0,
dg.MD1R/94a0dfa5-33e4-4f36-bd26-db5a69e8c872,10041569-c7w6HYO4oU7uSiC4lcZiA,CT,10041569-c7w6HYO4oU7uSiC4lcZiA,Yes,Male,66.0,White,False,True,1,1,0,1,1,1,1,1,1,1,1,0,0,0,0,0,0,0,1,1,1,0,0,0,0,0,0,0,
dg.MD1R/537275f8-5fc4-4e7f-a9e4-94846b1fa66b,10041569-c7w6HYO4oU7uSiC4lcZiA,CT,10041569-c7w6HYO4oU7uSiC4lcZiA,Yes,Male,66.0,White,False,True,1,1,0,1,1,1,1,1,1,1,1,0,0,0,0,0,0,0,1,1,1,0,0,0,0,0,0,0,
dg.MD1R/ca832b64-af27-46f0-9361-e3156705991d,10041569-PM8BrEOGvEyWPkLhhZ94XQ,CT,10041569-PM8BrEOGvEyWPkLhhZ94XQ,Yes,Male,66.0,Black or African American,False,True,1,1,1,1,0,1,1,1,1,1,1,0,0,0,1,0,0,0,0,1,1,0,1,0,0,0,0,0,
dg.MD1R/f5fce338-cb47-4b4f-9dbd-95f7fe108006,10041569-PM8BrEOGvEyWPkLhhZ94XQ,CT,10041569-PM8BrEOGvEyWPkLhhZ94XQ,Yes,Male,66.0,Black or African American,False,True,1,1,1,1,0,1,1,1,1,1,1,0,0,0,1,0,0,0,0,1,1,0,1,0,0,0,0,0,
dg.MD1R/e16e36e1-ee9b-486c-b03e-0a7981a2b565,10041569-PM8BrEOGvEyWPkLhhZ94XQ,CT,10041569-PM8BrEOGvEyWPkLhhZ94XQ,Yes,Male,66.0,Black or African American,False,True,1,1,1,1,0,1,1,1,1,1,1,0,0,0,1,0,0,0,0,1,1,0,1,0,0,0,0,0,
dg.MD1R/a0b39381-3994-4654-99b1-836b86395712,10041569-c7w6HYO4oU7uSiC4lcZiA,CT,10041569-c7w6HYO4oU7uSiC4lcZiA,Yes,Male,66.0,White,False,True,1,1,0,1,1,1,1,1,1,1,1,0,0,0,0,0,0,0,1,1,1,0,0,0,0,0,0,0,
dg.MD1R/b1526e86-cca2-42d6-bc93-09b1457ecc30,10041569-PM8BrEOGvEyWPkLhhZ94XQ,CT,10041569-PM8BrEOGvEyWPkLhhZ94XQ,Yes,Male,66.0,Black or African American,False,True,1,1,1,1,0,1,1,1,1,1,1,0,0,0,1,0,0,0,0,1,1,0,1,0,0,0,0,0,
dg.MD1R/e57253b8-7008-4098-831a-cf9be30092d4,10041569-PM8BrEOGvEyWPkLhhZ94XQ,CT,10041569-PM8BrEOGvEyWPkLhhZ94XQ,Yes,Male,66.0,Black or African American,False,True,1,1,1,1,0,1,1,1,1,1,1,0,0,0,1,0,0,0,0,1,1,0,1,0,0,0,0,0,
dg.MD1R/bd8b4432-9f0b-42ab-8eb0-913c047d02b6,10041569-c7w6HYO4oU7uSiC4lcZiA,CT,10041569-c7w6HYO4oU7uSiC4lcZiA,Yes,Male,66.0,White,False,True,1,1,0,1,1,1,1,1,1,1,1,0,0,0,0,0,0,0,1,1,1,0,0,0,0,0,0,0,
dg.MD1R/09faf53e-4491-4c5d-a0ad-a94723970e32,10041569-PM8BrEOGvEyWPkLhhZ94XQ,CT,10041569-PM8BrEOGvEyWPkLhhZ94XQ,Yes,Male,66.0,Black or African American,False,True,1,1,1,1,0,1,1,1,1,1,1,0,0,0,1,0,0,0,0,1,1,0,1,0,0,0,0,0,
dg.MD1R/3db51430-8bfd-45b6-af45-4ab14e1d559e,10041569-PM8BrEOGvEyWPkLhhZ94XQ,CT,10041569-PM8BrEOGvEyWPkLhhZ94XQ,Yes,Male,66.0,Black or African American,False,True,1,1,1,1,0,1,1,1,1,1,1,0,0,0,1,0,0,0,0,1,1,0,1,0,0,0,0,0,
dg.MD1R/555b718d-e0cd-4ff0-b1b4-af67c12ad7a7,10041569-c7w6HYO4oU7uSiC4lcZiA,CT,10041569-c7w6HYO4oU7uSiC4lcZiA,Yes,Male,66.0,White,False,True,1,1,0,1,1,1,1,1,1,1,1,0,0,0,0,0,0,0,1,1,1,0,0,0,0,0,0,0,
dg.MD1R/20b9e806-24f2-4e2d-a60b-82f2cf926460,10041569-PM8BrEOGvEyWPkLhhZ94XQ,CT,10041569-PM8BrEOGvEyWPkLhhZ94XQ,Yes,Male,66.0,Black or African American,False,True,1,1,1,1,0,1,1,1,1,1,1,0,0,0,1,0,0,0,0,1,1,0,1,0,0,0,0,0,
dg.MD1R/ac33d45c-bf88-4606-a6e5-6ff65a372877,10041569-c7w6HYO4oU7uSiC4lcZiA,CT,10041569-c7w6HYO4oU7uSiC4lcZiA,Yes,Male,66.0,White,False,True,1,1,0,1,1,1,1,1,1,1,1,0,0,0,0,0,0,0,1,1,1,0,0,0,0,0,0,0,
dg.MD1R/b33137a7-a7e3-4035-8ee4-52211264aefe,10000364-1373610,CT,10000364-1373610,Yes,Male,74.0,Not Reported,True,True,1,0,1,1,0,0,0,0,0,0,0,0,1,0,0,0,0,0,0,1,1,1,0,0,0,0,0,0,
dg.MD1R/721ef06c-38c8-4064-9d3d-6707d0434553,10041569-c7w6HYO4oU7uSiC4lcZiA,CT,10041569-c7w6HYO4oU7uSiC4lcZiA,Yes,Male,66.0,White,False,True,1,1,0,1,1,1,1,1,1,1,1,0,0,0,0,0,0,0,1,1,1,0,0,0,0,0,0,0,
dg.MD1R/b52c465e-4002-42ec-983f-c25366d46c39,10041569-c7w6HYO4oU7uSiC4lcZiA,CT,10041569-c7w6HYO4oU7uSiC4lcZiA,Yes,Male,66.0,White,False,True,1,1,0,1,1,1,1,1,1,1,1,0,0,0,0,0,0,0,1,1,1,0,0,0,0,0,0,0,
dg.MD1R/20cfaf05-ed59-467f-a3f8-2b44569560c1,10000364-1373610,CT,10000364-1373610,Yes,Male,74.0,Not Reported,True,True,1,0,1,1,0,0,0,0,0,0,0,0,1,0,0,0,0,0,0,1,1,1,0,0,0,0,0,0,
dg.MD1R/bb4ccc86-f619-4fe7-96ad-5bb844f0fe63,10041569-PM8BrEOGvEyWPkLhhZ94XQ,CT,10041569-PM8BrEOGvEyWPkLhhZ94XQ,Yes,Male,66.0,Black or African American,False,True,1,1,1,1,0,1,1,1,1,1,1,0,0,0,1,0,0,0,0,1,1,0,1,0,0,0,0,0,
dg.MD1R/d43fded3-1740-4814-b077-f8111f938b4a,10041569-c7w6HYO4oU7uSiC4lcZiA,CT,10041569-c7w6HYO4oU7uSiC4lcZiA,Yes,Male,66.0,White,False,True,1,1,0,1,1,1,1,1,1,1,1,0,0,0,0,0,0,0,1,1,1,0,0,0,0,0,0,0,
dg.MD1R/7fc3e7cb-3594-44da-8708-1f62c34448b9,10041569-c7w6HYO4oU7uSiC4lcZiA,CT,10041569-c7w6HYO4oU7uSiC4lcZiA,Yes,Male,66.0,White,False,True,1,1,0,1,1,1,1,1,1,1,1,0,0,0,0,0,0,0,1,1,1,0,0,0,0,0,0,0,
dg.MD1R/94da093d-6965-464d-a012-da218f18d816,10000364-1146253,CT,10000364-1146253,Yes,Male,70.0,White,True,True,1,0,1,0,1,0,0,0,0,0,1,0,1,0,0,0,1,1,0,0,1,1,0,0,0,0,0,0,
dg.MD1R/6cf19440-d346-4479-b68c-79cbbd8302a4,10041569-DlqX5imb0ejWPhSL4fHg,CT,10041569-DlqX5imb0ejWPhSL4fHg,Yes,Female,73.0,Black or African American,False,True,1,1,1,0,1,1,0,0,1,0,1,0,1,0,1,1,1,1,0,1,1,1,0,0,0,0,1,0,
dg.MD1R/fd034d74-1565-4f99-b2e9-ea134d29a710,10000364-6101237,CT,10000364-6101237,Yes,Female,71.0,White,True,True,1,0,0,0,1,0,0,0,0,0,0,0,0,0,0,0,0,0,0,1,0,0,0,0,0,0,0,0,
dg.MD1R/4d788866-729b-4f56-8c6d-41654e0291c1,10000364-1146253,CT,10000364-1146253,Yes,Male,70.0,White,True,True,1,0,1,0,1,0,0,0,0,0,1,0,1,0,0,0,1,1,0,0,1,1,0,0,0,0,0,0,
dg.MD1R/71ed8d37-639f-465d-bfaa-ff045c4770c9,10041569-DlqX5imb0ejWPhSL4fHg,CT,10041569-DlqX5imb0ejWPhSL4fHg,Yes,Female,73.0,Black or African American,False,True,1,1,1,0,1,1,0,0,1,0,1,0,1,0,1,1,1,1,0,1,1,1,0,0,0,0,1,0,
dg.MD1R/6f42fb08-facb-463e-8ad8-703c73740f82,10041569-NCqDv8OEUyQItLOWlNToA,CT,10041569-NCqDv8OEUyQItLOWlNToA,Yes,Female,61.0,White,False,True,1,1,0,0,1,1,1,0,1,0,1,0,1,1,1,0,1,0,0,1,1,1,0,0,0,0,0,0,
dg.MD1R/ccbf57cd-5bf7-4645-8a64-d80864a78de2,10000364-973671,CT,10000364-973671,Yes,Male,74.0,Asian,True,True,1,0,0,0,1,0,0,0,0,0,0,0,0,0,1,0,0,0,0,0,1,0,0,0,0,0,0,0,data/preprocessed/ct/ccbf57cd-5bf7-4645-8a64-d80864a78de2.nii.gz
dg.MD1R/eee8d517-69a0-4af4-bfff-f58220c01dc1,10000364-1290721,CT,10000364-1290721,Yes,Male,81.0,Not Reported,False,True,1,0,1,0,1,0,0,0,0,0,0,0,0,0,0,0,0,0,0,0,0,0,0,0,0,0,0,0,
dg.MD1R/10fdfd2c-9245-44a1-8e22-463d48747dfa,10000364-1131001,CT,10000364-1131001,Yes,Male,85.0,White,True,False,1,0,0,0,1,0,0,0,0,0,0,0,0,0,0,0,0,0,0,0,0,0,0,0,0,0,0,0,
dg.MD1R/4a9b491d-867e-4636-88b0-62d4d408cd88,10000364-6101237,CT,10000364-6101237,Yes,Female,71.0,White,True,True,1,0,0,0,1,0,0,0,0,0,0,0,0,0,0,0,0,0,0,1,0,0,0,0,0,0,0,0,
dg.MD1R/e0ef0e8c-a345-4f2f-a2d1-ce06e53866e4,10041569-DlqX5imb0ejWPhSL4fHg,CT,10041569-DlqX5imb0ejWPhSL4fHg,Yes,Female,73.0,Black or African American,False,True,1,1,1,0,1,1,0,0,1,0,1,0,1,0,1,1,1,1,0,1,1,1,0,0,0,0,1,0,
dg.MD1R/490a7d70-e04f-49c8-8033-3ac02ed4f65a,10000364-1290721,CT,10000364-1290721,Yes,Male,81.0,Not Reported,False,True,1,0,1,0,1,0,0,0,0,0,0,0,0,0,0,0,0,0,0,0,0,0,0,0,0,0,0,0,
dg.MD1R/04a63de0-4f68-4764-b591-d05e540767c2,10000364-1131001,CT,10000364-1131001,Yes,Male,85.0,White,True,False,1,0,0,0,1,0,0,0,0,0,0,0,0,0,0,0,0,0,0,0,0,0,0,0,0,0,0,0,
dg.MD1R/f1c14086-9933-4236-a8ad-0efe5866bee7,10000364-973671,CT,10000364-973671,Yes,Male,74.0,Asian,True,True,1,0,0,0,1,0,0,0,0,0,0,0,0,0,1,0,0,0,0,0,1,0,0,0,0,0,0,0,data/preprocessed/ct/f1c14086-9933-4236-a8ad-0efe5866bee7.nii.gz
dg.MD1R/6ad0fa45-cdd1-4f66-8b50-33a5756e08b3,10000364-973671,CT,10000364-973671,Yes,Male,74.0,Asian,True,True,1,0,0,0,1,0,0,0,0,0,0,0,0,0,1,0,0,0,0,0,1,0,0,0,0,0,0,0,data/preprocessed/ct/6ad0fa45-cdd1-4f66-8b50-33a5756e08b3.nii.gz
dg.MD1R/14fc4a61-a07b-4377-a108-c277621a2bf1,10000364-1290721,CT,10000364-1290721,Yes,Male,81.0,Not Reported,False,True,1,0,1,0,1,0,0,0,0,0,0,0,0,0,0,0,0,0,0,0,0,0,0,0,0,0,0,0,
dg.MD1R/9d5c7003-a3a8-437f-840a-80eb15165a96,10000364-6101237,CT,10000364-6101237,Yes,Female,71.0,White,True,True,1,0,0,0,1,0,0,0,0,0,0,0,0,0,0,0,0,0,0,1,0,0,0,0,0,0,0,0,
dg.MD1R/ff9b2274-cce4-402b-b4fc-1159c6ca3023,10000364-1290721,CT,10000364-1290721,Yes,Male,81.0,Not Reported,False,True,1,0,1,0,1,0,0,0,0,0,0,0,0,0,0,0,0,0,0,0,0,0,0,0,0,0,0,0,
dg.MD1R/f17e2a33-270f-4a23-adc1-039b42e31d2a,10041569-YIon3HGGUa4N81uJEoWmg,CT,10041569-YIon3HGGUa4N81uJEoWmg,Yes,Male,84.0,Black or African American,False,False,1,1,1,0,1,1,1,0,1,0,1,0,1,0,1,1,1,1,1,1,1,1,0,0,0,1,0,0,
dg.MD1R/21ac4f42-f3f6-4c94-884c-cfdb17bfa1b9,10041569-NCqDv8OEUyQItLOWlNToA,CT,10041569-NCqDv8OEUyQItLOWlNToA,Yes,Female,61.0,White,False,True,1,1,0,0,1,1,1,0,1,0,1,0,1,1,1,0,1,0,0,1,1,1,0,0,0,0,0,0,
dg.MD1R/40123f87-285a-4466-8e8d-e4b149a0e120,10000364-1131001,CT,10000364-1131001,Yes,Male,85.0,White,True,False,1,0,0,0,1,0,0,0,0,0,0,0,0,0,0,0,0,0,0,0,0,0,0,0,0,0,0,0,
dg.MD1R/336f778b-05fb-42d4-b761-c5bc8d9e9862,10041569-c7w6HYO4oU7uSiC4lcZiA,CT,10041569-c7w6HYO4oU7uSiC4lcZiA,Yes,Male,66.0,White,False,True,1,1,0,1,1,1,1,1,1,1,1,0,0,0,0,0,0,0,1,1,1,0,0,0,0,0,0,0,
dg.MD1R/c3e6a159-8361-4e93-9e93-dc088df5fd49,10041569-0MlpwvpeqkmKqEG4iMez6g,CT,10041569-0MlpwvpeqkmKqEG4iMez6g,Yes,Male,54.0,White,False,True,1,1,1,0,1,1,1,1,0,0,1,0,0,0,0,0,1,1,0,1,0,0,0,0,0,0,0,0,
dg.MD1R/1272ee97-1f80-49be-a1c4-4ac47aaf2c88,10000364-973671,CT,10000364-973671,Yes,Male,74.0,Asian,True,True,1,0,0,0,1,0,0,0,0,0,0,0,0,0,1,0,0,0,0,0,1,0,0,0,0,0,0,0,data/preprocessed/ct/1272ee97-1f80-49be-a1c4-4ac47aaf2c88.nii.gz
dg.MD1R/e352ec79-0e3a-4434-81e3-beb71fb9c8a5,10000364-1290721,CT,10000364-1290721,Yes,Male,81.0,Not Reported,False,True,1,0,1,0,1,0,0,0,0,0,0,0,0,0,0,0,0,0,0,0,0,0,0,0,0,0,0,0,
dg.MD1R/d27be628-be30-46d9-aaed-c19f3e0202eb,10041569-0MlpwvpeqkmKqEG4iMez6g,CT,10041569-0MlpwvpeqkmKqEG4iMez6g,Yes,Male,54.0,White,False,True,1,1,1,0,1,1,1,1,0,0,1,0,0,0,0,0,1,1,0,1,0,0,0,0,0,0,0,0,
dg.MD1R/4efe2b99-eefc-4ab9-8514-b371cd163528,10000364-1290721,CT,10000364-1290721,Yes,Male,81.0,Not Reported,False,True,1,0,1,0,1,0,0,0,0,0,0,0,0,0,0,0,0,0,0,0,0,0,0,0,0,0,0,0,
dg.MD1R/24eb61d8-a4d1-41be-b06a-2fdb915f10f9,10041569-c7w6HYO4oU7uSiC4lcZiA,CT,10041569-c7w6HYO4oU7uSiC4lcZiA,Yes,Male,66.0,White,False,True,1,1,0,1,1,1,1,1,1,1,1,0,0,0,0,0,0,0,1,1,1,0,0,0,0,0,0,0,
dg.MD1R/d499f331-27d2-4fd1-aa01-f1b1c821688b,10041569-DlqX5imb0ejWPhSL4fHg,CT,10041569-DlqX5imb0ejWPhSL4fHg,Yes,Female,73.0,Black or African American,False,True,1,1,1,0,1,1,0,0,1,0,1,0,1,0,1,1,1,1,0,1,1,1,0,0,0,0,1,0,
dg.MD1R/4d1192ce-9b0d-4a6a-88aa-cb6de52fd90d,10041569-kgAvx7uJ10ONCduLyMtlg,CT,10041569-kgAvx7uJ10ONCduLyMtlg,No,Male,52.0,White,False,True,1,1,0,0,1,0,1,0,1,0,1,0,1,0,1,1,1,1,0,1,0,0,0,0,0,0,0,0,
dg.MD1R/ae00fd06-5c5e-4f63-9d1a-559f034ae8e0,10041569-YIon3HGGUa4N81uJEoWmg,CT,10041569-YIon3HGGUa4N81uJEoWmg,Yes,Male,84.0,Black or African American,False,False,1,1,1,0,1,1,1,0,1,0,1,0,1,0,1,1,1,1,1,1,1,1,0,0,0,1,0,0,
dg.MD1R/c4a92ac5-f3fb-4519-97ea-4c5770927c8e,10000364-1472327,CT,10000364-1472327,Yes,Female,58.0,White,True,True,1,1,1,0,1,0,0,0,0,0,1,1,0,0,0,0,1,0,0,1,0,0,0,0,0,0,0,0,
dg.MD1R/858a5fa9-02e0-4001-bf29-df9be40ea640,10000364-1260382,CT,10000364-1260382,Yes,Female,80.0,White,True,True,1,0,1,0,1,0,0,0,0,0,0,0,0,0,0,0,1,0,0,0,1,0,0,0,0,0,1,0,data/preprocessed/ct/858a5fa9-02e0-4001-bf29-df9be40ea640.nii.gz
dg.MD1R/323a8db3-489f-43e5-adec-f22a4d7b6215,10041569-DlqX5imb0ejWPhSL4fHg,CT,10041569-DlqX5imb0ejWPhSL4fHg,Yes,Female,73.0,Black or African American,False,True,1,1,1,0,1,1,0,0,1,0,1,0,1,0,1,1,1,1,0,1,1,1,0,0,0,0,1,0,
dg.MD1R/acb5abaa-af10-459b-8064-324d5bd90533,10000364-5525409,CT,10000364-5525409,Yes,Male,68.0,White,True,True,1,0,0,0,1,0,0,0,0,0,1,0,0,0,0,0,0,0,0,0,0,1,0,0,0,0,0,0,
dg.MD1R/9efd090e-3467-4b12-b268-43078dca9ee6,10041569-DlqX5imb0ejWPhSL4fHg,CT,10041569-DlqX5imb0ejWPhSL4fHg,Yes,Female,73.0,Black or African American,False,True,1,1,1,0,1,1,0,0,1,0,1,0,1,0,1,1,1,1,0,1,1,1,0,0,0,0,1,0,
dg.MD1R/18882480-dfbd-4198-bda5-ba47b908ceb8,10000364-973671,CT,10000364-973671,Yes,Male,74.0,Asian,True,True,1,0,0,0,1,0,0,0,0,0,0,0,0,0,1,0,0,0,0,0,1,0,0,0,0,0,0,0,data/preprocessed/ct/18882480-dfbd-4198-bda5-ba47b908ceb8.nii.gz
dg.MD1R/2e591fba-9d03-442c-b047-00af29d1367b,10041569-DlqX5imb0ejWPhSL4fHg,CT,10041569-DlqX5imb0ejWPhSL4fHg,Yes,Female,73.0,Black or African American,False,True,1,1,1,0,1,1,0,0,1,0,1,0,1,0,1,1,1,1,0,1,1,1,0,0,0,0,1,0,
dg.MD1R/f24a8cc7-2e6f-41fe-868f-55664db93006,10041569-YIon3HGGUa4N81uJEoWmg,CT,10041569-YIon3HGGUa4N81uJEoWmg,Yes,Male,84.0,Black or African American,False,False,1,1,1,0,1,1,1,0,1,0,1,0,1,0,1,1,1,1,1,1,1,1,0,0,0,1,0,0,
dg.MD1R/176cfb5a-102b-4f2f-a570-759c2cae0ce3,10041569-YIon3HGGUa4N81uJEoWmg,CT,10041569-YIon3HGGUa4N81uJEoWmg,Yes,Male,84.0,Black or African American,False,False,1,1,1,0,1,1,1,0,1,0,1,0,1,0,1,1,1,1,1,1,1,1,0,0,0,1,0,0,
dg.MD1R/e7d7e46e-8556-433d-b758-43c52e9b336c,10041569-c7w6HYO4oU7uSiC4lcZiA,CT,10041569-c7w6HYO4oU7uSiC4lcZiA,Yes,Male,66.0,White,False,True,1,1,0,1,1,1,1,1,1,1,1,0,0,0,0,0,0,0,1,1,1,0,0,0,0,0,0,0,
dg.MD1R/ed9d727c-1a20-4856-a08e-2983e3a6213c,10000364-1290721,CT,10000364-1290721,Yes,Male,81.0,Not Reported,False,True,1,0,1,0,1,0,0,0,0,0,0,0,0,0,0,0,0,0,0,0,0,0,0,0,0,0,0,0,
dg.MD1R/ed5d71af-0375-43ff-8add-64ba29340871,10000364-6101237,CT,10000364-6101237,Yes,Female,71.0,White,True,True,1,0,0,0,1,0,0,0,0,0,0,0,0,0,0,0,0,0,0,1,0,0,0,0,0,0,0,0,
dg.MD1R/1f70aebd-7b78-4c66-b11c-c969d5d44db8,10041569-NCqDv8OEUyQItLOWlNToA,CT,10041569-NCqDv8OEUyQItLOWlNToA,Yes,Female,61.0,White,False,True,1,1,0,0,1,1,1,0,1,0,1,0,1,1,1,0,1,0,0,1,1,1,0,0,0,0,0,0,
dg.MD1R/1e917d0f-80b5-4004-a92c-93732c740343,10041569-YIon3HGGUa4N81uJEoWmg,CT,10041569-YIon3HGGUa4N81uJEoWmg,Yes,Male,84.0,Black or African American,False,False,1,1,1,0,1,1,1,0,1,0,1,0,1,0,1,1,1,1,1,1,1,1,0,0,0,1,0,0,
dg.MD1R/283b50fa-1514-4950-a8dc-d4a002c3e24f,10000364-1146253,CT,10000364-1146253,Yes,Male,70.0,White,True,True,1,0,1,0,1,0,0,0,0,0,1,0,1,0,0,0,1,1,0,0,1,1,0,0,0,0,0,0,
dg.MD1R/16dc6816-92de-4038-8603-106df30a9948,10000364-1146253,CT,10000364-1146253,Yes,Male,70.0,White,True,True,1,0,1,0,1,0,0,0,0,0,1,0,1,0,0,0,1,1,0,0,1,1,0,0,0,0,0,0,
dg.MD1R/1aa91957-8e7d-4c85-81af-b9190da589f0,10000364-1290721,CT,10000364-1290721,Yes,Male,81.0,Not Reported,False,True,1,0,1,0,1,0,0,0,0,0,0,0,0,0,0,0,0,0,0,0,0,0,0,0,0,0,0,0,
dg.MD1R/92e0c45e-4674-4d0a-a656-3f8453cec0cd,10000364-6101237,CT,10000364-6101237,Yes,Female,71.0,White,True,True,1,0,0,0,1,0,0,0,0,0,0,0,0,0,0,0,0,0,0,1,0,0,0,0,0,0,0,0,
dg.MD1R/5e20248e-5d4f-4903-84fc-bf9623e31c20,10041569-NCqDv8OEUyQItLOWlNToA,CT,10041569-NCqDv8OEUyQItLOWlNToA,Yes,Female,61.0,White,False,True,1,1,0,0,1,1,1,0,1,0,1,0,1,1,1,0,1,0,0,1,1,1,0,0,0,0,0,0,
dg.MD1R/9a7cd1d7-a6b6-4bc3-a990-48d703aa8359,10041569-DlqX5imb0ejWPhSL4fHg,CT,10041569-DlqX5imb0ejWPhSL4fHg,Yes,Female,73.0,Black or African American,False,True,1,1,1,0,1,1,0,0,1,0,1,0,1,0,1,1,1,1,0,1,1,1,0,0,0,0,1,0,
dg.MD1R/5b8558f1-00d2-4d96-93fd-0a8dcd6ccb79,10000364-6101237,CT,10000364-6101237,Yes,Female,71.0,White,True,True,1,0,0,0,1,0,0,0,0,0,0,0,0,0,0,0,0,0,0,1,0,0,0,0,0,0,0,0,
dg.MD1R/05745157-90fc-4de4-a15c-46678767e9cd,10000364-1290721,CT,10000364-1290721,Yes,Male,81.0,Not Reported,False,True,1,0,1,0,1,0,0,0,0,0,0,0,0,0,0,0,0,0,0,0,0,0,0,0,0,0,0,0,
dg.MD1R/e4c6f7ec-b1e8-4315-86ab-cde7fa6f7986,10000364-1131001,CT,10000364-1131001,Yes,Male,85.0,White,True,False,1,0,0,0,1,0,0,0,0,0,0,0,0,0,0,0,0,0,0,0,0,0,0,0,0,0,0,0,
dg.MD1R/121ddbf0-de70-417f-88e8-ca3584aea3d6,10000364-1290721,CT,10000364-1290721,Yes,Male,81.0,Not Reported,False,True,1,0,1,0,1,0,0,0,0,0,0,0,0,0,0,0,0,0,0,0,0,0,0,0,0,0,0,0,
dg.MD1R/8762a86c-78b9-410c-99d1-21e7d3e18da7,10041569-kgAvx7uJ10ONCduLyMtlg,CT,10041569-kgAvx7uJ10ONCduLyMtlg,No,Male,52.0,White,False,True,1,1,0,0,1,0,1,0,1,0,1,0,1,0,1,1,1,1,0,1,0,0,0,0,0,0,0,0,
dg.MD1R/d5596d05-0ed7-4b1c-a70d-b80950dfb6fe,10000364-1146253,CT,10000364-1146253,Yes,Male,70.0,White,True,True,1,0,1,0,1,0,0,0,0,0,1,0,1,0,0,0,1,1,0,0,1,1,0,0,0,0,0,0,
dg.MD1R/50f81a09-7bab-4a16-a021-a9fc2817d8c7,10000364-6101237,CT,10000364-6101237,Yes,Female,71.0,White,True,True,1,0,0,0,1,0,0,0,0,0,0,0,0,0,0,0,0,0,0,1,0,0,0,0,0,0,0,0,
dg.MD1R/823a9056-aa22-431d-a337-fda5584c8c65,10000364-1131001,CT,10000364-1131001,Yes,Male,85.0,White,True,False,1,0,0,0,1,0,0,0,0,0,0,0,0,0,0,0,0,0,0,0,0,0,0,0,0,0,0,0,
dg.MD1R/307b0592-5f5c-4a6d-aecb-ee17e941a108,10041569-c7w6HYO4oU7uSiC4lcZiA,CT,10041569-c7w6HYO4oU7uSiC4lcZiA,Yes,Male,66.0,White,False,True,1,1,0,1,1,1,1,1,1,1,1,0,0,0,0,0,0,0,1,1,1,0,0,0,0,0,0,0,
dg.MD1R/688a844b-e9df-4f32-ac88-98a4c1d9c273,10000364-1260382,CT,10000364-1260382,Yes,Female,80.0,White,True,True,1,0,1,0,1,0,0,0,0,0,0,0,0,0,0,0,1,0,0,0,1,0,0,0,0,0,1,0,data/preprocessed/ct/688a844b-e9df-4f32-ac88-98a4c1d9c273.nii.gz
dg.MD1R/5da6d8a9-5886-4783-b851-fcbdd6e64a2c,10041569-NCqDv8OEUyQItLOWlNToA,CT,10041569-NCqDv8OEUyQItLOWlNToA,Yes,Female,61.0,White,False,True,1,1,0,0,1,1,1,0,1,0,1,0,1,1,1,0,1,0,0,1,1,1,0,0,0,0,0,0,
dg.MD1R/9c1e13de-c52d-4d4f-816c-4eb80e1bf8d1,10000364-1290721,CT,10000364-1290721,Yes,Male,81.0,Not Reported,False,True,1,0,1,0,1,0,0,0,0,0,0,0,0,0,0,0,0,0,0,0,0,0,0,0,0,0,0,0,
dg.MD1R/f6cccbd2-fd37-4bbf-83d8-61db28a9b29b,10000364-1290721,CT,10000364-1290721,Yes,Male,81.0,Not Reported,False,True,1,0,1,0,1,0,0,0,0,0,0,0,0,0,0,0,0,0,0,0,0,0,0,0,0,0,0,0,
dg.MD1R/b1c255b5-de1f-41fd-9f3f-8adb73caa787,10000364-1290721,CT,10000364-1290721,Yes,Male,81.0,Not Reported,False,True,1,0,1,0,1,0,0,0,0,0,0,0,0,0,0,0,0,0,0,0,0,0,0,0,0,0,0,0,
dg.MD1R/6b9b620c-26a0-4d7e-8721-210d5cef0a8e,10041569-NCqDv8OEUyQItLOWlNToA,CT,10041569-NCqDv8OEUyQItLOWlNToA,Yes,Female,61.0,White,False,True,1,1,0,0,1,1,1,0,1,0,1,0,1,1,1,0,1,0,0,1,1,1,0,0,0,0,0,0,
dg.MD1R/6fed6b9b-84a0-474f-a1c1-c6f2ac563b7d,10041569-DlqX5imb0ejWPhSL4fHg,CT,10041569-DlqX5imb0ejWPhSL4fHg,Yes,Female,73.0,Black or African American,False,True,1,1,1,0,1,1,0,0,1,0,1,0,1,0,1,1,1,1,0,1,1,1,0,0,0,0,1,0,
dg.MD1R/0d6e065a-56af-471c-ae11-08e016cb9179,10000364-973671,CT,10000364-973671,Yes,Male,74.0,Asian,True,True,1,0,0,0,1,0,0,0,0,0,0,0,0,0,1,0,0,0,0,0,1,0,0,0,0,0,0,0,data/preprocessed/ct/0d6e065a-56af-471c-ae11-08e016cb9179.nii.gz
dg.MD1R/aa879ba1-8f7f-490a-8a03-ed3dd1c28e7b,10000364-973671,CT,10000364-973671,Yes,Male,74.0,Asian,True,True,1,0,0,0,1,0,0,0,0,0,0,0,0,0,1,0,0,0,0,0,1,0,0,0,0,0,0,0,data/preprocessed/ct/aa879ba1-8f7f-490a-8a03-ed3dd1c28e7b.nii.gz
dg.MD1R/a6de1c02-596e-4147-8dbe-8d9fe45ff960,10000364-1290721,CT,10000364-1290721,Yes,Male,81.0,Not Reported,False,True,1,0,1,0,1,0,0,0,0,0,0,0,0,0,0,0,0,0,0,0,0,0,0,0,0,0,0,0,
dg.MD1R/a858a9e2-801a-4e5c-b946-4616e4eabe74,10000364-1290721,CT,10000364-1290721,Yes,Male,81.0,Not Reported,False,True,1,0,1,0,1,0,0,0,0,0,0,0,0,0,0,0,0,0,0,0,0,0,0,0,0,0,0,0,
dg.MD1R/faf075c9-3975-4a7d-8bac-de5ad5337d40,10000364-6101237,CT,10000364-6101237,Yes,Female,71.0,White,True,True,1,0,0,0,1,0,0,0,0,0,0,0,0,0,0,0,0,0,0,1,0,0,0,0,0,0,0,0,
dg.MD1R/d403f8aa-0709-45b7-9b60-66570d0e4bfd,10000364-1260382,CT,10000364-1260382,Yes,Female,80.0,White,True,True,1,0,1,0,1,0,0,0,0,0,0,0,0,0,0,0,1,0,0,0,1,0,0,0,0,0,1,0,data/preprocessed/ct/d403f8aa-0709-45b7-9b60-66570d0e4bfd.nii.gz
dg.MD1R/8a867b49-18b6-49bd-bb2c-a4d3f6db36bf,10000364-5525409,CT,10000364-5525409,Yes,Male,68.0,White,True,True,1,0,0,0,1,0,0,0,0,0,1,0,0,0,0,0,0,0,0,0,0,1,0,0,0,0,0,0,
dg.MD1R/3a1db3db-26d4-4865-bfaf-ffe97ce87aaf,10000364-1260382,CT,10000364-1260382,Yes,Female,80.0,White,True,True,1,0,1,0,1,0,0,0,0,0,0,0,0,0,0,0,1,0,0,0,1,0,0,0,0,0,1,0,data/preprocessed/ct/3a1db3db-26d4-4865-bfaf-ffe97ce87aaf.nii.gz
dg.MD1R/8e5df8cd-cf49-4fde-8c75-699862e5f89d,10000364-5525409,CT,10000364-5525409,Yes,Male,68.0,White,True,True,1,0,0,0,1,0,0,0,0,0,1,0,0,0,0,0,0,0,0,0,0,1,0,0,0,0,0,0,
dg.MD1R/8f72babd-306a-402b-b05b-c97f91225011,10041569-k8IVxNVD0GPgNtSsov6lw,CT,10041569-k8IVxNVD0GPgNtSsov6lw,Yes,Female,70.0,Black or African American,False,True,1,1,1,0,1,1,1,0,1,0,1,0,1,1,1,0,0,1,0,1,1,1,0,0,0,0,0,0,
dg.MD1R/80c772bd-059e-4478-889d-4f55cbad11b6,10000364-1260382,CT,10000364-1260382,Yes,Female,80.0,White,True,True,1,0,1,0,1,0,0,0,0,0,0,0,0,0,0,0,1,0,0,0,1,0,0,0,0,0,1,0,data/preprocessed/ct/80c772bd-059e-4478-889d-4f55cbad11b6.nii.gz
dg.MD1R/0f691496-6eb7-488b-ad4f-f3b9935e7776,10000364-1290721,CT,10000364-1290721,Yes,Male,81.0,Not Reported,False,True,1,0,1,0,1,0,0,0,0,0,0,0,0,0,0,0,0,0,0,0,0,0,0,0,0,0,0,0,
dg.MD1R/b5dfe117-d566-4610-942d-f78969e01d5a,10000364-1260382,CT,10000364-1260382,Yes,Female,80.0,White,True,True,1,0,1,0,1,0,0,0,0,0,0,0,0,0,0,0,1,0,0,0,1,0,0,0,0,0,1,0,data/preprocessed/ct/b5dfe117-d566-4610-942d-f78969e01d5a.nii.gz
dg.MD1R/3caecd5d-ab43-40b5-a406-e4f28febbb28,10041569-DlqX5imb0ejWPhSL4fHg,CT,10041569-DlqX5imb0ejWPhSL4fHg,Yes,Female,73.0,Black or African American,False,True,1,1,1,0,1,1,0,0,1,0,1,0,1,0,1,1,1,1,0,1,1,1,0,0,0,0,1,0,
dg.MD1R/a2089009-f26f-438c-921f-46eafdb0a023,10000364-973671,CT,10000364-973671,Yes,Male,74.0,Asian,True,True,1,0,0,0,1,0,0,0,0,0,0,0,0,0,1,0,0,0,0,0,1,0,0,0,0,0,0,0,data/preprocessed/ct/a2089009-f26f-438c-921f-46eafdb0a023.nii.gz
dg.MD1R/3dcc7c3c-0a80-4fac-992b-df68158e96cb,10000364-1131001,CT,10000364-1131001,Yes,Male,85.0,White,True,False,1,0,0,0,1,0,0,0,0,0,0,0,0,0,0,0,0,0,0,0,0,0,0,0,0,0,0,0,
dg.MD1R/60529d39-d154-4a4a-af6a-839537ceaf54,10000364-6101237,CT,10000364-6101237,Yes,Female,71.0,White,True,True,1,0,0,0,1,0,0,0,0,0,0,0,0,0,0,0,0,0,0,1,0,0,0,0,0,0,0,0,
dg.MD1R/997f911b-a14b-4f48-abe7-e62286faf5d5,10000364-1290721,CT,10000364-1290721,Yes,Male,81.0,Not Reported,False,True,1,0,1,0,1,0,0,0,0,0,0,0,0,0,0,0,0,0,0,0,0,0,0,0,0,0,0,0,
dg.MD1R/4f7e54e8-fe9f-4f31-9f55-a347dcc3a314,10000364-1260382,CT,10000364-1260382,Yes,Female,80.0,White,True,True,1,0,1,0,1,0,0,0,0,0,0,0,0,0,0,0,1,0,0,0,1,0,0,0,0,0,1,0,data/preprocessed/ct/4f7e54e8-fe9f-4f31-9f55-a347dcc3a314.nii.gz
dg.MD1R/75810dc6-ab32-4d62-89c2-57ba8cd7337c,10000364-1290721,CT,10000364-1290721,Yes,Male,81.0,Not Reported,False,True,1,0,1,0,1,0,0,0,0,0,0,0,0,0,0,0,0,0,0,0,0,0,0,0,0,0,0,0,
dg.MD1R/80cc52bb-7d34-4641-bbdf-97fee3f9decb,10000364-1290721,CT,10000364-1290721,Yes,Male,81.0,Not Reported,False,True,1,0,1,0,1,0,0,0,0,0,0,0,0,0,0,0,0,0,0,0,0,0,0,0,0,0,0,0,
dg.MD1R/47e388ea-684e-4aa4-bdd4-79f6d1315e04,10000364-1290721,CT,10000364-1290721,Yes,Male,81.0,Not Reported,False,True,1,0,1,0,1,0,0,0,0,0,0,0,0,0,0,0,0,0,0,0,0,0,0,0,0,0,0,0,
dg.MD1R/c4868dec-23d1-43f3-ba3e-372fa6ffc0ea,10041569-NCqDv8OEUyQItLOWlNToA,CT,10041569-NCqDv8OEUyQItLOWlNToA,Yes,Female,61.0,White,False,True,1,1,0,0,1,1,1,0,1,0,1,0,1,1,1,0,1,0,0,1,1,1,0,0,0,0,0,0,
dg.MD1R/6f8ddd9b-3d50-416f-9ff7-5f4b225e1a95,10000364-6101237,CT,10000364-6101237,Yes,Female,71.0,White,True,True,1,0,0,0,1,0,0,0,0,0,0,0,0,0,0,0,0,0,0,1,0,0,0,0,0,0,0,0,
dg.MD1R/a846c4bd-1611-43a0-adf4-b1a382a3dede,10041569-NCqDv8OEUyQItLOWlNToA,CT,10041569-NCqDv8OEUyQItLOWlNToA,Yes,Female,61.0,White,False,True,1,1,0,0,1,1,1,0,1,0,1,0,1,1,1,0,1,0,0,1,1,1,0,0,0,0,0,0,
dg.MD1R/c81ec2d5-388c-45cc-b50c-90e43851a499,10041569-kgAvx7uJ10ONCduLyMtlg,CT,10041569-kgAvx7uJ10ONCduLyMtlg,No,Male,52.0,White,False,True,1,1,0,0,1,0,1,0,1,0,1,0,1,0,1,1,1,1,0,1,0,0,0,0,0,0,0,0,
dg.MD1R/036f4a7f-0996-488d-93db-d584db07251a,10041569-NCqDv8OEUyQItLOWlNToA,CT,10041569-NCqDv8OEUyQItLOWlNToA,Yes,Female,61.0,White,False,True,1,1,0,0,1,1,1,0,1,0,1,0,1,1,1,0,1,0,0,1,1,1,0,0,0,0,0,0,
dg.MD1R/561acf8d-e91a-428d-8d4b-0353752e47a1,10000364-6101237,CT,10000364-6101237,Yes,Female,71.0,White,True,True,1,0,0,0,1,0,0,0,0,0,0,0,0,0,0,0,0,0,0,1,0,0,0,0,0,0,0,0,
dg.MD1R/f77f42cf-86c1-4d47-9f7a-e1f23c8b544e,10000364-1131001,CT,10000364-1131001,Yes,Male,85.0,White,True,False,1,0,0,0,1,0,0,0,0,0,0,0,0,0,0,0,0,0,0,0,0,0,0,0,0,0,0,0,
dg.MD1R/1c5bd667-8205-46a5-aadd-4e993001bd5b,10000364-1260382,CT,10000364-1260382,Yes,Female,80.0,White,True,True,1,0,1,0,1,0,0,0,0,0,0,0,0,0,0,0,1,0,0,0,1,0,0,0,0,0,1,0,data/preprocessed/ct/1c5bd667-8205-46a5-aadd-4e993001bd5b.nii.gz
dg.MD1R/e527985f-0a20-4c6d-b89f-f19f29f69ecf,10000364-1131001,CT,10000364-1131001,Yes,Male,85.0,White,True,False,1,0,0,0,1,0,0,0,0,0,0,0,0,0,0,0,0,0,0,0,0,0,0,0,0,0,0,0,
dg.MD1R/bad3b5ea-7037-447f-92a5-ba7c341f9f91,10041569-DlqX5imb0ejWPhSL4fHg,CT,10041569-DlqX5imb0ejWPhSL4fHg,Yes,Female,73.0,Black or African American,False,True,1,1,1,0,1,1,0,0,1,0,1,0,1,0,1,1,1,1,0,1,1,1,0,0,0,0,1,0,
dg.MD1R/043641e6-cce4-49be-a438-7a84d0a7d213,10041569-DlqX5imb0ejWPhSL4fHg,CT,10041569-DlqX5imb0ejWPhSL4fHg,Yes,Female,73.0,Black or African American,False,True,1,1,1,0,1,1,0,0,1,0,1,0,1,0,1,1,1,1,0,1,1,1,0,0,0,0,1,0,
dg.MD1R/4a7ce3aa-1d1b-43be-999e-ea6a2c8eeb68,10000364-6101237,CT,10000364-6101237,Yes,Female,71.0,White,True,True,1,0,0,0,1,0,0,0,0,0,0,0,0,0,0,0,0,0,0,1,0,0,0,0,0,0,0,0,
dg.MD1R/8f33d061-dce3-4e87-88d2-41316e439e6a,10000364-6101237,CT,10000364-6101237,Yes,Female,71.0,White,True,True,1,0,0,0,1,0,0,0,0,0,0,0,0,0,0,0,0,0,0,1,0,0,0,0,0,0,0,0,
dg.MD1R/821ad956-60a8-48db-a0d4-a95c94da3eeb,10000364-5525409,CT,10000364-5525409,Yes,Male,68.0,White,True,True,1,0,0,0,1,0,0,0,0,0,1,0,0,0,0,0,0,0,0,0,0,1,0,0,0,0,0,0,
dg.MD1R/16d01b27-c048-48a7-80fc-fd9bd151da99,10041569-NCqDv8OEUyQItLOWlNToA,CT,10041569-NCqDv8OEUyQItLOWlNToA,Yes,Female,61.0,White,False,True,1,1,0,0,1,1,1,0,1,0,1,0,1,1,1,0,1,0,0,1,1,1,0,0,0,0,0,0,
dg.MD1R/d9cbaf92-370e-4b8d-9770-f3be843d54ee,10000364-1131001,CT,10000364-1131001,Yes,Male,85.0,White,True,False,1,0,0,0,1,0,0,0,0,0,0,0,0,0,0,0,0,0,0,0,0,0,0,0,0,0,0,0,
dg.MD1R/f2a89b8a-58ad-44f0-b986-958d0d52a280,10000364-973671,CT,10000364-973671,Yes,Male,74.0,Asian,True,True,1,0,0,0,1,0,0,0,0,0,0,0,0,0,1,0,0,0,0,0,1,0,0,0,0,0,0,0,data/preprocessed/ct/f2a89b8a-58ad-44f0-b986-958d0d52a280.nii.gz
dg.MD1R/e3f18bf7-987d-418d-abfd-f48c33ada839,10000364-1472327,CT,10000364-1472327,Yes,Female,58.0,White,True,True,1,1,1,0,1,0,0,0,0,0,1,1,0,0,0,0,1,0,0,1,0,0,0,0,0,0,0,0,
dg.MD1R/6bba6663-f435-41c4-94ed-56a1ad64f2ba,10041569-DlqX5imb0ejWPhSL4fHg,CT,10041569-DlqX5imb0ejWPhSL4fHg,Yes,Female,73.0,Black or African American,False,True,1,1,1,0,1,1,0,0,1,0,1,0,1,0,1,1,1,1,0,1,1,1,0,0,0,0,1,0,
dg.MD1R/4d34afa2-fac2-48c2-8325-96e4061f34ea,10041569-YIon3HGGUa4N81uJEoWmg,CT,10041569-YIon3HGGUa4N81uJEoWmg,Yes,Male,84.0,Black or African American,False,False,1,1,1,0,1,1,1,0,1,0,1,0,1,0,1,1,1,1,1,1,1,1,0,0,0,1,0,0,
dg.MD1R/d5c9d2a9-ca7e-4294-9965-16458b91a21a,10000364-6101237,CT,10000364-6101237,Yes,Female,71.0,White,True,True,1,0,0,0,1,0,0,0,0,0,0,0,0,0,0,0,0,0,0,1,0,0,0,0,0,0,0,0,
dg.MD1R/3691fe1a-90b9-4047-9ed6-05dd41744873,10000364-6101237,CT,10000364-6101237,Yes,Female,71.0,White,True,True,1,0,0,0,1,0,0,0,0,0,0,0,0,0,0,0,0,0,0,1,0,0,0,0,0,0,0,0,
dg.MD1R/c6e20612-33b7-42d9-b7eb-4cfb42c17780,10000364-1131001,CT,10000364-1131001,Yes,Male,85.0,White,True,False,1,0,0,0,1,0,0,0,0,0,0,0,0,0,0,0,0,0,0,0,0,0,0,0,0,0,0,0,
dg.MD1R/2dbc6848-e9e5-4609-95ec-2c66b34c24a8,10000364-1290721,CT,10000364-1290721,Yes,Male,81.0,Not Reported,False,True,1,0,1,0,1,0,0,0,0,0,0,0,0,0,0,0,0,0,0,0,0,0,0,0,0,0,0,0,
dg.MD1R/e854770f-6379-466b-8735-29ed7c11ebfe,10041569-NCqDv8OEUyQItLOWlNToA,CT,10041569-NCqDv8OEUyQItLOWlNToA,Yes,Female,61.0,White,False,True,1,1,0,0,1,1,1,0,1,0,1,0,1,1,1,0,1,0,0,1,1,1,0,0,0,0,0,0,
dg.MD1R/966226aa-e2c4-4e91-8059-04c9c5d9b3af,10000364-1146253,CT,10000364-1146253,Yes,Male,70.0,White,True,True,1,0,1,0,1,0,0,0,0,0,1,0,1,0,0,0,1,1,0,0,1,1,0,0,0,0,0,0,
dg.MD1R/03f63684-3d0a-4460-b390-cc34b475381b,10000364-6101237,CT,10000364-6101237,Yes,Female,71.0,White,True,True,1,0,0,0,1,0,0,0,0,0,0,0,0,0,0,0,0,0,0,1,0,0,0,0,0,0,0,0,
dg.MD1R/bde320ee-8985-4cf5-8514-21b539179366,10000364-1472327,CT,10000364-1472327,Yes,Female,58.0,White,True,True,1,1,1,0,1,0,0,0,0,0,1,1,0,0,0,0,1,0,0,1,0,0,0,0,0,0,0,0,
dg.MD1R/a1dc389b-9a34-43f5-8ae9-960e6bf908ff,10041569-c7w6HYO4oU7uSiC4lcZiA,CT,10041569-c7w6HYO4oU7uSiC4lcZiA,Yes,Male,66.0,White,False,True,1,1,0,1,1,1,1,1,1,1,1,0,0,0,0,0,0,0,1,1,1,0,0,0,0,0,0,0,
dg.MD1R/ac0a487d-5fdf-4a5a-9e49-db36a90e30cf,10041569-DlqX5imb0ejWPhSL4fHg,CT,10041569-DlqX5imb0ejWPhSL4fHg,Yes,Female,73.0,Black or African American,False,True,1,1,1,0,1,1,0,0,1,0,1,0,1,0,1,1,1,1,0,1,1,1,0,0,0,0,1,0,
dg.MD1R/d478479e-670c-4165-8cb7-20b91d629e1f,10000364-5525409,CT,10000364-5525409,Yes,Male,68.0,White,True,True,1,0,0,0,1,0,0,0,0,0,1,0,0,0,0,0,0,0,0,0,0,1,0,0,0,0,0,0,
dg.MD1R/8431c7cc-a4aa-4ba5-9222-6c901017adab,10000364-1290721,CT,10000364-1290721,Yes,Male,81.0,Not Reported,False,True,1,0,1,0,1,0,0,0,0,0,0,0,0,0,0,0,0,0,0,0,0,0,0,0,0,0,0,0,
dg.MD1R/0905d641-765c-4931-85d6-020d62a60a91,10041569-YIon3HGGUa4N81uJEoWmg,CT,10041569-YIon3HGGUa4N81uJEoWmg,Yes,Male,84.0,Black or African American,False,False,1,1,1,0,1,1,1,0,1,0,1,0,1,0,1,1,1,1,1,1,1,1,0,0,0,1,0,0,
dg.MD1R/92ba8c91-2dc6-4c9e-ac18-92e986b380e1,10000364-1290721,CT,10000364-1290721,Yes,Male,81.0,Not Reported,False,True,1,0,1,0,1,0,0,0,0,0,0,0,0,0,0,0,0,0,0,0,0,0,0,0,0,0,0,0,
dg.MD1R/1213cc4e-f5f2-4f8d-ae1e-d1580c8b292c,10000364-2089207,CT,10000364-2089207,Yes,Male,71.0,White,False,False,1,0,0,0,1,1,0,0,0,0,0,1,0,0,1,0,1,1,0,0,0,0,0,0,0,0,0,0,
dg.MD1R/0f872775-53fe-4b57-a2c2-6d89984db4ba,10000364-5525409,CT,10000364-5525409,Yes,Male,68.0,White,True,True,1,0,0,0,1,0,0,0,0,0,1,0,0,0,0,0,0,0,0,0,0,1,0,0,0,0,0,0,
dg.MD1R/01955d28-4b92-4f2d-a9ab-f8b31dfdd605,10000364-6101237,CT,10000364-6101237,Yes,Female,71.0,White,True,True,1,0,0,0,1,0,0,0,0,0,0,0,0,0,0,0,0,0,0,1,0,0,0,0,0,0,0,0,
dg.MD1R/8ca5b6c2-8a11-4567-8688-1c02d0eb19a9,10000364-1472327,CT,10000364-1472327,Yes,Female,58.0,White,True,True,1,1,1,0,1,0,0,0,0,0,1,1,0,0,0,0,1,0,0,1,0,0,0,0,0,0,0,0,
dg.MD1R/d21e86c1-c717-4cbe-987e-01b3e43e9a9e,10000364-6101237,CT,10000364-6101237,Yes,Female,71.0,White,True,True,1,0,0,0,1,0,0,0,0,0,0,0,0,0,0,0,0,0,0,1,0,0,0,0,0,0,0,0,
dg.MD1R/3a1aecee-5542-467e-9f1c-96a4f24309ec,10000364-1131001,CT,10000364-1131001,Yes,Male,85.0,White,True,False,1,0,0,0,1,0,0,0,0,0,0,0,0,0,0,0,0,0,0,0,0,0,0,0,0,0,0,0,
dg.MD1R/4d75cde1-0309-4c86-9f9e-fd3a604b4763,10000364-1290721,CT,10000364-1290721,Yes,Male,81.0,Not Reported,False,True,1,0,1,0,1,0,0,0,0,0,0,0,0,0,0,0,0,0,0,0,0,0,0,0,0,0,0,0,
dg.MD1R/f1edb512-fffe-4a82-964e-f5e1a502a628,10000364-5525409,CT,10000364-5525409,Yes,Male,68.0,White,True,True,1,0,0,0,1,0,0,0,0,0,1,0,0,0,0,0,0,0,0,0,0,1,0,0,0,0,0,0,
dg.MD1R/4ae69884-1a25-46b3-b9c3-1f4c662da509,10041569-kgAvx7uJ10ONCduLyMtlg,CT,10041569-kgAvx7uJ10ONCduLyMtlg,No,Male,52.0,White,False,True,1,1,0,0,1,0,1,0,1,0,1,0,1,0,1,1,1,1,0,1,0,0,0,0,0,0,0,0,
dg.MD1R/e78bc58a-0ede-4fb1-8a39-fdc60dc0cc65,10041569-NCqDv8OEUyQItLOWlNToA,CT,10041569-NCqDv8OEUyQItLOWlNToA,Yes,Female,61.0,White,False,True,1,1,0,0,1,1,1,0,1,0,1,0,1,1,1,0,1,0,0,1,1,1,0,0,0,0,0,0,
dg.MD1R/8f99beb7-ddfd-4dd0-9941-0c2c20365fcf,10000364-1131001,CT,10000364-1131001,Yes,Male,85.0,White,True,False,1,0,0,0,1,0,0,0,0,0,0,0,0,0,0,0,0,0,0,0,0,0,0,0,0,0,0,0,
dg.MD1R/b379c6c0-4607-48e1-b996-8e9b0fe1cd62,10000364-2089207,CT,10000364-2089207,Yes,Male,71.0,White,False,False,1,0,0,0,1,1,0,0,0,0,0,1,0,0,1,0,1,1,0,0,0,0,0,0,0,0,0,0,
dg.MD1R/c2a05234-c8fa-488e-94f7-8ab662f97e99,10000364-1131001,CT,10000364-1131001,Yes,Male,85.0,White,True,False,1,0,0,0,1,0,0,0,0,0,0,0,0,0,0,0,0,0,0,0,0,0,0,0,0,0,0,0,
dg.MD1R/4b519349-e176-4efa-acec-a815424cdfad,10041569-DlqX5imb0ejWPhSL4fHg,CT,10041569-DlqX5imb0ejWPhSL4fHg,Yes,Female,73.0,Black or African American,False,True,1,1,1,0,1,1,0,0,1,0,1,0,1,0,1,1,1,1,0,1,1,1,0,0,0,0,1,0,
dg.MD1R/37e35c72-0797-4d4d-b884-c0004aebb18a,10000364-1290721,CT,10000364-1290721,Yes,Male,81.0,Not Reported,False,True,1,0,1,0,1,0,0,0,0,0,0,0,0,0,0,0,0,0,0,0,0,0,0,0,0,0,0,0,
dg.MD1R/ea21150e-b449-4398-99ab-6094ce88d049,10041569-DlqX5imb0ejWPhSL4fHg,CT,10041569-DlqX5imb0ejWPhSL4fHg,Yes,Female,73.0,Black or African American,False,True,1,1,1,0,1,1,0,0,1,0,1,0,1,0,1,1,1,1,0,1,1,1,0,0,0,0,1,0,
dg.MD1R/6f32450e-820c-44ba-85e8-d13976fb422a,10041569-YIon3HGGUa4N81uJEoWmg,CT,10041569-YIon3HGGUa4N81uJEoWmg,Yes,Male,84.0,Black or African American,False,False,1,1,1,0,1,1,1,0,1,0,1,0,1,0,1,1,1,1,1,1,1,1,0,0,0,1,0,0,
dg.MD1R/656e9609-d253-48fe-b4b9-5cca530c91a3,10041569-YIon3HGGUa4N81uJEoWmg,CT,10041569-YIon3HGGUa4N81uJEoWmg,Yes,Male,84.0,Black or African American,False,False,1,1,1,0,1,1,1,0,1,0,1,0,1,0,1,1,1,1,1,1,1,1,0,0,0,1,0,0,
dg.MD1R/ffa4d5ec-c2c5-4563-8630-2d7f9ec737a5,10000364-6101237,CT,10000364-6101237,Yes,Female,71.0,White,True,True,1,0,0,0,1,0,0,0,0,0,0,0,0,0,0,0,0,0,0,1,0,0,0,0,0,0,0,0,
dg.MD1R/e97152f9-a148-49d4-9a29-9e6abb5540d2,10000364-5525409,CT,10000364-5525409,Yes,Male,68.0,White,True,True,1,0,0,0,1,0,0,0,0,0,1,0,0,0,0,0,0,0,0,0,0,1,0,0,0,0,0,0,
dg.MD1R/5f10be70-6dc3-48f6-8659-408c3bee78ad,10000364-973671,CT,10000364-973671,Yes,Male,74.0,Asian,True,True,1,0,0,0,1,0,0,0,0,0,0,0,0,0,1,0,0,0,0,0,1,0,0,0,0,0,0,0,data/preprocessed/ct/5f10be70-6dc3-48f6-8659-408c3bee78ad.nii.gz
dg.MD1R/b4dbfc2b-0877-41c6-84bb-69401415213a,10041569-NCqDv8OEUyQItLOWlNToA,CT,10041569-NCqDv8OEUyQItLOWlNToA,Yes,Female,61.0,White,False,True,1,1,0,0,1,1,1,0,1,0,1,0,1,1,1,0,1,0,0,1,1,1,0,0,0,0,0,0,
dg.MD1R/ae6a298f-d497-4763-9774-5f8d223546a2,10000364-6101237,CT,10000364-6101237,Yes,Female,71.0,White,True,True,1,0,0,0,1,0,0,0,0,0,0,0,0,0,0,0,0,0,0,1,0,0,0,0,0,0,0,0,
dg.MD1R/f36ec35a-481b-4207-a5f7-0bffd0626554,10041569-YIon3HGGUa4N81uJEoWmg,CT,10041569-YIon3HGGUa4N81uJEoWmg,Yes,Male,84.0,Black or African American,False,False,1,1,1,0,1,1,1,0,1,0,1,0,1,0,1,1,1,1,1,1,1,1,0,0,0,1,0,0,
dg.MD1R/6459b132-2e9b-4db9-9b43-3b00b117d954,10041569-NCqDv8OEUyQItLOWlNToA,CT,10041569-NCqDv8OEUyQItLOWlNToA,Yes,Female,61.0,White,False,True,1,1,0,0,1,1,1,0,1,0,1,0,1,1,1,0,1,0,0,1,1,1,0,0,0,0,0,0,
dg.MD1R/4c96bf05-d82c-493c-b4f6-db20885b6a81,10041569-YIon3HGGUa4N81uJEoWmg,CT,10041569-YIon3HGGUa4N81uJEoWmg,Yes,Male,84.0,Black or African American,False,False,1,1,1,0,1,1,1,0,1,0,1,0,1,0,1,1,1,1,1,1,1,1,0,0,0,1,0,0,
dg.MD1R/e5bb0ca2-230c-40ac-b0f4-aaab9c99dd5a,10041569-NCqDv8OEUyQItLOWlNToA,CT,10041569-NCqDv8OEUyQItLOWlNToA,Yes,Female,61.0,White,False,True,1,1,0,0,1,1,1,0,1,0,1,0,1,1,1,0,1,0,0,1,1,1,0,0,0,0,0,0,
dg.MD1R/735f1201-bfff-4db2-9712-6d750a42cd1a,10041569-NCqDv8OEUyQItLOWlNToA,CT,10041569-NCqDv8OEUyQItLOWlNToA,Yes,Female,61.0,White,False,True,1,1,0,0,1,1,1,0,1,0,1,0,1,1,1,0,1,0,0,1,1,1,0,0,0,0,0,0,
dg.MD1R/7bc484d2-4b1a-4a03-8f13-21658dbd2249,10000364-1472327,CT,10000364-1472327,Yes,Female,58.0,White,True,True,1,1,1,0,1,0,0,0,0,0,1,1,0,0,0,0,1,0,0,1,0,0,0,0,0,0,0,0,
dg.MD1R/a79c3bf3-890a-41e6-a4f8-336c7b12d19f,10041569-YwgotNEPQUS9rTCEmYfvGg,CT,10041569-YwgotNEPQUS9rTCEmYfvGg,Yes,Male,43.0,Not Reported,False,True,1,1,1,0,0,1,1,1,1,1,1,0,0,0,0,1,1,0,0,1,1,0,0,0,0,1,0,0,
dg.MD1R/4daf1e18-2355-46a6-9deb-091ee9db4f68,10041569-0MlpwvpeqkmKqEG4iMez6g,CT,10041569-0MlpwvpeqkmKqEG4iMez6g,Yes,Male,54.0,White,False,True,1,1,1,0,1,1,1,1,0,0,1,0,0,0,0,0,1,1,0,1,0,0,0,0,0,0,0,0,
dg.MD1R/6bde2aa0-9ac2-4cd0-b6fd-17bdca7afa23,10041569-qyn7o7O1MkWMKhOmffWoA,CT,10041569-qyn7o7O1MkWMKhOmffWoA,Yes,Male,67.0,Black or African American,False,False,1,1,1,0,1,1,1,1,1,0,1,0,0,0,1,0,0,1,0,1,0,1,0,0,0,0,0,0,
dg.MD1R/fffa8a1f-1e98-4885-9e11-aa1b97c9357f,10041569-NCqDv8OEUyQItLOWlNToA,CT,10041569-NCqDv8OEUyQItLOWlNToA,Yes,Female,61.0,White,False,True,1,1,0,0,1,1,1,0,1,0,1,0,1,1,1,0,1,0,0,1,1,1,0,0,0,0,0,0,
dg.MD1R/54dc4fa1-fe91-4b32-af2f-d7e24fb616c9,10041569-r2jQ1Jeo5UW7QlTnmJ2Ug,CT,10041569-r2jQ1Jeo5UW7QlTnmJ2Ug,Yes,Male,26.0,White,False,True,1,1,0,0,0,1,1,0,0,0,1,0,0,0,1,1,1,0,0,0,1,0,0,0,0,0,0,0,
dg.MD1R/e09ef4d4-bdaa-4a6d-b06d-f51f24b078aa,10000364-2089207,CT,10000364-2089207,Yes,Male,71.0,White,False,False,1,0,0,0,1,1,0,0,0,0,0,1,0,0,1,0,1,1,0,0,0,0,0,0,0,0,0,0,
dg.MD1R/5e40e969-01ed-483e-a1df-13d2e9ebc947,10041569-DlqX5imb0ejWPhSL4fHg,CT,10041569-DlqX5imb0ejWPhSL4fHg,Yes,Female,73.0,Black or African American,False,True,1,1,1,0,1,1,0,0,1,0,1,0,1,0,1,1,1,1,0,1,1,1,0,0,0,0,1,0,
dg.MD1R/e4e74d5c-2e19-4cd9-a04b-ff3675040c53,10041569-DlqX5imb0ejWPhSL4fHg,CT,10041569-DlqX5imb0ejWPhSL4fHg,Yes,Female,73.0,Black or African American,False,True,1,1,1,0,1,1,0,0,1,0,1,0,1,0,1,1,1,1,0,1,1,1,0,0,0,0,1,0,
dg.MD1R/d5d50495-7838-4412-937e-c0924c9fc73f,10041569-DlqX5imb0ejWPhSL4fHg,CT,10041569-DlqX5imb0ejWPhSL4fHg,Yes,Female,73.0,Black or African American,False,True,1,1,1,0,1,1,0,0,1,0,1,0,1,0,1,1,1,1,0,1,1,1,0,0,0,0,1,0,
dg.MD1R/1f30b2f8-014d-44ac-9d4b-2bbdef80d9bf,10041569-PM8BrEOGvEyWPkLhhZ94XQ,CT,10041569-PM8BrEOGvEyWPkLhhZ94XQ,Yes,Male,66.0,Black or African American,False,True,1,1,1,1,0,1,1,1,1,1,1,0,0,0,1,0,0,0,0,1,1,0,1,0,0,0,0,0,
dg.MD1R/c7305f4f-e1dd-42fd-b743-84572db03fde,10000364-1439411,CT,10000364-1439411,Yes,Male,88.0,White,False,False,1,0,0,0,0,1,0,0,0,0,0,0,0,0,0,0,0,1,0,0,0,0,0,0,0,0,0,0,
dg.MD1R/df6437ee-88df-4be6-98f3-caf2732d7119,10041569-PM8BrEOGvEyWPkLhhZ94XQ,CT,10041569-PM8BrEOGvEyWPkLhhZ94XQ,Yes,Male,66.0,Black or African American,False,True,1,1,1,1,0,1,1,1,1,1,1,0,0,0,1,0,0,0,0,1,1,0,1,0,0,0,0,0,
dg.MD1R/0256bd77-48b1-44f2-b59c-82a3d2308914,10041569-KTJisivBEW8eG11h3OmCQ,CT,10041569-KTJisivBEW8eG11h3OmCQ,Yes,Male,36.0,Not Reported,False,True,1,1,1,0,0,1,1,1,1,1,1,0,1,1,1,1,1,1,1,1,1,1,0,0,1,1,0,0,
dg.MD1R/7589f7ca-7f7a-4b51-8b57-454244c41e27,10041569-4DNktkkdXUGzSU6qGPxFEw,CT,10041569-4DNktkkdXUGzSU6qGPxFEw,Yes,Female,26.0,Black or African American,False,True,1,1,0,0,0,1,1,0,1,1,1,0,1,0,1,1,0,1,0,1,1,1,0,0,0,0,0,0,
dg.MD1R/e2d959ab-8e96-40d7-9077-9bb90717309a,10041569-NCqDv8OEUyQItLOWlNToA,CT,10041569-NCqDv8OEUyQItLOWlNToA,Yes,Female,61.0,White,False,True,1,1,0,0,1,1,1,0,1,0,1,0,1,1,1,0,1,0,0,1,1,1,0,0,0,0,0,0,
dg.MD1R/34b5bb33-545b-4106-b685-dff089d6adc6,10041569-ObI0JieKtE2oeNm5iAtegA,CT,10041569-ObI0JieKtE2oeNm5iAtegA,Yes,Male,57.0,Not Reported,False,True,1,1,0,0,0,1,1,1,1,1,1,0,1,0,1,1,1,1,0,0,0,0,0,0,0,0,0,0,
dg.MD1R/7bf3159b-6953-4de1-9a81-9597f4aeec8f,10041569-PM8BrEOGvEyWPkLhhZ94XQ,CT,10041569-PM8BrEOGvEyWPkLhhZ94XQ,Yes,Male,66.0,Black or African American,False,True,1,1,1,1,0,1,1,1,1,1,1,0,0,0,1,0,0,0,0,1,1,0,1,0,0,0,0,0,
dg.MD1R/1d48a000-560c-46ad-b539-967cbf50bef1,10041569-4DNktkkdXUGzSU6qGPxFEw,CT,10041569-4DNktkkdXUGzSU6qGPxFEw,Yes,Female,26.0,Black or African American,False,True,1,1,0,0,0,1,1,0,1,1,1,0,1,0,1,1,0,1,0,1,1,1,0,0,0,0,0,0,
dg.MD1R/75402f08-833c-4b92-b719-419aa47cc9c4,10041569-4DNktkkdXUGzSU6qGPxFEw,CT,10041569-4DNktkkdXUGzSU6qGPxFEw,Yes,Female,26.0,Black or African American,False,True,1,1,0,0,0,1,1,0,1,1,1,0,1,0,1,1,0,1,0,1,1,1,0,0,0,0,0,0,
dg.MD1R/f66b9c2e-040f-4c15-8bce-a6e2b470a99e,10000364-2089207,CT,10000364-2089207,Yes,Male,71.0,White,False,False,1,0,0,0,1,1,0,0,0,0,0,1,0,0,1,0,1,1,0,0,0,0,0,0,0,0,0,0,
dg.MD1R/b9bc7a8a-0c58-48b1-9fe6-a53ddedcd337,10041569-YwgotNEPQUS9rTCEmYfvGg,CT,10041569-YwgotNEPQUS9rTCEmYfvGg,Yes,Male,43.0,Not Reported,False,True,1,1,1,0,0,1,1,1,1,1,1,0,0,0,0,1,1,0,0,1,1,0,0,0,0,1,0,0,
dg.MD1R/17846053-3d3c-4f2b-b8c2-75abdffaf8ac,10041569-DlqX5imb0ejWPhSL4fHg,CT,10041569-DlqX5imb0ejWPhSL4fHg,Yes,Female,73.0,Black or African American,False,True,1,1,1,0,1,1,0,0,1,0,1,0,1,0,1,1,1,1,0,1,1,1,0,0,0,0,1,0,
dg.MD1R/5cd920f4-9ad3-45cf-9ec8-1c6cbaa6ad41,10041569-YwgotNEPQUS9rTCEmYfvGg,CT,10041569-YwgotNEPQUS9rTCEmYfvGg,Yes,Male,43.0,Not Reported,False,True,1,1,1,0,0,1,1,1,1,1,1,0,0,0,0,1,1,0,0,1,1,0,0,0,0,1,0,0,
dg.MD1R/39f3b928-4ca7-4e9a-b75d-5abdb7ab0b78,10041569-NCqDv8OEUyQItLOWlNToA,CT,10041569-NCqDv8OEUyQItLOWlNToA,Yes,Female,61.0,White,False,True,1,1,0,0,1,1,1,0,1,0,1,0,1,1,1,0,1,0,0,1,1,1,0,0,0,0,0,0,
dg.MD1R/b028ba74-02f7-4aed-8380-29d0ec394272,10041569-g7BegS168EGCpgRylILjoA,CT,10041569-g7BegS168EGCpgRylILjoA,Yes,Female,63.0,White,False,True,1,1,1,0,0,1,1,0,1,1,1,0,1,1,0,1,1,1,1,1,1,0,0,1,0,0,0,0,data/preprocessed/ct/b028ba74-02f7-4aed-8380-29d0ec394272.nii.gz
dg.MD1R/2b7a4b16-270d-463d-9264-16c913955109,10041569-DlqX5imb0ejWPhSL4fHg,CT,10041569-DlqX5imb0ejWPhSL4fHg,Yes,Female,73.0,Black or African American,False,True,1,1,1,0,1,1,0,0,1,0,1,0,1,0,1,1,1,1,0,1,1,1,0,0,0,0,1,0,
dg.MD1R/f384dd9f-ad98-4f8c-af9d-eba6b3014179,10041569-4DNktkkdXUGzSU6qGPxFEw,CT,10041569-4DNktkkdXUGzSU6qGPxFEw,Yes,Female,26.0,Black or African American,False,True,1,1,0,0,0,1,1,0,1,1,1,0,1,0,1,1,0,1,0,1,1,1,0,0,0,0,0,0,
dg.MD1R/7281857f-614d-49e8-8660-309c093ecf1d,10041569-NCqDv8OEUyQItLOWlNToA,CT,10041569-NCqDv8OEUyQItLOWlNToA,Yes,Female,61.0,White,False,True,1,1,0,0,1,1,1,0,1,0,1,0,1,1,1,0,1,0,0,1,1,1,0,0,0,0,0,0,
dg.MD1R/36b32263-64e8-40a4-8897-1e0ff70a257b,10041569-NCqDv8OEUyQItLOWlNToA,CT,10041569-NCqDv8OEUyQItLOWlNToA,Yes,Female,61.0,White,False,True,1,1,0,0,1,1,1,0,1,0,1,0,1,1,1,0,1,0,0,1,1,1,0,0,0,0,0,0,
dg.MD1R/9c56baa4-2450-4810-a0e6-9bea5e5f1d4d,10041569-4DNktkkdXUGzSU6qGPxFEw,CT,10041569-4DNktkkdXUGzSU6qGPxFEw,Yes,Female,26.0,Black or African American,False,True,1,1,0,0,0,1,1,0,1,1,1,0,1,0,1,1,0,1,0,1,1,1,0,0,0,0,0,0,
dg.MD1R/f79324cb-ec27-4ac7-9049-8d9f3db22da5,10041569-g7BegS168EGCpgRylILjoA,CT,10041569-g7BegS168EGCpgRylILjoA,Yes,Female,63.0,White,False,True,1,1,1,0,0,1,1,0,1,1,1,0,1,1,0,1,1,1,1,1,1,0,0,1,0,0,0,0,data/preprocessed/ct/f79324cb-ec27-4ac7-9049-8d9f3db22da5.nii.gz
dg.MD1R/5d8f0656-5b64-4b74-96f5-3f633c1ed246,10041569-2WbOmaZUqE23vA7fnyC4w,CT,10041569-2WbOmaZUqE23vA7fnyC4w,Yes,Male,48.0,Not Reported,False,True,1,1,1,0,0,1,1,1,1,0,1,0,0,0,1,1,1,0,1,1,1,1,0,0,0,0,0,0,
dg.MD1R/3049908c-e007-49b8-884b-a70827fe1085,10041569-rdL12m75aU6AT4OZNtG2Aw,CT,10041569-rdL12m75aU6AT4OZNtG2Aw,Yes,Male,51.0,Black or African American,False,True,1,1,1,0,0,1,1,0,1,1,1,0,1,0,1,1,1,1,1,1,1,1,0,0,0,0,1,0,data/preprocessed/ct/3049908c-e007-49b8-884b-a70827fe1085.nii.gz
dg.MD1R/7e651b9c-fb5e-4db8-9fe9-83e0bd6ff461,10041569-DlqX5imb0ejWPhSL4fHg,CT,10041569-DlqX5imb0ejWPhSL4fHg,Yes,Female,73.0,Black or African American,False,True,1,1,1,0,1,1,0,0,1,0,1,0,1,0,1,1,1,1,0,1,1,1,0,0,0,0,1,0,
dg.MD1R/a4c497e3-f15c-45e3-802f-d8de6053ad54,10041569-k8IVxNVD0GPgNtSsov6lw,CT,10041569-k8IVxNVD0GPgNtSsov6lw,Yes,Female,70.0,Black or African American,False,True,1,1,1,0,1,1,1,0,1,0,1,0,1,1,1,0,0,1,0,1,1,1,0,0,0,0,0,0,
dg.MD1R/f0d83039-0af8-434e-b59d-c38502a32b04,10000364-1439411,CT,10000364-1439411,Yes,Male,88.0,White,False,False,1,0,0,0,0,1,0,0,0,0,0,0,0,0,0,0,0,1,0,0,0,0,0,0,0,0,0,0,
dg.MD1R/95074eeb-e7b2-4c01-b86d-409d9e738000,10041569-NSEL0dEU50iSJEeE7kzpPQ,CT,10041569-NSEL0dEU50iSJEeE7kzpPQ,Yes,Male,58.0,White,False,True,1,1,0,0,0,1,1,0,0,1,1,0,1,1,1,1,1,1,1,1,1,1,0,0,0,0,1,0,
dg.MD1R/b10350c7-a5b7-4ae6-a8ad-093b8308c741,10041569-4DNktkkdXUGzSU6qGPxFEw,CT,10041569-4DNktkkdXUGzSU6qGPxFEw,Yes,Female,26.0,Black or African American,False,True,1,1,0,0,0,1,1,0,1,1,1,0,1,0,1,1,0,1,0,1,1,1,0,0,0,0,0,0,
dg.MD1R/b50e0f47-553d-4870-a8b1-50f002c868db,10041569-qyn7o7O1MkWMKhOmffWoA,CT,10041569-qyn7o7O1MkWMKhOmffWoA,Yes,Male,67.0,Black or African American,False,False,1,1,1,0,1,1,1,1,1,0,1,0,0,0,1,0,0,1,0,1,0,1,0,0,0,0,0,0,
dg.MD1R/c208ecaf-fba9-49e2-9d96-ef92209a6178,10041569-0MlpwvpeqkmKqEG4iMez6g,CT,10041569-0MlpwvpeqkmKqEG4iMez6g,Yes,Male,54.0,White,False,True,1,1,1,0,1,1,1,1,0,0,1,0,0,0,0,0,1,1,0,1,0,0,0,0,0,0,0,0,
dg.MD1R/b924def6-8c57-4b3d-a7c2-a660ee2d2e9b,10041569-NCqDv8OEUyQItLOWlNToA,CT,10041569-NCqDv8OEUyQItLOWlNToA,Yes,Female,61.0,White,False,True,1,1,0,0,1,1,1,0,1,0,1,0,1,1,1,0,1,0,0,1,1,1,0,0,0,0,0,0,
dg.MD1R/752ab4f5-12f3-4c80-8b7d-38f777a23d6c,10041569-0MlpwvpeqkmKqEG4iMez6g,CT,10041569-0MlpwvpeqkmKqEG4iMez6g,Yes,Male,54.0,White,False,True,1,1,1,0,1,1,1,1,0,0,1,0,0,0,0,0,1,1,0,1,0,0,0,0,0,0,0,0,
dg.MD1R/a508147d-6fd0-44b9-a72e-e8f1932ed46a,10041569-4DNktkkdXUGzSU6qGPxFEw,CT,10041569-4DNktkkdXUGzSU6qGPxFEw,Yes,Female,26.0,Black or African American,False,True,1,1,0,0,0,1,1,0,1,1,1,0,1,0,1,1,0,1,0,1,1,1,0,0,0,0,0,0,
dg.MD1R/5de393fa-41f8-463b-86e5-cac8c88b4759,10041569-DlqX5imb0ejWPhSL4fHg,CT,10041569-DlqX5imb0ejWPhSL4fHg,Yes,Female,73.0,Black or African American,False,True,1,1,1,0,1,1,0,0,1,0,1,0,1,0,1,1,1,1,0,1,1,1,0,0,0,0,1,0,
dg.MD1R/89219dce-84b8-4671-84db-a0c976d7a521,10041569-g7BegS168EGCpgRylILjoA,CT,10041569-g7BegS168EGCpgRylILjoA,Yes,Female,63.0,White,False,True,1,1,1,0,0,1,1,0,1,1,1,0,1,1,0,1,1,1,1,1,1,0,0,1,0,0,0,0,data/preprocessed/ct/89219dce-84b8-4671-84db-a0c976d7a521.nii.gz
dg.MD1R/c7e3c8d2-5f94-43ef-8c4e-429ba406ac55,10041569-DlqX5imb0ejWPhSL4fHg,CT,10041569-DlqX5imb0ejWPhSL4fHg,Yes,Female,73.0,Black or African American,False,True,1,1,1,0,1,1,0,0,1,0,1,0,1,0,1,1,1,1,0,1,1,1,0,0,0,0,1,0,
dg.MD1R/26c4c35b-237c-4352-a167-900b75b322f6,10041569-g7BegS168EGCpgRylILjoA,CT,10041569-g7BegS168EGCpgRylILjoA,Yes,Female,63.0,White,False,True,1,1,1,0,0,1,1,0,1,1,1,0,1,1,0,1,1,1,1,1,1,0,0,1,0,0,0,0,data/preprocessed/ct/26c4c35b-237c-4352-a167-900b75b322f6.nii.gz
dg.MD1R/5076ff79-5e87-4c21-8518-037afcb9a223,10041569-YIon3HGGUa4N81uJEoWmg,CT,10041569-YIon3HGGUa4N81uJEoWmg,Yes,Male,84.0,Black or African American,False,False,1,1,1,0,1,1,1,0,1,0,1,0,1,0,1,1,1,1,1,1,1,1,0,0,0,1,0,0,
dg.MD1R/48f34a70-b10e-4778-940a-afc44563cc0d,10041569-4DNktkkdXUGzSU6qGPxFEw,CT,10041569-4DNktkkdXUGzSU6qGPxFEw,Yes,Female,26.0,Black or African American,False,True,1,1,0,0,0,1,1,0,1,1,1,0,1,0,1,1,0,1,0,1,1,1,0,0,0,0,0,0,
dg.MD1R/fc0680b6-cad3-4c20-b586-4b1b1df54294,10041569-rdL12m75aU6AT4OZNtG2Aw,CT,10041569-rdL12m75aU6AT4OZNtG2Aw,Yes,Male,51.0,Black or African American,False,True,1,1,1,0,0,1,1,0,1,1,1,0,1,0,1,1,1,1,1,1,1,1,0,0,0,0,1,0,data/preprocessed/ct/fc0680b6-cad3-4c20-b586-4b1b1df54294.nii.gz
dg.MD1R/545aafef-8df9-44bd-ae75-0054b2ee9d6d,10041569-c7w6HYO4oU7uSiC4lcZiA,CT,10041569-c7w6HYO4oU7uSiC4lcZiA,Yes,Male,66.0,White,False,True,1,1,0,1,1,1,1,1,1,1,1,0,0,0,0,0,0,0,1,1,1,0,0,0,0,0,0,0,
dg.MD1R/73c7383e-2078-4e44-9110-0424a1354dfb,10041569-DlqX5imb0ejWPhSL4fHg,CT,10041569-DlqX5imb0ejWPhSL4fHg,Yes,Female,73.0,Black or African American,False,True,1,1,1,0,1,1,0,0,1,0,1,0,1,0,1,1,1,1,0,1,1,1,0,0,0,0,1,0,
dg.MD1R/c47fac4d-d01c-4321-9794-53a42b078919,10000364-1439411,CT,10000364-1439411,Yes,Male,88.0,White,False,False,1,0,0,0,0,1,0,0,0,0,0,0,0,0,0,0,0,1,0,0,0,0,0,0,0,0,0,0,
dg.MD1R/c27de14a-3608-47b7-b2f0-5fbfcad9a429,10041569-PM8BrEOGvEyWPkLhhZ94XQ,CT,10041569-PM8BrEOGvEyWPkLhhZ94XQ,Yes,Male,66.0,Black or African American,False,True,1,1,1,1,0,1,1,1,1,1,1,0,0,0,1,0,0,0,0,1,1,0,1,0,0,0,0,0,
dg.MD1R/2a6f1ded-be47-4d1d-9aa6-831be9df933c,10041569-DlqX5imb0ejWPhSL4fHg,CT,10041569-DlqX5imb0ejWPhSL4fHg,Yes,Female,73.0,Black or African American,False,True,1,1,1,0,1,1,0,0,1,0,1,0,1,0,1,1,1,1,0,1,1,1,0,0,0,0,1,0,
dg.MD1R/beead6c2-9cb0-4997-ad60-e91e4d3ae3cc,10041569-KTJisivBEW8eG11h3OmCQ,CT,10041569-KTJisivBEW8eG11h3OmCQ,Yes,Male,36.0,Not Reported,False,True,1,1,1,0,0,1,1,1,1,1,1,0,1,1,1,1,1,1,1,1,1,1,0,0,1,1,0,0,
dg.MD1R/0669e142-a477-4e25-b1f7-4ae0357e3c52,10041569-NSEL0dEU50iSJEeE7kzpPQ,CT,10041569-NSEL0dEU50iSJEeE7kzpPQ,Yes,Male,58.0,White,False,True,1,1,0,0,0,1,1,0,0,1,1,0,1,1,1,1,1,1,1,1,1,1,0,0,0,0,1,0,
dg.MD1R/efe17f49-6d19-451c-b192-27279ea99272,10041569-qyn7o7O1MkWMKhOmffWoA,CT,10041569-qyn7o7O1MkWMKhOmffWoA,Yes,Male,67.0,Black or African American,False,False,1,1,1,0,1,1,1,1,1,0,1,0,0,0,1,0,0,1,0,1,0,1,0,0,0,0,0,0,
dg.MD1R/7892cc8c-fd3d-49ef-863d-adea284dd7d3,10041569-YwgotNEPQUS9rTCEmYfvGg,CT,10041569-YwgotNEPQUS9rTCEmYfvGg,Yes,Male,43.0,Not Reported,False,True,1,1,1,0,0,1,1,1,1,1,1,0,0,0,0,1,1,0,0,1,1,0,0,0,0,1,0,0,
dg.MD1R/92958baf-84e8-4a2d-a277-2329c3ff7216,10041569-NCqDv8OEUyQItLOWlNToA,CT,10041569-NCqDv8OEUyQItLOWlNToA,Yes,Female,61.0,White,False,True,1,1,0,0,1,1,1,0,1,0,1,0,1,1,1,0,1,0,0,1,1,1,0,0,0,0,0,0,
dg.MD1R/ee5b740c-90b5-46e0-8936-ca5b31ca4707,10041569-c7w6HYO4oU7uSiC4lcZiA,CT,10041569-c7w6HYO4oU7uSiC4lcZiA,Yes,Male,66.0,White,False,True,1,1,0,1,1,1,1,1,1,1,1,0,0,0,0,0,0,0,1,1,1,0,0,0,0,0,0,0,
dg.MD1R/34bc5164-e78c-4c74-a68a-36c124308bf1,10041569-rdL12m75aU6AT4OZNtG2Aw,CT,10041569-rdL12m75aU6AT4OZNtG2Aw,Yes,Male,51.0,Black or African American,False,True,1,1,1,0,0,1,1,0,1,1,1,0,1,0,1,1,1,1,1,1,1,1,0,0,0,0,1,0,data/preprocessed/ct/34bc5164-e78c-4c74-a68a-36c124308bf1.nii.gz
dg.MD1R/4c997767-3698-4eda-95e9-134150a45f51,10041569-KTJisivBEW8eG11h3OmCQ,CT,10041569-KTJisivBEW8eG11h3OmCQ,Yes,Male,36.0,Not Reported,False,True,1,1,1,0,0,1,1,1,1,1,1,0,1,1,1,1,1,1,1,1,1,1,0,0,1,1,0,0,
dg.MD1R/6ad25b30-c996-479f-a20d-22df69ddeda2,10041569-2WbOmaZUqE23vA7fnyC4w,CT,10041569-2WbOmaZUqE23vA7fnyC4w,Yes,Male,48.0,Not Reported,False,True,1,1,1,0,0,1,1,1,1,0,1,0,0,0,1,1,1,0,1,1,1,1,0,0,0,0,0,0,
dg.MD1R/3496edb3-f6b0-43e7-b149-3f6f54300acf,10041569-NSEL0dEU50iSJEeE7kzpPQ,CT,10041569-NSEL0dEU50iSJEeE7kzpPQ,Yes,Male,58.0,White,False,True,1,1,0,0,0,1,1,0,0,1,1,0,1,1,1,1,1,1,1,1,1,1,0,0,0,0,1,0,
dg.MD1R/908dbd0e-b3e0-4c8b-9e51-f331c9a147cc,10041569-KTJisivBEW8eG11h3OmCQ,CT,10041569-KTJisivBEW8eG11h3OmCQ,Yes,Male,36.0,Not Reported,False,True,1,1,1,0,0,1,1,1,1,1,1,0,1,1,1,1,1,1,1,1,1,1,0,0,1,1,0,0,
dg.MD1R/15c8eb7b-9b64-4a7d-9c6f-42973a9c27dd,10041569-YwgotNEPQUS9rTCEmYfvGg,CT,10041569-YwgotNEPQUS9rTCEmYfvGg,Yes,Male,43.0,Not Reported,False,True,1,1,1,0,0,1,1,1,1,1,1,0,0,0,0,1,1,0,0,1,1,0,0,0,0,1,0,0,
dg.MD1R/d77d246b-4536-432c-9715-3184c1859dd7,10041569-g7BegS168EGCpgRylILjoA,CT,10041569-g7BegS168EGCpgRylILjoA,Yes,Female,63.0,White,False,True,1,1,1,0,0,1,1,0,1,1,1,0,1,1,0,1,1,1,1,1,1,0,0,1,0,0,0,0,data/preprocessed/ct/d77d246b-4536-432c-9715-3184c1859dd7.nii.gz
dg.MD1R/3032150d-09d5-422b-92f0-ae9448e3a975,10041569-YwgotNEPQUS9rTCEmYfvGg,CT,10041569-YwgotNEPQUS9rTCEmYfvGg,Yes,Male,43.0,Not Reported,False,True,1,1,1,0,0,1,1,1,1,1,1,0,0,0,0,1,1,0,0,1,1,0,0,0,0,1,0,0,
dg.MD1R/245be41c-8964-4c65-aadb-bcce53c98286,10041569-KTJisivBEW8eG11h3OmCQ,CT,10041569-KTJisivBEW8eG11h3OmCQ,Yes,Male,36.0,Not Reported,False,True,1,1,1,0,0,1,1,1,1,1,1,0,1,1,1,1,1,1,1,1,1,1,0,0,1,1,0,0,
dg.MD1R/4beb6647-4b40-44af-ad68-12e50de320db,10041569-YIon3HGGUa4N81uJEoWmg,CT,10041569-YIon3HGGUa4N81uJEoWmg,Yes,Male,84.0,Black or African American,False,False,1,1,1,0,1,1,1,0,1,0,1,0,1,0,1,1,1,1,1,1,1,1,0,0,0,1,0,0,
dg.MD1R/77f18612-21c1-4e2e-9ee7-1de9176dcf33,10041569-NCqDv8OEUyQItLOWlNToA,CT,10041569-NCqDv8OEUyQItLOWlNToA,Yes,Female,61.0,White,False,True,1,1,0,0,1,1,1,0,1,0,1,0,1,1,1,0,1,0,0,1,1,1,0,0,0,0,0,0,
dg.MD1R/0fe9c3d8-2131-4512-ab10-9727de925084,10041569-5mEhtO0KQ0Ocq21FWZ6jQ,CT,10041569-5mEhtO0KQ0Ocq21FWZ6jQ,Yes,Male,65.0,Black or African American,False,True,1,1,1,0,0,1,0,1,0,0,1,0,0,0,0,1,1,0,0,1,0,1,0,0,0,0,1,0,
dg.MD1R/9d529926-561f-420f-b8aa-fe0e5afa5b87,10041569-NCqDv8OEUyQItLOWlNToA,CT,10041569-NCqDv8OEUyQItLOWlNToA,Yes,Female,61.0,White,False,True,1,1,0,0,1,1,1,0,1,0,1,0,1,1,1,0,1,0,0,1,1,1,0,0,0,0,0,0,
dg.MD1R/8ebd98bc-0fa0-4c7c-a5dd-ff693f2351d8,10041569-rdL12m75aU6AT4OZNtG2Aw,CT,10041569-rdL12m75aU6AT4OZNtG2Aw,Yes,Male,51.0,Black or African American,False,True,1,1,1,0,0,1,1,0,1,1,1,0,1,0,1,1,1,1,1,1,1,1,0,0,0,0,1,0,data/preprocessed/ct/8ebd98bc-0fa0-4c7c-a5dd-ff693f2351d8.nii.gz
dg.MD1R/69e7e974-ab25-4c9d-86fc-483a9da5c35b,10041569-DlqX5imb0ejWPhSL4fHg,CT,10041569-DlqX5imb0ejWPhSL4fHg,Yes,Female,73.0,Black or African American,False,True,1,1,1,0,1,1,0,0,1,0,1,0,1,0,1,1,1,1,0,1,1,1,0,0,0,0,1,0,
dg.MD1R/8fa81c7d-4a51-4211-a37b-5822466b03bf,10041569-g7BegS168EGCpgRylILjoA,CT,10041569-g7BegS168EGCpgRylILjoA,Yes,Female,63.0,White,False,True,1,1,1,0,0,1,1,0,1,1,1,0,1,1,0,1,1,1,1,1,1,0,0,1,0,0,0,0,data/preprocessed/ct/8fa81c7d-4a51-4211-a37b-5822466b03bf.nii.gz
dg.MD1R/cb9de8eb-a006-4aaf-8f03-d0cf040790dd,10041569-KTJisivBEW8eG11h3OmCQ,CT,10041569-KTJisivBEW8eG11h3OmCQ,Yes,Male,36.0,Not Reported,False,True,1,1,1,0,0,1,1,1,1,1,1,0,1,1,1,1,1,1,1,1,1,1,0,0,1,1,0,0,
dg.MD1R/eb49ac26-9f41-4e47-b0c5-d12fc523f6da,10041569-rdL12m75aU6AT4OZNtG2Aw,CT,10041569-rdL12m75aU6AT4OZNtG2Aw,Yes,Male,51.0,Black or African American,False,True,1,1,1,0,0,1,1,0,1,1,1,0,1,0,1,1,1,1,1,1,1,1,0,0,0,0,1,0,data/preprocessed/ct/eb49ac26-9f41-4e47-b0c5-d12fc523f6da.nii.gz
dg.MD1R/7d67b7a3-016b-4d84-a381-af9d6e90126f,10041569-5mEhtO0KQ0Ocq21FWZ6jQ,CT,10041569-5mEhtO0KQ0Ocq21FWZ6jQ,Yes,Male,65.0,Black or African American,False,True,1,1,1,0,0,1,0,1,0,0,1,0,0,0,0,1,1,0,0,1,0,1,0,0,0,0,1,0,
dg.MD1R/a95810d7-bac4-475d-ab0f-d97b85e41cb2,10041569-rdL12m75aU6AT4OZNtG2Aw,CT,10041569-rdL12m75aU6AT4OZNtG2Aw,Yes,Male,51.0,Black or African American,False,True,1,1,1,0,0,1,1,0,1,1,1,0,1,0,1,1,1,1,1,1,1,1,0,0,0,0,1,0,data/preprocessed/ct/a95810d7-bac4-475d-ab0f-d97b85e41cb2.nii.gz
dg.MD1R/d7a28bc0-4912-45fb-b0ae-f2399736f8ee,10000364-1439411,CT,10000364-1439411,Yes,Male,88.0,White,False,False,1,0,0,0,0,1,0,0,0,0,0,0,0,0,0,0,0,1,0,0,0,0,0,0,0,0,0,0,
dg.MD1R/fd4b42a8-030e-4061-8472-76ac6f5873c1,10041569-0MlpwvpeqkmKqEG4iMez6g,CT,10041569-0MlpwvpeqkmKqEG4iMez6g,Yes,Male,54.0,White,False,True,1,1,1,0,1,1,1,1,0,0,1,0,0,0,0,0,1,1,0,1,0,0,0,0,0,0,0,0,
dg.MD1R/05ccec04-6521-47ec-a28b-7f6930cd7fe1,10041569-rdL12m75aU6AT4OZNtG2Aw,CT,10041569-rdL12m75aU6AT4OZNtG2Aw,Yes,Male,51.0,Black or African American,False,True,1,1,1,0,0,1,1,0,1,1,1,0,1,0,1,1,1,1,1,1,1,1,0,0,0,0,1,0,data/preprocessed/ct/05ccec04-6521-47ec-a28b-7f6930cd7fe1.nii.gz
dg.MD1R/5dbdc34e-08e5-498c-b41d-eefd3b3e2199,10041569-g7BegS168EGCpgRylILjoA,CT,10041569-g7BegS168EGCpgRylILjoA,Yes,Female,63.0,White,False,True,1,1,1,0,0,1,1,0,1,1,1,0,1,1,0,1,1,1,1,1,1,0,0,1,0,0,0,0,data/preprocessed/ct/5dbdc34e-08e5-498c-b41d-eefd3b3e2199.nii.gz
dg.MD1R/f065b26e-c768-441e-98f5-9f5ec983af4b,10041569-0MlpwvpeqkmKqEG4iMez6g,CT,10041569-0MlpwvpeqkmKqEG4iMez6g,Yes,Male,54.0,White,False,True,1,1,1,0,1,1,1,1,0,0,1,0,0,0,0,0,1,1,0,1,0,0,0,0,0,0,0,0,
dg.MD1R/9c654ce1-40dc-47c0-9754-378042d71193,10041569-KTJisivBEW8eG11h3OmCQ,CT,10041569-KTJisivBEW8eG11h3OmCQ,Yes,Male,36.0,Not Reported,False,True,1,1,1,0,0,1,1,1,1,1,1,0,1,1,1,1,1,1,1,1,1,1,0,0,1,1,0,0,
dg.MD1R/7b0cfd61-ec56-4d6a-8246-d4c6d5c4a2ff,10041569-r2jQ1Jeo5UW7QlTnmJ2Ug,CT,10041569-r2jQ1Jeo5UW7QlTnmJ2Ug,Yes,Male,26.0,White,False,True,1,1,0,0,0,1,1,0,0,0,1,0,0,0,1,1,1,0,0,0,1,0,0,0,0,0,0,0,
dg.MD1R/0448694a-36eb-4da0-85ae-29ae846b8655,10041569-SytwUN6koU6LLR3RcLHkA,CT,10041569-SytwUN6koU6LLR3RcLHkA,Yes,Female,62.0,Black or African American,False,False,1,1,0,0,0,0,1,0,1,0,1,0,1,0,1,1,1,1,1,1,1,1,0,0,0,0,0,0,data/preprocessed/ct/0448694a-36eb-4da0-85ae-29ae846b8655.nii.gz
dg.MD1R/3dcbe54e-2823-48a7-9b7e-62948ab75986,10041569-4DNktkkdXUGzSU6qGPxFEw,CT,10041569-4DNktkkdXUGzSU6qGPxFEw,Yes,Female,26.0,Black or African American,False,True,1,1,0,0,0,1,1,0,1,1,1,0,1,0,1,1,0,1,0,1,1,1,0,0,0,0,0,0,
dg.MD1R/7acf390a-2d13-4a85-8120-a138a0cd9cf3,10000364-1607263,CT,10000364-1607263,Yes,Female,64.0,Black or African American,True,True,1,1,1,0,0,0,1,0,1,0,1,0,0,0,0,0,1,0,0,1,0,0,0,0,0,0,0,0,
dg.MD1R/5c470afc-5581-4e27-8048-c6d1df02eb96,10000364-1607263,CT,10000364-1607263,Yes,Female,64.0,Black or African American,True,True,1,1,1,0,0,0,1,0,1,0,1,0,0,0,0,0,1,0,0,1,0,0,0,0,0,0,0,0,
dg.MD1R/66b4b553-23c1-4baa-8c88-6bfa3a86c2af,10041569-YwgotNEPQUS9rTCEmYfvGg,CT,10041569-YwgotNEPQUS9rTCEmYfvGg,Yes,Male,43.0,Not Reported,False,True,1,1,1,0,0,1,1,1,1,1,1,0,0,0,0,1,1,0,0,1,1,0,0,0,0,1,0,0,
dg.MD1R/c9c8b778-cd89-4e01-945d-5a422573a9a7,10041569-hGXklXiglkyibymE05GqA,CT,10041569-hGXklXiglkyibymE05GqA,Yes,Male,49.0,White,False,True,1,1,1,0,0,0,1,0,1,1,1,1,1,0,1,1,1,1,0,1,1,1,0,0,0,0,0,0,
dg.MD1R/f1a1191e-7299-407c-900b-32ae9a67770d,10041569-g7BegS168EGCpgRylILjoA,CT,10041569-g7BegS168EGCpgRylILjoA,Yes,Female,63.0,White,False,True,1,1,1,0,0,1,1,0,1,1,1,0,1,1,0,1,1,1,1,1,1,0,0,1,0,0,0,0,data/preprocessed/ct/f1a1191e-7299-407c-900b-32ae9a67770d.nii.gz
dg.MD1R/1127de65-3647-4fc6-a750-8c1d5fd3d092,10000364-1607263,CT,10000364-1607263,Yes,Female,64.0,Black or African American,True,True,1,1,1,0,0,0,1,0,1,0,1,0,0,0,0,0,1,0,0,1,0,0,0,0,0,0,0,0,
dg.MD1R/2f4972f0-6081-4c8b-9651-ad2dbc568396,10000364-203144,CT,10000364-203144,Yes,Female,76.0,White,False,True,1,0,0,0,0,0,1,0,0,0,0,0,0,0,0,0,0,1,0,1,1,1,0,0,0,0,0,0,
dg.MD1R/cf5b681c-ff35-4cba-9b66-854f819bc40b,10000364-899490,CT,10000364-899490,Yes,Female,71.0,White,False,True,1,1,0,0,0,0,1,0,0,0,1,0,1,1,1,0,1,0,0,0,1,1,0,0,0,0,0,0,
dg.MD1R/cf603ed6-c3c9-44e0-b045-47bb951818d3,10041569-hGXklXiglkyibymE05GqA,CT,10041569-hGXklXiglkyibymE05GqA,Yes,Male,49.0,White,False,True,1,1,1,0,0,0,1,0,1,1,1,1,1,0,1,1,1,1,0,1,1,1,0,0,0,0,0,0,
dg.MD1R/add9ebc1-ddab-436a-9bba-1b09190fcf22,10041569-YIon3HGGUa4N81uJEoWmg,CT,10041569-YIon3HGGUa4N81uJEoWmg,Yes,Male,84.0,Black or African American,False,False,1,1,1,0,1,1,1,0,1,0,1,0,1,0,1,1,1,1,1,1,1,1,0,0,0,1,0,0,
dg.MD1R/e76f7be0-4f83-4b97-9763-2852869c7915,10041569-NSEL0dEU50iSJEeE7kzpPQ,CT,10041569-NSEL0dEU50iSJEeE7kzpPQ,Yes,Male,58.0,White,False,True,1,1,0,0,0,1,1,0,0,1,1,0,1,1,1,1,1,1,1,1,1,1,0,0,0,0,1,0,
dg.MD1R/aa5516b3-8428-434e-aa6d-cbcf6fac9b44,10041569-eL6G9dsawkq2QuiCGa8i7Q,CT,10041569-eL6G9dsawkq2QuiCGa8i7Q,Yes,Male,62.0,White,False,False,1,1,1,0,0,0,1,0,1,0,1,0,0,0,0,0,0,0,0,1,1,1,0,0,0,0,0,0,
dg.MD1R/0b999424-931b-4ca6-a7ed-527dd7ca239c,10041569-QWycOsJpa0qKXcEGBFKeBg,CT,10041569-QWycOsJpa0qKXcEGBFKeBg,Yes,Female,,White,False,False,1,0,0,0,0,0,1,0,0,0,0,0,0,0,1,1,0,0,1,1,0,0,0,0,0,0,0,0,
dg.MD1R/e4d44765-e1b5-4d60-a53c-ad5bc7f06998,10041569-QWycOsJpa0qKXcEGBFKeBg,CT,10041569-QWycOsJpa0qKXcEGBFKeBg,Yes,Female,,White,False,False,1,0,0,0,0,0,1,0,0,0,0,0,0,0,1,1,0,0,1,1,0,0,0,0,0,0,0,0,
dg.MD1R/4e839608-c1fb-4c40-883d-dc4e75062392,10041569-YwgotNEPQUS9rTCEmYfvGg,CT,10041569-YwgotNEPQUS9rTCEmYfvGg,Yes,Male,43.0,Not Reported,False,True,1,1,1,0,0,1,1,1,1,1,1,0,0,0,0,1,1,0,0,1,1,0,0,0,0,1,0,0,
dg.MD1R/63fe914b-9b39-4552-9fc9-986737729f5f,10000364-1607263,CT,10000364-1607263,Yes,Female,64.0,Black or African American,True,True,1,1,1,0,0,0,1,0,1,0,1,0,0,0,0,0,1,0,0,1,0,0,0,0,0,0,0,0,
dg.MD1R/51c08f60-e2e6-4fd6-acc5-ce19d2e83b5b,10000364-203144,CT,10000364-203144,Yes,Female,76.0,White,False,True,1,0,0,0,0,0,1,0,0,0,0,0,0,0,0,0,0,1,0,1,1,1,0,0,0,0,0,0,
dg.MD1R/8bfea255-213a-4f19-8546-ecf3bb4f804e,10000364-6303877,CT,10000364-6303877,Yes,Female,64.0,White,True,False,1,1,1,0,0,0,1,0,0,0,0,1,0,0,0,0,0,0,0,0,0,0,0,0,0,0,0,0,
dg.MD1R/97291a1c-e7c5-409b-b743-30dcbe1d85c7,10000364-5823840,CT,10000364-5823840,Yes,Male,86.0,Black or African American,True,True,1,0,0,0,0,0,1,0,0,0,0,0,0,0,0,0,0,0,0,0,0,0,0,0,0,0,0,0,
dg.MD1R/3a177d17-d162-40e0-b8b1-e0d99bf64009,10041569-PM8BrEOGvEyWPkLhhZ94XQ,CT,10041569-PM8BrEOGvEyWPkLhhZ94XQ,Yes,Male,66.0,Black or African American,False,True,1,1,1,1,0,1,1,1,1,1,1,0,0,0,1,0,0,0,0,1,1,0,1,0,0,0,0,0,
dg.MD1R/61726fd6-2b18-4c67-ac8f-e23758953626,10000364-203144,CT,10000364-203144,Yes,Female,76.0,White,False,True,1,0,0,0,0,0,1,0,0,0,0,0,0,0,0,0,0,1,0,1,1,1,0,0,0,0,0,0,
dg.MD1R/9fbf2c14-df66-4642-93a6-22cdad61c51c,10000364-203144,CT,10000364-203144,Yes,Female,76.0,White,False,True,1,0,0,0,0,0,1,0,0,0,0,0,0,0,0,0,0,1,0,1,1,1,0,0,0,0,0,0,
dg.MD1R/0f6b7f92-60f6-429b-8f78-cc21b026b7e2,10041569-SytwUN6koU6LLR3RcLHkA,CT,10041569-SytwUN6koU6LLR3RcLHkA,Yes,Female,62.0,Black or African American,False,False,1,1,0,0,0,0,1,0,1,0,1,0,1,0,1,1,1,1,1,1,1,1,0,0,0,0,0,0,data/preprocessed/ct/0f6b7f92-60f6-429b-8f78-cc21b026b7e2.nii.gz
dg.MD1R/7357745b-e594-4403-8762-bfb4fda9859f,10041569-YIon3HGGUa4N81uJEoWmg,CT,10041569-YIon3HGGUa4N81uJEoWmg,Yes,Male,84.0,Black or African American,False,False,1,1,1,0,1,1,1,0,1,0,1,0,1,0,1,1,1,1,1,1,1,1,0,0,0,1,0,0,
dg.MD1R/b389b5c3-615a-4c98-910e-a2605f626fdb,10041569-kgAvx7uJ10ONCduLyMtlg,CT,10041569-kgAvx7uJ10ONCduLyMtlg,No,Male,52.0,White,False,True,1,1,0,0,1,0,1,0,1,0,1,0,1,0,1,1,1,1,0,1,0,0,0,0,0,0,0,0,
dg.MD1R/f17e7dc7-2986-4239-b2b1-6ef36b3b3f5e,10041569-YwgotNEPQUS9rTCEmYfvGg,CT,10041569-YwgotNEPQUS9rTCEmYfvGg,Yes,Male,43.0,Not Reported,False,True,1,1,1,0,0,1,1,1,1,1,1,0,0,0,0,1,1,0,0,1,1,0,0,0,0,1,0,0,
dg.MD1R/8c9a54f5-ec7c-4654-8f6d-8fb8114f8b3c,10041569-c7w6HYO4oU7uSiC4lcZiA,CT,10041569-c7w6HYO4oU7uSiC4lcZiA,Yes,Male,66.0,White,False,True,1,1,0,1,1,1,1,1,1,1,1,0,0,0,0,0,0,0,1,1,1,0,0,0,0,0,0,0,
dg.MD1R/0ab902f7-0573-4ee9-9e04-8d617d017cdf,10041569-0MlpwvpeqkmKqEG4iMez6g,CT,10041569-0MlpwvpeqkmKqEG4iMez6g,Yes,Male,54.0,White,False,True,1,1,1,0,1,1,1,1,0,0,1,0,0,0,0,0,1,1,0,1,0,0,0,0,0,0,0,0,
dg.MD1R/bb4fa5b6-240d-4b61-a954-70d63cc14d61,10041569-YwgotNEPQUS9rTCEmYfvGg,CT,10041569-YwgotNEPQUS9rTCEmYfvGg,Yes,Male,43.0,Not Reported,False,True,1,1,1,0,0,1,1,1,1,1,1,0,0,0,0,1,1,0,0,1,1,0,0,0,0,1,0,0,
dg.MD1R/c343daea-90c9-4b69-b91a-d7ab57cbca28,10041569-4DNktkkdXUGzSU6qGPxFEw,CT,10041569-4DNktkkdXUGzSU6qGPxFEw,Yes,Female,26.0,Black or African American,False,True,1,1,0,0,0,1,1,0,1,1,1,0,1,0,1,1,0,1,0,1,1,1,0,0,0,0,0,0,
dg.MD1R/7b76dd09-9693-49b3-8743-7ddefd122b13,10041569-eL6G9dsawkq2QuiCGa8i7Q,CT,10041569-eL6G9dsawkq2QuiCGa8i7Q,Yes,Male,62.0,White,False,False,1,1,1,0,0,0,1,0,1,0,1,0,0,0,0,0,0,0,0,1,1,1,0,0,0,0,0,0,
dg.MD1R/d6c05c17-34ef-4d9d-bf40-c6734a5029f3,10041569-ObI0JieKtE2oeNm5iAtegA,CT,10041569-ObI0JieKtE2oeNm5iAtegA,Yes,Male,57.0,Not Reported,False,True,1,1,0,0,0,1,1,1,1,1,1,0,1,0,1,1,1,1,0,0,0,0,0,0,0,0,0,0,
dg.MD1R/6b406b62-294b-4f33-87b0-2f204a16b540,10041569-k8IVxNVD0GPgNtSsov6lw,CT,10041569-k8IVxNVD0GPgNtSsov6lw,Yes,Female,70.0,Black or African American,False,True,1,1,1,0,1,1,1,0,1,0,1,0,1,1,1,0,0,1,0,1,1,1,0,0,0,0,0,0,
dg.MD1R/5adf21fb-b574-4501-9763-b1c37399024a,10041569-NSEL0dEU50iSJEeE7kzpPQ,CT,10041569-NSEL0dEU50iSJEeE7kzpPQ,Yes,Male,58.0,White,False,True,1,1,0,0,0,1,1,0,0,1,1,0,1,1,1,1,1,1,1,1,1,1,0,0,0,0,1,0,
dg.MD1R/e828cfa7-25df-42a0-a212-f81349c75ae9,10041569-g7BegS168EGCpgRylILjoA,CT,10041569-g7BegS168EGCpgRylILjoA,Yes,Female,63.0,White,False,True,1,1,1,0,0,1,1,0,1,1,1,0,1,1,0,1,1,1,1,1,1,0,0,1,0,0,0,0,data/preprocessed/ct/e828cfa7-25df-42a0-a212-f81349c75ae9.nii.gz
dg.MD1R/afb4e828-9e64-4671-8d84-c58f8432b781,10041569-kgAvx7uJ10ONCduLyMtlg,CT,10041569-kgAvx7uJ10ONCduLyMtlg,No,Male,52.0,White,False,True,1,1,0,0,1,0,1,0,1,0,1,0,1,0,1,1,1,1,0,1,0,0,0,0,0,0,0,0,
dg.MD1R/a4cd17bf-b4aa-4684-9d78-5fe6eb066d0b,10000364-1607263,CT,10000364-1607263,Yes,Female,64.0,Black or African American,True,True,1,1,1,0,0,0,1,0,1,0,1,0,0,0,0,0,1,0,0,1,0,0,0,0,0,0,0,0,
dg.MD1R/d0930c8b-9804-4946-94c9-bac13dd8b633,10041569-g7BegS168EGCpgRylILjoA,CT,10041569-g7BegS168EGCpgRylILjoA,Yes,Female,63.0,White,False,True,1,1,1,0,0,1,1,0,1,1,1,0,1,1,0,1,1,1,1,1,1,0,0,1,0,0,0,0,data/preprocessed/ct/d0930c8b-9804-4946-94c9-bac13dd8b633.nii.gz
dg.MD1R/30677b0e-2087-4d83-9160-26f316a10249,10041569-hGXklXiglkyibymE05GqA,CT,10041569-hGXklXiglkyibymE05GqA,Yes,Male,49.0,White,False,True,1,1,1,0,0,0,1,0,1,1,1,1,1,0,1,1,1,1,0,1,1,1,0,0,0,0,0,0,
dg.MD1R/d5cec877-cff5-46c2-8da9-874ee660d6da,10000364-899490,CT,10000364-899490,Yes,Female,71.0,White,False,True,1,1,0,0,0,0,1,0,0,0,1,0,1,1,1,0,1,0,0,0,1,1,0,0,0,0,0,0,
dg.MD1R/05807118-77fd-4e66-9066-f2aa92d70ec0,10041569-hGXklXiglkyibymE05GqA,CT,10041569-hGXklXiglkyibymE05GqA,Yes,Male,49.0,White,False,True,1,1,1,0,0,0,1,0,1,1,1,1,1,0,1,1,1,1,0,1,1,1,0,0,0,0,0,0,
dg.MD1R/a5118ae0-90d9-4688-88bb-92a956bae965,10041569-YIon3HGGUa4N81uJEoWmg,CT,10041569-YIon3HGGUa4N81uJEoWmg,Yes,Male,84.0,Black or African American,False,False,1,1,1,0,1,1,1,0,1,0,1,0,1,0,1,1,1,1,1,1,1,1,0,0,0,1,0,0,
dg.MD1R/18358979-929d-4c53-8697-86480fe3ce17,10041569-QWycOsJpa0qKXcEGBFKeBg,CT,10041569-QWycOsJpa0qKXcEGBFKeBg,Yes,Female,,White,False,False,1,0,0,0,0,0,1,0,0,0,0,0,0,0,1,1,0,0,1,1,0,0,0,0,0,0,0,0,
dg.MD1R/f306dc0f-1009-4571-94f0-b0ffd17d82c2,10041569-YIon3HGGUa4N81uJEoWmg,CT,10041569-YIon3HGGUa4N81uJEoWmg,Yes,Male,84.0,Black or African American,False,False,1,1,1,0,1,1,1,0,1,0,1,0,1,0,1,1,1,1,1,1,1,1,0,0,0,1,0,0,
dg.MD1R/5b9decc9-980d-4105-9684-efdc3f4f14fa,10041569-g7BegS168EGCpgRylILjoA,CT,10041569-g7BegS168EGCpgRylILjoA,Yes,Female,63.0,White,False,True,1,1,1,0,0,1,1,0,1,1,1,0,1,1,0,1,1,1,1,1,1,0,0,1,0,0,0,0,data/preprocessed/ct/5b9decc9-980d-4105-9684-efdc3f4f14fa.nii.gz
dg.MD1R/c3f8b33a-8b37-4e63-9e88-688f7e807667,10041569-4DNktkkdXUGzSU6qGPxFEw,CT,10041569-4DNktkkdXUGzSU6qGPxFEw,Yes,Female,26.0,Black or African American,False,True,1,1,0,0,0,1,1,0,1,1,1,0,1,0,1,1,0,1,0,1,1,1,0,0,0,0,0,0,
dg.MD1R/83b2db0b-be86-4068-9b15-c4530f047c26,10000364-6303877,CT,10000364-6303877,Yes,Female,64.0,White,True,False,1,1,1,0,0,0,1,0,0,0,0,1,0,0,0,0,0,0,0,0,0,0,0,0,0,0,0,0,
dg.MD1R/e2ee8adf-138d-4ae2-ac79-a19af44d2eab,10041569-SytwUN6koU6LLR3RcLHkA,CT,10041569-SytwUN6koU6LLR3RcLHkA,Yes,Female,62.0,Black or African American,False,False,1,1,0,0,0,0,1,0,1,0,1,0,1,0,1,1,1,1,1,1,1,1,0,0,0,0,0,0,data/preprocessed/ct/e2ee8adf-138d-4ae2-ac79-a19af44d2eab.nii.gz
dg.MD1R/a069a901-d2f3-421d-a1ce-d0d03135ccf8,10041569-YwgotNEPQUS9rTCEmYfvGg,CT,10041569-YwgotNEPQUS9rTCEmYfvGg,Yes,Male,43.0,Not Reported,False,True,1,1,1,0,0,1,1,1,1,1,1,0,0,0,0,1,1,0,0,1,1,0,0,0,0,1,0,0,
dg.MD1R/33765b69-b6df-4f29-8ca9-73399fffa1a0,10041569-r2jQ1Jeo5UW7QlTnmJ2Ug,CT,10041569-r2jQ1Jeo5UW7QlTnmJ2Ug,Yes,Male,26.0,White,False,True,1,1,0,0,0,1,1,0,0,0,1,0,0,0,1,1,1,0,0,0,1,0,0,0,0,0,0,0,
dg.MD1R/6ec45287-d670-456c-92f7-c3636429d2d4,10041569-KTJisivBEW8eG11h3OmCQ,CT,10041569-KTJisivBEW8eG11h3OmCQ,Yes,Male,36.0,Not Reported,False,True,1,1,1,0,0,1,1,1,1,1,1,0,1,1,1,1,1,1,1,1,1,1,0,0,1,1,0,0,
dg.MD1R/eb51f052-2927-4ceb-8405-2af7b96859ed,10041569-g7BegS168EGCpgRylILjoA,CT,10041569-g7BegS168EGCpgRylILjoA,Yes,Female,63.0,White,False,True,1,1,1,0,0,1,1,0,1,1,1,0,1,1,0,1,1,1,1,1,1,0,0,1,0,0,0,0,data/preprocessed/ct/eb51f052-2927-4ceb-8405-2af7b96859ed.nii.gz
dg.MD1R/0cfe5729-f512-4141-891c-3402bb9ec698,10000364-203144,CT,10000364-203144,Yes,Female,76.0,White,False,True,1,0,0,0,0,0,1,0,0,0,0,0,0,0,0,0,0,1,0,1,1,1,0,0,0,0,0,0,
dg.MD1R/047e6e4b-921e-4ccd-ba80-3ea0c969880c,10041569-YwgotNEPQUS9rTCEmYfvGg,CT,10041569-YwgotNEPQUS9rTCEmYfvGg,Yes,Male,43.0,Not Reported,False,True,1,1,1,0,0,1,1,1,1,1,1,0,0,0,0,1,1,0,0,1,1,0,0,0,0,1,0,0,
dg.MD1R/2f1b36d2-b8dd-414d-ae20-dfdd97906f5a,10000364-6303877,CT,10000364-6303877,Yes,Female,64.0,White,True,False,1,1,1,0,0,0,1,0,0,0,0,1,0,0,0,0,0,0,0,0,0,0,0,0,0,0,0,0,
dg.MD1R/f22afde8-d19f-4e77-9e46-923ef47e99af,10041569-hGXklXiglkyibymE05GqA,CT,10041569-hGXklXiglkyibymE05GqA,Yes,Male,49.0,White,False,True,1,1,1,0,0,0,1,0,1,1,1,1,1,0,1,1,1,1,0,1,1,1,0,0,0,0,0,0,
dg.MD1R/a1b51869-d87e-4acb-8d8b-9ebebcc97d33,10000364-203144,CT,10000364-203144,Yes,Female,76.0,White,False,True,1,0,0,0,0,0,1,0,0,0,0,0,0,0,0,0,0,1,0,1,1,1,0,0,0,0,0,0,
dg.MD1R/936d2a0c-2d98-478a-bb02-366349039622,10000364-203144,CT,10000364-203144,Yes,Female,76.0,White,False,True,1,0,0,0,0,0,1,0,0,0,0,0,0,0,0,0,0,1,0,1,1,1,0,0,0,0,0,0,
dg.MD1R/8b75ff4f-9c66-47cb-8b3b-03cb056b1765,10000364-899490,CT,10000364-899490,Yes,Female,71.0,White,False,True,1,1,0,0,0,0,1,0,0,0,1,0,1,1,1,0,1,0,0,0,1,1,0,0,0,0,0,0,
dg.MD1R/56d09698-8f5b-46b2-85ae-5ee7a6128db6,10041569-KTJisivBEW8eG11h3OmCQ,CT,10041569-KTJisivBEW8eG11h3OmCQ,Yes,Male,36.0,Not Reported,False,True,1,1,1,0,0,1,1,1,1,1,1,0,1,1,1,1,1,1,1,1,1,1,0,0,1,1,0,0,
dg.MD1R/c61d2064-344c-4212-a12b-2abaa3cac05e,10000364-899490,CT,10000364-899490,Yes,Female,71.0,White,False,True,1,1,0,0,0,0,1,0,0,0,1,0,1,1,1,0,1,0,0,0,1,1,0,0,0,0,0,0,
dg.MD1R/38d29cc2-e9e6-4a4f-83ba-45d30a1c7f80,10041569-QWycOsJpa0qKXcEGBFKeBg,CT,10041569-QWycOsJpa0qKXcEGBFKeBg,Yes,Female,,White,False,False,1,0,0,0,0,0,1,0,0,0,0,0,0,0,1,1,0,0,1,1,0,0,0,0,0,0,0,0,
dg.MD1R/98faec38-ab16-49d1-a6e8-ac5fde639b08,10041569-g7BegS168EGCpgRylILjoA,CT,10041569-g7BegS168EGCpgRylILjoA,Yes,Female,63.0,White,False,True,1,1,1,0,0,1,1,0,1,1,1,0,1,1,0,1,1,1,1,1,1,0,0,1,0,0,0,0,data/preprocessed/ct/98faec38-ab16-49d1-a6e8-ac5fde639b08.nii.gz
dg.MD1R/b2726e51-5396-44ad-8a31-32bd51d01723,10000364-5823840,CT,10000364-5823840,Yes,Male,86.0,Black or African American,True,True,1,0,0,0,0,0,1,0,0,0,0,0,0,0,0,0,0,0,0,0,0,0,0,0,0,0,0,0,
dg.MD1R/60d2cdc2-599c-49b5-9f1f-0eb086810bdb,10041569-YwgotNEPQUS9rTCEmYfvGg,CT,10041569-YwgotNEPQUS9rTCEmYfvGg,Yes,Male,43.0,Not Reported,False,True,1,1,1,0,0,1,1,1,1,1,1,0,0,0,0,1,1,0,0,1,1,0,0,0,0,1,0,0,
dg.MD1R/b0e5a3d9-f145-412c-9618-b183663157d0,10041569-0MlpwvpeqkmKqEG4iMez6g,CT,10041569-0MlpwvpeqkmKqEG4iMez6g,Yes,Male,54.0,White,False,True,1,1,1,0,1,1,1,1,0,0,1,0,0,0,0,0,1,1,0,1,0,0,0,0,0,0,0,0,
dg.MD1R/151f28f1-dd27-4216-ab88-aff76f57c531,10041569-SytwUN6koU6LLR3RcLHkA,CT,10041569-SytwUN6koU6LLR3RcLHkA,Yes,Female,62.0,Black or African American,False,False,1,1,0,0,0,0,1,0,1,0,1,0,1,0,1,1,1,1,1,1,1,1,0,0,0,0,0,0,data/preprocessed/ct/151f28f1-dd27-4216-ab88-aff76f57c531.nii.gz
dg.MD1R/b3e9a555-132a-48f5-ab02-fa736dc5813d,10041569-hGXklXiglkyibymE05GqA,CT,10041569-hGXklXiglkyibymE05GqA,Yes,Male,49.0,White,False,True,1,1,1,0,0,0,1,0,1,1,1,1,1,0,1,1,1,1,0,1,1,1,0,0,0,0,0,0,
dg.MD1R/2b23b1bd-d834-43a4-a6f7-3227d9050045,10000364-203144,CT,10000364-203144,Yes,Female,76.0,White,False,True,1,0,0,0,0,0,1,0,0,0,0,0,0,0,0,0,0,1,0,1,1,1,0,0,0,0,0,0,
dg.MD1R/942db49d-97da-4e33-9105-c58e4f6af183,10041569-4DNktkkdXUGzSU6qGPxFEw,CT,10041569-4DNktkkdXUGzSU6qGPxFEw,Yes,Female,26.0,Black or African American,False,True,1,1,0,0,0,1,1,0,1,1,1,0,1,0,1,1,0,1,0,1,1,1,0,0,0,0,0,0,
dg.MD1R/1e93d422-f576-47ed-a342-98f4c75983df,10041569-kgAvx7uJ10ONCduLyMtlg,CT,10041569-kgAvx7uJ10ONCduLyMtlg,No,Male,52.0,White,False,True,1,1,0,0,1,0,1,0,1,0,1,0,1,0,1,1,1,1,0,1,0,0,0,0,0,0,0,0,
dg.MD1R/7763e5d8-f05b-4d4b-a371-1b13d847a59d,10041569-YwgotNEPQUS9rTCEmYfvGg,CT,10041569-YwgotNEPQUS9rTCEmYfvGg,Yes,Male,43.0,Not Reported,False,True,1,1,1,0,0,1,1,1,1,1,1,0,0,0,0,1,1,0,0,1,1,0,0,0,0,1,0,0,
dg.MD1R/7e503f75-dc6e-4e03-9d67-0d1551ca166e,10041569-c7w6HYO4oU7uSiC4lcZiA,CT,10041569-c7w6HYO4oU7uSiC4lcZiA,Yes,Male,66.0,White,False,True,1,1,0,1,1,1,1,1,1,1,1,0,0,0,0,0,0,0,1,1,1,0,0,0,0,0,0,0,
dg.MD1R/55e43a63-a783-4ba7-8388-a194a533c92f,10041569-qyn7o7O1MkWMKhOmffWoA,CT,10041569-qyn7o7O1MkWMKhOmffWoA,Yes,Male,67.0,Black or African American,False,False,1,1,1,0,1,1,1,1,1,0,1,0,0,0,1,0,0,1,0,1,0,1,0,0,0,0,0,0,
dg.MD1R/ad6c0392-1678-41c5-b5aa-873ca9d243de,10041569-qyn7o7O1MkWMKhOmffWoA,CT,10041569-qyn7o7O1MkWMKhOmffWoA,Yes,Male,67.0,Black or African American,False,False,1,1,1,0,1,1,1,1,1,0,1,0,0,0,1,0,0,1,0,1,0,1,0,0,0,0,0,0,
dg.MD1R/a446c442-aca0-4f32-a31c-0119ecbdb304,10041569-0MlpwvpeqkmKqEG4iMez6g,CT,10041569-0MlpwvpeqkmKqEG4iMez6g,Yes,Male,54.0,White,False,True,1,1,1,0,1,1,1,1,0,0,1,0,0,0,0,0,1,1,0,1,0,0,0,0,0,0,0,0,
dg.MD1R/99e4603b-4e0e-4ad5-9f1e-c605cd450e07,10000364-899490,CT,10000364-899490,Yes,Female,71.0,White,False,True,1,1,0,0,0,0,1,0,0,0,1,0,1,1,1,0,1,0,0,0,1,1,0,0,0,0,0,0,
dg.MD1R/f86273fe-57ab-4439-af85-43cdf972d2d9,10041569-YwgotNEPQUS9rTCEmYfvGg,CT,10041569-YwgotNEPQUS9rTCEmYfvGg,Yes,Male,43.0,Not Reported,False,True,1,1,1,0,0,1,1,1,1,1,1,0,0,0,0,1,1,0,0,1,1,0,0,0,0,1,0,0,
dg.MD1R/39992f5a-36ea-4ec0-853a-a775e2a2b350,10041569-KTJisivBEW8eG11h3OmCQ,CT,10041569-KTJisivBEW8eG11h3OmCQ,Yes,Male,36.0,Not Reported,False,True,1,1,1,0,0,1,1,1,1,1,1,0,1,1,1,1,1,1,1,1,1,1,0,0,1,1,0,0,
dg.MD1R/56dffd30-6040-4f00-ba56-e4691532aba9,10041569-g7BegS168EGCpgRylILjoA,CT,10041569-g7BegS168EGCpgRylILjoA,Yes,Female,63.0,White,False,True,1,1,1,0,0,1,1,0,1,1,1,0,1,1,0,1,1,1,1,1,1,0,0,1,0,0,0,0,data/preprocessed/ct/56dffd30-6040-4f00-ba56-e4691532aba9.nii.gz
dg.MD1R/bc0342c8-1558-4884-9b9a-af6aea63c08a,10041569-qyn7o7O1MkWMKhOmffWoA,CT,10041569-qyn7o7O1MkWMKhOmffWoA,Yes,Male,67.0,Black or African American,False,False,1,1,1,0,1,1,1,1,1,0,1,0,0,0,1,0,0,1,0,1,0,1,0,0,0,0,0,0,
dg.MD1R/8f503a02-f0f6-4e41-8b39-8c5d500d4a43,10041569-c7w6HYO4oU7uSiC4lcZiA,CT,10041569-c7w6HYO4oU7uSiC4lcZiA,Yes,Male,66.0,White,False,True,1,1,0,1,1,1,1,1,1,1,1,0,0,0,0,0,0,0,1,1,1,0,0,0,0,0,0,0,
dg.MD1R/6bfe2d62-d7ac-42f2-bc51-111f247df822,10000364-6303877,CT,10000364-6303877,Yes,Female,64.0,White,True,False,1,1,1,0,0,0,1,0,0,0,0,1,0,0,0,0,0,0,0,0,0,0,0,0,0,0,0,0,
dg.MD1R/ce301322-4ab2-43cf-973d-7615a7344888,10000364-1607263,CT,10000364-1607263,Yes,Female,64.0,Black or African American,True,True,1,1,1,0,0,0,1,0,1,0,1,0,0,0,0,0,1,0,0,1,0,0,0,0,0,0,0,0,
dg.MD1R/b308f665-64e7-4380-9e5a-7bc2a760b967,10041569-eL6G9dsawkq2QuiCGa8i7Q,CT,10041569-eL6G9dsawkq2QuiCGa8i7Q,Yes,Male,62.0,White,False,False,1,1,1,0,0,0,1,0,1,0,1,0,0,0,0,0,0,0,0,1,1,1,0,0,0,0,0,0,
dg.MD1R/afedc6f3-de2b-4bd8-b0f9-9d6d8f21ad76,10000364-203144,CT,10000364-203144,Yes,Female,76.0,White,False,True,1,0,0,0,0,0,1,0,0,0,0,0,0,0,0,0,0,1,0,1,1,1,0,0,0,0,0,0,
dg.MD1R/e77453ed-18e8-49cc-9781-e85b22a3559c,10000364-6303877,CT,10000364-6303877,Yes,Female,64.0,White,True,False,1,1,1,0,0,0,1,0,0,0,0,1,0,0,0,0,0,0,0,0,0,0,0,0,0,0,0,0,
dg.MD1R/ac638219-2fb2-4a99-a085-a742aa95e059,10041569-KTJisivBEW8eG11h3OmCQ,CT,10041569-KTJisivBEW8eG11h3OmCQ,Yes,Male,36.0,Not Reported,False,True,1,1,1,0,0,1,1,1,1,1,1,0,1,1,1,1,1,1,1,1,1,1,0,0,1,1,0,0,
dg.MD1R/3845635c-1d98-43ff-9f27-b3b403a03632,10000364-1607263,CT,10000364-1607263,Yes,Female,64.0,Black or African American,True,True,1,1,1,0,0,0,1,0,1,0,1,0,0,0,0,0,1,0,0,1,0,0,0,0,0,0,0,0,
dg.MD1R/41569508-e433-4212-bdfc-95d7f0f27777,10000364-1607263,CT,10000364-1607263,Yes,Female,64.0,Black or African American,True,True,1,1,1,0,0,0,1,0,1,0,1,0,0,0,0,0,1,0,0,1,0,0,0,0,0,0,0,0,
dg.MD1R/cfd785fe-8b43-438e-a044-8bac429cadbd,10041569-4DNktkkdXUGzSU6qGPxFEw,CT,10041569-4DNktkkdXUGzSU6qGPxFEw,Yes,Female,26.0,Black or African American,False,True,1,1,0,0,0,1,1,0,1,1,1,0,1,0,1,1,0,1,0,1,1,1,0,0,0,0,0,0,
dg.MD1R/858d9761-2e72-459e-a9b9-896c02a2497e,10000364-1607263,CT,10000364-1607263,Yes,Female,64.0,Black or African American,True,True,1,1,1,0,0,0,1,0,1,0,1,0,0,0,0,0,1,0,0,1,0,0,0,0,0,0,0,0,
dg.MD1R/53819759-d588-4c3e-8991-1e2baa1300f2,10041569-NSEL0dEU50iSJEeE7kzpPQ,CT,10041569-NSEL0dEU50iSJEeE7kzpPQ,Yes,Male,58.0,White,False,True,1,1,0,0,0,1,1,0,0,1,1,0,1,1,1,1,1,1,1,1,1,1,0,0,0,0,1,0,
dg.MD1R/ab3f9513-c64c-4e3f-a701-d6d86037be71,10041569-kgAvx7uJ10ONCduLyMtlg,CT,10041569-kgAvx7uJ10ONCduLyMtlg,No,Male,52.0,White,False,True,1,1,0,0,1,0,1,0,1,0,1,0,1,0,1,1,1,1,0,1,0,0,0,0,0,0,0,0,
dg.MD1R/56079be0-9ed3-419a-8c03-12d17b79677d,10000364-899490,CT,10000364-899490,Yes,Female,71.0,White,False,True,1,1,0,0,0,0,1,0,0,0,1,0,1,1,1,0,1,0,0,0,1,1,0,0,0,0,0,0,
dg.MD1R/c4383f1b-af09-4483-82ef-31f2a2625c1c,10041569-YwgotNEPQUS9rTCEmYfvGg,CT,10041569-YwgotNEPQUS9rTCEmYfvGg,Yes,Male,43.0,Not Reported,False,True,1,1,1,0,0,1,1,1,1,1,1,0,0,0,0,1,1,0,0,1,1,0,0,0,0,1,0,0,
dg.MD1R/b5b2957c-9f6e-4718-b14b-30f59ce9d822,10000364-899490,CT,10000364-899490,Yes,Female,71.0,White,False,True,1,1,0,0,0,0,1,0,0,0,1,0,1,1,1,0,1,0,0,0,1,1,0,0,0,0,0,0,
dg.MD1R/b2b2280c-ba67-463c-a27a-806477bdac9d,10041569-YwgotNEPQUS9rTCEmYfvGg,CT,10041569-YwgotNEPQUS9rTCEmYfvGg,Yes,Male,43.0,Not Reported,False,True,1,1,1,0,0,1,1,1,1,1,1,0,0,0,0,1,1,0,0,1,1,0,0,0,0,1,0,0,
dg.MD1R/487425b8-09ca-4de0-b290-d830b44d3f5b,10041569-KTJisivBEW8eG11h3OmCQ,CT,10041569-KTJisivBEW8eG11h3OmCQ,Yes,Male,36.0,Not Reported,False,True,1,1,1,0,0,1,1,1,1,1,1,0,1,1,1,1,1,1,1,1,1,1,0,0,1,1,0,0,
dg.MD1R/f60feeff-97ba-41ea-9060-b17d087c176b,10041569-SytwUN6koU6LLR3RcLHkA,CT,10041569-SytwUN6koU6LLR3RcLHkA,Yes,Female,62.0,Black or African American,False,False,1,1,0,0,0,0,1,0,1,0,1,0,1,0,1,1,1,1,1,1,1,1,0,0,0,0,0,0,data/preprocessed/ct/f60feeff-97ba-41ea-9060-b17d087c176b.nii.gz
dg.MD1R/2ebc1680-8bc7-41b2-bb48-82db8a135d8d,10041569-YIon3HGGUa4N81uJEoWmg,CT,10041569-YIon3HGGUa4N81uJEoWmg,Yes,Male,84.0,Black or African American,False,False,1,1,1,0,1,1,1,0,1,0,1,0,1,0,1,1,1,1,1,1,1,1,0,0,0,1,0,0,
dg.MD1R/556f5832-dd8e-4f5f-8e97-d84e521aef2c,10000364-203144,CT,10000364-203144,Yes,Female,76.0,White,False,True,1,0,0,0,0,0,1,0,0,0,0,0,0,0,0,0,0,1,0,1,1,1,0,0,0,0,0,0,
dg.MD1R/15d69ebb-9161-499e-b5b5-4fcfbc4a89fe,10041569-KTJisivBEW8eG11h3OmCQ,CT,10041569-KTJisivBEW8eG11h3OmCQ,Yes,Male,36.0,Not Reported,False,True,1,1,1,0,0,1,1,1,1,1,1,0,1,1,1,1,1,1,1,1,1,1,0,0,1,1,0,0,
dg.MD1R/8c2ccc81-b7db-49da-be84-e68885513de9,10041569-4DNktkkdXUGzSU6qGPxFEw,CT,10041569-4DNktkkdXUGzSU6qGPxFEw,Yes,Female,26.0,Black or African American,False,True,1,1,0,0,0,1,1,0,1,1,1,0,1,0,1,1,0,1,0,1,1,1,0,0,0,0,0,0,
dg.MD1R/efb93706-d5d5-4b8b-b456-2e8fd38275c2,10000364-6303877,CT,10000364-6303877,Yes,Female,64.0,White,True,False,1,1,1,0,0,0,1,0,0,0,0,1,0,0,0,0,0,0,0,0,0,0,0,0,0,0,0,0,
dg.MD1R/081c1fde-2c4b-42f7-a197-9ba5f01dc463,10041569-r2jQ1Jeo5UW7QlTnmJ2Ug,CT,10041569-r2jQ1Jeo5UW7QlTnmJ2Ug,Yes,Male,26.0,White,False,True,1,1,0,0,0,1,1,0,0,0,1,0,0,0,1,1,1,0,0,0,1,0,0,0,0,0,0,0,
dg.MD1R/3cb41507-6359-43c6-8992-1ecfceacb90c,10041569-2WbOmaZUqE23vA7fnyC4w,CT,10041569-2WbOmaZUqE23vA7fnyC4w,Yes,Male,48.0,Not Reported,False,True,1,1,1,0,0,1,1,1,1,0,1,0,0,0,1,1,1,0,1,1,1,1,0,0,0,0,0,0,
dg.MD1R/0cee3b4e-78ab-4027-a574-14e611370690,10000364-1607263,CT,10000364-1607263,Yes,Female,64.0,Black or African American,True,True,1,1,1,0,0,0,1,0,1,0,1,0,0,0,0,0,1,0,0,1,0,0,0,0,0,0,0,0,
dg.MD1R/298628c6-e106-44c8-8279-dc879bf846fe,10041569-2WbOmaZUqE23vA7fnyC4w,CT,10041569-2WbOmaZUqE23vA7fnyC4w,Yes,Male,48.0,Not Reported,False,True,1,1,1,0,0,1,1,1,1,0,1,0,0,0,1,1,1,0,1,1,1,1,0,0,0,0,0,0,
dg.MD1R/1f5a65d9-4d0f-48e4-ad8f-5904fc8b424f,10041569-NCqDv8OEUyQItLOWlNToA,CT,10041569-NCqDv8OEUyQItLOWlNToA,Yes,Female,61.0,White,False,True,1,1,0,0,1,1,1,0,1,0,1,0,1,1,1,0,1,0,0,1,1,1,0,0,0,0,0,0,
dg.MD1R/15ecdbe0-409b-47a5-b0f4-1f9d411080ea,10000364-203144,CT,10000364-203144,Yes,Female,76.0,White,False,True,1,0,0,0,0,0,1,0,0,0,0,0,0,0,0,0,0,1,0,1,1,1,0,0,0,0,0,0,
dg.MD1R/e4726ddd-e474-4b79-bf42-0e86c38b95e4,10041569-YwgotNEPQUS9rTCEmYfvGg,CT,10041569-YwgotNEPQUS9rTCEmYfvGg,Yes,Male,43.0,Not Reported,False,True,1,1,1,0,0,1,1,1,1,1,1,0,0,0,0,1,1,0,0,1,1,0,0,0,0,1,0,0,
dg.MD1R/c3a651e5-7ebe-4164-9115-d19e0c5890e9,10041569-hGXklXiglkyibymE05GqA,CT,10041569-hGXklXiglkyibymE05GqA,Yes,Male,49.0,White,False,True,1,1,1,0,0,0,1,0,1,1,1,1,1,0,1,1,1,1,0,1,1,1,0,0,0,0,0,0,
dg.MD1R/6279da01-82bc-49d8-8a72-8c072e5fa0b9,10041569-4DNktkkdXUGzSU6qGPxFEw,CT,10041569-4DNktkkdXUGzSU6qGPxFEw,Yes,Female,26.0,Black or African American,False,True,1,1,0,0,0,1,1,0,1,1,1,0,1,0,1,1,0,1,0,1,1,1,0,0,0,0,0,0,
dg.MD1R/5e1cf0d4-97a7-4aac-a990-68eb729ff2b5,10041569-KTJisivBEW8eG11h3OmCQ,CT,10041569-KTJisivBEW8eG11h3OmCQ,Yes,Male,36.0,Not Reported,False,True,1,1,1,0,0,1,1,1,1,1,1,0,1,1,1,1,1,1,1,1,1,1,0,0,1,1,0,0,
dg.MD1R/9f744ede-6eed-4908-a68d-24228776b529,10041569-KTJisivBEW8eG11h3OmCQ,CT,10041569-KTJisivBEW8eG11h3OmCQ,Yes,Male,36.0,Not Reported,False,True,1,1,1,0,0,1,1,1,1,1,1,0,1,1,1,1,1,1,1,1,1,1,0,0,1,1,0,0,
dg.MD1R/9f502259-ef65-4f62-a621-a12ceb48fb1c,10041569-QWycOsJpa0qKXcEGBFKeBg,CT,10041569-QWycOsJpa0qKXcEGBFKeBg,Yes,Female,,White,False,False,1,0,0,0,0,0,1,0,0,0,0,0,0,0,1,1,0,0,1,1,0,0,0,0,0,0,0,0,
dg.MD1R/a20ee691-8902-4098-b267-8a2aafb887a3,10041569-g7BegS168EGCpgRylILjoA,CT,10041569-g7BegS168EGCpgRylILjoA,Yes,Female,63.0,White,False,True,1,1,1,0,0,1,1,0,1,1,1,0,1,1,0,1,1,1,1,1,1,0,0,1,0,0,0,0,data/preprocessed/ct/a20ee691-8902-4098-b267-8a2aafb887a3.nii.gz
dg.MD1R/5bad4a44-bb99-4bde-bd96-fb3fe00d3fa9,10041569-KTJisivBEW8eG11h3OmCQ,CT,10041569-KTJisivBEW8eG11h3OmCQ,Yes,Male,36.0,Not Reported,False,True,1,1,1,0,0,1,1,1,1,1,1,0,1,1,1,1,1,1,1,1,1,1,0,0,1,1,0,0,
dg.MD1R/f9807e75-39c0-4448-be47-95b7b36bfd76,10000364-203144,CT,10000364-203144,Yes,Female,76.0,White,False,True,1,0,0,0,0,0,1,0,0,0,0,0,0,0,0,0,0,1,0,1,1,1,0,0,0,0,0,0,
dg.MD1R/59e46c34-7ace-4098-b045-158d77de42eb,10041569-eL6G9dsawkq2QuiCGa8i7Q,CT,10041569-eL6G9dsawkq2QuiCGa8i7Q,Yes,Male,62.0,White,False,False,1,1,1,0,0,0,1,0,1,0,1,0,0,0,0,0,0,0,0,1,1,1,0,0,0,0,0,0,
dg.MD1R/09fb428e-8ab0-439d-8a1e-d9c2f8b79812,10041569-YwgotNEPQUS9rTCEmYfvGg,CT,10041569-YwgotNEPQUS9rTCEmYfvGg,Yes,Male,43.0,Not Reported,False,True,1,1,1,0,0,1,1,1,1,1,1,0,0,0,0,1,1,0,0,1,1,0,0,0,0,1,0,0,
dg.MD1R/b5f2694a-bed2-42c8-9cc4-6b0775bfb171,10041569-c7w6HYO4oU7uSiC4lcZiA,CT,10041569-c7w6HYO4oU7uSiC4lcZiA,Yes,Male,66.0,White,False,True,1,1,0,1,1,1,1,1,1,1,1,0,0,0,0,0,0,0,1,1,1,0,0,0,0,0,0,0,
dg.MD1R/3ebf124d-3dc7-4057-b1c8-c7f49dbfefad,10041569-g7BegS168EGCpgRylILjoA,CT,10041569-g7BegS168EGCpgRylILjoA,Yes,Female,63.0,White,False,True,1,1,1,0,0,1,1,0,1,1,1,0,1,1,0,1,1,1,1,1,1,0,0,1,0,0,0,0,data/preprocessed/ct/3ebf124d-3dc7-4057-b1c8-c7f49dbfefad.nii.gz
dg.MD1R/f3115e47-4779-492c-8d9f-1a2088385808,10041569-YwgotNEPQUS9rTCEmYfvGg,CT,10041569-YwgotNEPQUS9rTCEmYfvGg,Yes,Male,43.0,Not Reported,False,True,1,1,1,0,0,1,1,1,1,1,1,0,0,0,0,1,1,0,0,1,1,0,0,0,0,1,0,0,
dg.MD1R/c8f29479-916b-4b80-b514-71b125f80375,10041569-2WbOmaZUqE23vA7fnyC4w,CT,10041569-2WbOmaZUqE23vA7fnyC4w,Yes,Male,48.0,Not Reported,False,True,1,1,1,0,0,1,1,1,1,0,1,0,0,0,1,1,1,0,1,1,1,1,0,0,0,0,0,0,
dg.MD1R/a2ca0a88-c710-4b5d-9b61-dba695ba0e71,10041569-5mEhtO0KQ0Ocq21FWZ6jQ,CT,10041569-5mEhtO0KQ0Ocq21FWZ6jQ,Yes,Male,65.0,Black or African American,False,True,1,1,1,0,0,1,0,1,0,0,1,0,0,0,0,1,1,0,0,1,0,1,0,0,0,0,1,0,
dg.MD1R/0826e2d3-560f-4e1d-8022-167fa7a339e5,10041569-KTJisivBEW8eG11h3OmCQ,CT,10041569-KTJisivBEW8eG11h3OmCQ,Yes,Male,36.0,Not Reported,False,True,1,1,1,0,0,1,1,1,1,1,1,0,1,1,1,1,1,1,1,1,1,1,0,0,1,1,0,0,
dg.MD1R/1a3b7122-c0a3-49bd-aefa-ea2cec4c9edd,10041569-YwgotNEPQUS9rTCEmYfvGg,CT,10041569-YwgotNEPQUS9rTCEmYfvGg,Yes,Male,43.0,Not Reported,False,True,1,1,1,0,0,1,1,1,1,1,1,0,0,0,0,1,1,0,0,1,1,0,0,0,0,1,0,0,
dg.MD1R/1de21dba-133b-4c2e-875b-0c8ad9b9f4e7,10041569-PM8BrEOGvEyWPkLhhZ94XQ,CT,10041569-PM8BrEOGvEyWPkLhhZ94XQ,Yes,Male,66.0,Black or African American,False,True,1,1,1,1,0,1,1,1,1,1,1,0,0,0,1,0,0,0,0,1,1,0,1,0,0,0,0,0,
dg.MD1R/d9254e12-2909-4b21-bd48-8ef3984757b4,10041569-KTJisivBEW8eG11h3OmCQ,CT,10041569-KTJisivBEW8eG11h3OmCQ,Yes,Male,36.0,Not Reported,False,True,1,1,1,0,0,1,1,1,1,1,1,0,1,1,1,1,1,1,1,1,1,1,0,0,1,1,0,0,
dg.MD1R/e10c3a57-bc73-4cbc-8015-98eac0cbf968,10041569-5mEhtO0KQ0Ocq21FWZ6jQ,CT,10041569-5mEhtO0KQ0Ocq21FWZ6jQ,Yes,Male,65.0,Black or African American,False,True,1,1,1,0,0,1,0,1,0,0,1,0,0,0,0,1,1,0,0,1,0,1,0,0,0,0,1,0,
dg.MD1R/c19abc45-fafd-4b97-9c97-faa0a06c648d,10041569-YwgotNEPQUS9rTCEmYfvGg,CT,10041569-YwgotNEPQUS9rTCEmYfvGg,Yes,Male,43.0,Not Reported,False,True,1,1,1,0,0,1,1,1,1,1,1,0,0,0,0,1,1,0,0,1,1,0,0,0,0,1,0,0,
dg.MD1R/c44b8a4e-9a5b-4e8c-b0cf-6b874b8f6529,10041569-KTJisivBEW8eG11h3OmCQ,CT,10041569-KTJisivBEW8eG11h3OmCQ,Yes,Male,36.0,Not Reported,False,True,1,1,1,0,0,1,1,1,1,1,1,0,1,1,1,1,1,1,1,1,1,1,0,0,1,1,0,0,
dg.MD1R/eeeb803e-b5fe-4b79-b97f-fde69269854b,10041569-YwgotNEPQUS9rTCEmYfvGg,CT,10041569-YwgotNEPQUS9rTCEmYfvGg,Yes,Male,43.0,Not Reported,False,True,1,1,1,0,0,1,1,1,1,1,1,0,0,0,0,1,1,0,0,1,1,0,0,0,0,1,0,0,
dg.MD1R/e2a0d098-4525-475c-affa-811b24d30598,10041569-YwgotNEPQUS9rTCEmYfvGg,CT,10041569-YwgotNEPQUS9rTCEmYfvGg,Yes,Male,43.0,Not Reported,False,True,1,1,1,0,0,1,1,1,1,1,1,0,0,0,0,1,1,0,0,1,1,0,0,0,0,1,0,0,
dg.MD1R/5fc20459-c773-404a-b3dc-5c09abaa5b8e,10041569-ObI0JieKtE2oeNm5iAtegA,CT,10041569-ObI0JieKtE2oeNm5iAtegA,Yes,Male,57.0,Not Reported,False,True,1,1,0,0,0,1,1,1,1,1,1,0,1,0,1,1,1,1,0,0,0,0,0,0,0,0,0,0,
dg.MD1R/502d5d37-78db-4266-98da-63739faa149e,10041569-c7w6HYO4oU7uSiC4lcZiA,CT,10041569-c7w6HYO4oU7uSiC4lcZiA,Yes,Male,66.0,White,False,True,1,1,0,1,1,1,1,1,1,1,1,0,0,0,0,0,0,0,1,1,1,0,0,0,0,0,0,0,
dg.MD1R/f19dbc17-6d40-4824-a2a7-3edf7f508ca4,10041569-KTJisivBEW8eG11h3OmCQ,CT,10041569-KTJisivBEW8eG11h3OmCQ,Yes,Male,36.0,Not Reported,False,True,1,1,1,0,0,1,1,1,1,1,1,0,1,1,1,1,1,1,1,1,1,1,0,0,1,1,0,0,
dg.MD1R/7f049259-0ef1-4041-a7da-fa39fe1531e0,10041569-KTJisivBEW8eG11h3OmCQ,CT,10041569-KTJisivBEW8eG11h3OmCQ,Yes,Male,36.0,Not Reported,False,True,1,1,1,0,0,1,1,1,1,1,1,0,1,1,1,1,1,1,1,1,1,1,0,0,1,1,0,0,
dg.MD1R/288adb75-5a11-4561-98a1-36e165400530,10041569-0MlpwvpeqkmKqEG4iMez6g,CT,10041569-0MlpwvpeqkmKqEG4iMez6g,Yes,Male,54.0,White,False,True,1,1,1,0,1,1,1,1,0,0,1,0,0,0,0,0,1,1,0,1,0,0,0,0,0,0,0,0,
dg.MD1R/74b95354-eb94-4d27-81c3-0dcc09dd1696,10041569-0MlpwvpeqkmKqEG4iMez6g,CT,10041569-0MlpwvpeqkmKqEG4iMez6g,Yes,Male,54.0,White,False,True,1,1,1,0,1,1,1,1,0,0,1,0,0,0,0,0,1,1,0,1,0,0,0,0,0,0,0,0,
dg.MD1R/0eb9313f-33bb-4d8a-8a15-269407f269fb,10041569-0MlpwvpeqkmKqEG4iMez6g,CT,10041569-0MlpwvpeqkmKqEG4iMez6g,Yes,Male,54.0,White,False,True,1,1,1,0,1,1,1,1,0,0,1,0,0,0,0,0,1,1,0,1,0,0,0,0,0,0,0,0,
dg.MD1R/188865db-c97b-4efc-9b60-beb48dfa455a,10041569-YwgotNEPQUS9rTCEmYfvGg,CT,10041569-YwgotNEPQUS9rTCEmYfvGg,Yes,Male,43.0,Not Reported,False,True,1,1,1,0,0,1,1,1,1,1,1,0,0,0,0,1,1,0,0,1,1,0,0,0,0,1,0,0,
dg.MD1R/3ed88871-51af-4514-aa31-2acde68ac745,10041569-2WbOmaZUqE23vA7fnyC4w,CT,10041569-2WbOmaZUqE23vA7fnyC4w,Yes,Male,48.0,Not Reported,False,True,1,1,1,0,0,1,1,1,1,0,1,0,0,0,1,1,1,0,1,1,1,1,0,0,0,0,0,0,
dg.MD1R/caeec5fd-38cc-4936-aee7-eb00805b064c,10041569-YwgotNEPQUS9rTCEmYfvGg,CT,10041569-YwgotNEPQUS9rTCEmYfvGg,Yes,Male,43.0,Not Reported,False,True,1,1,1,0,0,1,1,1,1,1,1,0,0,0,0,1,1,0,0,1,1,0,0,0,0,1,0,0,
dg.MD1R/a0012863-055d-4833-9fbc-fd90d6f37300,10041569-KTJisivBEW8eG11h3OmCQ,CT,10041569-KTJisivBEW8eG11h3OmCQ,Yes,Male,36.0,Not Reported,False,True,1,1,1,0,0,1,1,1,1,1,1,0,1,1,1,1,1,1,1,1,1,1,0,0,1,1,0,0,
dg.MD1R/e1ef4949-a3fc-4e4a-8c1e-6421ecf2c414,10041569-0MlpwvpeqkmKqEG4iMez6g,CT,10041569-0MlpwvpeqkmKqEG4iMez6g,Yes,Male,54.0,White,False,True,1,1,1,0,1,1,1,1,0,0,1,0,0,0,0,0,1,1,0,1,0,0,0,0,0,0,0,0,
dg.MD1R/7c64c3a4-ef15-4fb6-b37b-2268fb1b19b5,10041569-YwgotNEPQUS9rTCEmYfvGg,CT,10041569-YwgotNEPQUS9rTCEmYfvGg,Yes,Male,43.0,Not Reported,False,True,1,1,1,0,0,1,1,1,1,1,1,0,0,0,0,1,1,0,0,1,1,0,0,0,0,1,0,0,
dg.MD1R/0aa8a927-1e64-4d5b-9cc6-8647bcc0359f,10041569-YwgotNEPQUS9rTCEmYfvGg,CT,10041569-YwgotNEPQUS9rTCEmYfvGg,Yes,Male,43.0,Not Reported,False,True,1,1,1,0,0,1,1,1,1,1,1,0,0,0,0,1,1,0,0,1,1,0,0,0,0,1,0,0,
dg.MD1R/aee6069e-00df-4a41-88cc-7c9fbd229a60,10041569-YwgotNEPQUS9rTCEmYfvGg,CT,10041569-YwgotNEPQUS9rTCEmYfvGg,Yes,Male,43.0,Not Reported,False,True,1,1,1,0,0,1,1,1,1,1,1,0,0,0,0,1,1,0,0,1,1,0,0,0,0,1,0,0,
dg.MD1R/8762c0ee-e132-451b-bf8a-a337f3d3f0c6,10041569-KTJisivBEW8eG11h3OmCQ,CT,10041569-KTJisivBEW8eG11h3OmCQ,Yes,Male,36.0,Not Reported,False,True,1,1,1,0,0,1,1,1,1,1,1,0,1,1,1,1,1,1,1,1,1,1,0,0,1,1,0,0,
dg.MD1R/54d23826-51d6-4b94-bcee-2b21d998cd32,10041569-YwgotNEPQUS9rTCEmYfvGg,CT,10041569-YwgotNEPQUS9rTCEmYfvGg,Yes,Male,43.0,Not Reported,False,True,1,1,1,0,0,1,1,1,1,1,1,0,0,0,0,1,1,0,0,1,1,0,0,0,0,1,0,0,
dg.MD1R/5ef59d41-b1d2-43e7-bd46-df1232738da5,10041569-KTJisivBEW8eG11h3OmCQ,CT,10041569-KTJisivBEW8eG11h3OmCQ,Yes,Male,36.0,Not Reported,False,True,1,1,1,0,0,1,1,1,1,1,1,0,1,1,1,1,1,1,1,1,1,1,0,0,1,1,0,0,
dg.MD1R/7a0ebb88-dc59-4637-93d2-14916486d40d,10041569-PM8BrEOGvEyWPkLhhZ94XQ,CT,10041569-PM8BrEOGvEyWPkLhhZ94XQ,Yes,Male,66.0,Black or African American,False,True,1,1,1,1,0,1,1,1,1,1,1,0,0,0,1,0,0,0,0,1,1,0,1,0,0,0,0,0,
dg.MD1R/eacfa919-6087-4afe-b7ad-8a3d06b8b1c3,10041569-0MlpwvpeqkmKqEG4iMez6g,CT,10041569-0MlpwvpeqkmKqEG4iMez6g,Yes,Male,54.0,White,False,True,1,1,1,0,1,1,1,1,0,0,1,0,0,0,0,0,1,1,0,1,0,0,0,0,0,0,0,0,
dg.MD1R/1974eb92-b961-4d43-8457-caa9eb7f8ab1,10041569-KTJisivBEW8eG11h3OmCQ,CT,10041569-KTJisivBEW8eG11h3OmCQ,Yes,Male,36.0,Not Reported,False,True,1,1,1,0,0,1,1,1,1,1,1,0,1,1,1,1,1,1,1,1,1,1,0,0,1,1,0,0,
dg.MD1R/be20e310-682d-4f4b-9a37-c5c73d06ab68,10041569-KTJisivBEW8eG11h3OmCQ,CT,10041569-KTJisivBEW8eG11h3OmCQ,Yes,Male,36.0,Not Reported,False,True,1,1,1,0,0,1,1,1,1,1,1,0,1,1,1,1,1,1,1,1,1,1,0,0,1,1,0,0,
dg.MD1R/aaaa4a70-9b08-4c06-8ad3-db926c392536,10041569-KTJisivBEW8eG11h3OmCQ,CT,10041569-KTJisivBEW8eG11h3OmCQ,Yes,Male,36.0,Not Reported,False,True,1,1,1,0,0,1,1,1,1,1,1,0,1,1,1,1,1,1,1,1,1,1,0,0,1,1,0,0,
dg.MD1R/40a31152-f6a7-4957-9fd2-2266c68d5b42,10041569-c7w6HYO4oU7uSiC4lcZiA,CT,10041569-c7w6HYO4oU7uSiC4lcZiA,Yes,Male,66.0,White,False,True,1,1,0,1,1,1,1,1,1,1,1,0,0,0,0,0,0,0,1,1,1,0,0,0,0,0,0,0,
dg.MD1R/b305a08f-fd11-4999-a888-ed42c1d96154,10041569-c7w6HYO4oU7uSiC4lcZiA,CT,10041569-c7w6HYO4oU7uSiC4lcZiA,Yes,Male,66.0,White,False,True,1,1,0,1,1,1,1,1,1,1,1,0,0,0,0,0,0,0,1,1,1,0,0,0,0,0,0,0,
dg.MD1R/72519c5f-2512-4041-a6b7-e2c59e815974,10041569-YwgotNEPQUS9rTCEmYfvGg,CT,10041569-YwgotNEPQUS9rTCEmYfvGg,Yes,Male,43.0,Not Reported,False,True,1,1,1,0,0,1,1,1,1,1,1,0,0,0,0,1,1,0,0,1,1,0,0,0,0,1,0,0,
dg.MD1R/6b6d71a4-ae6d-43c7-82b4-5e7830a27c85,10041569-YwgotNEPQUS9rTCEmYfvGg,CT,10041569-YwgotNEPQUS9rTCEmYfvGg,Yes,Male,43.0,Not Reported,False,True,1,1,1,0,0,1,1,1,1,1,1,0,0,0,0,1,1,0,0,1,1,0,0,0,0,1,0,0,
dg.MD1R/9e7cfdbe-77f9-49c4-80e4-37e69b819035,10041569-YwgotNEPQUS9rTCEmYfvGg,CT,10041569-YwgotNEPQUS9rTCEmYfvGg,Yes,Male,43.0,Not Reported,False,True,1,1,1,0,0,1,1,1,1,1,1,0,0,0,0,1,1,0,0,1,1,0,0,0,0,1,0,0,
dg.MD1R/f388bff2-543e-4bfb-a7ae-604026af670c,10041569-YwgotNEPQUS9rTCEmYfvGg,CT,10041569-YwgotNEPQUS9rTCEmYfvGg,Yes,Male,43.0,Not Reported,False,True,1,1,1,0,0,1,1,1,1,1,1,0,0,0,0,1,1,0,0,1,1,0,0,0,0,1,0,0,
dg.MD1R/cc30eec0-ec72-4c81-b553-297631ac1e78,10041569-YwgotNEPQUS9rTCEmYfvGg,CT,10041569-YwgotNEPQUS9rTCEmYfvGg,Yes,Male,43.0,Not Reported,False,True,1,1,1,0,0,1,1,1,1,1,1,0,0,0,0,1,1,0,0,1,1,0,0,0,0,1,0,0,
dg.MD1R/1a093fcf-65de-4caa-b851-8d3828a1b3b4,10041569-c7w6HYO4oU7uSiC4lcZiA,CT,10041569-c7w6HYO4oU7uSiC4lcZiA,Yes,Male,66.0,White,False,True,1,1,0,1,1,1,1,1,1,1,1,0,0,0,0,0,0,0,1,1,1,0,0,0,0,0,0,0,
dg.MD1R/d948940d-5ce7-4796-b31c-76eee359475d,10041569-ObI0JieKtE2oeNm5iAtegA,CT,10041569-ObI0JieKtE2oeNm5iAtegA,Yes,Male,57.0,Not Reported,False,True,1,1,0,0,0,1,1,1,1,1,1,0,1,0,1,1,1,1,0,0,0,0,0,0,0,0,0,0,
dg.MD1R/41be5e8a-843f-4621-80e1-a9a0dd20cb9f,10041569-PM8BrEOGvEyWPkLhhZ94XQ,CT,10041569-PM8BrEOGvEyWPkLhhZ94XQ,Yes,Male,66.0,Black or African American,False,True,1,1,1,1,0,1,1,1,1,1,1,0,0,0,1,0,0,0,0,1,1,0,1,0,0,0,0,0,
dg.MD1R/29a79538-d939-4459-a780-8d7df8a33a28,10041569-KTJisivBEW8eG11h3OmCQ,CT,10041569-KTJisivBEW8eG11h3OmCQ,Yes,Male,36.0,Not Reported,False,True,1,1,1,0,0,1,1,1,1,1,1,0,1,1,1,1,1,1,1,1,1,1,0,0,1,1,0,0,
dg.MD1R/46a2732e-e96a-4218-9629-cffba2cd0471,10041569-KTJisivBEW8eG11h3OmCQ,CT,10041569-KTJisivBEW8eG11h3OmCQ,Yes,Male,36.0,Not Reported,False,True,1,1,1,0,0,1,1,1,1,1,1,0,1,1,1,1,1,1,1,1,1,1,0,0,1,1,0,0,
dg.MD1R/0902a2d4-6cd0-481d-8ccd-3a846e17bf16,10041569-g7BegS168EGCpgRylILjoA,CT,10041569-g7BegS168EGCpgRylILjoA,Yes,Female,63.0,White,False,True,1,1,1,0,0,1,1,0,1,1,1,0,1,1,0,1,1,1,1,1,1,0,0,1,0,0,0,0,data/preprocessed/ct/0902a2d4-6cd0-481d-8ccd-3a846e17bf16.nii.gz
dg.MD1R/7cfbefc5-7d84-4d67-997a-8f48e1ce793a,10041569-hGXklXiglkyibymE05GqA,CT,10041569-hGXklXiglkyibymE05GqA,Yes,Male,49.0,White,False,True,1,1,1,0,0,0,1,0,1,1,1,1,1,0,1,1,1,1,0,1,1,1,0,0,0,0,0,0,
dg.MD1R/05ec8ce0-29ed-4d2f-9e9f-f78f32ef105e,10041569-rdL12m75aU6AT4OZNtG2Aw,CT,10041569-rdL12m75aU6AT4OZNtG2Aw,Yes,Male,51.0,Black or African American,False,True,1,1,1,0,0,1,1,0,1,1,1,0,1,0,1,1,1,1,1,1,1,1,0,0,0,0,1,0,data/preprocessed/ct/05ec8ce0-29ed-4d2f-9e9f-f78f32ef105e.nii.gz
dg.MD1R/9f7d26d8-9e91-4023-8623-a9a4740a5945,10041569-hGXklXiglkyibymE05GqA,CT,10041569-hGXklXiglkyibymE05GqA,Yes,Male,49.0,White,False,True,1,1,1,0,0,0,1,0,1,1,1,1,1,0,1,1,1,1,0,1,1,1,0,0,0,0,0,0,
dg.MD1R/5ada4c4a-b93b-4b57-8653-ffcba7bf2ae4,10041569-SytwUN6koU6LLR3RcLHkA,CT,10041569-SytwUN6koU6LLR3RcLHkA,Yes,Female,62.0,Black or African American,False,False,1,1,0,0,0,0,1,0,1,0,1,0,1,0,1,1,1,1,1,1,1,1,0,0,0,0,0,0,data/preprocessed/ct/5ada4c4a-b93b-4b57-8653-ffcba7bf2ae4.nii.gz
dg.MD1R/7e25cff6-b367-4104-8f3a-fa224d58243b,10041569-g7BegS168EGCpgRylILjoA,CT,10041569-g7BegS168EGCpgRylILjoA,Yes,Female,63.0,White,False,True,1,1,1,0,0,1,1,0,1,1,1,0,1,1,0,1,1,1,1,1,1,0,0,1,0,0,0,0,data/preprocessed/ct/7e25cff6-b367-4104-8f3a-fa224d58243b.nii.gz
dg.MD1R/3ca0f830-c47b-4091-bb33-d71c3bf025eb,10000364-5324696,CT,10000364-5324696,Yes,Male,58.0,White,True,False,1,0,0,0,0,0,0,0,1,0,0,0,1,0,1,0,0,1,1,1,0,0,0,0,0,0,0,0,
dg.MD1R/ee95d393-31a0-4efc-b806-4a333fa81daf,10000364-744747,CT,10000364-744747,Yes,Male,77.0,White,True,True,1,1,0,0,0,0,0,0,1,0,1,0,1,0,0,0,1,1,0,1,0,0,0,0,0,0,0,0,
dg.MD1R/f0852b1b-c6cd-4122-974c-79a477c6edfd,10000364-744747,CT,10000364-744747,Yes,Male,77.0,White,True,True,1,1,0,0,0,0,0,0,1,0,1,0,1,0,0,0,1,1,0,1,0,0,0,0,0,0,0,0,
dg.MD1R/a92d7b1f-71d1-4aab-879d-eae261f2e93d,10041569-VGNu6FLHPEiGjPVNhzb7rA,CT,10041569-VGNu6FLHPEiGjPVNhzb7rA,Yes,Female,38.0,Black or African American,False,True,1,1,0,0,0,0,0,0,1,0,1,0,1,0,1,1,0,1,0,1,1,1,0,0,0,0,0,0,
dg.MD1R/9429efdf-e067-4f81-849f-3b2c2aaf3d66,10041569-YIon3HGGUa4N81uJEoWmg,CT,10041569-YIon3HGGUa4N81uJEoWmg,Yes,Male,84.0,Black or African American,False,False,1,1,1,0,1,1,1,0,1,0,1,0,1,0,1,1,1,1,1,1,1,1,0,0,0,1,0,0,
dg.MD1R/7d49f18f-8b6d-43dd-8284-fd4a85226cc8,10041569-KTJisivBEW8eG11h3OmCQ,CT,10041569-KTJisivBEW8eG11h3OmCQ,Yes,Male,36.0,Not Reported,False,True,1,1,1,0,0,1,1,1,1,1,1,0,1,1,1,1,1,1,1,1,1,1,0,0,1,1,0,0,
dg.MD1R/159a663a-2a02-4bcf-95ab-d1002942d8ae,10041569-YwgotNEPQUS9rTCEmYfvGg,CT,10041569-YwgotNEPQUS9rTCEmYfvGg,Yes,Male,43.0,Not Reported,False,True,1,1,1,0,0,1,1,1,1,1,1,0,0,0,0,1,1,0,0,1,1,0,0,0,0,1,0,0,
dg.MD1R/d7a1d379-ce2a-4d62-85f3-b2578f3b6421,10041569-rdL12m75aU6AT4OZNtG2Aw,CT,10041569-rdL12m75aU6AT4OZNtG2Aw,Yes,Male,51.0,Black or African American,False,True,1,1,1,0,0,1,1,0,1,1,1,0,1,0,1,1,1,1,1,1,1,1,0,0,0,0,1,0,data/preprocessed/ct/d7a1d379-ce2a-4d62-85f3-b2578f3b6421.nii.gz
dg.MD1R/48d8d1bf-1765-4f49-ac4e-b60a0f1bec9e,10000364-1607263,CT,10000364-1607263,Yes,Female,64.0,Black or African American,True,True,1,1,1,0,0,0,1,0,1,0,1,0,0,0,0,0,1,0,0,1,0,0,0,0,0,0,0,0,
dg.MD1R/b08790c3-9814-4611-98ac-ba3b8fc64270,10041569-hGXklXiglkyibymE05GqA,CT,10041569-hGXklXiglkyibymE05GqA,Yes,Male,49.0,White,False,True,1,1,1,0,0,0,1,0,1,1,1,1,1,0,1,1,1,1,0,1,1,1,0,0,0,0,0,0,
dg.MD1R/abc21792-31c9-4ae9-83c0-1625cdfa51dd,10000364-5324696,CT,10000364-5324696,Yes,Male,58.0,White,True,False,1,0,0,0,0,0,0,0,1,0,0,0,1,0,1,0,0,1,1,1,0,0,0,0,0,0,0,0,
dg.MD1R/7a885438-aa45-4c58-84e5-c7b60cf14c9c,10041569-DlqX5imb0ejWPhSL4fHg,CT,10041569-DlqX5imb0ejWPhSL4fHg,Yes,Female,73.0,Black or African American,False,True,1,1,1,0,1,1,0,0,1,0,1,0,1,0,1,1,1,1,0,1,1,1,0,0,0,0,1,0,
dg.MD1R/f8c826a3-a888-4f24-a574-1356065a5307,10041569-hGXklXiglkyibymE05GqA,CT,10041569-hGXklXiglkyibymE05GqA,Yes,Male,49.0,White,False,True,1,1,1,0,0,0,1,0,1,1,1,1,1,0,1,1,1,1,0,1,1,1,0,0,0,0,0,0,
dg.MD1R/3944b04e-091c-4cbf-b698-9e99977979d0,10041569-DlqX5imb0ejWPhSL4fHg,CT,10041569-DlqX5imb0ejWPhSL4fHg,Yes,Female,73.0,Black or African American,False,True,1,1,1,0,1,1,0,0,1,0,1,0,1,0,1,1,1,1,0,1,1,1,0,0,0,0,1,0,
dg.MD1R/b7c755ae-a6ea-4041-b76a-b55847d6b37b,10041569-SytwUN6koU6LLR3RcLHkA,CT,10041569-SytwUN6koU6LLR3RcLHkA,Yes,Female,62.0,Black or African American,False,False,1,1,0,0,0,0,1,0,1,0,1,0,1,0,1,1,1,1,1,1,1,1,0,0,0,0,0,0,data/preprocessed/ct/b7c755ae-a6ea-4041-b76a-b55847d6b37b.nii.gz
dg.MD1R/2f5c6ad9-f3be-4277-804b-3cb078e21d01,10041569-NCqDv8OEUyQItLOWlNToA,CT,10041569-NCqDv8OEUyQItLOWlNToA,Yes,Female,61.0,White,False,True,1,1,0,0,1,1,1,0,1,0,1,0,1,1,1,0,1,0,0,1,1,1,0,0,0,0,0,0,
dg.MD1R/d66af508-fd20-45be-9915-b8d15d398b64,10041569-hGXklXiglkyibymE05GqA,CT,10041569-hGXklXiglkyibymE05GqA,Yes,Male,49.0,White,False,True,1,1,1,0,0,0,1,0,1,1,1,1,1,0,1,1,1,1,0,1,1,1,0,0,0,0,0,0,
dg.MD1R/1a9a0a89-6281-4252-a628-6a5f6d6331c2,10041569-g7BegS168EGCpgRylILjoA,CT,10041569-g7BegS168EGCpgRylILjoA,Yes,Female,63.0,White,False,True,1,1,1,0,0,1,1,0,1,1,1,0,1,1,0,1,1,1,1,1,1,0,0,1,0,0,0,0,data/preprocessed/ct/1a9a0a89-6281-4252-a628-6a5f6d6331c2.nii.gz
dg.MD1R/ab15cc52-af65-41eb-8955-8b312a158c20,10041569-YIon3HGGUa4N81uJEoWmg,CT,10041569-YIon3HGGUa4N81uJEoWmg,Yes,Male,84.0,Black or African American,False,False,1,1,1,0,1,1,1,0,1,0,1,0,1,0,1,1,1,1,1,1,1,1,0,0,0,1,0,0,
dg.MD1R/457dc63f-dd77-4e14-b126-798eae7d8c9f,10041569-YwgotNEPQUS9rTCEmYfvGg,CT,10041569-YwgotNEPQUS9rTCEmYfvGg,Yes,Male,43.0,Not Reported,False,True,1,1,1,0,0,1,1,1,1,1,1,0,0,0,0,1,1,0,0,1,1,0,0,0,0,1,0,0,
dg.MD1R/a6c64ed5-7a10-4d2c-bb94-1195462bb059,10041569-4DNktkkdXUGzSU6qGPxFEw,CT,10041569-4DNktkkdXUGzSU6qGPxFEw,Yes,Female,26.0,Black or African American,False,True,1,1,0,0,0,1,1,0,1,1,1,0,1,0,1,1,0,1,0,1,1,1,0,0,0,0,0,0,
dg.MD1R/4d135030-8b43-429b-96c8-ff45d86e4532,10041569-DlqX5imb0ejWPhSL4fHg,CT,10041569-DlqX5imb0ejWPhSL4fHg,Yes,Female,73.0,Black or African American,False,True,1,1,1,0,1,1,0,0,1,0,1,0,1,0,1,1,1,1,0,1,1,1,0,0,0,0,1,0,
dg.MD1R/b0b863ae-1d33-495a-9957-1f03464b7003,10041569-rdL12m75aU6AT4OZNtG2Aw,CT,10041569-rdL12m75aU6AT4OZNtG2Aw,Yes,Male,51.0,Black or African American,False,True,1,1,1,0,0,1,1,0,1,1,1,0,1,0,1,1,1,1,1,1,1,1,0,0,0,0,1,0,data/preprocessed/ct/b0b863ae-1d33-495a-9957-1f03464b7003.nii.gz
dg.MD1R/bbff3a9d-f3cc-4dea-a5d7-dac338cb7211,10041569-eL6G9dsawkq2QuiCGa8i7Q,CT,10041569-eL6G9dsawkq2QuiCGa8i7Q,Yes,Male,62.0,White,False,False,1,1,1,0,0,0,1,0,1,0,1,0,0,0,0,0,0,0,0,1,1,1,0,0,0,0,0,0,
dg.MD1R/d48f47c3-8473-4e8b-9bdf-cf5cb39c31af,10041569-kgAvx7uJ10ONCduLyMtlg,CT,10041569-kgAvx7uJ10ONCduLyMtlg,No,Male,52.0,White,False,True,1,1,0,0,1,0,1,0,1,0,1,0,1,0,1,1,1,1,0,1,0,0,0,0,0,0,0,0,
dg.MD1R/31e3a7b9-444a-4a55-92a0-87438928d1cd,10041569-kgAvx7uJ10ONCduLyMtlg,CT,10041569-kgAvx7uJ10ONCduLyMtlg,No,Male,52.0,White,False,True,1,1,0,0,1,0,1,0,1,0,1,0,1,0,1,1,1,1,0,1,0,0,0,0,0,0,0,0,
dg.MD1R/6768d1be-38a2-413f-af8f-31fbda6091d8,10041569-VGNu6FLHPEiGjPVNhzb7rA,CT,10041569-VGNu6FLHPEiGjPVNhzb7rA,Yes,Female,38.0,Black or African American,False,True,1,1,0,0,0,0,0,0,1,0,1,0,1,0,1,1,0,1,0,1,1,1,0,0,0,0,0,0,
dg.MD1R/2cbdac18-18b8-4e87-9a37-30d9e731837b,10041569-DlqX5imb0ejWPhSL4fHg,CT,10041569-DlqX5imb0ejWPhSL4fHg,Yes,Female,73.0,Black or African American,False,True,1,1,1,0,1,1,0,0,1,0,1,0,1,0,1,1,1,1,0,1,1,1,0,0,0,0,1,0,
dg.MD1R/cc29ae9c-b0d8-49fe-ad57-5b690e33d8d4,10000364-1607263,CT,10000364-1607263,Yes,Female,64.0,Black or African American,True,True,1,1,1,0,0,0,1,0,1,0,1,0,0,0,0,0,1,0,0,1,0,0,0,0,0,0,0,0,
dg.MD1R/d14da961-cec9-4ea3-845d-49fd27fad5ca,10041569-DlqX5imb0ejWPhSL4fHg,CT,10041569-DlqX5imb0ejWPhSL4fHg,Yes,Female,73.0,Black or African American,False,True,1,1,1,0,1,1,0,0,1,0,1,0,1,0,1,1,1,1,0,1,1,1,0,0,0,0,1,0,
dg.MD1R/23ff9580-d06c-4cba-9316-b7be82a724f6,10041569-DlqX5imb0ejWPhSL4fHg,CT,10041569-DlqX5imb0ejWPhSL4fHg,Yes,Female,73.0,Black or African American,False,True,1,1,1,0,1,1,0,0,1,0,1,0,1,0,1,1,1,1,0,1,1,1,0,0,0,0,1,0,
dg.MD1R/eeeeca43-e200-423d-9d54-77882aadd0b9,10041569-g7BegS168EGCpgRylILjoA,CT,10041569-g7BegS168EGCpgRylILjoA,Yes,Female,63.0,White,False,True,1,1,1,0,0,1,1,0,1,1,1,0,1,1,0,1,1,1,1,1,1,0,0,1,0,0,0,0,data/preprocessed/ct/eeeeca43-e200-423d-9d54-77882aadd0b9.nii.gz
dg.MD1R/9bda029b-f7f8-46fe-a08e-a53a98956fbd,10041569-DlqX5imb0ejWPhSL4fHg,CT,10041569-DlqX5imb0ejWPhSL4fHg,Yes,Female,73.0,Black or African American,False,True,1,1,1,0,1,1,0,0,1,0,1,0,1,0,1,1,1,1,0,1,1,1,0,0,0,0,1,0,
dg.MD1R/07b16b88-1e18-4e2e-b130-ba9ce5438a3d,10041569-eL6G9dsawkq2QuiCGa8i7Q,CT,10041569-eL6G9dsawkq2QuiCGa8i7Q,Yes,Male,62.0,White,False,False,1,1,1,0,0,0,1,0,1,0,1,0,0,0,0,0,0,0,0,1,1,1,0,0,0,0,0,0,
dg.MD1R/15278bc2-097a-4937-a9c5-2c2cdf62b4a7,10041569-g7BegS168EGCpgRylILjoA,CT,10041569-g7BegS168EGCpgRylILjoA,Yes,Female,63.0,White,False,True,1,1,1,0,0,1,1,0,1,1,1,0,1,1,0,1,1,1,1,1,1,0,0,1,0,0,0,0,data/preprocessed/ct/15278bc2-097a-4937-a9c5-2c2cdf62b4a7.nii.gz
dg.MD1R/0c38295c-3177-43d9-b507-f334998ef14b,10041569-DlqX5imb0ejWPhSL4fHg,CT,10041569-DlqX5imb0ejWPhSL4fHg,Yes,Female,73.0,Black or African American,False,True,1,1,1,0,1,1,0,0,1,0,1,0,1,0,1,1,1,1,0,1,1,1,0,0,0,0,1,0,
dg.MD1R/849289c6-9534-4b0c-a57b-9fbe769f0631,10041569-hGXklXiglkyibymE05GqA,CT,10041569-hGXklXiglkyibymE05GqA,Yes,Male,49.0,White,False,True,1,1,1,0,0,0,1,0,1,1,1,1,1,0,1,1,1,1,0,1,1,1,0,0,0,0,0,0,
dg.MD1R/d0ec0cff-96e3-4649-a9d9-685bca4ad373,10041569-rdL12m75aU6AT4OZNtG2Aw,CT,10041569-rdL12m75aU6AT4OZNtG2Aw,Yes,Male,51.0,Black or African American,False,True,1,1,1,0,0,1,1,0,1,1,1,0,1,0,1,1,1,1,1,1,1,1,0,0,0,0,1,0,data/preprocessed/ct/d0ec0cff-96e3-4649-a9d9-685bca4ad373.nii.gz
dg.MD1R/aad1151c-6915-4d60-bd8f-8a4487f86766,10041569-g7BegS168EGCpgRylILjoA,CT,10041569-g7BegS168EGCpgRylILjoA,Yes,Female,63.0,White,False,True,1,1,1,0,0,1,1,0,1,1,1,0,1,1,0,1,1,1,1,1,1,0,0,1,0,0,0,0,data/preprocessed/ct/aad1151c-6915-4d60-bd8f-8a4487f86766.nii.gz
dg.MD1R/726c4249-b03d-47b0-a13c-c06082f061e5,10041569-kgAvx7uJ10ONCduLyMtlg,CT,10041569-kgAvx7uJ10ONCduLyMtlg,No,Male,52.0,White,False,True,1,1,0,0,1,0,1,0,1,0,1,0,1,0,1,1,1,1,0,1,0,0,0,0,0,0,0,0,
dg.MD1R/37cff01d-8871-40c8-a88e-68320af6406f,10041569-DlqX5imb0ejWPhSL4fHg,CT,10041569-DlqX5imb0ejWPhSL4fHg,Yes,Female,73.0,Black or African American,False,True,1,1,1,0,1,1,0,0,1,0,1,0,1,0,1,1,1,1,0,1,1,1,0,0,0,0,1,0,
dg.MD1R/cdc7123e-c508-4ab5-bb07-60e6d4bc2445,10041569-DlqX5imb0ejWPhSL4fHg,CT,10041569-DlqX5imb0ejWPhSL4fHg,Yes,Female,73.0,Black or African American,False,True,1,1,1,0,1,1,0,0,1,0,1,0,1,0,1,1,1,1,0,1,1,1,0,0,0,0,1,0,
dg.MD1R/205bd11e-c6b6-41ea-8925-7abf3bb77cf5,10041569-hGXklXiglkyibymE05GqA,CT,10041569-hGXklXiglkyibymE05GqA,Yes,Male,49.0,White,False,True,1,1,1,0,0,0,1,0,1,1,1,1,1,0,1,1,1,1,0,1,1,1,0,0,0,0,0,0,
dg.MD1R/7b86c1bc-80dc-4370-a45a-5cc3b5643ccc,10041569-KTJisivBEW8eG11h3OmCQ,CT,10041569-KTJisivBEW8eG11h3OmCQ,Yes,Male,36.0,Not Reported,False,True,1,1,1,0,0,1,1,1,1,1,1,0,1,1,1,1,1,1,1,1,1,1,0,0,1,1,0,0,
dg.MD1R/3d341492-38a3-48cb-89eb-2f72912c51ef,10000364-1607263,CT,10000364-1607263,Yes,Female,64.0,Black or African American,True,True,1,1,1,0,0,0,1,0,1,0,1,0,0,0,0,0,1,0,0,1,0,0,0,0,0,0,0,0,
dg.MD1R/d970b8e0-ac2a-40d6-bdc7-06ccd8aa0433,10041569-YwgotNEPQUS9rTCEmYfvGg,CT,10041569-YwgotNEPQUS9rTCEmYfvGg,Yes,Male,43.0,Not Reported,False,True,1,1,1,0,0,1,1,1,1,1,1,0,0,0,0,1,1,0,0,1,1,0,0,0,0,1,0,0,
dg.MD1R/440cafad-67a2-472e-9e21-264a2f195745,10000364-744747,CT,10000364-744747,Yes,Male,77.0,White,True,True,1,1,0,0,0,0,0,0,1,0,1,0,1,0,0,0,1,1,0,1,0,0,0,0,0,0,0,0,
dg.MD1R/0b57fdf5-7bb1-467d-a3b4-6e7b3c20bf8c,10041569-NCqDv8OEUyQItLOWlNToA,CT,10041569-NCqDv8OEUyQItLOWlNToA,Yes,Female,61.0,White,False,True,1,1,0,0,1,1,1,0,1,0,1,0,1,1,1,0,1,0,0,1,1,1,0,0,0,0,0,0,
dg.MD1R/b1cbb383-2b11-458e-bf22-1c5e7f0434d2,10041569-eL6G9dsawkq2QuiCGa8i7Q,CT,10041569-eL6G9dsawkq2QuiCGa8i7Q,Yes,Male,62.0,White,False,False,1,1,1,0,0,0,1,0,1,0,1,0,0,0,0,0,0,0,0,1,1,1,0,0,0,0,0,0,
dg.MD1R/2ebaebb8-458f-4ae7-8829-078eded7633b,10041569-4DNktkkdXUGzSU6qGPxFEw,CT,10041569-4DNktkkdXUGzSU6qGPxFEw,Yes,Female,26.0,Black or African American,False,True,1,1,0,0,0,1,1,0,1,1,1,0,1,0,1,1,0,1,0,1,1,1,0,0,0,0,0,0,
dg.MD1R/e112abc5-9151-4f1d-a325-53bedc4bc4a8,10041569-eL6G9dsawkq2QuiCGa8i7Q,CT,10041569-eL6G9dsawkq2QuiCGa8i7Q,Yes,Male,62.0,White,False,False,1,1,1,0,0,0,1,0,1,0,1,0,0,0,0,0,0,0,0,1,1,1,0,0,0,0,0,0,
dg.MD1R/10d281b7-74c1-4078-ae78-3bb940de8915,10000364-5324696,CT,10000364-5324696,Yes,Male,58.0,White,True,False,1,0,0,0,0,0,0,0,1,0,0,0,1,0,1,0,0,1,1,1,0,0,0,0,0,0,0,0,
dg.MD1R/c588c8f0-663e-40b8-a2fc-60811ba196ce,10000364-5324696,CT,10000364-5324696,Yes,Male,58.0,White,True,False,1,0,0,0,0,0,0,0,1,0,0,0,1,0,1,0,0,1,1,1,0,0,0,0,0,0,0,0,
dg.MD1R/0e70bdc4-0907-4f90-9aa5-86f422820144,10000364-1607263,CT,10000364-1607263,Yes,Female,64.0,Black or African American,True,True,1,1,1,0,0,0,1,0,1,0,1,0,0,0,0,0,1,0,0,1,0,0,0,0,0,0,0,0,
dg.MD1R/2ef209c5-e169-48c5-bb48-c9b4980ed846,10041569-rdL12m75aU6AT4OZNtG2Aw,CT,10041569-rdL12m75aU6AT4OZNtG2Aw,Yes,Male,51.0,Black or African American,False,True,1,1,1,0,0,1,1,0,1,1,1,0,1,0,1,1,1,1,1,1,1,1,0,0,0,0,1,0,data/preprocessed/ct/2ef209c5-e169-48c5-bb48-c9b4980ed846.nii.gz
dg.MD1R/c5959017-a986-4104-a716-aa8693576d61,10041569-YwgotNEPQUS9rTCEmYfvGg,CT,10041569-YwgotNEPQUS9rTCEmYfvGg,Yes,Male,43.0,Not Reported,False,True,1,1,1,0,0,1,1,1,1,1,1,0,0,0,0,1,1,0,0,1,1,0,0,0,0,1,0,0,
dg.MD1R/c50d1f46-b353-4b1d-988c-476f46fb79d5,10041569-YIon3HGGUa4N81uJEoWmg,CT,10041569-YIon3HGGUa4N81uJEoWmg,Yes,Male,84.0,Black or African American,False,False,1,1,1,0,1,1,1,0,1,0,1,0,1,0,1,1,1,1,1,1,1,1,0,0,0,1,0,0,
dg.MD1R/4cc57ae3-a697-4f9d-87ba-1d5ac62c84b1,10041569-NCqDv8OEUyQItLOWlNToA,CT,10041569-NCqDv8OEUyQItLOWlNToA,Yes,Female,61.0,White,False,True,1,1,0,0,1,1,1,0,1,0,1,0,1,1,1,0,1,0,0,1,1,1,0,0,0,0,0,0,
dg.MD1R/7c6b7016-cd20-4510-a222-3c79af8426ef,10041569-VGNu6FLHPEiGjPVNhzb7rA,CT,10041569-VGNu6FLHPEiGjPVNhzb7rA,Yes,Female,38.0,Black or African American,False,True,1,1,0,0,0,0,0,0,1,0,1,0,1,0,1,1,0,1,0,1,1,1,0,0,0,0,0,0,
dg.MD1R/f4c466b4-9c4a-48be-afdc-7e7f1f4e9fe4,10041569-4DNktkkdXUGzSU6qGPxFEw,CT,10041569-4DNktkkdXUGzSU6qGPxFEw,Yes,Female,26.0,Black or African American,False,True,1,1,0,0,0,1,1,0,1,1,1,0,1,0,1,1,0,1,0,1,1,1,0,0,0,0,0,0,
dg.MD1R/4a9e2211-9bea-471e-9c78-4a72a1942baf,10041569-DlqX5imb0ejWPhSL4fHg,CT,10041569-DlqX5imb0ejWPhSL4fHg,Yes,Female,73.0,Black or African American,False,True,1,1,1,0,1,1,0,0,1,0,1,0,1,0,1,1,1,1,0,1,1,1,0,0,0,0,1,0,
dg.MD1R/2b9156c1-684f-47f8-8219-c227f70e9553,10041569-DlqX5imb0ejWPhSL4fHg,CT,10041569-DlqX5imb0ejWPhSL4fHg,Yes,Female,73.0,Black or African American,False,True,1,1,1,0,1,1,0,0,1,0,1,0,1,0,1,1,1,1,0,1,1,1,0,0,0,0,1,0,
dg.MD1R/81e2081d-5188-4323-8ac5-4c62a415f008,10041569-VGNu6FLHPEiGjPVNhzb7rA,CT,10041569-VGNu6FLHPEiGjPVNhzb7rA,Yes,Female,38.0,Black or African American,False,True,1,1,0,0,0,0,0,0,1,0,1,0,1,0,1,1,0,1,0,1,1,1,0,0,0,0,0,0,
dg.MD1R/1ca35ac4-4fef-4836-856d-7fa2f151eb1b,10041569-hGXklXiglkyibymE05GqA,CT,10041569-hGXklXiglkyibymE05GqA,Yes,Male,49.0,White,False,True,1,1,1,0,0,0,1,0,1,1,1,1,1,0,1,1,1,1,0,1,1,1,0,0,0,0,0,0,
dg.MD1R/b0e34b2c-b484-45be-8bfd-4aed673a0033,10041569-SytwUN6koU6LLR3RcLHkA,CT,10041569-SytwUN6koU6LLR3RcLHkA,Yes,Female,62.0,Black or African American,False,False,1,1,0,0,0,0,1,0,1,0,1,0,1,0,1,1,1,1,1,1,1,1,0,0,0,0,0,0,data/preprocessed/ct/b0e34b2c-b484-45be-8bfd-4aed673a0033.nii.gz
dg.MD1R/90453788-6a4b-4199-a9cc-3b3ad3b8bafd,10041569-hGXklXiglkyibymE05GqA,CT,10041569-hGXklXiglkyibymE05GqA,Yes,Male,49.0,White,False,True,1,1,1,0,0,0,1,0,1,1,1,1,1,0,1,1,1,1,0,1,1,1,0,0,0,0,0,0,
dg.MD1R/10ec4547-b573-4819-a9c4-83d3bdd66321,10000364-1607263,CT,10000364-1607263,Yes,Female,64.0,Black or African American,True,True,1,1,1,0,0,0,1,0,1,0,1,0,0,0,0,0,1,0,0,1,0,0,0,0,0,0,0,0,
dg.MD1R/9e1b8643-80c1-4ba1-8d26-0e57f131150a,10041569-YIon3HGGUa4N81uJEoWmg,CT,10041569-YIon3HGGUa4N81uJEoWmg,Yes,Male,84.0,Black or African American,False,False,1,1,1,0,1,1,1,0,1,0,1,0,1,0,1,1,1,1,1,1,1,1,0,0,0,1,0,0,
dg.MD1R/3c30de10-1b4a-438f-86d8-e231b889781d,10000364-1619974,CT,10000364-1619974,Yes,Male,57.0,White,False,True,1,0,0,0,0,0,0,0,0,1,0,0,0,0,0,0,0,0,0,0,0,0,0,0,0,0,0,0,
dg.MD1R/1f2d7741-5309-4da6-8f47-e661ac57d1ee,10041569-4DNktkkdXUGzSU6qGPxFEw,CT,10041569-4DNktkkdXUGzSU6qGPxFEw,Yes,Female,26.0,Black or African American,False,True,1,1,0,0,0,1,1,0,1,1,1,0,1,0,1,1,0,1,0,1,1,1,0,0,0,0,0,0,
dg.MD1R/bb98286c-35e0-453b-8d0b-d8e507ebbc1e,10041569-4DNktkkdXUGzSU6qGPxFEw,CT,10041569-4DNktkkdXUGzSU6qGPxFEw,Yes,Female,26.0,Black or African American,False,True,1,1,0,0,0,1,1,0,1,1,1,0,1,0,1,1,0,1,0,1,1,1,0,0,0,0,0,0,
dg.MD1R/4ddaa64f-07fd-43e1-9e03-cd0eb9646e91,10000364-1619974,CT,10000364-1619974,Yes,Male,57.0,White,False,True,1,0,0,0,0,0,0,0,0,1,0,0,0,0,0,0,0,0,0,0,0,0,0,0,0,0,0,0,
dg.MD1R/a5228a0d-75ec-4cc4-9d5c-6e12bbb09fc5,10041569-g7BegS168EGCpgRylILjoA,CT,10041569-g7BegS168EGCpgRylILjoA,Yes,Female,63.0,White,False,True,1,1,1,0,0,1,1,0,1,1,1,0,1,1,0,1,1,1,1,1,1,0,0,1,0,0,0,0,data/preprocessed/ct/a5228a0d-75ec-4cc4-9d5c-6e12bbb09fc5.nii.gz
dg.MD1R/f018dcc8-1044-444f-a059-3490a067606b,10000364-5525691,CT,10000364-5525691,Yes,Female,83.0,Black or African American,False,False,1,0,0,0,0,0,0,0,0,1,0,0,0,1,0,0,0,0,0,1,0,0,0,1,0,0,0,0,
dg.MD1R/5f7f83f7-0171-4b8a-b680-262a719ae65f,10041569-hGXklXiglkyibymE05GqA,CT,10041569-hGXklXiglkyibymE05GqA,Yes,Male,49.0,White,False,True,1,1,1,0,0,0,1,0,1,1,1,1,1,0,1,1,1,1,0,1,1,1,0,0,0,0,0,0,
dg.MD1R/0e737a1f-a030-4e20-acc9-5ca94a2299d2,10041569-g7BegS168EGCpgRylILjoA,CT,10041569-g7BegS168EGCpgRylILjoA,Yes,Female,63.0,White,False,True,1,1,1,0,0,1,1,0,1,1,1,0,1,1,0,1,1,1,1,1,1,0,0,1,0,0,0,0,data/preprocessed/ct/0e737a1f-a030-4e20-acc9-5ca94a2299d2.nii.gz
dg.MD1R/b9b7e003-a881-41cd-98de-26ec04ee4aad,10041569-hGXklXiglkyibymE05GqA,CT,10041569-hGXklXiglkyibymE05GqA,Yes,Male,49.0,White,False,True,1,1,1,0,0,0,1,0,1,1,1,1,1,0,1,1,1,1,0,1,1,1,0,0,0,0,0,0,
dg.MD1R/43970bfc-690b-4218-bc99-fa40e157fdb7,10000364-1619974,CT,10000364-1619974,Yes,Male,57.0,White,False,True,1,0,0,0,0,0,0,0,0,1,0,0,0,0,0,0,0,0,0,0,0,0,0,0,0,0,0,0,
dg.MD1R/2b221331-8637-4bee-b138-b7e865f9c347,10000364-1619974,CT,10000364-1619974,Yes,Male,57.0,White,False,True,1,0,0,0,0,0,0,0,0,1,0,0,0,0,0,0,0,0,0,0,0,0,0,0,0,0,0,0,
dg.MD1R/ebbcdce9-b3a3-4eb2-893c-68ad4396bf12,10041569-hGXklXiglkyibymE05GqA,CT,10041569-hGXklXiglkyibymE05GqA,Yes,Male,49.0,White,False,True,1,1,1,0,0,0,1,0,1,1,1,1,1,0,1,1,1,1,0,1,1,1,0,0,0,0,0,0,
dg.MD1R/783aa0ad-84d6-4bb5-9ec4-1b7fe632d4f4,10041569-g7BegS168EGCpgRylILjoA,CT,10041569-g7BegS168EGCpgRylILjoA,Yes,Female,63.0,White,False,True,1,1,1,0,0,1,1,0,1,1,1,0,1,1,0,1,1,1,1,1,1,0,0,1,0,0,0,0,data/preprocessed/ct/783aa0ad-84d6-4bb5-9ec4-1b7fe632d4f4.nii.gz
dg.MD1R/57f7d23d-db14-4ea4-b78d-b2b58f476ab3,10000364-1619974,CT,10000364-1619974,Yes,Male,57.0,White,False,True,1,0,0,0,0,0,0,0,0,1,0,0,0,0,0,0,0,0,0,0,0,0,0,0,0,0,0,0,
dg.MD1R/da4a0e9a-ae80-4877-bc03-27c12f7dc34d,10041569-c7w6HYO4oU7uSiC4lcZiA,CT,10041569-c7w6HYO4oU7uSiC4lcZiA,Yes,Male,66.0,White,False,True,1,1,0,1,1,1,1,1,1,1,1,0,0,0,0,0,0,0,1,1,1,0,0,0,0,0,0,0,
dg.MD1R/7b51064b-4800-45a5-b2e7-400944cedc13,10000364-5525691,CT,10000364-5525691,Yes,Female,83.0,Black or African American,False,False,1,0,0,0,0,0,0,0,0,1,0,0,0,1,0,0,0,0,0,1,0,0,0,1,0,0,0,0,
dg.MD1R/9a02800c-3209-4041-a598-6add272a7826,10041569-c7w6HYO4oU7uSiC4lcZiA,CT,10041569-c7w6HYO4oU7uSiC4lcZiA,Yes,Male,66.0,White,False,True,1,1,0,1,1,1,1,1,1,1,1,0,0,0,0,0,0,0,1,1,1,0,0,0,0,0,0,0,
dg.MD1R/ea3b9031-ffc3-44d9-b985-70a2d9269f8e,10000364-5525691,CT,10000364-5525691,Yes,Female,83.0,Black or African American,False,False,1,0,0,0,0,0,0,0,0,1,0,0,0,1,0,0,0,0,0,1,0,0,0,1,0,0,0,0,
dg.MD1R/e254db3c-7309-45f8-90e6-aefe2688b6ea,10041569-4DNktkkdXUGzSU6qGPxFEw,CT,10041569-4DNktkkdXUGzSU6qGPxFEw,Yes,Female,26.0,Black or African American,False,True,1,1,0,0,0,1,1,0,1,1,1,0,1,0,1,1,0,1,0,1,1,1,0,0,0,0,0,0,
dg.MD1R/df54a7b9-daca-45c8-9fd0-6401a04a92e3,10000364-5525691,CT,10000364-5525691,Yes,Female,83.0,Black or African American,False,False,1,0,0,0,0,0,0,0,0,1,0,0,0,1,0,0,0,0,0,1,0,0,0,1,0,0,0,0,
dg.MD1R/60947a01-92da-4965-abab-6d5a7f150835,10000364-1542042,CT,10000364-1542042,No,Male,27.0,White,True,True,0,0,0,0,0,0,0,0,0,1,0,0,0,0,0,0,0,0,0,0,0,0,0,0,0,0,0,0,
dg.MD1R/752a8128-2751-4908-b0e0-944dd8f244e3,10000364-5525691,CT,10000364-5525691,Yes,Female,83.0,Black or African American,False,False,1,0,0,0,0,0,0,0,0,1,0,0,0,1,0,0,0,0,0,1,0,0,0,1,0,0,0,0,
dg.MD1R/b1e9c09a-a68e-4de2-8003-a8db0bdcf490,10000364-1619974,CT,10000364-1619974,Yes,Male,57.0,White,False,True,1,0,0,0,0,0,0,0,0,1,0,0,0,0,0,0,0,0,0,0,0,0,0,0,0,0,0,0,
dg.MD1R/97a349af-00b0-41f9-b857-59a6d5ddf1eb,10000364-1542042,CT,10000364-1542042,No,Male,27.0,White,True,True,0,0,0,0,0,0,0,0,0,1,0,0,0,0,0,0,0,0,0,0,0,0,0,0,0,0,0,0,
dg.MD1R/6aaeb245-3ee9-4591-8fae-f079a55304e6,10000364-5525691,CT,10000364-5525691,Yes,Female,83.0,Black or African American,False,False,1,0,0,0,0,0,0,0,0,1,0,0,0,1,0,0,0,0,0,1,0,0,0,1,0,0,0,0,
dg.MD1R/9043cd8f-4bdb-428a-bd0b-093d94ecacaa,10041569-YwgotNEPQUS9rTCEmYfvGg,CT,10041569-YwgotNEPQUS9rTCEmYfvGg,Yes,Male,43.0,Not Reported,False,True,1,1,1,0,0,1,1,1,1,1,1,0,0,0,0,1,1,0,0,1,1,0,0,0,0,1,0,0,
dg.MD1R/e8d8e530-f507-4018-8bed-5baa490f6ad2,10000364-5525691,CT,10000364-5525691,Yes,Female,83.0,Black or African American,False,False,1,0,0,0,0,0,0,0,0,1,0,0,0,1,0,0,0,0,0,1,0,0,0,1,0,0,0,0,
dg.MD1R/97c3a24f-a7a7-403f-920c-a08c1a8274cd,10041569-4DNktkkdXUGzSU6qGPxFEw,CT,10041569-4DNktkkdXUGzSU6qGPxFEw,Yes,Female,26.0,Black or African American,False,True,1,1,0,0,0,1,1,0,1,1,1,0,1,0,1,1,0,1,0,1,1,1,0,0,0,0,0,0,
dg.MD1R/e15dc694-2307-4028-8697-18d50a5b0f5d,10041569-PM8BrEOGvEyWPkLhhZ94XQ,CT,10041569-PM8BrEOGvEyWPkLhhZ94XQ,Yes,Male,66.0,Black or African American,False,True,1,1,1,1,0,1,1,1,1,1,1,0,0,0,1,0,0,0,0,1,1,0,1,0,0,0,0,0,
dg.MD1R/cd6a1d9c-c1df-443d-b807-47cd952b1696,10000364-1619974,CT,10000364-1619974,Yes,Male,57.0,White,False,True,1,0,0,0,0,0,0,0,0,1,0,0,0,0,0,0,0,0,0,0,0,0,0,0,0,0,0,0,
dg.MD1R/e0f8b9e0-89e4-40f8-8407-efa6cdc12507,10041569-NSEL0dEU50iSJEeE7kzpPQ,CT,10041569-NSEL0dEU50iSJEeE7kzpPQ,Yes,Male,58.0,White,False,True,1,1,0,0,0,1,1,0,0,1,1,0,1,1,1,1,1,1,1,1,1,1,0,0,0,0,1,0,
dg.MD1R/07725c85-0e4c-4e6a-8690-aea128b480ba,10000364-5525691,CT,10000364-5525691,Yes,Female,83.0,Black or African American,False,False,1,0,0,0,0,0,0,0,0,1,0,0,0,1,0,0,0,0,0,1,0,0,0,1,0,0,0,0,
dg.MD1R/9bec111f-87e0-46d4-a8cc-c62b455ad109,10041569-c7w6HYO4oU7uSiC4lcZiA,CT,10041569-c7w6HYO4oU7uSiC4lcZiA,Yes,Male,66.0,White,False,True,1,1,0,1,1,1,1,1,1,1,1,0,0,0,0,0,0,0,1,1,1,0,0,0,0,0,0,0,
dg.MD1R/ead914af-5b67-4f3a-af27-56a0cb576f1f,10041569-g7BegS168EGCpgRylILjoA,CT,10041569-g7BegS168EGCpgRylILjoA,Yes,Female,63.0,White,False,True,1,1,1,0,0,1,1,0,1,1,1,0,1,1,0,1,1,1,1,1,1,0,0,1,0,0,0,0,data/preprocessed/ct/ead914af-5b67-4f3a-af27-56a0cb576f1f.nii.gz
dg.MD1R/f983d44a-92ad-4198-9ebd-76c8b7932518,10041569-hGXklXiglkyibymE05GqA,CT,10041569-hGXklXiglkyibymE05GqA,Yes,Male,49.0,White,False,True,1,1,1,0,0,0,1,0,1,1,1,1,1,0,1,1,1,1,0,1,1,1,0,0,0,0,0,0,
dg.MD1R/db965a27-a09b-4e85-bf94-6bd155554337,10000364-5525691,CT,10000364-5525691,Yes,Female,83.0,Black or African American,False,False,1,0,0,0,0,0,0,0,0,1,0,0,0,1,0,0,0,0,0,1,0,0,0,1,0,0,0,0,
dg.MD1R/2dea5923-b963-4a18-8108-85afb4979b46,10041569-4DNktkkdXUGzSU6qGPxFEw,CT,10041569-4DNktkkdXUGzSU6qGPxFEw,Yes,Female,26.0,Black or African American,False,True,1,1,0,0,0,1,1,0,1,1,1,0,1,0,1,1,0,1,0,1,1,1,0,0,0,0,0,0,
dg.MD1R/ad96fa63-8ed3-4f52-8d59-0d488ca0bd41,10000364-1619974,CT,10000364-1619974,Yes,Male,57.0,White,False,True,1,0,0,0,0,0,0,0,0,1,0,0,0,0,0,0,0,0,0,0,0,0,0,0,0,0,0,0,
dg.MD1R/d53aafaf-1280-485c-bb2f-b15374ed4c91,10041569-g7BegS168EGCpgRylILjoA,CT,10041569-g7BegS168EGCpgRylILjoA,Yes,Female,63.0,White,False,True,1,1,1,0,0,1,1,0,1,1,1,0,1,1,0,1,1,1,1,1,1,0,0,1,0,0,0,0,data/preprocessed/ct/d53aafaf-1280-485c-bb2f-b15374ed4c91.nii.gz
dg.MD1R/1fbe03d4-a7e3-48af-a510-e25313dc297c,10000364-1619974,CT,10000364-1619974,Yes,Male,57.0,White,False,True,1,0,0,0,0,0,0,0,0,1,0,0,0,0,0,0,0,0,0,0,0,0,0,0,0,0,0,0,
dg.MD1R/722b8863-437b-457e-b0d8-ca5674dba3a6,10041569-g7BegS168EGCpgRylILjoA,CT,10041569-g7BegS168EGCpgRylILjoA,Yes,Female,63.0,White,False,True,1,1,1,0,0,1,1,0,1,1,1,0,1,1,0,1,1,1,1,1,1,0,0,1,0,0,0,0,data/preprocessed/ct/722b8863-437b-457e-b0d8-ca5674dba3a6.nii.gz
dg.MD1R/78d63c29-d6d3-4b3a-8cf7-b476d2bfb3e7,10000364-1542042,CT,10000364-1542042,No,Male,27.0,White,True,True,0,0,0,0,0,0,0,0,0,1,0,0,0,0,0,0,0,0,0,0,0,0,0,0,0,0,0,0,
dg.MD1R/918440af-8b63-4954-8a86-41c23a9dc447,10041569-4DNktkkdXUGzSU6qGPxFEw,CT,10041569-4DNktkkdXUGzSU6qGPxFEw,Yes,Female,26.0,Black or African American,False,True,1,1,0,0,0,1,1,0,1,1,1,0,1,0,1,1,0,1,0,1,1,1,0,0,0,0,0,0,
dg.MD1R/1b8855c5-0bd3-490e-8318-8937001a8b54,10000364-1542042,CT,10000364-1542042,No,Male,27.0,White,True,True,0,0,0,0,0,0,0,0,0,1,0,0,0,0,0,0,0,0,0,0,0,0,0,0,0,0,0,0,
dg.MD1R/fa09c0fa-ac1a-4513-aeec-884734a916f2,10041569-4DNktkkdXUGzSU6qGPxFEw,CT,10041569-4DNktkkdXUGzSU6qGPxFEw,Yes,Female,26.0,Black or African American,False,True,1,1,0,0,0,1,1,0,1,1,1,0,1,0,1,1,0,1,0,1,1,1,0,0,0,0,0,0,
dg.MD1R/5e6cb9f0-b22a-4327-85a8-06fc35a35cbc,10041569-NSEL0dEU50iSJEeE7kzpPQ,CT,10041569-NSEL0dEU50iSJEeE7kzpPQ,Yes,Male,58.0,White,False,True,1,1,0,0,0,1,1,0,0,1,1,0,1,1,1,1,1,1,1,1,1,1,0,0,0,0,1,0,
dg.MD1R/efd7894a-f092-4cc6-a14d-d9c86ca433d3,10041569-g7BegS168EGCpgRylILjoA,CT,10041569-g7BegS168EGCpgRylILjoA,Yes,Female,63.0,White,False,True,1,1,1,0,0,1,1,0,1,1,1,0,1,1,0,1,1,1,1,1,1,0,0,1,0,0,0,0,data/preprocessed/ct/efd7894a-f092-4cc6-a14d-d9c86ca433d3.nii.gz
dg.MD1R/8cc51537-1048-4982-ad29-370efa37d448,10000364-1619974,CT,10000364-1619974,Yes,Male,57.0,White,False,True,1,0,0,0,0,0,0,0,0,1,0,0,0,0,0,0,0,0,0,0,0,0,0,0,0,0,0,0,
dg.MD1R/a3992b7d-0d05-4939-b8fa-1b01c21bbb90,10000364-1542042,CT,10000364-1542042,No,Male,27.0,White,True,True,0,0,0,0,0,0,0,0,0,1,0,0,0,0,0,0,0,0,0,0,0,0,0,0,0,0,0,0,
dg.MD1R/c16b9f09-39db-4259-9eac-410a87dde965,10041569-4DNktkkdXUGzSU6qGPxFEw,CT,10041569-4DNktkkdXUGzSU6qGPxFEw,Yes,Female,26.0,Black or African American,False,True,1,1,0,0,0,1,1,0,1,1,1,0,1,0,1,1,0,1,0,1,1,1,0,0,0,0,0,0,
dg.MD1R/dd0547c2-86b4-406e-861d-9f9dde0ed112,10041569-hGXklXiglkyibymE05GqA,CT,10041569-hGXklXiglkyibymE05GqA,Yes,Male,49.0,White,False,True,1,1,1,0,0,0,1,0,1,1,1,1,1,0,1,1,1,1,0,1,1,1,0,0,0,0,0,0,
dg.MD1R/3a0e7a89-74cb-42a6-af17-dd706a30762b,10041569-4DNktkkdXUGzSU6qGPxFEw,CT,10041569-4DNktkkdXUGzSU6qGPxFEw,Yes,Female,26.0,Black or African American,False,True,1,1,0,0,0,1,1,0,1,1,1,0,1,0,1,1,0,1,0,1,1,1,0,0,0,0,0,0,
dg.MD1R/80e77555-207c-472e-b400-24a78a4a2296,10000364-1542042,CT,10000364-1542042,No,Male,27.0,White,True,True,0,0,0,0,0,0,0,0,0,1,0,0,0,0,0,0,0,0,0,0,0,0,0,0,0,0,0,0,
dg.MD1R/b61ecd0e-9c70-4896-a32f-2dcae7deded4,10000364-1542042,CT,10000364-1542042,No,Male,27.0,White,True,True,0,0,0,0,0,0,0,0,0,1,0,0,0,0,0,0,0,0,0,0,0,0,0,0,0,0,0,0,
dg.MD1R/5c6d5bc0-b9ba-417d-8d28-298e1e2ece0f,10041569-YIon3HGGUa4N81uJEoWmg,CT,10041569-YIon3HGGUa4N81uJEoWmg,Yes,Male,84.0,Black or African American,False,False,1,1,1,0,1,1,1,0,1,0,1,0,1,0,1,1,1,1,1,1,1,1,0,0,0,1,0,0,
dg.MD1R/3a4c3712-7817-4c62-8a63-2db63d3099f1,10000364-252224,CT,10000364-252224,Yes,Male,88.0,White,True,True,1,1,0,0,0,0,0,0,0,0,1,0,0,0,0,0,1,0,1,1,0,1,0,0,0,0,0,0,
dg.MD1R/0dfa504d-3bda-4c26-9abe-1e752625a0f5,10041569-DlqX5imb0ejWPhSL4fHg,CT,10041569-DlqX5imb0ejWPhSL4fHg,Yes,Female,73.0,Black or African American,False,True,1,1,1,0,1,1,0,0,1,0,1,0,1,0,1,1,1,1,0,1,1,1,0,0,0,0,1,0,
dg.MD1R/3a354ed5-1567-45b0-96fa-aef750c55dac,10000364-1288160,CT,10000364-1288160,Yes,Male,28.0,White,True,True,1,1,1,0,0,0,0,0,0,0,1,0,0,0,0,0,1,0,1,1,0,1,0,0,0,0,0,0,
dg.MD1R/6984db29-df04-445f-a0d1-f8b6e7c0ea12,10041569-kgAvx7uJ10ONCduLyMtlg,CT,10041569-kgAvx7uJ10ONCduLyMtlg,No,Male,52.0,White,False,True,1,1,0,0,1,0,1,0,1,0,1,0,1,0,1,1,1,1,0,1,0,0,0,0,0,0,0,0,
dg.MD1R/854c3e81-58a1-4462-ad18-2cd1d3b20ac1,10041569-VGNu6FLHPEiGjPVNhzb7rA,CT,10041569-VGNu6FLHPEiGjPVNhzb7rA,Yes,Female,38.0,Black or African American,False,True,1,1,0,0,0,0,0,0,1,0,1,0,1,0,1,1,0,1,0,1,1,1,0,0,0,0,0,0,
dg.MD1R/6bf2782f-ab47-49fd-9a1e-760b26b9a127,10041569-SytwUN6koU6LLR3RcLHkA,CT,10041569-SytwUN6koU6LLR3RcLHkA,Yes,Female,62.0,Black or African American,False,False,1,1,0,0,0,0,1,0,1,0,1,0,1,0,1,1,1,1,1,1,1,1,0,0,0,0,0,0,data/preprocessed/ct/6bf2782f-ab47-49fd-9a1e-760b26b9a127.nii.gz
dg.MD1R/71badb67-7394-441b-8ffe-96a704571fc4,10000364-1146253,CT,10000364-1146253,Yes,Male,70.0,White,True,True,1,0,1,0,1,0,0,0,0,0,1,0,1,0,0,0,1,1,0,0,1,1,0,0,0,0,0,0,
dg.MD1R/a12fd67d-e232-4858-b4d9-bd796db07b5b,10000364-1288160,CT,10000364-1288160,Yes,Male,28.0,White,True,True,1,1,1,0,0,0,0,0,0,0,1,0,0,0,0,0,1,0,1,1,0,1,0,0,0,0,0,0,
dg.MD1R/41c1d742-fb96-4290-aa63-1c6ef2be6da6,10000364-1146253,CT,10000364-1146253,Yes,Male,70.0,White,True,True,1,0,1,0,1,0,0,0,0,0,1,0,1,0,0,0,1,1,0,0,1,1,0,0,0,0,0,0,
dg.MD1R/276ad750-13ef-4882-9994-3558637e96b5,10041569-VGNu6FLHPEiGjPVNhzb7rA,CT,10041569-VGNu6FLHPEiGjPVNhzb7rA,Yes,Female,38.0,Black or African American,False,True,1,1,0,0,0,0,0,0,1,0,1,0,1,0,1,1,0,1,0,1,1,1,0,0,0,0,0,0,
dg.MD1R/88ee5cb7-7ca8-46c8-bebe-24b2b1d75ad6,10000364-1117348,CT,10000364-1117348,Yes,Male,74.0,White,True,False,1,0,0,0,0,0,0,0,0,0,1,0,1,0,0,0,1,0,0,0,0,1,0,0,0,0,0,0,
dg.MD1R/5d5d3421-03d5-4044-8462-2b97e9c060b6,10041569-4DNktkkdXUGzSU6qGPxFEw,CT,10041569-4DNktkkdXUGzSU6qGPxFEw,Yes,Female,26.0,Black or African American,False,True,1,1,0,0,0,1,1,0,1,1,1,0,1,0,1,1,0,1,0,1,1,1,0,0,0,0,0,0,
dg.MD1R/8e74aa5c-a488-4780-b17b-a765c71120a0,10041569-YIon3HGGUa4N81uJEoWmg,CT,10041569-YIon3HGGUa4N81uJEoWmg,Yes,Male,84.0,Black or African American,False,False,1,1,1,0,1,1,1,0,1,0,1,0,1,0,1,1,1,1,1,1,1,1,0,0,0,1,0,0,
dg.MD1R/3ca6d5f1-219c-472f-8cb6-e4f6d8f5ba5e,10041569-PM8BrEOGvEyWPkLhhZ94XQ,CT,10041569-PM8BrEOGvEyWPkLhhZ94XQ,Yes,Male,66.0,Black or African American,False,True,1,1,1,1,0,1,1,1,1,1,1,0,0,0,1,0,0,0,0,1,1,0,1,0,0,0,0,0,
dg.MD1R/41275043-55b1-4981-9935-c52738f49a08,10041569-0MlpwvpeqkmKqEG4iMez6g,CT,10041569-0MlpwvpeqkmKqEG4iMez6g,Yes,Male,54.0,White,False,True,1,1,1,0,1,1,1,1,0,0,1,0,0,0,0,0,1,1,0,1,0,0,0,0,0,0,0,0,
dg.MD1R/c2fd8c7f-7343-4d79-aeca-104897d81925,10000364-5525409,CT,10000364-5525409,Yes,Male,68.0,White,True,True,1,0,0,0,1,0,0,0,0,0,1,0,0,0,0,0,0,0,0,0,0,1,0,0,0,0,0,0,
dg.MD1R/c0027d4c-0c6c-4ee9-a67a-f3a25d3bd0b5,10041569-YwgotNEPQUS9rTCEmYfvGg,CT,10041569-YwgotNEPQUS9rTCEmYfvGg,Yes,Male,43.0,Not Reported,False,True,1,1,1,0,0,1,1,1,1,1,1,0,0,0,0,1,1,0,0,1,1,0,0,0,0,1,0,0,
dg.MD1R/fffb3e9b-94c9-412f-bf57-d9c1bbf33009,10000364-1146253,CT,10000364-1146253,Yes,Male,70.0,White,True,True,1,0,1,0,1,0,0,0,0,0,1,0,1,0,0,0,1,1,0,0,1,1,0,0,0,0,0,0,
dg.MD1R/cd70272d-6b82-48af-8569-b77b50e8ffbd,10041569-VGNu6FLHPEiGjPVNhzb7rA,CT,10041569-VGNu6FLHPEiGjPVNhzb7rA,Yes,Female,38.0,Black or African American,False,True,1,1,0,0,0,0,0,0,1,0,1,0,1,0,1,1,0,1,0,1,1,1,0,0,0,0,0,0,
dg.MD1R/4a00e2b9-56f5-46fd-b33f-e7657ec13925,10000364-252224,CT,10000364-252224,Yes,Male,88.0,White,True,True,1,1,0,0,0,0,0,0,0,0,1,0,0,0,0,0,1,0,1,1,0,1,0,0,0,0,0,0,
dg.MD1R/0121834a-6bbe-421d-a3cb-9a3ed52009b2,10041569-VGNu6FLHPEiGjPVNhzb7rA,CT,10041569-VGNu6FLHPEiGjPVNhzb7rA,Yes,Female,38.0,Black or African American,False,True,1,1,0,0,0,0,0,0,1,0,1,0,1,0,1,1,0,1,0,1,1,1,0,0,0,0,0,0,
dg.MD1R/6ea2c91f-e148-4114-ba10-f6f7de3ee167,10000364-1607263,CT,10000364-1607263,Yes,Female,64.0,Black or African American,True,True,1,1,1,0,0,0,1,0,1,0,1,0,0,0,0,0,1,0,0,1,0,0,0,0,0,0,0,0,
dg.MD1R/a7413ca0-bf67-49c9-9e3e-637f1edcfb78,10041569-DlqX5imb0ejWPhSL4fHg,CT,10041569-DlqX5imb0ejWPhSL4fHg,Yes,Female,73.0,Black or African American,False,True,1,1,1,0,1,1,0,0,1,0,1,0,1,0,1,1,1,1,0,1,1,1,0,0,0,0,1,0,
dg.MD1R/7f2f4c12-7a62-48c7-b233-134731be1b42,10000364-899490,CT,10000364-899490,Yes,Female,71.0,White,False,True,1,1,0,0,0,0,1,0,0,0,1,0,1,1,1,0,1,0,0,0,1,1,0,0,0,0,0,0,
dg.MD1R/06124106-c8a0-4b02-b0a3-b597c01cefad,10000364-1394499,CT,10000364-1394499,Yes,Male,79.0,Black or African American,True,True,1,0,0,0,0,0,0,0,0,0,1,0,0,0,0,0,0,0,0,0,0,0,0,0,0,0,0,0,data/preprocessed/ct/06124106-c8a0-4b02-b0a3-b597c01cefad.nii.gz
dg.MD1R/77ef9ce8-8096-4500-991d-72b480b3c7ad,10041569-DlqX5imb0ejWPhSL4fHg,CT,10041569-DlqX5imb0ejWPhSL4fHg,Yes,Female,73.0,Black or African American,False,True,1,1,1,0,1,1,0,0,1,0,1,0,1,0,1,1,1,1,0,1,1,1,0,0,0,0,1,0,
dg.MD1R/66ec6763-a69e-45c8-90bd-3d377a383596,10000364-899490,CT,10000364-899490,Yes,Female,71.0,White,False,True,1,1,0,0,0,0,1,0,0,0,1,0,1,1,1,0,1,0,0,0,1,1,0,0,0,0,0,0,
dg.MD1R/863f5ad3-f124-47b7-98da-6013db2790be,10041569-SytwUN6koU6LLR3RcLHkA,CT,10041569-SytwUN6koU6LLR3RcLHkA,Yes,Female,62.0,Black or African American,False,False,1,1,0,0,0,0,1,0,1,0,1,0,1,0,1,1,1,1,1,1,1,1,0,0,0,0,0,0,data/preprocessed/ct/863f5ad3-f124-47b7-98da-6013db2790be.nii.gz
dg.MD1R/abbb6541-2df5-4a69-8243-7de8e42b50b5,10000364-5525409,CT,10000364-5525409,Yes,Male,68.0,White,True,True,1,0,0,0,1,0,0,0,0,0,1,0,0,0,0,0,0,0,0,0,0,1,0,0,0,0,0,0,
dg.MD1R/a8dd7f35-b308-42ed-a8f3-0a4a35880669,10000364-1146253,CT,10000364-1146253,Yes,Male,70.0,White,True,True,1,0,1,0,1,0,0,0,0,0,1,0,1,0,0,0,1,1,0,0,1,1,0,0,0,0,0,0,
dg.MD1R/5a1f2703-66b8-431b-8c45-42b8ac1585af,10041569-SytwUN6koU6LLR3RcLHkA,CT,10041569-SytwUN6koU6LLR3RcLHkA,Yes,Female,62.0,Black or African American,False,False,1,1,0,0,0,0,1,0,1,0,1,0,1,0,1,1,1,1,1,1,1,1,0,0,0,0,0,0,data/preprocessed/ct/5a1f2703-66b8-431b-8c45-42b8ac1585af.nii.gz
dg.MD1R/deb1756f-8311-44bf-be6c-f43d5bf67566,10041569-r2jQ1Jeo5UW7QlTnmJ2Ug,CT,10041569-r2jQ1Jeo5UW7QlTnmJ2Ug,Yes,Male,26.0,White,False,True,1,1,0,0,0,1,1,0,0,0,1,0,0,0,1,1,1,0,0,0,1,0,0,0,0,0,0,0,
dg.MD1R/32735d4d-3d4e-4d62-8621-9c5d4211a2bc,10041569-VGNu6FLHPEiGjPVNhzb7rA,CT,10041569-VGNu6FLHPEiGjPVNhzb7rA,Yes,Female,38.0,Black or African American,False,True,1,1,0,0,0,0,0,0,1,0,1,0,1,0,1,1,0,1,0,1,1,1,0,0,0,0,0,0,
dg.MD1R/560a82d7-f0af-4475-92fe-f9a24eaa8373,10000364-1472327,CT,10000364-1472327,Yes,Female,58.0,White,True,True,1,1,1,0,1,0,0,0,0,0,1,1,0,0,0,0,1,0,0,1,0,0,0,0,0,0,0,0,
dg.MD1R/cf378726-26e4-4e7e-8f45-b856a1a0d3ff,10000364-352978,CT,10000364-352978,Yes,Male,86.0,White,False,False,1,0,1,0,0,0,0,0,0,0,0,1,0,0,0,0,1,1,0,1,1,0,0,0,0,0,0,0,
dg.MD1R/405e1786-d4bc-4c1c-9303-b3d3635a138d,10000364-352978,CT,10000364-352978,Yes,Male,86.0,White,False,False,1,0,1,0,0,0,0,0,0,0,0,1,0,0,0,0,1,1,0,1,1,0,0,0,0,0,0,0,
dg.MD1R/0e8a0f77-4410-4a39-980e-e673b135cf30,10000364-6303877,CT,10000364-6303877,Yes,Female,64.0,White,True,False,1,1,1,0,0,0,1,0,0,0,0,1,0,0,0,0,0,0,0,0,0,0,0,0,0,0,0,0,
dg.MD1R/68862fa1-2da6-4512-b6e8-6f1a9e9623c2,10000364-352978,CT,10000364-352978,Yes,Male,86.0,White,False,False,1,0,1,0,0,0,0,0,0,0,0,1,0,0,0,0,1,1,0,1,1,0,0,0,0,0,0,0,
dg.MD1R/90b607e7-f9a7-46b8-96ad-786eac83bdfd,10000364-6303877,CT,10000364-6303877,Yes,Female,64.0,White,True,False,1,1,1,0,0,0,1,0,0,0,0,1,0,0,0,0,0,0,0,0,0,0,0,0,0,0,0,0,
dg.MD1R/105c4e7e-4dc9-4ee0-8b10-e3625fa22c9d,10000364-6303877,CT,10000364-6303877,Yes,Female,64.0,White,True,False,1,1,1,0,0,0,1,0,0,0,0,1,0,0,0,0,0,0,0,0,0,0,0,0,0,0,0,0,
dg.MD1R/80f57b0e-06f7-49b1-b611-6da7ae99395e,10000364-2089207,CT,10000364-2089207,Yes,Male,71.0,White,False,False,1,0,0,0,1,1,0,0,0,0,0,1,0,0,1,0,1,1,0,0,0,0,0,0,0,0,0,0,
dg.MD1R/b960c158-7ac2-409d-8509-41aaaef8bf9d,10041569-hGXklXiglkyibymE05GqA,CT,10041569-hGXklXiglkyibymE05GqA,Yes,Male,49.0,White,False,True,1,1,1,0,0,0,1,0,1,1,1,1,1,0,1,1,1,1,0,1,1,1,0,0,0,0,0,0,
dg.MD1R/a2458c8f-74eb-4450-841f-612beb49ee4b,10000364-6303877,CT,10000364-6303877,Yes,Female,64.0,White,True,False,1,1,1,0,0,0,1,0,0,0,0,1,0,0,0,0,0,0,0,0,0,0,0,0,0,0,0,0,
dg.MD1R/51c12dd7-7788-4354-b15f-e94ca2d222c1,10000364-352978,CT,10000364-352978,Yes,Male,86.0,White,False,False,1,0,1,0,0,0,0,0,0,0,0,1,0,0,0,0,1,1,0,1,1,0,0,0,0,0,0,0,
dg.MD1R/8035ad0a-a9fb-4e29-8cbf-978ecb0b5515,10000364-352978,CT,10000364-352978,Yes,Male,86.0,White,False,False,1,0,1,0,0,0,0,0,0,0,0,1,0,0,0,0,1,1,0,1,1,0,0,0,0,0,0,0,
dg.MD1R/1ec11326-37e1-43e5-a407-0ff33089b2b0,10000364-1472327,CT,10000364-1472327,Yes,Female,58.0,White,True,True,1,1,1,0,1,0,0,0,0,0,1,1,0,0,0,0,1,0,0,1,0,0,0,0,0,0,0,0,
dg.MD1R/e2844e31-0b26-4a57-b7aa-a56da633fc8f,10000364-2089207,CT,10000364-2089207,Yes,Male,71.0,White,False,False,1,0,0,0,1,1,0,0,0,0,0,1,0,0,1,0,1,1,0,0,0,0,0,0,0,0,0,0,
dg.MD1R/6042153e-eee5-426c-b6a6-c4964c16e4a5,10000364-6303877,CT,10000364-6303877,Yes,Female,64.0,White,True,False,1,1,1,0,0,0,1,0,0,0,0,1,0,0,0,0,0,0,0,0,0,0,0,0,0,0,0,0,
dg.MD1R/b01ece1e-42f0-4bbd-9f93-fdf0222243d2,10000364-1472327,CT,10000364-1472327,Yes,Female,58.0,White,True,True,1,1,1,0,1,0,0,0,0,0,1,1,0,0,0,0,1,0,0,1,0,0,0,0,0,0,0,0,
dg.MD1R/727c6fc3-83be-466a-95c3-1f256700a558,10000364-6303877,CT,10000364-6303877,Yes,Female,64.0,White,True,False,1,1,1,0,0,0,1,0,0,0,0,1,0,0,0,0,0,0,0,0,0,0,0,0,0,0,0,0,
dg.MD1R/bf2e513f-f28d-4319-a3c4-0f5d0e013aa6,10041569-hGXklXiglkyibymE05GqA,CT,10041569-hGXklXiglkyibymE05GqA,Yes,Male,49.0,White,False,True,1,1,1,0,0,0,1,0,1,1,1,1,1,0,1,1,1,1,0,1,1,1,0,0,0,0,0,0,
dg.MD1R/ec34bb31-c4df-40eb-9b09-e5a8bedf23dd,10000364-6303877,CT,10000364-6303877,Yes,Female,64.0,White,True,False,1,1,1,0,0,0,1,0,0,0,0,1,0,0,0,0,0,0,0,0,0,0,0,0,0,0,0,0,
dg.MD1R/b304c430-451b-4f79-97d8-c1f76eadafc1,10000364-6303877,CT,10000364-6303877,Yes,Female,64.0,White,True,False,1,1,1,0,0,0,1,0,0,0,0,1,0,0,0,0,0,0,0,0,0,0,0,0,0,0,0,0,
dg.MD1R/e132f65e-e4e3-4678-833a-9a7c3b47e82f,10000364-2089207,CT,10000364-2089207,Yes,Male,71.0,White,False,False,1,0,0,0,1,1,0,0,0,0,0,1,0,0,1,0,1,1,0,0,0,0,0,0,0,0,0,0,
dg.MD1R/30ef1562-cd8f-4f90-a541-c81d77deb8eb,10000364-2089207,CT,10000364-2089207,Yes,Male,71.0,White,False,False,1,0,0,0,1,1,0,0,0,0,0,1,0,0,1,0,1,1,0,0,0,0,0,0,0,0,0,0,
dg.MD1R/d901f13c-6202-4f16-a01a-c5610a764781,10000364-6303877,CT,10000364-6303877,Yes,Female,64.0,White,True,False,1,1,1,0,0,0,1,0,0,0,0,1,0,0,0,0,0,0,0,0,0,0,0,0,0,0,0,0,
dg.MD1R/5b73e851-4fd1-46d9-b68e-2c60d17eb6dd,10000364-2089207,CT,10000364-2089207,Yes,Male,71.0,White,False,False,1,0,0,0,1,1,0,0,0,0,0,1,0,0,1,0,1,1,0,0,0,0,0,0,0,0,0,0,
dg.MD1R/4bab5732-5b70-46d1-a4f3-f2bde67abdc9,10000364-352978,CT,10000364-352978,Yes,Male,86.0,White,False,False,1,0,1,0,0,0,0,0,0,0,0,1,0,0,0,0,1,1,0,1,1,0,0,0,0,0,0,0,
dg.MD1R/13cc8ed5-379e-4811-b333-663be26ae01d,10000364-2089207,CT,10000364-2089207,Yes,Male,71.0,White,False,False,1,0,0,0,1,1,0,0,0,0,0,1,0,0,1,0,1,1,0,0,0,0,0,0,0,0,0,0,
dg.MD1R/b4f37d71-00cf-4cd3-89f9-989f8d4ea37e,10000364-1472327,CT,10000364-1472327,Yes,Female,58.0,White,True,True,1,1,1,0,1,0,0,0,0,0,1,1,0,0,0,0,1,0,0,1,0,0,0,0,0,0,0,0,
dg.MD1R/23005c90-f008-4af8-ae6f-f400ede266aa,10000364-6303877,CT,10000364-6303877,Yes,Female,64.0,White,True,False,1,1,1,0,0,0,1,0,0,0,0,1,0,0,0,0,0,0,0,0,0,0,0,0,0,0,0,0,
dg.MD1R/882944eb-abbe-4091-877b-ad373e2a1bad,10000364-6303877,CT,10000364-6303877,Yes,Female,64.0,White,True,False,1,1,1,0,0,0,1,0,0,0,0,1,0,0,0,0,0,0,0,0,0,0,0,0,0,0,0,0,
dg.MD1R/9e5224d1-d93c-453f-80e0-d21f4742a0ca,10000364-1472327,CT,10000364-1472327,Yes,Female,58.0,White,True,True,1,1,1,0,1,0,0,0,0,0,1,1,0,0,0,0,1,0,0,1,0,0,0,0,0,0,0,0,
dg.MD1R/2d07e705-f358-422d-a9ba-41aee03b7624,10000364-6303877,CT,10000364-6303877,Yes,Female,64.0,White,True,False,1,1,1,0,0,0,1,0,0,0,0,1,0,0,0,0,0,0,0,0,0,0,0,0,0,0,0,0,
dg.MD1R/59b3c6ad-0a42-41a1-add5-3be11f1dc1a7,10041569-hGXklXiglkyibymE05GqA,CT,10041569-hGXklXiglkyibymE05GqA,Yes,Male,49.0,White,False,True,1,1,1,0,0,0,1,0,1,1,1,1,1,0,1,1,1,1,0,1,1,1,0,0,0,0,0,0,
dg.MD1R/c00bff7b-789c-4afe-9e88-c21444a6a77e,10000364-352978,CT,10000364-352978,Yes,Male,86.0,White,False,False,1,0,1,0,0,0,0,0,0,0,0,1,0,0,0,0,1,1,0,1,1,0,0,0,0,0,0,0,
dg.MD1R/f2870d21-1f0c-4fb8-9d98-05f49240ca98,10041569-hGXklXiglkyibymE05GqA,CT,10041569-hGXklXiglkyibymE05GqA,Yes,Male,49.0,White,False,True,1,1,1,0,0,0,1,0,1,1,1,1,1,0,1,1,1,1,0,1,1,1,0,0,0,0,0,0,
dg.MD1R/c217adf8-0ad6-4cf1-9685-29bdc58069a7,10000364-352978,CT,10000364-352978,Yes,Male,86.0,White,False,False,1,0,1,0,0,0,0,0,0,0,0,1,0,0,0,0,1,1,0,1,1,0,0,0,0,0,0,0,
dg.MD1R/14ca2364-9060-44c3-8081-b35952081018,10000364-352978,CT,10000364-352978,Yes,Male,86.0,White,False,False,1,0,1,0,0,0,0,0,0,0,0,1,0,0,0,0,1,1,0,1,1,0,0,0,0,0,0,0,
dg.MD1R/6ee14586-5591-41a9-ae7c-de5dcc99fa36,10041569-hGXklXiglkyibymE05GqA,CT,10041569-hGXklXiglkyibymE05GqA,Yes,Male,49.0,White,False,True,1,1,1,0,0,0,1,0,1,1,1,1,1,0,1,1,1,1,0,1,1,1,0,0,0,0,0,0,
dg.MD1R/125ee030-30c7-4e89-b8d9-01be87d801c8,10000364-6303877,CT,10000364-6303877,Yes,Female,64.0,White,True,False,1,1,1,0,0,0,1,0,0,0,0,1,0,0,0,0,0,0,0,0,0,0,0,0,0,0,0,0,
dg.MD1R/0e4b5efe-8806-46f4-8f8f-5da5c31aaac1,10000364-352978,CT,10000364-352978,Yes,Male,86.0,White,False,False,1,0,1,0,0,0,0,0,0,0,0,1,0,0,0,0,1,1,0,1,1,0,0,0,0,0,0,0,
dg.MD1R/92c2933b-f664-455e-b42e-9ead8e104723,10000364-1472327,CT,10000364-1472327,Yes,Female,58.0,White,True,True,1,1,1,0,1,0,0,0,0,0,1,1,0,0,0,0,1,0,0,1,0,0,0,0,0,0,0,0,
dg.MD1R/e86fb5b9-5939-41cd-84ee-99109ffb93a3,10000364-2089207,CT,10000364-2089207,Yes,Male,71.0,White,False,False,1,0,0,0,1,1,0,0,0,0,0,1,0,0,1,0,1,1,0,0,0,0,0,0,0,0,0,0,
dg.MD1R/09ff37e0-59cf-45af-8e8f-0fba4de363b3,10000364-1472327,CT,10000364-1472327,Yes,Female,58.0,White,True,True,1,1,1,0,1,0,0,0,0,0,1,1,0,0,0,0,1,0,0,1,0,0,0,0,0,0,0,0,
dg.MD1R/d4bd10f7-e7dd-4de0-83b2-ab99112364ea,10000364-2089207,CT,10000364-2089207,Yes,Male,71.0,White,False,False,1,0,0,0,1,1,0,0,0,0,0,1,0,0,1,0,1,1,0,0,0,0,0,0,0,0,0,0,
dg.MD1R/9882df69-bfa2-457b-8af0-8b79a68bcf5f,10000364-1472327,CT,10000364-1472327,Yes,Female,58.0,White,True,True,1,1,1,0,1,0,0,0,0,0,1,1,0,0,0,0,1,0,0,1,0,0,0,0,0,0,0,0,
dg.MD1R/edf6fb1c-477b-4880-af4d-72026656dea8,10000364-6303877,CT,10000364-6303877,Yes,Female,64.0,White,True,False,1,1,1,0,0,0,1,0,0,0,0,1,0,0,0,0,0,0,0,0,0,0,0,0,0,0,0,0,
dg.MD1R/1d457253-f45d-416a-8d46-bca76d7b3140,10000364-1472327,CT,10000364-1472327,Yes,Female,58.0,White,True,True,1,1,1,0,1,0,0,0,0,0,1,1,0,0,0,0,1,0,0,1,0,0,0,0,0,0,0,0,
dg.MD1R/5707f48f-95c6-4636-bf8e-b2ebc4230434,10000364-6303877,CT,10000364-6303877,Yes,Female,64.0,White,True,False,1,1,1,0,0,0,1,0,0,0,0,1,0,0,0,0,0,0,0,0,0,0,0,0,0,0,0,0,
dg.MD1R/28ea0cea-1d12-4175-aa1e-18f7b43be993,10000364-1472327,CT,10000364-1472327,Yes,Female,58.0,White,True,True,1,1,1,0,1,0,0,0,0,0,1,1,0,0,0,0,1,0,0,1,0,0,0,0,0,0,0,0,
dg.MD1R/85e6a5d9-e15c-4a1c-b4eb-753dfbcedfed,10041569-hGXklXiglkyibymE05GqA,CT,10041569-hGXklXiglkyibymE05GqA,Yes,Male,49.0,White,False,True,1,1,1,0,0,0,1,0,1,1,1,1,1,0,1,1,1,1,0,1,1,1,0,0,0,0,0,0,
dg.MD1R/699c9470-0a97-475e-b890-2844b2c0f0fb,10000364-1473507,CT,,No,Female,34.0,White,,,0,0,0,0,0,0,0,0,0,0,0,0,0,0,0,0,0,0,0,0,0,0,0,0,0,0,0,1,
dg.MD1R/5b40074b-0dc6-42ea-9454-1d07c2535e90,10008204-hKi2Ib3u0eVTxatE45arA,CT,,No,Female,73.0,White,False,False,0,0,0,0,0,0,0,0,0,0,0,0,0,0,0,0,0,0,0,0,0,0,0,0,0,0,0,1,
dg.MD1R/56c80fb3-94c7-4914-aa16-f579fb40ed3b,10000364-1497645,CT,,No,Male,70.0,White,,,0,0,0,0,0,0,0,0,0,0,0,0,0,0,0,0,0,0,0,0,0,0,0,0,0,0,0,1,
dg.MD1R/876b95e7-fddb-4017-805c-c0ca255f7280,10008204-ZVU12QcO0Gtlsvdsen1LA,CT,,No,Female,58.0,White,False,False,0,0,0,0,0,0,0,0,0,0,0,0,0,0,0,0,0,0,0,0,0,0,0,0,0,0,0,1,
dg.MD1R/25ceb287-880b-4993-bda4-762dbd72ff5b,10003752-iu42VASPpEaykqKwE0wJUQ,CT,,No,Female,53.0,Black or African American,,,0,0,0,0,0,0,0,0,0,0,0,0,0,0,0,0,0,0,0,0,0,0,0,0,0,0,0,1,
dg.MD1R/bcca874b-21f0-43b8-8a7c-fe7e2c6374e7,10008204-4hC4EVoxvEuGn9lGCr3U8A,CT,,No,Male,58.0,White,,,0,0,0,0,0,0,0,0,0,0,0,0,0,0,0,0,0,0,0,0,0,0,0,0,0,0,0,1,
dg.MD1R/eb4361c7-5c36-4738-b75a-d4175497bd6e,10003752-1wttn6327keMd0NQYmA9rA,CT,,No,Female,52.0,White,,,0,0,0,0,0,0,0,0,0,0,0,0,0,0,0,0,0,0,0,0,0,0,0,0,0,0,0,1,
dg.MD1R/6e7aa3ec-76a6-4545-a407-da918836714b,10000364-5946796,CT,,No,Male,,White,False,False,0,0,0,0,0,0,0,0,0,0,0,0,0,0,0,0,0,0,0,0,0,0,0,0,0,0,0,1,
dg.MD1R/5e26ad72-693f-40b1-80b7-b5ab517c68bb,10000364-6528653,CT,,No,Male,76.0,White,,,0,0,0,0,0,0,0,0,0,0,0,0,0,0,0,0,0,0,0,0,0,0,0,0,0,0,0,1,
dg.MD1R/82544f2c-c4ed-4c1f-a8bb-4867382153e3,10000364-538607,CT,,No,Male,65.0,White,,,0,0,0,0,0,0,0,0,0,0,0,0,0,0,0,0,0,0,0,0,0,0,0,0,0,0,0,1,
dg.MD1R/cebeca38-93d9-48da-b5e2-4f6315e689ed,10008204-Xr754sYO5EmvlDCcFD4kg,CT,,No,Female,89.0,White,,,0,0,0,0,0,0,0,0,0,0,0,0,0,0,0,0,0,0,0,0,0,0,0,0,0,0,0,1,
dg.MD1R/233d9f12-d379-4e02-88e3-973f218ed525,10000364-1747479,CT,,No,Male,56.0,Black or African American,,,0,0,0,0,0,0,0,0,0,0,0,0,0,0,0,0,0,0,0,0,0,0,0,0,0,0,0,1,
dg.MD1R/a63a3490-c966-4d25-9f69-043e3d0e903b,10000364-1484257,CT,,No,Female,31.0,White,,,0,0,0,0,0,0,0,0,0,0,0,0,0,0,0,0,0,0,0,0,0,0,0,0,0,0,0,1,
dg.MD1R/8e4ba6e1-b6ad-43a5-a23c-5bfdee6d25b8,10000364-1575753,CT,,No,Female,,White,False,False,0,0,0,0,0,0,0,0,0,0,0,0,0,0,0,0,0,0,0,0,0,0,0,0,0,0,0,1,
dg.MD1R/205b617b-f951-486b-8f85-3db6d139c378,10000364-2729851,CT,,No,Male,63.0,Black or African American,False,False,0,0,0,0,0,0,0,0,0,0,0,0,0,0,0,0,0,0,0,0,0,0,0,0,0,0,0,1,
dg.MD1R/ba69c97d-23dc-4ffb-a74a-3af4f3da8d6a,10000364-6542450,CT,,No,Male,53.0,Black or African American,,,0,0,0,0,0,0,0,0,0,0,0,0,0,0,0,0,0,0,0,0,0,0,0,0,0,0,0,1,
dg.MD1R/ffe23da5-b6be-4dc3-a5e2-12a19bf08ec7,10008204-LrEMuOiKrUGlyM2FrVCbg,CT,,No,Female,76.0,White,,,0,0,0,0,0,0,0,0,0,0,0,0,0,0,0,0,0,0,0,0,0,0,0,0,0,0,0,1,
dg.MD1R/c46c091f-92e0-46d4-9ca2-7a5cf2f1b390,10000364-1263776,CT,,No,Male,69.0,White,False,False,0,0,0,0,0,0,0,0,0,0,0,0,0,0,0,0,0,0,0,0,0,0,0,0,0,0,0,1,
dg.MD1R/7c1cde85-ceea-4624-b593-94019cc060f4,10000364-421992,CT,,No,Female,53.0,White,,,0,0,0,0,0,0,0,0,0,0,0,0,0,0,0,0,0,0,0,0,0,0,0,0,0,0,0,1,
dg.MD1R/b69af639-3228-4050-b773-ac5b7afe538e,10008204-fJQ0ztTalEu4UFmrjyoDQ,CT,,No,Female,,White,,,0,0,0,0,0,0,0,0,0,0,0,0,0,0,0,0,0,0,0,0,0,0,0,0,0,0,0,1,
dg.MD1R/341cfe35-9767-4a6c-9862-9051fe5bb99a,10000364-1958413,CT,,No,Female,48.0,White,,,0,0,0,0,0,0,0,0,0,0,0,0,0,0,0,0,0,0,0,0,0,0,0,0,0,0,0,1,
dg.MD1R/f900d7fc-2185-4a6a-b538-90cbbbb0e646,10008204-ffEDu3M1kUaddn2DrEpLTg,CT,,No,Female,75.0,White,,,0,0,0,0,0,0,0,0,0,0,0,0,0,0,0,0,0,0,0,0,0,0,0,0,0,0,0,1,
dg.MD1R/778aa227-6737-4734-a680-4fb94aed2eb3,10000364-954678,CT,,No,Male,53.0,Black or African American,False,False,0,0,0,0,0,0,0,0,0,0,0,0,0,0,0,0,0,0,0,0,0,0,0,0,0,0,0,1,
dg.MD1R/5e9cfbd6-2c2d-42de-84a0-a6c5aae68185,10008204-62tChlBgwkSR5m06HO9ug,CT,,No,Female,82.0,White,,,0,0,0,0,0,0,0,0,0,0,0,0,0,0,0,0,0,0,0,0,0,0,0,0,0,0,0,1,
dg.MD1R/9f659559-f002-48a6-959a-c8706b1690b7,10008204-37o54D7TIUiXEAlli0Ueng,CT,,No,Male,82.0,White,,,0,0,0,0,0,0,0,0,0,0,0,0,0,0,0,0,0,0,0,0,0,0,0,0,0,0,0,1,
dg.MD1R/1d33727d-efb7-4cc1-94b0-e717221e1531,10000364-987157,CT,,No,Male,63.0,White,False,False,0,0,0,0,0,0,0,0,0,0,0,0,0,0,0,0,0,0,0,0,0,0,0,0,0,0,0,1,
dg.MD1R/7d67f0ae-4f74-47e0-b1fc-532c776f94cd,10003752-S8fdIZI0EEWzckQG5dJnkg,CT,,No,Female,22.0,Black or African American,,,0,0,0,0,0,0,0,0,0,0,0,0,0,0,0,0,0,0,0,0,0,0,0,0,0,0,0,1,
dg.MD1R/1c233576-09a9-4d69-9217-f883a0ab2e3a,10008204-khUJl9LSuUimuU72EDLx3A,CT,,No,Male,52.0,Not Reported,False,False,0,0,0,0,0,0,0,0,0,0,0,0,0,0,0,0,0,0,0,0,0,0,0,0,0,0,0,1,
dg.MD1R/b8fd6464-7437-4fa7-944d-c64c9f222ea3,10000364-2412244,CT,,No,Male,69.0,White,,,0,0,0,0,0,0,0,0,0,0,0,0,0,0,0,0,0,0,0,0,0,0,0,0,0,0,0,1,
dg.MD1R/27e45d08-d1eb-4abf-83d6-f911ea73bb4d,10000364-5310384,CT,,No,Male,68.0,White,,,0,0,0,0,0,0,0,0,0,0,0,0,0,0,0,0,0,0,0,0,0,0,0,0,0,0,0,1,
dg.MD1R/c1928a6d-a927-45d6-bcc3-4d9838b6287c,10003752-SwYygM5C0aZu7wCMy5qA,CT,,No,Male,53.0,Black or African American,,,0,0,0,0,0,0,0,0,0,0,0,0,0,0,0,0,0,0,0,0,0,0,0,0,0,0,0,1,
dg.MD1R/a94f931e-bf09-4a37-a645-13391581dd14,10000364-2576324,CT,,No,Female,49.0,Black or African American,,,0,0,0,0,0,0,0,0,0,0,0,0,0,0,0,0,0,0,0,0,0,0,0,0,0,0,0,1,
dg.MD1R/42fd009a-7a58-443b-a577-a1ab59ba5add,10003752-2Si8Q8yG0SXKFDa68Oyqw,CT,,No,Female,64.0,Black or African American,,,0,0,0,0,0,0,0,0,0,0,0,0,0,0,0,0,0,0,0,0,0,0,0,0,0,0,0,1,
dg.MD1R/18bd7369-38f0-4797-9247-ad796b6b140c,10008204-RNxVA7Wx50CJmoabfqJg,CT,,No,Female,73.0,White,False,False,0,0,0,0,0,0,0,0,0,0,0,0,0,0,0,0,0,0,0,0,0,0,0,0,0,0,0,1,
dg.MD1R/fb43f486-0c6c-4276-8b96-614a990f5d93,10000364-1045303,CT,,No,Male,53.0,White,False,False,0,0,0,0,0,0,0,0,0,0,0,0,0,0,0,0,0,0,0,0,0,0,0,0,0,0,0,1,
dg.MD1R/9183a193-2eeb-4730-8ffa-f092ff48072f,10000364-830475,CT,,No,Female,27.0,Black or African American,,,0,0,0,0,0,0,0,0,0,0,0,0,0,0,0,0,0,0,0,0,0,0,0,0,0,0,0,1,
dg.MD1R/590d25d2-7aad-45fc-8e61-46ff1db4a53b,10000364-907315,CT,,No,Male,33.0,White,,,0,0,0,0,0,0,0,0,0,0,0,0,0,0,0,0,0,0,0,0,0,0,0,0,0,0,0,1,
dg.MD1R/952bd970-401b-4687-8d28-e653cf711b63,10008204-HDgRi9rDnUayTbv2eE6rsA,CT,,No,Female,63.0,White,,,0,0,0,0,0,0,0,0,0,0,0,0,0,0,0,0,0,0,0,0,0,0,0,0,0,0,0,1,
dg.MD1R/69326c0c-859e-4883-9d77-70537d56ade6,10008204-8UfSWaTmCUavaFVbBzxtrA,CT,,No,Female,77.0,White,False,False,0,0,0,0,0,0,0,0,0,0,0,0,0,0,0,0,0,0,0,0,0,0,0,0,0,0,0,1,
dg.MD1R/d7631d1c-55b2-47f9-bb74-62bd5ee35dd0,10000364-1280328,CT,,No,Female,66.0,Black or African American,False,True,0,0,0,0,0,0,0,0,0,0,0,0,0,0,0,0,0,0,0,0,0,0,0,0,0,0,0,1,
dg.MD1R/aa13468e-90df-4989-ab70-bbcf33fab9b3,10003752-mwtNqT6FpkOdBEGTReLxlQ,CT,,No,Female,23.0,Black or African American,,,0,0,0,0,0,0,0,0,0,0,0,0,0,0,0,0,0,0,0,0,0,0,0,0,0,0,0,1,
dg.MD1R/154d01e1-7dd7-4a7b-ab28-5c89b9180bf9,10008204-9dC1tfLUokmxQ8L5KqZ4g,CT,,No,Male,80.0,White,,,0,0,0,0,0,0,0,0,0,0,0,0,0,0,0,0,0,0,0,0,0,0,0,0,0,0,0,1,
dg.MD1R/32640a1a-d036-41c2-850f-9d9372da21ba,10000364-280744,CT,,No,Male,78.0,White,,,0,0,0,0,0,0,0,0,0,0,0,0,0,0,0,0,0,0,0,0,0,0,0,0,0,0,0,1,
dg.MD1R/de457ada-b64b-4916-8b59-f69f17e9ce1b,10000364-1297685,CT,,No,Female,55.0,Black or African American,,,0,0,0,0,0,0,0,0,0,0,0,0,0,0,0,0,0,0,0,0,0,0,0,0,0,0,0,1,
dg.MD1R/1277a47d-11ab-43df-ad12-6ef7ffdb1a64,10000364-2391010,CT,,No,Female,51.0,White,,,0,0,0,0,0,0,0,0,0,0,0,0,0,0,0,0,0,0,0,0,0,0,0,0,0,0,0,1,
dg.MD1R/a89890b9-077b-481e-890e-c266b54b05b8,10000364-1422574,CT,,No,Female,67.0,Black or African American,,,0,0,0,0,0,0,0,0,0,0,0,0,0,0,0,0,0,0,0,0,0,0,0,0,0,0,0,1,
dg.MD1R/3cd79dda-347d-4d1d-af04-bed98ba9a7ca,10003752-O9FdI4yzUSXHZvvarfyg,CT,,No,Male,30.0,White,,,0,0,0,0,0,0,0,0,0,0,0,0,0,0,0,0,0,0,0,0,0,0,0,0,0,0,0,1,
dg.MD1R/b034621b-7de9-44b1-adaa-e98448ef88d6,10003752-qpkKsrkshUOrpl4F51cb7Q,CT,,No,Male,77.0,White,,,0,0,0,0,0,0,0,0,0,0,0,0,0,0,0,0,0,0,0,0,0,0,0,0,0,0,0,1,
dg.MD1R/893e7bd7-3e14-4f96-8fbe-a5ab75220e06,10003752-69exHnlaekKc10ipNWQ21Q,CT,,No,Male,63.0,Black or African American,,,0,0,0,0,0,0,0,0,0,0,0,0,0,0,0,0,0,0,0,0,0,0,0,0,0,0,0,1,
dg.MD1R/c27f8246-5228-4526-9553-90b5d8eb57c2,10041569-zLBdRKNPVE2k8AEvQ4xGw,CT,,No,Female,52.0,White,False,False,0,0,0,0,0,0,0,0,0,0,0,0,0,0,0,0,0,0,0,0,0,0,0,0,0,0,0,1,
dg.MD1R/a11aa2fe-32d6-47da-a263-ec99d807f5eb,10000364-1584248,CT,,No,Male,55.0,Black or African American,,,0,0,0,0,0,0,0,0,0,0,0,0,0,0,0,0,0,0,0,0,0,0,0,0,0,0,0,1,
dg.MD1R/878aa8b9-cc63-4f41-8e23-9272d52afb21,10003752-Xbd0tHsXEqknBoX4N5HA,CT,,No,Male,58.0,Black or African American,,,0,0,0,0,0,0,0,0,0,0,0,0,0,0,0,0,0,0,0,0,0,0,0,0,0,0,0,1,
dg.MD1R/6a17f417-a39e-4a89-96fb-42f203447a30,10008204-Xgof4jP57EG10XlT8wxB5g,CT,,No,Female,,White,,,0,0,0,0,0,0,0,0,0,0,0,0,0,0,0,0,0,0,0,0,0,0,0,0,0,0,0,1,
dg.MD1R/8528a1bb-9956-405e-a55c-bca551c0963f,10008204-7qXLLmgyxU6vpOKnXMxWjQ,CT,,No,Female,77.0,White,,,0,0,0,0,0,0,0,0,0,0,0,0,0,0,0,0,0,0,0,0,0,0,0,0,0,0,0,1,
dg.MD1R/376e3614-d79e-4d4f-88e3-08234f621c3a,10000364-1212428,CT,,No,Female,78.0,White,,,0,0,0,0,0,0,0,0,0,0,0,0,0,0,0,0,0,0,0,0,0,0,0,0,0,0,0,1,
dg.MD1R/722645e2-a113-4dc0-a78b-9f71688d0926,10000364-5746100,CT,,No,Male,69.0,White,True,False,0,0,0,0,0,0,0,0,0,0,0,0,0,0,0,0,0,0,0,0,0,0,0,0,0,0,0,1,
dg.MD1R/301fc4ae-66b8-4ee5-8c74-b993906cd5a1,10000364-452803,CT,,No,Female,68.0,White,False,False,0,0,0,0,0,0,0,0,0,0,0,0,0,0,0,0,0,0,0,0,0,0,0,0,0,0,0,1,
dg.MD1R/0bcf409c-fdfe-4505-a66c-dac0843872cb,10008204-L30nOFwsxkmECPDT2b8dbw,CT,,No,Male,83.0,White,,,0,0,0,0,0,0,0,0,0,0,0,0,0,0,0,0,0,0,0,0,0,0,0,0,0,0,0,1,
dg.MD1R/b6559f02-beaf-45b2-ac36-4b833c6dfd00,10003752-JBWRepi9GEWEHwzedfzFRw,CT,,No,Male,19.0,Not Reported,,,0,0,0,0,0,0,0,0,0,0,0,0,0,0,0,0,0,0,0,0,0,0,0,0,0,0,0,1,
dg.MD1R/8fdbab45-fce9-4c46-bf82-e692fe6ad15e,10003752-7dHQyky90K7zSPfO7oPYQ,CT,,No,Male,87.0,White,,,0,0,0,0,0,0,0,0,0,0,0,0,0,0,0,0,0,0,0,0,0,0,0,0,0,0,0,1,
dg.MD1R/158756a2-e980-4ade-b160-df7fe173543f,10000364-1600700,CT,,No,Male,83.0,White,,,0,0,0,0,0,0,0,0,0,0,0,0,0,0,0,0,0,0,0,0,0,0,0,0,0,0,0,1,
dg.MD1R/d0046e9e-8258-4c20-8431-ecab3aa59178,10008204-2TvL0S7g2USw1R1KhjWqpQ,CT,,No,Female,,White,False,False,0,0,0,0,0,0,0,0,0,0,0,0,0,0,0,0,0,0,0,0,0,0,0,0,0,0,0,1,
dg.MD1R/2affe410-c95b-4834-b3b2-afe0cbc77836,10008204-cKBcs7gZkWw0yatk67cXQ,CT,,No,Female,52.0,White,False,False,0,0,0,0,0,0,0,0,0,0,0,0,0,0,0,0,0,0,0,0,0,0,0,0,0,0,0,1,
dg.MD1R/06d06050-465b-4afb-89f0-cb5761a8f14c,10000364-1225145,CT,,No,Female,67.0,White,,,0,0,0,0,0,0,0,0,0,0,0,0,0,0,0,0,0,0,0,0,0,0,0,0,0,0,0,1,
dg.MD1R/a5911f12-3c63-462b-a451-c797289f7507,10000364-1837713,CT,,No,Male,61.0,White,,,0,0,0,0,0,0,0,0,0,0,0,0,0,0,0,0,0,0,0,0,0,0,0,0,0,0,0,1,
dg.MD1R/5566a95f-80fb-48ee-bc15-a89a5c18205c,10003752-WzWf6jjWckW7wrbdGXygIw,CT,,No,Female,62.0,Black or African American,,,0,0,0,0,0,0,0,0,0,0,0,0,0,0,0,0,0,0,0,0,0,0,0,0,0,0,0,1,
dg.MD1R/1be981e5-b9aa-4528-b837-65751672010a,10000364-538607,CT,,No,Male,65.0,White,,,0,0,0,0,0,0,0,0,0,0,0,0,0,0,0,0,0,0,0,0,0,0,0,0,0,0,0,1,
dg.MD1R/949a4fd0-c45e-40f1-964e-65af2dd1ac83,10000364-1489414,CT,,No,Female,64.0,White,,,0,0,0,0,0,0,0,0,0,0,0,0,0,0,0,0,0,0,0,0,0,0,0,0,0,0,0,1,
dg.MD1R/d8582caa-a1b3-4cc6-b88a-8e897abf3dc5,10000364-5808562,CT,,No,Male,89.0,White,,,0,0,0,0,0,0,0,0,0,0,0,0,0,0,0,0,0,0,0,0,0,0,0,0,0,0,0,1,
dg.MD1R/ec6f50b5-1e0c-46f4-9b28-2d9ffb233ae2,10000364-2020423,CT,,No,Female,65.0,White,,,0,0,0,0,0,0,0,0,0,0,0,0,0,0,0,0,0,0,0,0,0,0,0,0,0,0,0,1,
dg.MD1R/44619874-add1-44ba-bb0c-6bdaa583ea57,10000364-1428949,CT,,No,Female,63.0,White,False,False,0,0,0,0,0,0,0,0,0,0,0,0,0,0,0,0,0,0,0,0,0,0,0,0,0,0,0,1,
dg.MD1R/11960b51-0caa-4076-9651-b9c57689b072,10000364-6498979,CT,,No,Female,66.0,Black or African American,,,0,0,0,0,0,0,0,0,0,0,0,0,0,0,0,0,0,0,0,0,0,0,0,0,0,0,0,1,
dg.MD1R/1345cd66-172b-46f9-be23-ab4da29ea61b,10000364-6301691,CT,,No,Male,65.0,White,,,0,0,0,0,0,0,0,0,0,0,0,0,0,0,0,0,0,0,0,0,0,0,0,0,0,0,0,1,
dg.MD1R/4cb61f44-7e18-43c1-b31d-f57d502d4df1,10000364-505166,CT,,No,Male,43.0,White,,,0,0,0,0,0,0,0,0,0,0,0,0,0,0,0,0,0,0,0,0,0,0,0,0,0,0,0,1,
dg.MD1R/5ad2158d-c81c-4718-9381-c2a7ce4e69cc,10000364-1109372,CT,,No,Male,61.0,White,,,0,0,0,0,0,0,0,0,0,0,0,0,0,0,0,0,0,0,0,0,0,0,0,0,0,0,0,1,
dg.MD1R/b3adc4be-23e8-4581-8acf-cf575e6b839a,10000364-987157,CT,,No,Male,63.0,White,False,False,0,0,0,0,0,0,0,0,0,0,0,0,0,0,0,0,0,0,0,0,0,0,0,0,0,0,0,1,
dg.MD1R/8792c7f7-cfc9-4921-9796-78a402a096e8,10000364-1403316,CT,,No,Female,46.0,White,,,0,0,0,0,0,0,0,0,0,0,0,0,0,0,0,0,0,0,0,0,0,0,0,0,0,0,0,1,
dg.MD1R/8ae3410d-62a9-4f00-a8f2-c6aff440ff6c,10008204-VwVHzIDEwUCz981BQJizig,CT,,No,Female,85.0,White,False,False,0,0,0,0,0,0,0,0,0,0,0,0,0,0,0,0,0,0,0,0,0,0,0,0,0,0,0,1,
dg.MD1R/0b9e4070-97bf-4d01-8ae2-198a9a81c5ef,10008204-RNxVA7Wx50CJmoabfqJg,CT,,No,Female,73.0,White,False,False,0,0,0,0,0,0,0,0,0,0,0,0,0,0,0,0,0,0,0,0,0,0,0,0,0,0,0,1,
dg.MD1R/381e1254-41a8-4dcf-bcc7-317616251cf3,10008204-mdx0XzxGIEKD9OEQPGyi4w,CT,,No,Female,80.0,White,,,0,0,0,0,0,0,0,0,0,0,0,0,0,0,0,0,0,0,0,0,0,0,0,0,0,0,0,1,
dg.MD1R/1062d188-e9e5-4512-b6ad-76c2c0997b4c,10000364-234648,CT,,No,Female,78.0,White,,,0,0,0,0,0,0,0,0,0,0,0,0,0,0,0,0,0,0,0,0,0,0,0,0,0,0,0,1,
dg.MD1R/259d955b-d2e5-4629-aac1-e5ada8c24f7e,10000364-5310384,CT,,No,Male,68.0,White,,,0,0,0,0,0,0,0,0,0,0,0,0,0,0,0,0,0,0,0,0,0,0,0,0,0,0,0,1,
dg.MD1R/142eb59d-5e3e-4a5b-beee-20960b1a55f1,10000364-5588508,CT,,No,Male,82.0,White,,,0,0,0,0,0,0,0,0,0,0,0,0,0,0,0,0,0,0,0,0,0,0,0,0,0,0,0,1,
dg.MD1R/6bda222a-94ca-4e27-b1e7-ead575b46f29,10000364-1228907,CT,,No,Female,68.0,White,,,0,0,0,0,0,0,0,0,0,0,0,0,0,0,0,0,0,0,0,0,0,0,0,0,0,0,0,1,
dg.MD1R/eb2c3dcd-1225-4900-8915-30bf02adad26,10000364-1976298,CT,,No,Male,74.0,White,,,0,0,0,0,0,0,0,0,0,0,0,0,0,0,0,0,0,0,0,0,0,0,0,0,0,0,0,1,
dg.MD1R/6e39f9c8-6b6c-4cd0-a6c7-994710668b73,10000364-5528393,CT,,No,Male,59.0,White,False,False,0,0,0,0,0,0,0,0,0,0,0,0,0,0,0,0,0,0,0,0,0,0,0,0,0,0,0,1,
dg.MD1R/5d236684-61c8-4e13-b08c-fa64b70dcc3a,10008204-DsLpFFLvYUqmtnH1KCltIQ,CT,,No,Female,87.0,White,,,0,0,0,0,0,0,0,0,0,0,0,0,0,0,0,0,0,0,0,0,0,0,0,0,0,0,0,1,
dg.MD1R/86303732-51dd-4190-b7f9-b82e3e69d171,10000364-1227297,CT,,No,Male,78.0,Black or African American,,,0,0,0,0,0,0,0,0,0,0,0,0,0,0,0,0,0,0,0,0,0,0,0,0,0,0,0,1,
dg.MD1R/6726a742-5023-465e-8e9a-60833e605bc2,10000364-6599973,CT,,No,Male,74.0,White,,,0,0,0,0,0,0,0,0,0,0,0,0,0,0,0,0,0,0,0,0,0,0,0,0,0,0,0,1,
dg.MD1R/eecc80b9-4b34-4f05-ae58-9078ffe837b4,10000364-2729851,CT,,No,Male,63.0,Black or African American,False,False,0,0,0,0,0,0,0,0,0,0,0,0,0,0,0,0,0,0,0,0,0,0,0,0,0,0,0,1,
dg.MD1R/f43eefb0-bc70-4a6a-9490-5cc89deae43a,10000364-1763507,CT,,No,Male,52.0,White,,,0,0,0,0,0,0,0,0,0,0,0,0,0,0,0,0,0,0,0,0,0,0,0,0,0,0,0,1,
dg.MD1R/43ab6d68-69ae-4e3d-be67-25451cff8f53,10000364-5293410,CT,,No,Female,63.0,White,False,False,0,0,0,0,0,0,0,0,0,0,0,0,0,0,0,0,0,0,0,0,0,0,0,0,0,0,0,1,
dg.MD1R/ead32813-cf91-48ca-ae18-3f8b87fde8cd,10008204-pGbv2LU2JlORpvtvRzA,CT,,No,Female,71.0,Asian,,,0,0,0,0,0,0,0,0,0,0,0,0,0,0,0,0,0,0,0,0,0,0,0,0,0,0,0,1,
dg.MD1R/250ac8e4-df1b-4f80-b94e-bdd2b0d0502c,10008204-hKi2Ib3u0eVTxatE45arA,CT,,No,Female,73.0,White,False,False,0,0,0,0,0,0,0,0,0,0,0,0,0,0,0,0,0,0,0,0,0,0,0,0,0,0,0,1,
dg.MD1R/fdba97f6-079a-4c7b-a246-e31318a2a74c,10000364-1700720,CT,,No,Male,73.0,White,,,0,0,0,0,0,0,0,0,0,0,0,0,0,0,0,0,0,0,0,0,0,0,0,0,0,0,0,1,
dg.MD1R/44184af4-2e5f-4538-887b-d94868f2dfdd,10008204-3mYGQkBhsUO9jjaf0SwrqQ,CT,,No,Female,66.0,White,False,False,0,0,0,0,0,0,0,0,0,0,0,0,0,0,0,0,0,0,0,0,0,0,0,0,0,0,0,1,
dg.MD1R/e654b304-9793-4a67-8e84-e1592478990f,10003752-A8dkYkH5C0is2OvEbv0IPA,CT,,No,Male,61.0,Black or African American,,,0,0,0,0,0,0,0,0,0,0,0,0,0,0,0,0,0,0,0,0,0,0,0,0,0,0,0,1,
dg.MD1R/39461b47-63d8-4442-a21a-ce0a03c85a58,10000364-1489746,CT,,No,Female,58.0,Asian,,,0,0,0,0,0,0,0,0,0,0,0,0,0,0,0,0,0,0,0,0,0,0,0,0,0,0,0,1,
dg.MD1R/e481e639-c746-42c0-a5fb-5171d4c86276,10000364-5335737,CT,,No,Male,36.0,Not Reported,,,0,0,0,0,0,0,0,0,0,0,0,0,0,0,0,0,0,0,0,0,0,0,0,0,0,0,0,1,
dg.MD1R/cd46d6af-11b7-4fa5-aa97-eff9dc57ab88,10008204-0BPcQlle0qlPf4YN9ihRw,CT,,No,Male,49.0,Black or African American,False,False,0,0,0,0,0,0,0,0,0,0,0,0,0,0,0,0,0,0,0,0,0,0,0,0,0,0,0,1,
dg.MD1R/ae82e905-597e-42a7-993e-a191024efc0b,10008204-zgd0InglUm5So0fed5nQ,CT,,No,Male,,White,False,False,0,0,0,0,0,0,0,0,0,0,0,0,0,0,0,0,0,0,0,0,0,0,0,0,0,0,0,1,
dg.MD1R/e507185f-fe56-44ba-abb0-626e65d88f59,10008204-lXRMAPkzN0WXkdFkGlxiOA,CT,,No,Male,68.0,White,False,False,0,0,0,0,0,0,0,0,0,0,0,0,0,0,0,0,0,0,0,0,0,0,0,0,0,0,0,1,
dg.MD1R/1bb134cd-ea80-42ce-9356-f75ea0a90782,10000364-1914833,CT,,No,Male,61.0,White,True,True,0,0,0,0,0,0,0,0,0,0,0,0,0,0,0,0,0,0,0,0,0,0,0,0,0,0,0,1,
dg.MD1R/2728a92c-cb17-4908-9846-4033e06f57c2,10003752-SwYygM5C0aZu7wCMy5qA,CT,,No,Male,53.0,Black or African American,,,0,0,0,0,0,0,0,0,0,0,0,0,0,0,0,0,0,0,0,0,0,0,0,0,0,0,0,1,
dg.MD1R/c50c112e-4d24-4e6f-b8e2-abe3e89235c7,10003752-oOxWDd97OE2pi6x3baDLA,CT,,No,Female,77.0,White,,,0,0,0,0,0,0,0,0,0,0,0,0,0,0,0,0,0,0,0,0,0,0,0,0,0,0,0,1,
dg.MD1R/7d95d566-8761-40f2-a35d-bccc67cf8068,10008204-aUL88To8KkerKLbM9POnCg,CT,,No,Male,56.0,White,,,0,0,0,0,0,0,0,0,0,0,0,0,0,0,0,0,0,0,0,0,0,0,0,0,0,0,0,1,
dg.MD1R/88c1d392-6a27-4fdb-93fa-8947e6c86f0b,10000364-2458177,CT,,No,Female,27.0,Black or African American,,,0,0,0,0,0,0,0,0,0,0,0,0,0,0,0,0,0,0,0,0,0,0,0,0,0,0,0,1,
dg.MD1R/bb18de3e-cb26-4fe6-adbb-95a292e6edf4,10000364-1510367,CT,,No,Female,29.0,White,,,0,0,0,0,0,0,0,0,0,0,0,0,0,0,0,0,0,0,0,0,0,0,0,0,0,0,0,1,
dg.MD1R/1c947b7f-46ef-4af0-b54e-acdbb3164e3f,10008204-HZxohIEiqEGGSVkIQNIpw,CT,,No,Male,70.0,White,False,False,0,0,0,0,0,0,0,0,0,0,0,0,0,0,0,0,0,0,0,0,0,0,0,0,0,0,0,1,
dg.MD1R/9f61ce76-28a3-4426-b7a3-f388126d79da,10008204-CUjWpGe3NEas5QEaujdQ,CT,,No,Male,78.0,White,,,0,0,0,0,0,0,0,0,0,0,0,0,0,0,0,0,0,0,0,0,0,0,0,0,0,0,0,1,
dg.MD1R/e35bf668-b1d8-421c-8f4c-d908c2734ab6,10000364-5473716,CT,,No,Female,46.0,White,False,False,0,0,0,0,0,0,0,0,0,0,0,0,0,0,0,0,0,0,0,0,0,0,0,0,0,0,0,1,
dg.MD1R/9066cd99-2517-4b26-8598-5971c5eae5b4,10000364-6568228,CT,,No,Female,61.0,White,,,0,0,0,0,0,0,0,0,0,0,0,0,0,0,0,0,0,0,0,0,0,0,0,0,0,0,0,1,
dg.MD1R/449e5252-6712-486e-ba4d-858f1cc204c8,10008204-rcnmZvuXC0mrSatx3le40w,CT,,No,Male,86.0,Asian,False,False,0,0,0,0,0,0,0,0,0,0,0,0,0,0,0,0,0,0,0,0,0,0,0,0,0,0,0,1,
dg.MD1R/6a225a5b-cf1c-4873-ad08-bbd43b997316,10000364-6584473,CT,,No,Female,61.0,White,,,0,0,0,0,0,0,0,0,0,0,0,0,0,0,0,0,0,0,0,0,0,0,0,0,0,0,0,1,
dg.MD1R/2b5ce64a-dc66-46de-8060-794673098be0,10003752-I7PG2Q4PlECC7BC0KTCfDg,CT,,No,Male,44.0,Black or African American,,,0,0,0,0,0,0,0,0,0,0,0,0,0,0,0,0,0,0,0,0,0,0,0,0,0,0,0,1,
dg.MD1R/b52827a5-010a-438e-bb52-9070f3d14e9f,10008204-WagBPY9WsUGqouuDMcNjig,CT,,No,Female,53.0,White,,,0,0,0,0,0,0,0,0,0,0,0,0,0,0,0,0,0,0,0,0,0,0,0,0,0,0,0,1,
dg.MD1R/c505286f-b497-40c7-967d-051b74001964,10000364-2043689,CT,,No,Female,56.0,White,,,0,0,0,0,0,0,0,0,0,0,0,0,0,0,0,0,0,0,0,0,0,0,0,0,0,0,0,1,
dg.MD1R/bdf170b4-f02e-4d3c-a7a8-f7016daaba3e,10008204-AX5gqm5skGEZ7Z3tQ2Pw,CT,,No,Female,65.0,White,False,False,0,0,0,0,0,0,0,0,0,0,0,0,0,0,0,0,0,0,0,0,0,0,0,0,0,0,0,1,
dg.MD1R/415d58fd-6f4b-46b8-982c-fe14bbd436a5,10008204-YwFE2L3btkyV0zXEtBlGBw,CT,,No,Female,62.0,White,,,0,0,0,0,0,0,0,0,0,0,0,0,0,0,0,0,0,0,0,0,0,0,0,0,0,0,0,1,
dg.MD1R/7ad7d51d-d777-4a26-9565-7e683626e7f3,10000364-1433991,CT,,No,Male,74.0,White,,,0,0,0,0,0,0,0,0,0,0,0,0,0,0,0,0,0,0,0,0,0,0,0,0,0,0,0,1,
dg.MD1R/4d6dfd5f-0325-45d1-9a57-09bd05699d32,10003752-EAT8xprbuEx9blHxyZw8g,CT,,No,Male,58.0,Black or African American,,,0,0,0,0,0,0,0,0,0,0,0,0,0,0,0,0,0,0,0,0,0,0,0,0,0,0,0,1,
dg.MD1R/d250b15e-ed05-4642-b3f2-3d9692f9fbcf,10000364-1187968,CT,,No,Male,75.0,White,False,False,0,0,0,0,0,0,0,0,0,0,0,0,0,0,0,0,0,0,0,0,0,0,0,0,0,0,0,1,
dg.MD1R/5804fffb-dbb6-4306-bc52-114182490a91,10003752-YAWxLmoOvUqsTo5cvwPezg,CT,,No,Male,77.0,White,,,0,0,0,0,0,0,0,0,0,0,0,0,0,0,0,0,0,0,0,0,0,0,0,0,0,0,0,1,
dg.MD1R/8abdfa9a-2292-4016-8c42-2b6d27281e5a,10008204-f7pp9ZfptkiXM8HNm3OIbg,CT,,No,Male,79.0,White,False,False,0,0,0,0,0,0,0,0,0,0,0,0,0,0,0,0,0,0,0,0,0,0,0,0,0,0,0,1,
dg.MD1R/4e723cf2-0684-40c4-99d8-6c9e9343011c,10000364-1442208,CT,,No,Female,73.0,Black or African American,,,0,0,0,0,0,0,0,0,0,0,0,0,0,0,0,0,0,0,0,0,0,0,0,0,0,0,0,1,
dg.MD1R/1039c071-e46a-4058-b299-e60145bb4ff6,10008204-BK6NAwBudUCj2amZrWpGrw,CT,,No,Female,73.0,White,,,0,0,0,0,0,0,0,0,0,0,0,0,0,0,0,0,0,0,0,0,0,0,0,0,0,0,0,1,
dg.MD1R/637f5255-3851-4658-94cd-e355f14f43d0,10003752-rQpM57cxLEysj4HS7yPMsA,CT,,No,Male,83.0,White,,,0,0,0,0,0,0,0,0,0,0,0,0,0,0,0,0,0,0,0,0,0,0,0,0,0,0,0,1,
dg.MD1R/5a31ad00-1de9-45e8-9ac7-200c4721da24,10003752-TkbvnFPa3EqrbpppjqzzGA,CT,,No,Male,74.0,White,,,0,0,0,0,0,0,0,0,0,0,0,0,0,0,0,0,0,0,0,0,0,0,0,0,0,0,0,1,
dg.MD1R/7069616a-163c-4f31-8309-d8db8a8c9f3b,10000364-6601849,CT,,No,Male,56.0,White,,,0,0,0,0,0,0,0,0,0,0,0,0,0,0,0,0,0,0,0,0,0,0,0,0,0,0,0,1,
dg.MD1R/e776d448-f208-46a1-b464-08467a3a680b,10000364-5221510,CT,,No,Male,73.0,White,,,0,0,0,0,0,0,0,0,0,0,0,0,0,0,0,0,0,0,0,0,0,0,0,0,0,0,0,1,
dg.MD1R/605f6ea9-d92f-42be-b0e1-8c5f09897647,10008204-1KQ44WmzGkq4jdkHfyo5gQ,CT,,No,Female,84.0,Black or African American,False,False,0,0,0,0,0,0,0,0,0,0,0,0,0,0,0,0,0,0,0,0,0,0,0,0,0,0,0,1,
dg.MD1R/8baa30a4-c055-4f54-a187-13262b1ee640,10000364-1119857,CT,,No,Female,28.0,White,,,0,0,0,0,0,0,0,0,0,0,0,0,0,0,0,0,0,0,0,0,0,0,0,0,0,0,0,1,
dg.MD1R/5034ab6b-d6d7-4ceb-afbd-611ee4558f2a,10008204-BjAoZ9g4P0yjZZhYwV46DQ,CT,,No,Male,76.0,White,,,0,0,0,0,0,0,0,0,0,0,0,0,0,0,0,0,0,0,0,0,0,0,0,0,0,0,0,1,
dg.MD1R/1f7116b2-68eb-4e58-8bcd-70439b319303,10000364-1187968,CT,,No,Male,75.0,White,False,False,0,0,0,0,0,0,0,0,0,0,0,0,0,0,0,0,0,0,0,0,0,0,0,0,0,0,0,1,
dg.MD1R/8b27fed4-c587-4680-9b83-e741638b3ed3,10008204-l9VkZ6f0uSKKradlNLNQ,CT,,No,Female,,White,,,0,0,0,0,0,0,0,0,0,0,0,0,0,0,0,0,0,0,0,0,0,0,0,0,0,0,0,1,
dg.MD1R/b5867546-830e-49f2-babf-08bb90a7b685,10000364-5338115,CT,,No,Female,73.0,Black or African American,,,0,0,0,0,0,0,0,0,0,0,0,0,0,0,0,0,0,0,0,0,0,0,0,0,0,0,0,1,
dg.MD1R/5b7003c6-e36b-4953-9c64-a6c0d52f51a3,10000364-1973455,CT,,No,Female,81.0,Not Reported,,,0,0,0,0,0,0,0,0,0,0,0,0,0,0,0,0,0,0,0,0,0,0,0,0,0,0,0,1,
dg.MD1R/1883af01-3c2c-41c8-bcd2-63552f819ed2,10000364-1335891,CT,,No,Female,67.0,White,,,0,0,0,0,0,0,0,0,0,0,0,0,0,0,0,0,0,0,0,0,0,0,0,0,0,0,0,1,
dg.MD1R/bd5ba4a1-a8da-4d28-8ac5-b3896cbb0d23,10000364-6568228,CT,,No,Female,61.0,White,,,0,0,0,0,0,0,0,0,0,0,0,0,0,0,0,0,0,0,0,0,0,0,0,0,0,0,0,1,
dg.MD1R/9bf36f5d-cf82-4be3-8902-86243736049c,10008204-aUL88To8KkerKLbM9POnCg,CT,,No,Male,56.0,White,,,0,0,0,0,0,0,0,0,0,0,0,0,0,0,0,0,0,0,0,0,0,0,0,0,0,0,0,1,
dg.MD1R/d0266f89-ffde-4d0c-9b3a-64a3f2caa609,10000364-1579629,CT,,No,Female,56.0,White,False,False,0,0,0,0,0,0,0,0,0,0,0,0,0,0,0,0,0,0,0,0,0,0,0,0,0,0,0,1,
dg.MD1R/c1bf1f07-ba84-4007-8c0c-520e0edf9da8,10008204-rxw96OQM806PvjmhGaQLyw,CT,,No,Male,56.0,White,False,False,0,0,0,0,0,0,0,0,0,0,0,0,0,0,0,0,0,0,0,0,0,0,0,0,0,0,0,1,
dg.MD1R/5c55d95d-083e-41a8-ae84-261bdd9652e6,10000364-1416113,CT,,No,Female,62.0,White,,,0,0,0,0,0,0,0,0,0,0,0,0,0,0,0,0,0,0,0,0,0,0,0,0,0,0,0,1,
dg.MD1R/57edfb82-5fca-414c-9e66-b9c2a24bd55d,10008204-0fhQcYdjUGirqzKAZLbA,CT,,No,Male,,White,False,False,0,0,0,0,0,0,0,0,0,0,0,0,0,0,0,0,0,0,0,0,0,0,0,0,0,0,0,1,
dg.MD1R/03ae6490-555e-4d65-935c-ef305454da5c,10000364-459089,CT,,No,Male,74.0,Black or African American,,,0,0,0,0,0,0,0,0,0,0,0,0,0,0,0,0,0,0,0,0,0,0,0,0,0,0,0,1,
dg.MD1R/0d42925c-8823-473d-aa98-936a835c4a4a,10008204-hkpaZgyZb0m5d3oJvsKRGQ,CT,,No,Male,74.0,White,False,False,0,0,0,0,0,0,0,0,0,0,0,0,0,0,0,0,0,0,0,0,0,0,0,0,0,0,0,1,
dg.MD1R/06629220-5f4d-45b2-9e99-3d0ddaf74efb,10003752-4h4YYLvF5U66iLBkr0j6w,CT,,No,Male,74.0,White,,,0,0,0,0,0,0,0,0,0,0,0,0,0,0,0,0,0,0,0,0,0,0,0,0,0,0,0,1,
dg.MD1R/d7964138-4d33-4e34-91c1-c606bc4e68b9,10000364-1723605,CT,,No,Male,63.0,White,,,0,0,0,0,0,0,0,0,0,0,0,0,0,0,0,0,0,0,0,0,0,0,0,0,0,0,0,1,
dg.MD1R/f251984c-eb21-4c07-b9db-39386b05cb92,10000364-1778917,CT,,No,Male,74.0,White,,,0,0,0,0,0,0,0,0,0,0,0,0,0,0,0,0,0,0,0,0,0,0,0,0,0,0,0,1,
dg.MD1R/7bdefca1-912e-41d9-bad4-16e76724588b,10000364-1244283,CT,,No,Male,79.0,White,,,0,0,0,0,0,0,0,0,0,0,0,0,0,0,0,0,0,0,0,0,0,0,0,0,0,0,0,1,
dg.MD1R/a236b1f8-ef1e-4c5b-b483-7a7d525dc96a,10000364-1766066,CT,,No,Female,43.0,White,,,0,0,0,0,0,0,0,0,0,0,0,0,0,0,0,0,0,0,0,0,0,0,0,0,0,0,0,1,
dg.MD1R/a5864958-8c4a-4516-b4ce-98f705e2e2e8,10003752-1YagiO12zkWN8s5jBFzEPg,CT,,No,Male,53.0,Black or African American,,,0,0,0,0,0,0,0,0,0,0,0,0,0,0,0,0,0,0,0,0,0,0,0,0,0,0,0,1,
dg.MD1R/57909333-d363-4cc4-942a-fa3d5e87d2cc,10000364-1770669,CT,,No,Male,58.0,White,,,0,0,0,0,0,0,0,0,0,0,0,0,0,0,0,0,0,0,0,0,0,0,0,0,0,0,0,1,
dg.MD1R/a5b89829-d957-4bb5-a54d-934f60d48673,10000364-5272782,CT,,No,Female,53.0,White,,,0,0,0,0,0,0,0,0,0,0,0,0,0,0,0,0,0,0,0,0,0,0,0,0,0,0,0,1,
dg.MD1R/c07f0723-8479-4ada-b5bf-97f78a4d15ad,10008204-w69DsJ0SfEuc6KjSeZ4hw,CT,,No,Female,88.0,White,,,0,0,0,0,0,0,0,0,0,0,0,0,0,0,0,0,0,0,0,0,0,0,0,0,0,0,0,1,
dg.MD1R/60760bb9-cc9b-44d6-b1da-c4b3ead6681c,10000364-6506612,CT,,No,Female,43.0,Not Reported,,,0,0,0,0,0,0,0,0,0,0,0,0,0,0,0,0,0,0,0,0,0,0,0,0,0,0,0,1,
dg.MD1R/35437ef2-64cf-4835-ab49-f2b1ef4856e7,10000364-1499876,CT,,No,Female,47.0,Black or African American,,,0,0,0,0,0,0,0,0,0,0,0,0,0,0,0,0,0,0,0,0,0,0,0,0,0,0,0,1,
dg.MD1R/aedc35c9-6a14-45dc-b3a0-63668484ca8d,10003752-ezGEyBOKHECRYsVC2D8Vsg,CT,,No,Male,53.0,Black or African American,,,0,0,0,0,0,0,0,0,0,0,0,0,0,0,0,0,0,0,0,0,0,0,0,0,0,0,0,1,
dg.MD1R/07e57e73-03a4-44d9-a386-fc584739e5ae,10003752-Lj14TodjkiiHkgZ5qeTWw,CT,,No,Male,73.0,Black or African American,,,0,0,0,0,0,0,0,0,0,0,0,0,0,0,0,0,0,0,0,0,0,0,0,0,0,0,0,1,
dg.MD1R/da165535-f8a4-4fc4-bc15-d18a35cd3983,10000364-1908000,CT,,No,Male,57.0,White,False,False,0,0,0,0,0,0,0,0,0,0,0,0,0,0,0,0,0,0,0,0,0,0,0,0,0,0,0,1,
dg.MD1R/6555c3be-4fcc-498f-8c4b-1691f2342025,10000364-1469242,CT,,No,Female,71.0,White,,,0,0,0,0,0,0,0,0,0,0,0,0,0,0,0,0,0,0,0,0,0,0,0,0,0,0,0,1,
dg.MD1R/2b144e66-e332-4448-bc5d-6a8cd0fc916b,10003752-AJyvwe8Ee6nze6sp4fYQ,CT,,No,Female,,Black or African American,,,0,0,0,0,0,0,0,0,0,0,0,0,0,0,0,0,0,0,0,0,0,0,0,0,0,0,0,1,
dg.MD1R/70206f9b-a369-4142-896a-ef0a3aceba8e,10008204-HIpajz5XkOqmWxV8iD7iQ,CT,,No,Female,65.0,White,,,0,0,0,0,0,0,0,0,0,0,0,0,0,0,0,0,0,0,0,0,0,0,0,0,0,0,0,1,
dg.MD1R/c3343fad-d7e6-4274-a002-f1440df56956,10003752-R0jcGGMM0EGh6efpBwcA,CT,,No,Female,67.0,Black or African American,,,0,0,0,0,0,0,0,0,0,0,0,0,0,0,0,0,0,0,0,0,0,0,0,0,0,0,0,1,
dg.MD1R/40455f7b-e413-43d6-a95c-5200ca8dc14c,10000364-1422574,CT,,No,Female,67.0,Black or African American,,,0,0,0,0,0,0,0,0,0,0,0,0,0,0,0,0,0,0,0,0,0,0,0,0,0,0,0,1,
dg.MD1R/e732c37c-b34a-4c4a-9092-5d679b8a6fb3,10000364-818641,CT,,No,Female,20.0,Black or African American,,,0,0,0,0,0,0,0,0,0,0,0,0,0,0,0,0,0,0,0,0,0,0,0,0,0,0,0,1,
dg.MD1R/0eb191ef-d35d-4159-8e75-705e0747b5b5,10000364-959066,CT,,No,Male,66.0,White,,,0,0,0,0,0,0,0,0,0,0,0,0,0,0,0,0,0,0,0,0,0,0,0,0,0,0,0,1,
dg.MD1R/69d89022-ed59-4939-8edf-0f1699c20a18,10000364-1331025,CT,,No,Female,55.0,White,,,0,0,0,0,0,0,0,0,0,0,0,0,0,0,0,0,0,0,0,0,0,0,0,0,0,0,0,1,
dg.MD1R/c10ee638-df34-444f-abe6-be88cbd34cfe,10000364-973991,CT,,No,Female,37.0,White,False,False,0,0,0,0,0,0,0,0,0,0,0,0,0,0,0,0,0,0,0,0,0,0,0,0,0,0,0,1,
dg.MD1R/f0752d6b-361b-4084-8fd0-eda1b5a447fc,10008204-Ml2plTqH0yYdNOIaOUdQ,CT,,No,Female,88.0,White,False,False,0,0,0,0,0,0,0,0,0,0,0,0,0,0,0,0,0,0,0,0,0,0,0,0,0,0,0,1,
dg.MD1R/02e8427b-95ab-4d97-bc3a-ab20f654ff9f,10000364-6563929,CT,,No,Female,23.0,White,,,0,0,0,0,0,0,0,0,0,0,0,0,0,0,0,0,0,0,0,0,0,0,0,0,0,0,0,1,
dg.MD1R/10e6b50c-d609-4ef9-a56a-e3629ce965fa,10000364-799838,CT,,No,Male,62.0,Black or African American,,,0,0,0,0,0,0,0,0,0,0,0,0,0,0,0,0,0,0,0,0,0,0,0,0,0,0,0,1,
dg.MD1R/d2b3b279-19cf-4bab-ba81-d8f6a1495ad6,10003752-HUJJzRCsCkmgsjaiGxVMCw,CT,,No,Male,60.0,Black or African American,,,0,0,0,0,0,0,0,0,0,0,0,0,0,0,0,0,0,0,0,0,0,0,0,0,0,0,0,1,
dg.MD1R/5a93b416-0e22-4615-b954-90bbe39ef72c,10000364-6177918,CT,,No,Male,58.0,White,,,0,0,0,0,0,0,0,0,0,0,0,0,0,0,0,0,0,0,0,0,0,0,0,0,0,0,0,1,
dg.MD1R/4dc57377-2bd1-4363-b096-e69229d128a5,10008204-xRogx1vTFklYcYnQn6XA,CT,,No,Female,64.0,White,,,0,0,0,0,0,0,0,0,0,0,0,0,0,0,0,0,0,0,0,0,0,0,0,0,0,0,0,1,
dg.MD1R/5b3cb2c4-b2e5-4ece-9890-b4f35347b8f6,10000364-962498,CT,,No,Male,58.0,White,,,0,0,0,0,0,0,0,0,0,0,0,0,0,0,0,0,0,0,0,0,0,0,0,0,0,0,0,1,
dg.MD1R/3138d7d8-8dac-4970-9bb1-4d02e4bfa8b9,10003752-PElVzmwZo06RSM0wrnlLg,CT,,No,Male,57.0,White,,,0,0,0,0,0,0,0,0,0,0,0,0,0,0,0,0,0,0,0,0,0,0,0,0,0,0,0,1,
dg.MD1R/27e29cd0-e929-43b6-8698-b2c3b27d090c,10000364-6047471,CT,,No,Male,60.0,White,,,0,0,0,0,0,0,0,0,0,0,0,0,0,0,0,0,0,0,0,0,0,0,0,0,0,0,0,1,
dg.MD1R/c0a3222a-ec3a-4533-a4c5-aa7a0c538b9a,10000364-6605548,CT,,No,Female,42.0,White,,,0,0,0,0,0,0,0,0,0,0,0,0,0,0,0,0,0,0,0,0,0,0,0,0,0,0,0,1,
dg.MD1R/9500e8ad-908a-49d2-a584-b08f6ff43cc3,10000364-404005,CT,,No,Female,61.0,White,,,0,0,0,0,0,0,0,0,0,0,0,0,0,0,0,0,0,0,0,0,0,0,0,0,0,0,0,1,
dg.MD1R/3298632b-3c35-4b65-8e76-1e94ac5a802e,10000364-1551815,CT,,No,Male,81.0,White,,,0,0,0,0,0,0,0,0,0,0,0,0,0,0,0,0,0,0,0,0,0,0,0,0,0,0,0,1,
dg.MD1R/7e0530ca-b8a1-4a85-b1f9-5fb9c8a74642,10000364-6494423,CT,,No,Female,48.0,Not Reported,True,False,0,0,0,0,0,0,0,0,0,0,0,0,0,0,0,0,0,0,0,0,0,0,0,0,0,0,0,1,
dg.MD1R/a1e86d34-b6f4-49b3-918e-0db541c56343,10000364-583902,CT,,No,Female,68.0,White,,,0,0,0,0,0,0,0,0,0,0,0,0,0,0,0,0,0,0,0,0,0,0,0,0,0,0,0,1,
dg.MD1R/169d97b5-f5be-4899-9dc2-f436563fdf73,10003752-iXDxUYasBEiMkDUFRUGhg,CT,,No,Female,69.0,Black or African American,,,0,0,0,0,0,0,0,0,0,0,0,0,0,0,0,0,0,0,0,0,0,0,0,0,0,0,0,1,
dg.MD1R/cb504b7c-d11e-4910-bf0d-1aaf41504560,10000364-1584150,CT,,No,Male,55.0,Black or African American,,,0,0,0,0,0,0,0,0,0,0,0,0,0,0,0,0,0,0,0,0,0,0,0,0,0,0,0,1,
dg.MD1R/5378f27a-c7e9-4feb-899b-892941a49e47,10000364-5808562,CT,,No,Male,89.0,White,,,0,0,0,0,0,0,0,0,0,0,0,0,0,0,0,0,0,0,0,0,0,0,0,0,0,0,0,1,
dg.MD1R/8d22e178-ca68-4185-8051-200cc0850550,10008204-v2cLAVYqQUeHavWiqfaaA,CT,,No,Female,86.0,White,False,False,0,0,0,0,0,0,0,0,0,0,0,0,0,0,0,0,0,0,0,0,0,0,0,0,0,0,0,1,
dg.MD1R/1ec1151f-3664-44e0-a388-06f3e1d02a84,10003752-HuRb0yS5kCoyguwfBdV6w,CT,,No,Female,22.0,Black or African American,,,0,0,0,0,0,0,0,0,0,0,0,0,0,0,0,0,0,0,0,0,0,0,0,0,0,0,0,1,
dg.MD1R/0cb0a3c4-e4a2-4f3c-8ab8-019229c07585,10000364-6156506,CT,,No,Male,63.0,Not Reported,True,True,0,0,0,0,0,0,0,0,0,0,0,0,0,0,0,0,0,0,0,0,0,0,0,0,0,0,0,1,
dg.MD1R/0dc5660c-ef66-4e99-b737-bc7d919edf6e,10003752-91Ls81Ik02B2foGa81MNA,CT,,No,Male,41.0,Black or African American,,,0,0,0,0,0,0,0,0,0,0,0,0,0,0,0,0,0,0,0,0,0,0,0,0,0,0,0,1,
dg.MD1R/cea04271-975e-4f4f-b190-1cb575aa375e,10003752-sh69V58TQkafSp4b8xTdw,CT,,No,Female,88.0,Black or African American,,,0,0,0,0,0,0,0,0,0,0,0,0,0,0,0,0,0,0,0,0,0,0,0,0,0,0,0,1,
dg.MD1R/e66d792d-8bdc-4de6-9ca9-b8b9ca215886,10000364-1837638,CT,,No,Female,63.0,White,,,0,0,0,0,0,0,0,0,0,0,0,0,0,0,0,0,0,0,0,0,0,0,0,0,0,0,0,1,
dg.MD1R/93b4cb14-1955-4ab4-950c-f2204cfa5fe3,10000364-1062121,CT,,No,Male,78.0,White,,,0,0,0,0,0,0,0,0,0,0,0,0,0,0,0,0,0,0,0,0,0,0,0,0,0,0,0,1,
dg.MD1R/99c80ebf-ffe3-42ae-afb8-b6242a25c976,10008204-hozU7Z5LwU2rA2WGk3fuNg,CT,,No,Male,87.0,White,False,False,0,0,0,0,0,0,0,0,0,0,0,0,0,0,0,0,0,0,0,0,0,0,0,0,0,0,0,1,
dg.MD1R/3b4383a9-c151-4145-b1d6-cafa2d5927d6,10008204-0BPcQlle0qlPf4YN9ihRw,CT,,No,Male,49.0,Black or African American,False,False,0,0,0,0,0,0,0,0,0,0,0,0,0,0,0,0,0,0,0,0,0,0,0,0,0,0,0,1,
dg.MD1R/3f35d715-c7ff-4e42-962a-17322db53fbc,10000364-1049989,CT,,No,Male,63.0,White,,,0,0,0,0,0,0,0,0,0,0,0,0,0,0,0,0,0,0,0,0,0,0,0,0,0,0,0,1,
dg.MD1R/c860bd20-2b6c-48d6-94a6-f906368f8d62,10008204-9oLyEzMI1EShUtbveJG8Ng,CT,,No,Female,62.0,White,,,0,0,0,0,0,0,0,0,0,0,0,0,0,0,0,0,0,0,0,0,0,0,0,0,0,0,0,1,
dg.MD1R/8d3234e5-92a8-4767-899e-3f5dd997ffbc,10000364-1604894,CT,,No,Female,59.0,White,False,False,0,0,0,0,0,0,0,0,0,0,0,0,0,0,0,0,0,0,0,0,0,0,0,0,0,0,0,1,
dg.MD1R/35bffb4b-7a64-4e6c-af88-14812f8bd532,10000364-1530684,CT,,No,Male,68.0,White,,,0,0,0,0,0,0,0,0,0,0,0,0,0,0,0,0,0,0,0,0,0,0,0,0,0,0,0,1,
dg.MD1R/87965c0c-5650-4070-af72-01bce50ed569,10003752-HFCt49LMmUG1m5ch1uyGDg,CT,,No,Male,51.0,White,,,0,0,0,0,0,0,0,0,0,0,0,0,0,0,0,0,0,0,0,0,0,0,0,0,0,0,0,1,
dg.MD1R/87e06228-9e5e-4c4a-bb2d-5b24b5002734,10003752-eKb0U4c3k0CwvI1m2oPaEQ,CT,,No,Male,71.0,Black or African American,,,0,0,0,0,0,0,0,0,0,0,0,0,0,0,0,0,0,0,0,0,0,0,0,0,0,0,0,1,
dg.MD1R/b086dffb-1e57-467c-b685-f712d4c722bf,10000364-1323382,CT,,No,Female,65.0,White,,,0,0,0,0,0,0,0,0,0,0,0,0,0,0,0,0,0,0,0,0,0,0,0,0,0,0,0,1,
dg.MD1R/9ff97bb4-dd03-497b-bb58-abaf7fd1d8de,10000364-2000048,CT,,No,Male,74.0,White,,,0,0,0,0,0,0,0,0,0,0,0,0,0,0,0,0,0,0,0,0,0,0,0,0,0,0,0,1,
dg.MD1R/282ef158-759a-423c-b990-d5e6604f226a,10003752-mVjF8WnmUk2zUjPnMWJaQ,CT,,No,Male,65.0,White,,,0,0,0,0,0,0,0,0,0,0,0,0,0,0,0,0,0,0,0,0,0,0,0,0,0,0,0,1,
dg.MD1R/4ba0302b-62a6-4b71-b0db-e85127a1ca73,10000364-915063,CT,,No,Male,82.0,White,,,0,0,0,0,0,0,0,0,0,0,0,0,0,0,0,0,0,0,0,0,0,0,0,0,0,0,0,1,
dg.MD1R/1d0ee017-f3fd-48ed-8174-ff0f93eacabe,10000364-852711,CT,,No,Female,81.0,White,,,0,0,0,0,0,0,0,0,0,0,0,0,0,0,0,0,0,0,0,0,0,0,0,0,0,0,0,1,
dg.MD1R/2c11dd5c-b124-445b-a0a1-6cd2e9b7b7a6,10000364-1723605,CT,,No,Male,63.0,White,,,0,0,0,0,0,0,0,0,0,0,0,0,0,0,0,0,0,0,0,0,0,0,0,0,0,0,0,1,
dg.MD1R/3adc3d9a-5f2f-4fee-a753-25b436a34c01,10041569-zLBdRKNPVE2k8AEvQ4xGw,CT,,No,Female,52.0,White,False,False,0,0,0,0,0,0,0,0,0,0,0,0,0,0,0,0,0,0,0,0,0,0,0,0,0,0,0,1,
dg.MD1R/f7e206f2-058e-40a0-8821-5a7caaebc840,10000364-1609876,CT,,No,Female,70.0,White,,,0,0,0,0,0,0,0,0,0,0,0,0,0,0,0,0,0,0,0,0,0,0,0,0,0,0,0,1,
dg.MD1R/ab7761ef-6cdf-4278-8c62-fbc899db6f9f,10000364-2442202,CT,,No,Female,80.0,White,False,True,0,0,0,0,0,0,0,0,0,0,0,0,0,0,0,0,0,0,0,0,0,0,0,0,0,0,0,1,
dg.MD1R/614b12db-380d-4ed7-939b-da9cf5390a18,10003752-IEzI0wmpUGmeLtqeR0jTg,CT,,No,Female,51.0,White,,,0,0,0,0,0,0,0,0,0,0,0,0,0,0,0,0,0,0,0,0,0,0,0,0,0,0,0,1,
dg.MD1R/2019b213-d71a-45a3-8b67-e22c871ebf13,10003752-A8dkYkH5C0is2OvEbv0IPA,CT,,No,Male,61.0,Black or African American,,,0,0,0,0,0,0,0,0,0,0,0,0,0,0,0,0,0,0,0,0,0,0,0,0,0,0,0,1,
dg.MD1R/db2a909b-4d00-4c0d-a28c-101de5b16d64,10000364-882644,CT,,No,Male,70.0,Black or African American,,,0,0,0,0,0,0,0,0,0,0,0,0,0,0,0,0,0,0,0,0,0,0,0,0,0,0,0,1,
dg.MD1R/977b6861-d2c1-4b70-ab9c-0749ebb59436,10000364-1041500,CT,,No,Female,58.0,White,,,0,0,0,0,0,0,0,0,0,0,0,0,0,0,0,0,0,0,0,0,0,0,0,0,0,0,0,1,
dg.MD1R/2be33517-3e50-4c36-9297-05bb2fe5156c,10000364-1361377,CT,,No,Female,67.0,White,,,0,0,0,0,0,0,0,0,0,0,0,0,0,0,0,0,0,0,0,0,0,0,0,0,0,0,0,1,
dg.MD1R/8f1c4429-fd68-4587-b815-5e866f9b0648,10008204-WagBPY9WsUGqouuDMcNjig,CT,,No,Female,53.0,White,,,0,0,0,0,0,0,0,0,0,0,0,0,0,0,0,0,0,0,0,0,0,0,0,0,0,0,0,1,
dg.MD1R/9ded0a2e-f203-4da1-bc3b-e7ca6eeb62ff,10000364-2598844,CT,,No,Male,27.0,White,,,0,0,0,0,0,0,0,0,0,0,0,0,0,0,0,0,0,0,0,0,0,0,0,0,0,0,0,1,
dg.MD1R/bd88c623-5145-4c1b-82ea-d35b190590b9,10008204-vb3Yz5LHUGmgxsmTMgjw,CT,,No,Female,70.0,White,,,0,0,0,0,0,0,0,0,0,0,0,0,0,0,0,0,0,0,0,0,0,0,0,0,0,0,0,1,
dg.MD1R/c76f10dd-530b-49cf-b742-4fd7b58404da,10000364-2458177,CT,,No,Female,27.0,Black or African American,,,0,0,0,0,0,0,0,0,0,0,0,0,0,0,0,0,0,0,0,0,0,0,0,0,0,0,0,1,
dg.MD1R/c6a81c62-3c83-4ca6-a3ff-f7b1388ab794,10008204-XDhMWhOcSkikndGerN0x5w,CT,,No,Female,,White,False,False,0,0,0,0,0,0,0,0,0,0,0,0,0,0,0,0,0,0,0,0,0,0,0,0,0,0,0,1,
dg.MD1R/838b7a09-0f2f-4ad3-99d8-79b7d34171c2,10000364-1520145,CT,,No,Female,85.0,White,,,0,0,0,0,0,0,0,0,0,0,0,0,0,0,0,0,0,0,0,0,0,0,0,0,0,0,0,1,
dg.MD1R/bb27e4a4-8d75-4d24-8586-bd5a5cda8259,10000364-914113,CT,,No,Female,34.0,White,,,0,0,0,0,0,0,0,0,0,0,0,0,0,0,0,0,0,0,0,0,0,0,0,0,0,0,0,1,
dg.MD1R/b1e79857-1fa3-4089-9950-5839b0381879,10003752-M3QAwYj2Eq7Yx61Gmxsg,CT,,No,Male,84.0,Black or African American,,,0,0,0,0,0,0,0,0,0,0,0,0,0,0,0,0,0,0,0,0,0,0,0,0,0,0,0,1,
dg.MD1R/b265d973-c72c-418e-992f-a5f31403805e,10000364-6325374,CT,,No,Female,54.0,Black or African American,,,0,0,0,0,0,0,0,0,0,0,0,0,0,0,0,0,0,0,0,0,0,0,0,0,0,0,0,1,
dg.MD1R/e04a9d0e-1bcd-4ba5-b2c5-0ba70d2844d8,10000364-5626265,CT,,No,Male,62.0,Black or African American,False,False,0,0,0,0,0,0,0,0,0,0,0,0,0,0,0,0,0,0,0,0,0,0,0,0,0,0,0,1,
dg.MD1R/501e779b-1621-416d-9621-26078827714e,10000364-1908000,CT,,No,Male,57.0,White,False,False,0,0,0,0,0,0,0,0,0,0,0,0,0,0,0,0,0,0,0,0,0,0,0,0,0,0,0,1,
dg.MD1R/a72adf4e-4fe4-46f1-81c4-d8f602f71728,10008204-8UfSWaTmCUavaFVbBzxtrA,CT,,No,Female,77.0,White,False,False,0,0,0,0,0,0,0,0,0,0,0,0,0,0,0,0,0,0,0,0,0,0,0,0,0,0,0,1,
dg.MD1R/5adaaf74-5436-48e4-a4c4-521da017d83d,10000364-6547188,CT,,No,Male,75.0,White,,,0,0,0,0,0,0,0,0,0,0,0,0,0,0,0,0,0,0,0,0,0,0,0,0,0,0,0,1,
dg.MD1R/510f2ad5-8b73-4c13-97a5-08c469ba6ac9,10000364-1412999,CT,,No,Male,33.0,White,,,0,0,0,0,0,0,0,0,0,0,0,0,0,0,0,0,0,0,0,0,0,0,0,0,0,0,0,1,
dg.MD1R/15f3d7ab-67f4-44d8-baae-173ecaf60dd4,10000364-13625843,CT,,No,Female,75.0,White,True,True,0,0,0,0,0,0,0,0,0,0,0,0,0,0,0,0,0,0,0,0,0,0,0,0,0,0,0,1,
dg.MD1R/72ea1b83-a8bc-4497-bb84-1c23e73a533a,10000364-890934,CT,,No,Female,81.0,White,False,False,0,0,0,0,0,0,0,0,0,0,0,0,0,0,0,0,0,0,0,0,0,0,0,0,0,0,0,1,
dg.MD1R/60630a39-186e-4240-bd5d-d573ee65a62f,10000364-1457502,CT,,No,Female,55.0,White,,,0,0,0,0,0,0,0,0,0,0,0,0,0,0,0,0,0,0,0,0,0,0,0,0,0,0,0,1,
dg.MD1R/a8c53d61-1f64-46c2-9137-258c2254cad8,10008204-ffEDu3M1kUaddn2DrEpLTg,CT,,No,Female,75.0,White,,,0,0,0,0,0,0,0,0,0,0,0,0,0,0,0,0,0,0,0,0,0,0,0,0,0,0,0,1,
dg.MD1R/ab72b552-d018-4056-952a-67f64f33075a,10008204-Ayh6xnM6VUas9XBVTXxKTQ,CT,,No,Male,42.0,White,False,False,0,0,0,0,0,0,0,0,0,0,0,0,0,0,0,0,0,0,0,0,0,0,0,0,0,0,0,1,
dg.MD1R/f27b44bc-377a-4df2-8319-fa48b04a593b,10008204-v2cLAVYqQUeHavWiqfaaA,CT,,No,Female,86.0,White,False,False,0,0,0,0,0,0,0,0,0,0,0,0,0,0,0,0,0,0,0,0,0,0,0,0,0,0,0,1,
dg.MD1R/a687096b-9a90-408c-8727-fb6ba508dc1a,10003752-BJQOZADCEaIGRfh2TFMQ,CT,,No,Male,67.0,Black or African American,,,0,0,0,0,0,0,0,0,0,0,0,0,0,0,0,0,0,0,0,0,0,0,0,0,0,0,0,1,
dg.MD1R/48f3a641-8ae3-4f1d-9099-fa23d1f18465,10003752-H1nv9G8tFUyjGBzhmtMEg,CT,,No,Female,73.0,White,,,0,0,0,0,0,0,0,0,0,0,0,0,0,0,0,0,0,0,0,0,0,0,0,0,0,0,0,1,
dg.MD1R/b3944827-c25c-4a97-a26c-4f52b46c16d3,10008204-hKi2Ib3u0eVTxatE45arA,CT,,No,Female,73.0,White,False,False,0,0,0,0,0,0,0,0,0,0,0,0,0,0,0,0,0,0,0,0,0,0,0,0,0,0,0,1,
dg.MD1R/33c146a0-828c-41f1-95c6-cfa223ad0fbb,10003752-cg6V13fB4EiViN1nvyfOg,CT,,No,Female,71.0,Black or African American,,,0,0,0,0,0,0,0,0,0,0,0,0,0,0,0,0,0,0,0,0,0,0,0,0,0,0,0,1,
dg.MD1R/15c8fd4a-5d3d-4e45-a080-dc3634233bc8,10000364-5976966,CT,,No,Female,72.0,White,,,0,0,0,0,0,0,0,0,0,0,0,0,0,0,0,0,0,0,0,0,0,0,0,0,0,0,0,1,
dg.MD1R/09c5317c-addb-4fcb-bbfd-047ca989e880,10000364-1422833,CT,,No,Male,65.0,Black or African American,,,0,0,0,0,0,0,0,0,0,0,0,0,0,0,0,0,0,0,0,0,0,0,0,0,0,0,0,1,
dg.MD1R/3632d3ca-b9da-467f-b30d-ddbb845baf90,10000364-1441254,CT,,No,Female,48.0,White,,,0,0,0,0,0,0,0,0,0,0,0,0,0,0,0,0,0,0,0,0,0,0,0,0,0,0,0,1,
dg.MD1R/8e0f9015-84e5-4d32-9560-b9126a4a9b18,10008204-Hu1lZlLpUU25gTJwnknw,CT,,No,Male,89.0,White,,,0,0,0,0,0,0,0,0,0,0,0,0,0,0,0,0,0,0,0,0,0,0,0,0,0,0,0,1,
dg.MD1R/b593055d-a50e-4e73-8cba-10505b004de1,10003752-JfReU8YmWU5t9sH9opXNg,CT,,No,Male,63.0,Black or African American,,,0,0,0,0,0,0,0,0,0,0,0,0,0,0,0,0,0,0,0,0,0,0,0,0,0,0,0,1,
dg.MD1R/7fc31c23-4789-4c1a-b72a-92735b067e21,10000364-1595548,CT,,No,Male,77.0,White,,,0,0,0,0,0,0,0,0,0,0,0,0,0,0,0,0,0,0,0,0,0,0,0,0,0,0,0,1,
dg.MD1R/315f199f-b49d-4fa3-bed7-118cb3ae2111,10000364-1238449,CT,,No,Male,78.0,White,,,0,0,0,0,0,0,0,0,0,0,0,0,0,0,0,0,0,0,0,0,0,0,0,0,0,0,0,1,
dg.MD1R/60979ad5-6607-4dfb-ae76-e280a6c2c98f,10008204-6y9XteoJCkCVMIeXX3vxg,CT,,No,Female,89.0,White,,,0,0,0,0,0,0,0,0,0,0,0,0,0,0,0,0,0,0,0,0,0,0,0,0,0,0,0,1,
dg.MD1R/e06a4dc4-5ef6-44a5-8a32-24e10bbb11eb,10000364-1500459,CT,,No,Male,82.0,White,True,False,0,0,0,0,0,0,0,0,0,0,0,0,0,0,0,0,0,0,0,0,0,0,0,0,0,0,0,1,
dg.MD1R/3ecdd504-0fc2-4c0d-a179-9cae4a7f4a25,10000364-830833,CT,,No,Male,75.0,White,True,True,0,0,0,0,0,0,0,0,0,0,0,0,0,0,0,0,0,0,0,0,0,0,0,0,0,0,0,1,
dg.MD1R/f768318c-0fd4-4e14-b592-57eb24f12fa9,10000364-1955899,CT,,No,Male,61.0,White,,,0,0,0,0,0,0,0,0,0,0,0,0,0,0,0,0,0,0,0,0,0,0,0,0,0,0,0,1,
