object_id,submitter_id,modality,case_ids_clean,covid19_positive,sex,age_at_index,race,icu_indicator,ventilator_indicator,covid,bacterial_pneumonia,viral_pneumonia,lung_abscess,emphysema_copd,ild_fibrosis,pleural_effusion,pneumothorax,atelectasis,pulm_embolism,ards,lung_malignancy,meta_heart_failure,meta_pulm_htn,meta_cardiomegaly,meta_pulm_edema,meta_arrhythmia,meta_cad,meta_valvular,meta_hypertension,meta_diabetes,meta_renal,meta_aortic_disease,meta_autoimmune,meta_transplant,meta_tb_ntm,meta_bronchiectasis,normal,preprocessed_path
dg.MD1R/b8a3524c-6e23-4648-baab-8cfccdd7c5b7,10041569-wuQNbRSH60yHnPyVPpmKHg,CXR,,Yes,Male,71.0,White,False,False,1,0,0,0,0,0,0,0,0,0,0,0,0,0,0,0,0,0,0,0,0,0,0,0,0,0,0,0,data/preprocessed/cxr/b8a3524c-6e23-4648-baab-8cfccdd7c5b7.npy
dg.MD1R/d3ce4817-7281-4511-9ff3-90e268841114,10041569-nqdLLPNrUmOHoRRo846gQ,CXR,,Yes,Female,37.0,White,False,False,1,0,0,0,0,0,0,0,0,0,0,0,0,0,0,0,0,0,0,0,0,0,0,0,0,0,0,0,data/preprocessed/cxr/d3ce4817-7281-4511-9ff3-90e268841114.npy
dg.MD1R/404ad727-4ac6-45e8-84eb-68a88e12aee2,10003752-0IxAQWItU06vZuSdlBbZZA,CXR,10003752-0IxAQWItU06vZuSdlBbZZA,Yes,Male,77.0,Black or African American,,,1,0,0,0,0,0,0,0,0,0,0,0,0,0,0,0,0,0,0,0,0,0,0,0,0,0,0,0,data/preprocessed/cxr/404ad727-4ac6-45e8-84eb-68a88e12aee2.npy
dg.MD1R/6f1f9458-9003-429d-9f2c-feba654b6a1b,10003752-TTGtblX02ROWEEog7bDQ,CXR,10003752-TTGtblX02ROWEEog7bDQ,Yes,Female,67.0,Black or African American,,,1,0,0,0,0,0,0,0,0,0,0,0,0,0,0,0,0,0,0,0,0,0,0,0,0,0,0,0,
dg.MD1R/6b9515fc-2766-47d9-b05a-21f8fd9f5b4f,10003752-fZui5YZCAUCrK5WaUg2Wyg,CXR,10003752-fZui5YZCAUCrK5WaUg2Wyg,Yes,Male,38.0,Black or African American,,,1,0,0,0,0,0,0,0,0,0,0,0,0,0,0,0,0,0,0,0,0,0,0,0,0,0,0,0,
dg.MD1R/ccae43f4-1442-4e87-8a3d-8ad6773ec5d5,10041569-dAIzXqpoDUikKk0VqqrdQ,CXR,,Yes,Female,52.0,Black or African American,False,False,1,0,0,0,0,0,0,0,0,0,0,0,0,0,0,0,0,0,0,0,0,0,0,0,0,0,0,0,data/preprocessed/cxr/ccae43f4-1442-4e87-8a3d-8ad6773ec5d5.npy
dg.MD1R/903f06de-fda8-45f5-91cc-209da92794df,10008204-TdYdlLvY00q9GsZicyzaSA,CXR,10008204-TdYdlLvY00q9GsZicyzaSA,Yes,Female,81.0,White,False,False,1,0,0,0,0,0,0,0,0,0,0,0,0,0,0,0,0,0,0,0,0,0,0,0,0,0,0,0,data/preprocessed/cxr/903f06de-fda8-45f5-91cc-209da92794df.npy
dg.MD1R/f594adb3-cc53-4859-b50e-547ca5e4f663,10041569-pIxhWLYECUudz7bAhzYIA,CXR,,Yes,Male,75.0,White,False,False,1,0,0,0,0,0,0,0,0,0,0,0,0,0,0,0,0,0,0,0,0,0,0,0,0,0,0,0,
dg.MD1R/29510d83-2dff-4782-a362-112d6deac141,10041569-hViJIFGV0OsMmX4AmUQlA,CXR,,Yes,Male,84.0,White,False,False,1,0,0,0,0,0,0,0,0,0,0,0,0,0,0,0,0,0,0,0,0,0,0,0,0,0,0,0,data/preprocessed/cxr/29510d83-2dff-4782-a362-112d6deac141.npy
dg.MD1R/84892c80-4bbb-472e-ab40-e2e38cdb7a9c,10041569-KTJisivBEW8eG11h3OmCQ,CXR,10041569-KTJisivBEW8eG11h3OmCQ,Yes,Male,36.0,Not Reported,False,True,1,1,1,0,0,1,1,1,1,1,1,0,1,1,1,1,1,1,1,1,1,1,0,0,1,1,0,0,data/preprocessed/cxr/84892c80-4bbb-472e-ab40-e2e38cdb7a9c.npy
dg.MD1R/a7930d40-4d06-4105-9d3c-50e8bc049291,10041569-sbVv9fQzkqGnvamarEwHA,CXR,,Yes,Male,20.0,Black or African American,False,False,1,0,0,0,0,0,0,0,0,0,0,0,0,0,0,0,0,0,0,0,0,0,0,0,0,0,0,0,
dg.MD1R/d789d0f7-f416-486e-b1de-4b02d066a6bb,10041569-DlqX5imb0ejWPhSL4fHg,CXR,10041569-DlqX5imb0ejWPhSL4fHg,Yes,Female,73.0,Black or African American,False,True,1,1,1,0,1,1,0,0,1,0,1,0,1,0,1,1,1,1,0,1,1,1,0,0,0,0,1,0,
dg.MD1R/d24c8fc7-7bd8-42a2-a7bf-6f1537948051,10041569-NDDORxAHKUGqTkCCBjZ0GQ,CXR,,Yes,Female,24.0,Black or African American,False,False,1,0,0,0,0,0,0,0,0,0,0,0,0,0,0,0,0,0,0,0,0,0,0,0,0,0,0,0,
dg.MD1R/259cc406-360a-4f67-9da9-f5a8f07ea59d,10003752-uPDak2zRSUmu5VLKvRsWEw,CXR,10003752-uPDak2zRSUmu5VLKvRsWEw,Yes,Female,75.0,Black or African American,,,1,0,0,0,0,0,0,0,0,0,0,0,0,0,0,0,0,0,0,0,0,0,0,0,0,0,0,0,
dg.MD1R/69db9b71-0b9d-46b7-b116-39e5cf0b000c,10041569-xFYU0ORgaE2dmK0PxYMcw,CXR,,Yes,Male,60.0,Black or African American,False,False,1,0,0,0,0,0,0,0,0,0,0,0,0,0,0,0,0,0,0,0,0,0,0,0,0,0,0,0,
dg.MD1R/31f3735c-06df-4e63-9e67-e7facd81d84b,10003752-LL61zGbQjUMnZoFmGjjbQ,CXR,10003752-LL61zGbQjUMnZoFmGjjbQ,Yes,Male,66.0,Black or African American,,,1,0,0,0,0,0,0,0,0,0,0,0,0,0,0,0,0,0,0,0,0,0,0,0,0,0,0,0,
dg.MD1R/37791163-65ba-4ff3-be3a-23d973d842f8,10041569-tKFgjyzsTUaKW8IjGqVdcw,CXR,,Yes,Female,30.0,Black or African American,False,False,1,0,0,0,0,0,0,0,0,0,0,0,0,0,0,0,0,0,0,0,0,0,0,0,0,0,0,0,
dg.MD1R/85d837c1-7dcd-48d7-840b-0937caca38b7,10041569-6q0H6G9jk0SrGgM1YAZvhg,CXR,,Yes,Female,58.0,Black or African American,False,False,1,0,0,0,0,0,0,0,0,0,0,0,0,0,0,0,0,0,0,0,0,0,0,0,0,0,0,0,
dg.MD1R/25373824-3521-4248-81b4-4549efdd57e1,10041569-qDH4l8zuEEO1jzh0e9Blnw,CXR,,Yes,Female,42.0,White,False,False,1,0,0,0,0,0,0,0,0,0,0,0,0,0,0,0,0,0,0,0,0,0,0,0,0,0,0,0,
dg.MD1R/3494c8e5-74b6-49cc-a2d3-6794f48f4104,10003752-QYvayfDR06A1F8xYGbA,CXR,10003752-QYvayfDR06A1F8xYGbA,Yes,Female,68.0,Black or African American,,,1,0,0,0,0,0,0,0,0,0,0,0,0,0,0,0,0,0,0,0,0,0,0,0,0,0,0,0,
dg.MD1R/aabde037-ea7d-4284-a88e-0f3ec1537deb,10041569-jAhaa2nNm0uVa3U2xZpaiA,CXR,,Yes,Male,64.0,White,False,False,1,0,0,0,0,0,0,0,0,0,0,0,0,0,0,0,0,0,0,0,0,0,0,0,0,0,0,0,
dg.MD1R/804da2b4-9acf-402c-917e-0d981d3b45aa,10041569-DFzHNUMGkCN2cyP2A5Qg,CXR,,Yes,Male,68.0,Asian,False,True,1,0,0,0,0,0,0,0,0,0,0,0,0,0,0,0,0,0,0,0,0,0,0,0,0,0,0,0,
dg.MD1R/90f3a31c-a3a4-4bff-82a2-ae60cb685d86,10041569-jUUR39yDe0aqImrmMtqSfA,CXR,,Yes,Female,77.0,Black or African American,False,False,1,0,0,0,0,0,0,0,0,0,0,0,0,0,0,0,0,0,0,0,0,0,0,0,0,0,0,0,
dg.MD1R/acca1b3c-4a73-4fff-a958-5125effb235c,10003752-7k1ZbMjWqEijpIYxQTyKMA,CXR,10003752-7k1ZbMjWqEijpIYxQTyKMA,Yes,Male,32.0,Black or African American,,,1,0,0,0,0,0,0,0,0,0,0,0,0,0,0,0,0,0,0,0,0,0,0,0,0,0,0,0,
dg.MD1R/e6d21ffe-6ab8-4a0f-9605-6945a63bf3f8,10041569-yyYxr1473EWV8OFxsPKgA,CXR,,Yes,Female,31.0,Black or African American,False,False,1,0,0,0,0,0,0,0,0,0,0,0,0,0,0,0,0,0,0,0,0,0,0,0,0,0,0,0,
dg.MD1R/cf99e38e-c672-4b1c-93ad-b072bd3e60d5,10041569-UYVmAlS4EKHSM1UhfXqlg,CXR,,Yes,Female,38.0,Black or African American,False,False,1,0,0,0,0,0,0,0,0,0,0,0,0,0,0,0,0,0,0,0,0,0,0,0,0,0,0,0,
dg.MD1R/642e5ac9-a373-4b81-860d-a43547de73db,10041569-xwe4vMR5ekKnKlHgaW6hrw,CXR,,Yes,Female,57.0,Black or African American,False,True,1,0,0,0,0,0,0,0,0,0,0,0,0,0,0,0,0,0,0,0,0,0,0,0,0,0,0,0,
dg.MD1R/679f0319-09bb-4971-abba-7ffde2cb7106,10003752-7k1ZbMjWqEijpIYxQTyKMA,CXR,10003752-7k1ZbMjWqEijpIYxQTyKMA,Yes,Male,32.0,Black or African American,,,1,0,0,0,0,0,0,0,0,0,0,0,0,0,0,0,0,0,0,0,0,0,0,0,0,0,0,0,
dg.MD1R/47f6f53a-da39-4cf8-bec6-5771385b3ea1,10003752-KerRcUxL40mIlmN8SpKfw,CXR,10003752-KerRcUxL40mIlmN8SpKfw,Yes,Female,63.0,Black or African American,,,1,0,0,0,0,0,0,0,0,0,0,0,0,0,0,0,0,0,0,0,0,0,0,0,0,0,0,0,
dg.MD1R/057382ff-ebe7-4dc4-9ee9-a4c80f607042,10003752-gkLVeR3OIUilJHOWpNvY5Q,CXR,10003752-gkLVeR3OIUilJHOWpNvY5Q,Yes,Male,67.0,Black or African American,,,1,0,0,0,0,0,0,0,0,0,0,0,0,0,0,0,0,0,0,0,0,0,0,0,0,0,0,0,
dg.MD1R/f5e3d7a0-eb75-43e0-8bb1-eba307e75a4f,10003752-ssfjmFR4eEuZs7JOwcmpRg,CXR,10003752-ssfjmFR4eEuZs7JOwcmpRg,Yes,Male,52.0,Not Reported,,,1,0,0,0,0,0,0,0,0,0,0,0,0,0,0,0,0,0,0,0,0,0,0,0,0,0,0,0,
dg.MD1R/2c63942f-b938-4e1a-98aa-2a39cf6d90de,10003752-o2DPxzeFd06gqUvTzcUn8w,CXR,10003752-o2DPxzeFd06gqUvTzcUn8w,Yes,Female,29.0,White,,,1,0,0,0,0,0,0,0,0,0,0,0,0,0,0,0,0,0,0,0,0,0,0,0,0,0,0,0,
dg.MD1R/080425bf-ae04-46bd-b00d-7924a98e0332,10041569-EUoxn49Gmk6U3AEjq5ZNA,CXR,,Yes,Female,62.0,Black or African American,False,False,1,0,0,0,0,0,0,0,0,0,0,0,0,0,0,0,0,0,0,0,0,0,0,0,0,0,0,0,
dg.MD1R/5740d074-ac57-4954-aa71-fa8882718901,10041569-7l3domeA5UqtqPJPJSBDWw,CXR,,Yes,Male,31.0,Black or African American,False,True,1,0,0,0,0,0,0,0,0,0,0,0,0,0,0,0,0,0,0,0,0,0,0,0,0,0,0,0,
dg.MD1R/4682bd94-2411-4ba4-a63d-e35619bcea14,10041569-aClV2Dhbo0CjHxmvxB1Pvg,CXR,,Yes,Male,53.0,Black or African American,False,True,1,0,0,0,0,0,0,0,0,0,0,0,0,0,0,0,0,0,0,0,0,0,0,0,0,0,0,0,
dg.MD1R/b69f421c-3902-48d3-a474-9c3920ef416f,10003752-pG2xdNIo0WKWoUrhtzAjA,CXR,10003752-pG2xdNIo0WKWoUrhtzAjA,Yes,Male,86.0,Black or African American,,,1,0,0,0,0,0,0,0,0,0,0,0,0,0,0,0,0,0,0,0,0,0,0,0,0,0,0,0,
dg.MD1R/1b6f58d0-abfd-4c91-af43-262c01e67d22,10041569-PNPzL7DFp0iFwIMeiK7Ipg,CXR,10041569-PNPzL7DFp0iFwIMeiK7Ipg,No,Male,45.0,Not Reported,False,True,1,1,1,0,1,1,1,1,1,0,1,0,1,0,1,1,1,1,1,1,1,1,0,0,1,1,0,0,
dg.MD1R/5a74d365-b16c-4a6a-9dda-a59fc02355ce,10041569-KTJisivBEW8eG11h3OmCQ,CXR,10041569-KTJisivBEW8eG11h3OmCQ,Yes,Male,36.0,Not Reported,False,True,1,1,1,0,0,1,1,1,1,1,1,0,1,1,1,1,1,1,1,1,1,1,0,0,1,1,0,0,data/preprocessed/cxr/5a74d365-b16c-4a6a-9dda-a59fc02355ce.npy
dg.MD1R/e684e77d-0939-4e07-a3dc-e163cd291fed,10003752-oQyapz0pEUmICtml3YcA5g,CXR,10003752-oQyapz0pEUmICtml3YcA5g,Yes,Female,88.0,Black or African American,,,1,0,0,0,0,0,0,0,0,0,0,0,0,0,0,0,0,0,0,0,0,0,0,0,0,0,0,0,
dg.MD1R/3ecac87b-1024-4f14-8cd0-3c5c22a00f8a,10041569-qhXwuUQJs0Ool1cBBwFRLQ,CXR,,Yes,Female,66.0,Black or African American,False,False,1,0,0,0,0,0,0,0,0,0,0,0,0,0,0,0,0,0,0,0,0,0,0,0,0,0,0,0,
dg.MD1R/4cb6808a-0a5f-464d-bd8e-32df962b4aab,10003752-Ix9VRJLR0i7jTiWQ2GMw,CXR,10003752-Ix9VRJLR0i7jTiWQ2GMw,Yes,Female,46.0,Black or African American,,,1,0,0,0,0,0,0,0,0,0,0,0,0,0,0,0,0,0,0,0,0,0,0,0,0,0,0,0,
dg.MD1R/0f7b61d0-29fb-4f62-ba3f-ee480bbe46e5,10041569-UzMLpD1NxEqCqHqCiNYInw,CXR,,Yes,Male,68.0,Black or African American,False,False,1,0,0,0,0,0,0,0,0,0,0,0,0,0,0,0,0,0,0,0,0,0,0,0,0,0,0,0,
dg.MD1R/5106f39e-aa83-4e32-9701-a4fa8632daef,10041569-WcXJK4am1UmXEz3RU1d2gQ,CXR,,Yes,Male,58.0,White,False,False,1,0,0,0,0,0,0,0,0,0,0,0,0,0,0,0,0,0,0,0,0,0,0,0,0,0,0,0,
dg.MD1R/48bb2c82-5b41-47be-a44d-1f68915d8520,10041569-8SUuaW3UqJ6anfR0l64g,CXR,,Yes,Female,72.0,Black or African American,False,True,1,0,0,0,0,0,0,0,0,0,0,0,0,0,0,0,0,0,0,0,0,0,0,0,0,0,0,0,
dg.MD1R/44b0239f-5022-4d29-88d7-f43e13301428,10041569-Pzu2Mk7GkkWgReRkFQGFAQ,CXR,,Yes,Female,82.0,White,False,False,1,0,0,0,0,0,0,0,0,0,0,0,0,0,0,0,0,0,0,0,0,0,0,0,0,0,0,0,
dg.MD1R/0da830e0-0e58-494c-9153-1ba8b2682a27,10041569-6zbyHVkgiEGprCHDGspPw,CXR,,Yes,Male,65.0,Black or African American,False,False,1,0,0,0,0,0,0,0,0,0,0,0,0,0,0,0,0,0,0,0,0,0,0,0,0,0,0,0,
dg.MD1R/8733f41d-7991-421f-89f2-5a0a40e596d7,10008204-qtksXMDiqUqnnc0i5XoaQ,CXR,10008204-qtksXMDiqUqnnc0i5XoaQ,Yes,Male,61.0,White,False,False,1,0,0,0,0,0,0,0,0,0,0,0,0,0,0,0,0,0,0,0,0,0,0,0,0,0,0,0,
dg.MD1R/2fe7888b-b856-4264-86bb-608330c3f7ce,10041569-vrhmRMXy30Om4sso9UTg7A,CXR,,Yes,Male,33.0,Black or African American,False,False,1,0,0,0,0,0,0,0,0,0,0,0,0,0,0,0,0,0,0,0,0,0,0,0,0,0,0,0,
dg.MD1R/0826c997-092f-4219-8005-f9656396805d,10041569-hg0BHxC4pkuIH6oWgwaQWQ,CXR,,Yes,Male,58.0,White,False,False,1,0,0,0,0,0,0,0,0,0,0,0,0,0,0,0,0,0,0,0,0,0,0,0,0,0,0,0,
dg.MD1R/d0702858-0d58-4526-94ee-3445952b403d,10041569-qyn7o7O1MkWMKhOmffWoA,CXR,10041569-qyn7o7O1MkWMKhOmffWoA,Yes,Male,67.0,Black or African American,False,False,1,1,1,0,1,1,1,1,1,0,1,0,0,0,1,0,0,1,0,1,0,1,0,0,0,0,0,0,
dg.MD1R/c2fe390e-494c-4d4d-9791-438f160a9db1,10041569-bby9LPwF70aJzo8PEE6d_Q,CXR,10041569-bby9LPwF70aJzo8PEE6d_Q,No,Female,61.0,White,False,False,1,0,0,0,0,0,0,0,0,0,0,0,0,0,0,0,0,1,0,1,0,0,1,0,0,0,0,0,
dg.MD1R/ca6a0ce1-06a7-4180-8056-596ea5b65a22,10041569-EPOMMg4rUkZbTkH3YPFg,CXR,,Yes,Male,36.0,Black or African American,False,False,1,0,0,0,0,0,0,0,0,0,0,0,0,0,0,0,0,0,0,0,0,0,0,0,0,0,0,0,
dg.MD1R/158b54dd-1007-4e5c-92be-92d102426bf2,10003752-kfqUyPohA0OcAh700bIyfQ,CXR,10003752-kfqUyPohA0OcAh700bIyfQ,Yes,Male,46.0,Black or African American,,,1,0,0,0,0,0,0,0,0,0,0,0,0,0,0,0,0,0,0,0,0,0,0,0,0,0,0,0,
dg.MD1R/70d1db29-21ef-48c1-bc99-30f8e85dde82,10041569-5bSbZ60ubEeb9FyXbTssg,CXR,,Yes,Female,61.0,Black or African American,False,False,1,0,0,0,0,0,0,0,0,0,0,0,0,0,0,0,0,0,0,0,0,0,0,0,0,0,0,0,
dg.MD1R/988db18c-caad-4a4c-b9d8-4b9ba9fb71d7,10003752-Zn5gzLOa9U63pHjH0lPdfA,CXR,10003752-Zn5gzLOa9U63pHjH0lPdfA,Yes,Female,78.0,Black or African American,,,1,0,0,0,0,0,0,0,0,0,0,0,0,0,0,0,0,0,0,0,0,0,0,0,0,0,0,0,
dg.MD1R/5cdbf7c7-86c1-46b4-a0d2-c6295578eae5,10041569-qSfgyNbP6kmEqCvi208yDQ,CXR,,Yes,Male,34.0,Black or African American,False,False,1,0,0,0,0,0,0,0,0,0,0,0,0,0,0,0,0,0,0,0,0,0,0,0,0,0,0,0,
dg.MD1R/a8b49de7-43f7-4c5a-a987-62154fe3cdd0,10041569-5mEhtO0KQ0Ocq21FWZ6jQ,CXR,10041569-5mEhtO0KQ0Ocq21FWZ6jQ,Yes,Male,65.0,Black or African American,False,True,1,1,1,0,0,1,0,1,0,0,1,0,0,0,0,1,1,0,0,1,0,1,0,0,0,0,1,0,
dg.MD1R/343b196c-032f-4458-879a-5d1030585d98,10008204-UCYzamDkxEGN6FkDtB3wA,CXR,10008204-UCYzamDkxEGN6FkDtB3wA,Yes,Male,71.0,White,False,False,1,0,0,0,0,0,0,0,0,0,0,0,0,0,0,0,0,0,0,0,0,0,0,0,0,0,0,0,
dg.MD1R/2aa88cc3-5f53-4f08-9606-8639fdba0e14,10008204-LI9UQgZhq0OcvZ75kJOGKw,CXR,10008204-LI9UQgZhq0OcvZ75kJOGKw,Yes,Male,72.0,White,,,1,0,0,0,0,0,0,0,0,0,0,0,0,0,0,0,0,0,0,0,0,0,0,0,0,0,0,0,
dg.MD1R/04109773-e7fd-475c-b659-d8098a6f7db3,10041569-Je1xS7Cbvkq0JJ9AdE1yrQ,CXR,,Yes,Male,54.0,White,False,True,1,0,0,0,0,0,0,0,0,0,0,0,0,0,0,0,0,0,0,0,0,0,0,0,0,0,0,0,
dg.MD1R/21ac3109-e723-4623-87ab-ce8210de079f,10041569-PjjRgDQln0uF2czbEYw,CXR,10041569-PjjRgDQln0uF2czbEYw,Yes,Male,82.0,White,False,True,1,1,1,0,0,1,1,0,1,0,1,0,1,1,1,1,1,1,1,1,0,0,1,0,0,0,0,0,
dg.MD1R/bc2252a5-e2b4-4303-bb09-227f7e2a7928,10041569-jUDvgfna00idu1LJQtmkVg,CXR,,Yes,Female,77.0,Black or African American,False,True,1,0,0,0,0,0,0,0,0,0,0,0,0,0,0,0,0,0,0,0,0,0,0,0,0,0,0,0,
dg.MD1R/912396a6-0699-4286-a6d2-1dad1267ae99,10041569-He1EzqyDVkWhVtphTtkJWQ,CXR,10041569-He1EzqyDVkWhVtphTtkJWQ,No,Female,48.0,White,False,False,1,0,0,0,0,0,0,0,0,0,0,0,0,0,0,0,0,0,0,0,0,0,0,0,0,0,0,0,
dg.MD1R/3744f4b3-bec7-41ad-b403-9084e5216574,10008204-RzyiAtJEE0ybFAuCqBkSag,CXR,10008204-RzyiAtJEE0ybFAuCqBkSag,Yes,Female,82.0,Black or African American,False,False,1,0,0,0,0,0,0,0,0,0,0,0,0,0,0,0,0,0,0,0,0,0,0,0,0,0,0,0,
dg.MD1R/9fffc1fb-98eb-414f-8d74-be66669cf8c7,10041569-EK12HXMJ802vaHTRyh2tA,CXR,,Yes,Male,27.0,Black or African American,False,False,1,0,0,0,0,0,0,0,0,0,0,0,0,0,0,0,0,0,0,0,0,0,0,0,0,0,0,0,
dg.MD1R/9137d220-bbd5-4f2c-9397-8329c5216137,10041569-8UdQbFjQ60m9wvnhDaO3A,CXR,,Yes,Male,63.0,Black or African American,False,True,1,0,0,0,0,0,0,0,0,0,0,0,0,0,0,0,0,0,0,0,0,0,0,0,0,0,0,0,
dg.MD1R/0eb657d9-9667-4949-a202-245cb837bd3f,10041569-Pls7OiYAEq3IdGZ2OUJkA,CXR,,Yes,Female,34.0,Black or African American,False,False,1,0,0,0,0,0,0,0,0,0,0,0,0,0,0,0,0,0,0,0,0,0,0,0,0,0,0,0,
dg.MD1R/d2e53ba6-bf54-492d-8855-ed80dd39a8ca,10041569-HTnME4vzUOYKpscrY1SFQ,CXR,,Yes,Male,57.0,White,False,True,1,0,0,0,0,0,0,0,0,0,0,0,0,0,0,0,0,0,0,0,0,0,0,0,0,0,0,0,
dg.MD1R/1e616968-d9c8-491c-ba88-8a4f5c2e5960,10003752-1eHjPVJhUkmbL00SrNPMEw,CXR,10003752-1eHjPVJhUkmbL00SrNPMEw,Yes,Male,55.0,Black or African American,,,1,0,0,0,0,0,0,0,0,0,0,0,0,0,0,0,0,0,0,0,0,0,0,0,0,0,0,0,
dg.MD1R/552d6a5a-1058-4b8e-a547-d4786e6592b7,10041569-C7TLECfwUio6N9ND7Cw,CXR,,Yes,Female,78.0,Black or African American,False,False,1,0,0,0,0,0,0,0,0,0,0,0,0,0,0,0,0,0,0,0,0,0,0,0,0,0,0,0,
dg.MD1R/fca1e683-0128-4a07-841a-246c42f90be8,10041569-EK12HXMJ802vaHTRyh2tA,CXR,,Yes,Male,27.0,Black or African American,False,False,1,0,0,0,0,0,0,0,0,0,0,0,0,0,0,0,0,0,0,0,0,0,0,0,0,0,0,0,
dg.MD1R/8f18a4e5-3f75-4092-be0c-dfcbc5069212,10003752-QYvayfDR06A1F8xYGbA,CXR,10003752-QYvayfDR06A1F8xYGbA,Yes,Female,68.0,Black or African American,,,1,0,0,0,0,0,0,0,0,0,0,0,0,0,0,0,0,0,0,0,0,0,0,0,0,0,0,0,
dg.MD1R/49300c16-b902-4528-a8e1-73f880a83bcd,10041569-BXmUUx8IHE6C8iFLZKpBRw,CXR,,Yes,Female,47.0,Black or African American,False,True,1,0,0,0,0,0,0,0,0,0,0,0,0,0,0,0,0,0,0,0,0,0,0,0,0,0,0,0,
dg.MD1R/1b6fa0eb-e442-46ff-b971-99090764e5c9,10003752-fZui5YZCAUCrK5WaUg2Wyg,CXR,10003752-fZui5YZCAUCrK5WaUg2Wyg,Yes,Male,38.0,Black or African American,,,1,0,0,0,0,0,0,0,0,0,0,0,0,0,0,0,0,0,0,0,0,0,0,0,0,0,0,0,
dg.MD1R/d59c4828-de91-4078-aa53-0af6dd510204,10041569-hX5BQjD5tEiMAyiei6jmFA,CXR,,Yes,Female,65.0,White,False,False,1,0,0,0,0,0,0,0,0,0,0,0,0,0,0,0,0,0,0,0,0,0,0,0,0,0,0,0,
dg.MD1R/f5b9cc80-425a-45aa-9eac-24898f890879,10041569-QrYlsaqqUEGcP14aLp6FRg,CXR,,Yes,Male,46.0,Black or African American,False,False,1,0,0,0,0,0,0,0,0,0,0,0,0,0,0,0,0,0,0,0,0,0,0,0,0,0,0,0,
dg.MD1R/261a1841-9e0d-412d-bfb4-678b1aa1e5ac,10041569-n7V7eHUV6EiHi5CmDfTgw,CXR,,Yes,Female,69.0,Black or African American,False,True,1,0,0,0,0,0,0,0,0,0,0,0,0,0,0,0,0,0,0,0,0,0,0,0,0,0,0,0,
dg.MD1R/af2b307c-28b2-4306-87f8-21f2dd2f78b6,10041569-c9fHLY2M0ynSZ9L2jU6GA,CXR,,Yes,Female,82.0,Black or African American,False,False,1,0,0,0,0,0,0,0,0,0,0,0,0,0,0,0,0,0,0,0,0,0,0,0,0,0,0,0,
dg.MD1R/0b7f2f8d-57eb-4a31-b823-c914a5fb3a49,10003752-Spu9j7dySUW5NrTUDD6Z9A,CXR,10003752-Spu9j7dySUW5NrTUDD6Z9A,Yes,Male,83.0,Black or African American,,,1,0,0,0,0,0,0,0,0,0,0,0,0,0,0,0,0,0,0,0,0,0,0,0,0,0,0,0,
dg.MD1R/be5352e3-db73-4316-a9ed-f7bcd3ddb2b3,10003752-67QpsiyS70GtEJSFcBLfw,CXR,10003752-67QpsiyS70GtEJSFcBLfw,Yes,Male,51.0,Black or African American,,,1,0,0,0,0,0,0,0,0,0,0,0,0,0,0,0,0,0,0,0,0,0,0,0,0,0,0,0,
dg.MD1R/e1a35c66-f3c2-46f0-ab72-2312d59d44f3,10041569-Krbbk0jR0WvuW2u9MHFXQ,CXR,,Yes,Male,63.0,White,False,False,1,0,0,0,0,0,0,0,0,0,0,0,0,0,0,0,0,0,0,0,0,0,0,0,0,0,0,0,
dg.MD1R/03fb3226-40e7-4be2-811b-04353c0e51a5,10041569-vsvMCFFqmkm7JsNySllWHA,CXR,10041569-vsvMCFFqmkm7JsNySllWHA,No,Female,22.0,Black or African American,False,False,1,1,0,0,0,0,0,0,1,1,0,0,0,0,1,0,1,1,0,1,0,0,0,0,0,0,1,0,
dg.MD1R/a31e2249-d98f-43d0-94f4-2e6928981e9a,10041569-RNzEhRfC1UKAsiLG9giRSA,CXR,,Yes,Female,44.0,Black or African American,False,False,1,0,0,0,0,0,0,0,0,0,0,0,0,0,0,0,0,0,0,0,0,0,0,0,0,0,0,0,
dg.MD1R/e6162c18-4ff4-45d8-aaef-2d80c3fdb0c9,10041569-A3LGKzCxjE6k9sUCJ0ixgA,CXR,10041569-A3LGKzCxjE6k9sUCJ0ixgA,No,Female,68.0,White,False,True,1,1,1,0,1,1,1,0,1,0,1,0,1,1,1,1,1,1,1,1,1,0,0,0,0,0,1,0,
dg.MD1R/03e062fa-76ab-4ffc-a216-987345c4663e,10041569-mWfFQT7jUKICBlKkIawg,CXR,,Yes,Female,54.0,White,False,False,1,0,0,0,0,0,0,0,0,0,0,0,0,0,0,0,0,0,0,0,0,0,0,0,0,0,0,0,
dg.MD1R/4b1fc23a-c0c9-4988-8bd8-be234c2c9d18,10003752-uXhciS0fgUesvhLXCIA,CXR,10003752-uXhciS0fgUesvhLXCIA,Yes,Female,65.0,Black or African American,,,1,0,0,0,0,0,0,0,0,0,0,0,0,0,0,0,0,0,0,0,0,0,0,0,0,0,0,0,
dg.MD1R/2fe48068-642c-4d62-8746-d62e086d8ccc,10041569-xzquKwz5SUSMxKeOZABPuQ,CXR,,Yes,Male,55.0,White,False,False,1,0,0,0,0,0,0,0,0,0,0,0,0,0,0,0,0,0,0,0,0,0,0,0,0,0,0,0,
dg.MD1R/3a3ab949-82b3-4105-933f-8035c0af662c,10041569-aoPnMEFqQkC6354FxeUJkA,CXR,10041569-aoPnMEFqQkC6354FxeUJkA,No,Male,38.0,White,False,True,1,1,1,0,1,1,1,1,1,0,1,1,1,0,1,1,1,0,0,1,0,1,0,0,1,1,0,0,
dg.MD1R/466f09f5-e0c5-463a-af55-f11d2e305885,10041569-MZ0IKzyGJEioL01kINP7mQ,CXR,,Yes,Male,65.0,Black or African American,False,False,1,0,0,0,0,0,0,0,0,0,0,0,0,0,0,0,0,0,0,0,0,0,0,0,0,0,0,0,
dg.MD1R/df5831c3-c658-43aa-8710-6a6df96973a7,10041569-rdL12m75aU6AT4OZNtG2Aw,CXR,10041569-rdL12m75aU6AT4OZNtG2Aw,Yes,Male,51.0,Black or African American,False,True,1,1,1,0,0,1,1,0,1,1,1,0,1,0,1,1,1,1,1,1,1,1,0,0,0,0,1,0,
dg.MD1R/f4a3545d-edee-4cc4-a537-5608e4265a59,10041569-pEU1C4X0jkiNQruYt5rPQ,CXR,,Yes,Female,42.0,Black or African American,False,False,1,0,0,0,0,0,0,0,0,0,0,0,0,0,0,0,0,0,0,0,0,0,0,0,0,0,0,0,
dg.MD1R/ffb0662d-92c2-415e-995a-17237c90497b,10041569-lcjRGi8DAEeIl11FUKoHog,CXR,,Yes,Female,32.0,Black or African American,False,False,1,0,0,0,0,0,0,0,0,0,0,0,0,0,0,0,0,0,0,0,0,0,0,0,0,0,0,0,
dg.MD1R/6588653d-a3a2-4d87-bb86-274faa74dbae,10041569-9qXO7yxeP0KxKzhlUy2dtg,CXR,,Yes,Male,65.0,Black or African American,False,True,1,0,0,0,0,0,0,0,0,0,0,0,0,0,0,0,0,0,0,0,0,0,0,0,0,0,0,0,
dg.MD1R/793a93d1-dcc9-494a-b43b-ae11bd96f68b,10041569-2YZYnzSzpkymWiHOMpIalg,CXR,,Yes,Female,29.0,White,False,False,1,0,0,0,0,0,0,0,0,0,0,0,0,0,0,0,0,0,0,0,0,0,0,0,0,0,0,0,
dg.MD1R/d42c5da9-4718-412c-b9e6-ee0cc10a9ff1,10041569-W6_dkNVYWk2KtvRo8DV9Cw,CXR,10041569-W6_dkNVYWk2KtvRo8DV9Cw,No,Female,73.0,White,False,True,1,1,0,0,0,1,0,0,0,0,0,0,1,0,0,0,1,0,0,1,0,0,0,0,0,0,0,0,
dg.MD1R/836b11ee-b38b-4696-80cd-3d0ce3ac9e05,10041569-sCqQ2j2VSESdt3Z-Bri-1g,CXR,10041569-sCqQ2j2VSESdt3Z-Bri-1g,No,Male,33.0,Black or African American,False,False,1,0,0,0,0,1,0,0,1,1,0,0,0,0,1,0,1,0,1,1,0,0,0,0,0,0,0,0,
dg.MD1R/c7e01be7-a744-42ed-9f8f-adb53d7b5398,10041569-NCqDv8OEUyQItLOWlNToA,CXR,10041569-NCqDv8OEUyQItLOWlNToA,Yes,Female,61.0,White,False,True,1,1,0,0,1,1,1,0,1,0,1,0,1,1,1,0,1,0,0,1,1,1,0,0,0,0,0,0,
dg.MD1R/7e462c8f-a3c9-4668-b419-2c784a838f54,10041569-VkAtI7Ck4UKnK6T79LNOA,CXR,,Yes,Female,67.0,White,False,False,1,0,0,0,0,0,0,0,0,0,0,0,0,0,0,0,0,0,0,0,0,0,0,0,0,0,0,0,
dg.MD1R/229ea8a6-ef28-4dbc-a547-d972f43f84a8,10041569-bby9LPwF70aJzo8PEE6d_Q,CXR,10041569-bby9LPwF70aJzo8PEE6d_Q,No,Female,61.0,White,False,False,1,0,0,0,0,0,0,0,0,0,0,0,0,0,0,0,0,1,0,1,0,0,1,0,0,0,0,0,
dg.MD1R/d005c9ae-43e7-48e8-801f-ffa591bcd775,10041569-GGVWxCvy0EqTLEezdu9k4Q,CXR,10041569-GGVWxCvy0EqTLEezdu9k4Q,No,Male,60.0,White,False,True,1,1,1,0,1,1,1,1,1,0,1,0,1,1,0,1,1,0,1,1,1,1,0,0,1,1,0,0,
dg.MD1R/d1bd8831-39ac-4457-9558-b95c4b022fae,10041569-zeLJ3E0bOUkcQXXZzxcug,CXR,,Yes,Female,57.0,Black or African American,False,False,1,0,0,0,0,0,0,0,0,0,0,0,0,0,0,0,0,0,0,0,0,0,0,0,0,0,0,0,
dg.MD1R/a7b72217-afc6-4bf0-a0da-8b0119be82f9,10041569-Rb8ximVD02Tf7e1NeFVFw,CXR,,Yes,Female,44.0,White,False,False,1,0,0,0,0,0,0,0,0,0,0,0,0,0,0,0,0,0,0,0,0,0,0,0,0,0,0,0,
dg.MD1R/600274e2-fe19-4af8-807b-90d31702df02,10041569-rvUbxRjfp0qJeI19pgqa6g,CXR,,Yes,Female,79.0,Black or African American,False,False,1,0,0,0,0,0,0,0,0,0,0,0,0,0,0,0,0,0,0,0,0,0,0,0,0,0,0,0,
dg.MD1R/3cb5e393-6653-40a6-afbd-d8aa29b71f2d,10041569-aoPnMEFqQkC6354FxeUJkA,CXR,10041569-aoPnMEFqQkC6354FxeUJkA,No,Male,38.0,White,False,True,1,1,1,0,1,1,1,1,1,0,1,1,1,0,1,1,1,0,0,1,0,1,0,0,1,1,0,0,
dg.MD1R/5523d1ef-b729-419b-9669-6700b54386b9,10003752-kfqUyPohA0OcAh700bIyfQ,CXR,10003752-kfqUyPohA0OcAh700bIyfQ,Yes,Male,46.0,Black or African American,,,1,0,0,0,0,0,0,0,0,0,0,0,0,0,0,0,0,0,0,0,0,0,0,0,0,0,0,0,
dg.MD1R/68b6ab68-e893-4546-95ec-3166f6e87f6e,10003752-pG2xdNIo0WKWoUrhtzAjA,CXR,10003752-pG2xdNIo0WKWoUrhtzAjA,Yes,Male,86.0,Black or African American,,,1,0,0,0,0,0,0,0,0,0,0,0,0,0,0,0,0,0,0,0,0,0,0,0,0,0,0,0,
dg.MD1R/62853d34-56bb-4ff2-b8c2-989585b070a7,10041569-s7WDgR0MeEu0b16bRjEQ,CXR,,Yes,Male,53.0,Not Reported,False,False,1,0,0,0,0,0,0,0,0,0,0,0,0,0,0,0,0,0,0,0,0,0,0,0,0,0,0,0,
dg.MD1R/ded48dee-5186-4b5e-a68a-c767474df3d4,10003752-roWuBPF8U097WDquvF2g,CXR,10003752-roWuBPF8U097WDquvF2g,Yes,Female,61.0,Black or African American,,,1,0,0,0,0,0,0,0,0,0,0,0,0,0,0,0,0,0,0,0,0,0,0,0,0,0,0,0,
dg.MD1R/50bf22bf-315a-454e-b677-719a2d6d3e9b,10003752-j38DFwXQKUKybtJljmgJOA,CXR,10003752-j38DFwXQKUKybtJljmgJOA,Yes,Male,35.0,Not Reported,,,1,0,0,0,0,0,0,0,0,0,0,0,0,0,0,0,0,0,0,0,0,0,0,0,0,0,0,0,
dg.MD1R/6c62d673-833a-43ab-b415-b0bce1945b78,10041569-kYAJEvyvdkqkSfAkUSJa9w,CXR,10041569-kYAJEvyvdkqkSfAkUSJa9w,No,Female,70.0,Black or African American,False,False,1,1,1,0,1,1,0,0,0,0,1,0,0,0,0,0,1,0,0,1,0,0,0,1,0,1,1,0,
dg.MD1R/73957a99-3893-43aa-9008-6621490d7d86,10041569-YIon3HGGUa4N81uJEoWmg,CXR,10041569-YIon3HGGUa4N81uJEoWmg,Yes,Male,84.0,Black or African American,False,False,1,1,1,0,1,1,1,0,1,0,1,0,1,0,1,1,1,1,1,1,1,1,0,0,0,1,0,0,
dg.MD1R/22523b79-0ee3-4fae-8eec-5c3d2e0a8fb2,10041569-Uk2A0hDbaEC9Rm8CmMPMcA,CXR,10041569-Uk2A0hDbaEC9Rm8CmMPMcA,No,Female,56.0,White,False,False,1,1,0,0,0,1,0,0,0,1,0,0,0,0,0,0,1,1,1,1,0,0,0,0,0,0,1,0,
dg.MD1R/1cc797da-4508-4b27-9a9b-d56662fba4fc,10003752-j38DFwXQKUKybtJljmgJOA,CXR,10003752-j38DFwXQKUKybtJljmgJOA,Yes,Male,35.0,Not Reported,,,1,0,0,0,0,0,0,0,0,0,0,0,0,0,0,0,0,0,0,0,0,0,0,0,0,0,0,0,
dg.MD1R/6e868f9e-d405-4806-9983-feffb286cf06,10041569-7piXnVyAEuOhKIy7k6O6Q,CXR,,Yes,Female,25.0,Black or African American,False,False,1,0,0,0,0,0,0,0,0,0,0,0,0,0,0,0,0,0,0,0,0,0,0,0,0,0,0,0,
dg.MD1R/58df8ce4-1540-4eaf-beb6-9b95a6c2a9cb,10041569-4XptqHQczkePmX7IJV5pmg,CXR,,Yes,Male,39.0,Black or African American,False,False,1,0,0,0,0,0,0,0,0,0,0,0,0,0,0,0,0,0,0,0,0,0,0,0,0,0,0,0,
dg.MD1R/3d12c262-b500-42d7-bf4c-5e88b939b285,10003752-tEMq3HgNkWSnvK2Nsh1OQ,CXR,10003752-tEMq3HgNkWSnvK2Nsh1OQ,Yes,Female,24.0,Black or African American,,,1,0,0,0,0,0,0,0,0,0,0,0,0,0,0,0,0,0,0,0,0,0,0,0,0,0,0,0,
dg.MD1R/383feaf6-d003-4979-923f-38f5a4c0d790,10041569-YYT8rIYlg0WD1x97cjP3vA,CXR,,Yes,Female,66.0,Black or African American,False,True,1,0,0,0,0,0,0,0,0,0,0,0,0,0,0,0,0,0,0,0,0,0,0,0,0,0,0,0,
dg.MD1R/ebd134e4-77d4-44b2-907f-574683782cf1,10041569-2irJqivCzU2Mcqe8vzhaqg,CXR,,Yes,Female,71.0,Asian,False,False,1,0,0,0,0,0,0,0,0,0,0,0,0,0,0,0,0,0,0,0,0,0,0,0,0,0,0,0,
dg.MD1R/1d2e4f47-cc75-4601-894d-b0518326f2d4,10041569-ByfEewqrVE2gvApfNAYfDw,CXR,,Yes,Male,64.0,White,False,True,1,0,0,0,0,0,0,0,0,0,0,0,0,0,0,0,0,0,0,0,0,0,0,0,0,0,0,0,
dg.MD1R/84285d69-1c7e-4c8e-86bb-cd4879feb616,10041569-CvRoolHjEEmYizLMsCXQZQ,CXR,,Yes,Female,37.0,Black or African American,False,False,1,0,0,0,0,0,0,0,0,0,0,0,0,0,0,0,0,0,0,0,0,0,0,0,0,0,0,0,
dg.MD1R/37c38265-8ff4-47cc-8355-bcd907aece16,10041569-qyn7o7O1MkWMKhOmffWoA,CXR,10041569-qyn7o7O1MkWMKhOmffWoA,Yes,Male,67.0,Black or African American,False,False,1,1,1,0,1,1,1,1,1,0,1,0,0,0,1,0,0,1,0,1,0,1,0,0,0,0,0,0,
dg.MD1R/9118fb93-9294-4504-aca7-283a68dc6090,10041569-gRDF5JOL8kanR1V2b2Y8Aw,CXR,,Yes,Female,63.0,Black or African American,False,False,1,0,0,0,0,0,0,0,0,0,0,0,0,0,0,0,0,0,0,0,0,0,0,0,0,0,0,0,
dg.MD1R/0813d72f-5af5-4c2f-bad1-0fe7b6c2603b,10041569-LfItI2eMXkC6VzY9hoJzwg,CXR,,Yes,Female,60.0,Black or African American,False,False,1,0,0,0,0,0,0,0,0,0,0,0,0,0,0,0,0,0,0,0,0,0,0,0,0,0,0,0,
dg.MD1R/312a7f54-be81-446e-b3f3-7978f7dd4122,10041569-wuCXDGeu0aT4M26EwLf8A,CXR,,Yes,Male,72.0,White,False,False,1,0,0,0,0,0,0,0,0,0,0,0,0,0,0,0,0,0,0,0,0,0,0,0,0,0,0,0,
dg.MD1R/5d37f367-9031-4e51-b1d8-ae486e7039e5,10041569-9ATblYQbdEeYoeu-hiiGrg,CXR,10041569-9ATblYQbdEeYoeu-hiiGrg,No,Male,38.0,White,False,True,1,1,1,1,1,1,1,1,1,0,1,0,1,0,1,0,1,0,1,1,1,1,0,0,1,1,0,0,
dg.MD1R/6d81cc10-fbaa-4868-93ca-726b814e0c52,10003752-QYvayfDR06A1F8xYGbA,CXR,10003752-QYvayfDR06A1F8xYGbA,Yes,Female,68.0,Black or African American,,,1,0,0,0,0,0,0,0,0,0,0,0,0,0,0,0,0,0,0,0,0,0,0,0,0,0,0,0,
dg.MD1R/352fa3b1-4eb5-443b-bf09-c01097e080dd,10041569-s1c6uhimZ0aYB03vxG9dPA,CXR,10041569-s1c6uhimZ0aYB03vxG9dPA,No,Female,65.0,White,False,False,1,0,0,0,0,0,0,0,0,0,0,0,0,0,0,0,1,1,0,1,0,0,0,0,0,0,0,0,
dg.MD1R/5aa26d7f-3a4f-4f32-982a-354fabca1c6d,10041569-cmDw1xU2IUufbv1eRC5Vwg,CXR,,Yes,Male,80.0,Black or African American,False,False,1,0,0,0,0,0,0,0,0,0,0,0,0,0,0,0,0,0,0,0,0,0,0,0,0,0,0,0,
dg.MD1R/1fb3a95f-d2e9-4db8-a51c-7446c34a9b5a,10041569-BAOtnXL21kGqXNMfRCrsPA,CXR,,Yes,Female,53.0,Black or African American,False,False,1,0,0,0,0,0,0,0,0,0,0,0,0,0,0,0,0,0,0,0,0,0,0,0,0,0,0,0,
dg.MD1R/b23c1342-a54c-405b-a6c3-e7c7f002a150,10003752-Yvr5gA17Qkm6C3Nr6ioNKQ,CXR,10003752-Yvr5gA17Qkm6C3Nr6ioNKQ,Yes,Female,81.0,Black or African American,,,1,0,0,0,0,0,0,0,0,0,0,0,0,0,0,0,0,0,0,0,0,0,0,0,0,0,0,0,
dg.MD1R/be3ae08d-651f-43e7-a64f-ac264b7bb879,10041569-Vkw64OnzkOqfAg5HGVn7g,CXR,10041569-Vkw64OnzkOqfAg5HGVn7g,Yes,Male,74.0,Black or African American,False,True,1,1,1,0,1,1,1,0,1,0,1,0,1,1,0,1,1,1,1,1,1,1,1,1,0,0,0,0,
dg.MD1R/7131528e-0fe3-4460-9df7-e0c650674a79,10003752-Eh32i1lgw0W2qWqiihLDA,CXR,10003752-Eh32i1lgw0W2qWqiihLDA,Yes,Female,60.0,Black or African American,,,1,0,0,0,0,0,0,0,0,0,0,0,0,0,0,0,0,0,0,0,0,0,0,0,0,0,0,0,
dg.MD1R/81efb742-297d-4fc8-ae04-e25d998936d2,10003752-p4paodp0OkeBa8hOTNFUA,CXR,10003752-p4paodp0OkeBa8hOTNFUA,Yes,Male,47.0,Black or African American,,,1,0,0,0,0,0,0,0,0,0,0,0,0,0,0,0,0,0,0,0,0,0,0,0,0,0,0,0,
dg.MD1R/384a6544-27a6-4a9c-8b3e-9cfbb5b297c6,10008204-yRVfw2RrJk2HKIhXVHNfdQ,CXR,10008204-yRVfw2RrJk2HKIhXVHNfdQ,Yes,Male,38.0,White,,,1,0,0,0,0,0,0,0,0,0,0,0,0,0,0,0,0,0,0,0,0,0,0,0,0,0,0,0,
dg.MD1R/221498a8-2c41-45e9-a8dd-8432a29e0009,10041569-c9PRC6Y3RE67w49RgS6h-w,CXR,10041569-c9PRC6Y3RE67w49RgS6h-w,No,Male,43.0,Not Reported,False,True,1,1,0,0,1,0,1,1,1,1,1,0,1,0,1,1,1,1,1,1,1,1,0,0,1,1,0,0,
dg.MD1R/490b0e4a-5b2d-4af2-a43b-6d2d75ca7928,10041569-yB8z_LbI0E-_zGehDSOH3w,CXR,10041569-yB8z_LbI0E-_zGehDSOH3w,No,Male,53.0,White,False,True,1,1,1,1,1,1,1,1,1,0,1,0,0,0,1,1,1,1,1,1,1,1,0,0,1,1,0,0,
dg.MD1R/55d8eaf6-2ad0-47a5-9e0e-666dc227ab94,10041569-iMI5FXtwRUqDzQruq8bM4g,CXR,,Yes,Female,52.0,White,False,False,1,0,0,0,0,0,0,0,0,0,0,0,0,0,0,0,0,0,0,0,0,0,0,0,0,0,0,0,
dg.MD1R/52f3651e-1566-46a3-b6a1-f2be663c592a,10041569-cNz7B2Ok30uyQXBywJTt8Q,CXR,,Yes,Female,63.0,White,False,False,1,0,0,0,0,0,0,0,0,0,0,0,0,0,0,0,0,0,0,0,0,0,0,0,0,0,0,0,
dg.MD1R/b6194d7f-1d62-43bf-85cc-c7c59f87f5ec,10041569-H2YoGqjclEqB2ul4locC3g,CXR,,Yes,Female,30.0,Black or African American,False,False,1,0,0,0,0,0,0,0,0,0,0,0,0,0,0,0,0,0,0,0,0,0,0,0,0,0,0,0,
dg.MD1R/04813b40-85d1-495e-a5cd-aa0e7ab670dc,10041569-XYlou49RRUmr75B5QoJM3A,CXR,,Yes,Female,73.0,White,False,True,1,0,0,0,0,0,0,0,0,0,0,0,0,0,0,0,0,0,0,0,0,0,0,0,0,0,0,0,
dg.MD1R/187b6993-92d2-4a41-b073-02ef14405239,10041569-8yHwroGoi0CRGi4VqlX6w,CXR,10041569-8yHwroGoi0CRGi4VqlX6w,Yes,Female,58.0,Black or African American,False,True,1,0,0,0,1,1,1,0,1,0,0,0,1,1,1,0,0,1,0,1,1,0,0,0,0,0,0,0,
dg.MD1R/45d70181-1ef7-4a92-8a95-c493b917120a,10041569-yB332uLW6kyv08ruc7bHg,CXR,,Yes,Female,47.0,Black or African American,False,False,1,0,0,0,0,0,0,0,0,0,0,0,0,0,0,0,0,0,0,0,0,0,0,0,0,0,0,0,
dg.MD1R/dd26021b-3f1f-4e7f-84bf-bd9c9784ffc0,10041569-D41xPbkwk0Kj3FCfb7rzg,CXR,,Yes,Male,74.0,White,False,False,1,0,0,0,0,0,0,0,0,0,0,0,0,0,0,0,0,0,0,0,0,0,0,0,0,0,0,0,
dg.MD1R/5c3c3519-a63b-4615-b4f9-6f55b47848b2,10041569-yyYxr1473EWV8OFxsPKgA,CXR,,Yes,Female,31.0,Black or African American,False,False,1,0,0,0,0,0,0,0,0,0,0,0,0,0,0,0,0,0,0,0,0,0,0,0,0,0,0,0,
dg.MD1R/9e50b5ec-893f-4ad5-9974-c1b3555d56dd,10003752-wFVOSOAl8USptd4hq6cjgQ,CXR,10003752-wFVOSOAl8USptd4hq6cjgQ,Yes,Male,63.0,Black or African American,,,1,0,0,0,0,0,0,0,0,0,0,0,0,0,0,0,0,0,0,0,0,0,0,0,0,0,0,0,
dg.MD1R/773353bc-c3ac-4c16-9def-e2e9c87dd9a7,10041569-QdRN6lwY0KRx76ZqQ3Zvg,CXR,,Yes,Female,50.0,Black or African American,False,True,1,0,0,0,0,0,0,0,0,0,0,0,0,0,0,0,0,0,0,0,0,0,0,0,0,0,0,0,
dg.MD1R/73d6dd44-4b38-4323-a336-16d939cb6489,10041569-5sISjzSa2kWfRngBl9xrpQ,CXR,,Yes,Female,63.0,White,False,True,1,0,0,0,0,0,0,0,0,0,0,0,0,0,0,0,0,0,0,0,0,0,0,0,0,0,0,0,
dg.MD1R/d766a87f-a851-405f-a575-0f3d58ff564a,10003752-CNSxclsgqESzpEFexbKiw,CXR,10003752-CNSxclsgqESzpEFexbKiw,Yes,Male,65.0,Not Reported,,,1,0,0,0,0,0,0,0,0,0,0,0,0,0,0,0,0,0,0,0,0,0,0,0,0,0,0,0,
dg.MD1R/346c68f5-e574-47ba-947a-1451e083e4ec,10008204-VFjRLLiSEyoM1iaejxBrQ,CXR,10008204-VFjRLLiSEyoM1iaejxBrQ,Yes,Female,24.0,White,False,False,1,0,0,0,0,0,0,0,0,0,0,0,0,0,0,0,0,0,0,0,0,0,0,0,0,0,0,0,
dg.MD1R/9645516c-f6a5-4d26-abf8-e712384d4992,10041569-CE2a1sLvD0ScyQ91mxTPA,CXR,,Yes,Male,80.0,Black or African American,False,False,1,0,0,0,0,0,0,0,0,0,0,0,0,0,0,0,0,0,0,0,0,0,0,0,0,0,0,0,
dg.MD1R/2bef3818-9db0-42e0-a6fd-b255db733424,10041569-yXSGmGj8Em3lwd2Lv6hgg,CXR,10041569-yXSGmGj8Em3lwd2Lv6hgg,Yes,Female,48.0,Black or African American,False,False,1,0,0,0,0,0,0,0,1,1,0,0,0,0,0,0,1,1,0,1,0,0,0,0,0,0,0,0,
dg.MD1R/5822cf76-1ed6-45bb-beac-f73097164d8c,10041569-g8yV7vdfdEiXO2QZwv1Fg,CXR,,Yes,Female,62.0,White,False,False,1,0,0,0,0,0,0,0,0,0,0,0,0,0,0,0,0,0,0,0,0,0,0,0,0,0,0,0,
dg.MD1R/7fc124b6-5e5f-48b8-979c-a136d0c9934f,10041569-hX5BQjD5tEiMAyiei6jmFA,CXR,,Yes,Female,65.0,White,False,False,1,0,0,0,0,0,0,0,0,0,0,0,0,0,0,0,0,0,0,0,0,0,0,0,0,0,0,0,
dg.MD1R/a39a56b0-f8f5-4405-84d4-72efa55c62ac,10041569-Byxz1ekRrUqijbLSlIS1fg,CXR,,Yes,Male,34.0,White,False,True,1,0,0,0,0,0,0,0,0,0,0,0,0,0,0,0,0,0,0,0,0,0,0,0,0,0,0,0,
dg.MD1R/fd54e51e-aa1f-46f4-95d2-8c1d5cba3d2b,10003752-nruMdpMIZkWBbnCZqOOgg,CXR,10003752-nruMdpMIZkWBbnCZqOOgg,Yes,Female,64.0,White,,,1,0,0,0,0,0,0,0,0,0,0,0,0,0,0,0,0,0,0,0,0,0,0,0,0,0,0,0,
dg.MD1R/36e2f29f-01d8-47f8-9a31-1e85ecba58a1,10041569-R66KCZH9H0WtKJ9wGbQwUw,CXR,,Yes,Female,24.0,White,False,False,1,0,0,0,0,0,0,0,0,0,0,0,0,0,0,0,0,0,0,0,0,0,0,0,0,0,0,0,
dg.MD1R/12632f27-f0c8-4da2-bdcb-8cefb6ac5dec,10041569-yF4WgsCpkS2ZrxpAc5w,CXR,,Yes,Female,22.0,Black or African American,False,False,1,0,0,0,0,0,0,0,0,0,0,0,0,0,0,0,0,0,0,0,0,0,0,0,0,0,0,0,
dg.MD1R/d56683f6-f114-40c9-817f-c3d9c63f475c,10003752-sHUuXVGr4EycMaUgIHRnzA,CXR,10003752-sHUuXVGr4EycMaUgIHRnzA,Yes,Female,7.0,White,,,1,0,0,0,0,0,0,0,0,0,0,0,0,0,0,0,0,0,0,0,0,0,0,0,0,0,0,0,
dg.MD1R/7124d3cb-e979-40a6-96fa-fce32b5b52c1,10041569-nTuIrwNsz0in3XAUuQe-Kw,CXR,10041569-nTuIrwNsz0in3XAUuQe-Kw,No,Female,43.0,White,False,True,1,1,0,1,1,1,1,1,1,0,1,0,1,1,1,1,1,1,1,1,0,0,0,0,1,1,0,0,
dg.MD1R/9f5de925-9b4c-4e6d-a0f5-3f6486f46fcd,10041569-Cik4dUQCB0GWiueIuzsFA,CXR,,Yes,Female,81.0,White,False,False,1,0,0,0,0,0,0,0,0,0,0,0,0,0,0,0,0,0,0,0,0,0,0,0,0,0,0,0,
dg.MD1R/7c53c17d-b490-40c8-a69b-dddba4e8d6ad,10041569-rdL12m75aU6AT4OZNtG2Aw,CXR,10041569-rdL12m75aU6AT4OZNtG2Aw,Yes,Male,51.0,Black or African American,False,True,1,1,1,0,0,1,1,0,1,1,1,0,1,0,1,1,1,1,1,1,1,1,0,0,0,0,1,0,
dg.MD1R/d74602f0-d177-499c-bc23-36e75e8fa80b,10008204-zGKLNK5RHEelmVWaJdZZzA,CXR,10008204-zGKLNK5RHEelmVWaJdZZzA,Yes,Female,72.0,White,,,1,0,0,0,0,0,0,0,0,0,0,0,0,0,0,0,0,0,0,0,0,0,0,0,0,0,0,0,
dg.MD1R/b3aed32e-0a26-4656-8231-2752ebfd2e8f,10041569-cWR0wAwuWkGfh9Rd5RFQFQ,CXR,,Yes,Female,27.0,White,False,False,1,0,0,0,0,0,0,0,0,0,0,0,0,0,0,0,0,0,0,0,0,0,0,0,0,0,0,0,
dg.MD1R/6fd3ae7d-58a5-450a-902c-cb99fe0b50a5,10041569-LAFdjcM100-NPg4V47aZoA,CXR,10041569-LAFdjcM100-NPg4V47aZoA,No,Female,66.0,White,False,False,1,0,0,0,0,1,0,0,1,1,1,0,0,1,0,0,1,0,0,1,1,0,0,0,1,1,0,0,
dg.MD1R/40e1a9b9-696f-433d-a10b-a77499b496cc,10041569-sCqQ2j2VSESdt3Z-Bri-1g,CXR,10041569-sCqQ2j2VSESdt3Z-Bri-1g,No,Male,33.0,Black or African American,False,False,1,0,0,0,0,1,0,0,1,1,0,0,0,0,1,0,1,0,1,1,0,0,0,0,0,0,0,0,
dg.MD1R/2b9265f1-bfd2-4f71-952e-9844ff365c00,10041569-duQ1bDU8FEmyZLzZSfs4cQ,CXR,,Yes,Female,63.0,Black or African American,False,True,1,0,0,0,0,0,0,0,0,0,0,0,0,0,0,0,0,0,0,0,0,0,0,0,0,0,0,0,
dg.MD1R/9d7af328-6c3f-44d2-b70f-84ea0b5dda2d,10041569-aClV2Dhbo0CjHxmvxB1Pvg,CXR,,Yes,Male,53.0,Black or African American,False,True,1,0,0,0,0,0,0,0,0,0,0,0,0,0,0,0,0,0,0,0,0,0,0,0,0,0,0,0,
dg.MD1R/890c452f-7c57-4d61-bb20-87205aad393c,10041569-sIstjXQWDUW52pDKv6mUCA,CXR,,Yes,Male,60.0,Asian,False,False,1,0,0,0,0,0,0,0,0,0,0,0,0,0,0,0,0,0,0,0,0,0,0,0,0,0,0,0,
dg.MD1R/31b07848-503c-4dfc-bddf-3b1401a68270,10003752-UGpHv5MTv0Cz34c8xZoDg,CXR,10003752-UGpHv5MTv0Cz34c8xZoDg,Yes,Male,15.0,Black or African American,,,1,0,0,0,0,0,0,0,0,0,0,0,0,0,0,0,0,0,0,0,0,0,0,0,0,0,0,0,
dg.MD1R/fc34f648-b553-47bc-8ecf-c1aa65e4f616,10041569-xGNtjSYtMUqC52UhnBf3zw,CXR,,Yes,Female,58.0,White,False,False,1,0,0,0,0,0,0,0,0,0,0,0,0,0,0,0,0,0,0,0,0,0,0,0,0,0,0,0,
dg.MD1R/e7be7860-e467-4ce6-bc87-0c70921e72d6,10041569-A5an5PWewEiPDATujwqF8w,CXR,,Yes,Female,31.0,Black or African American,False,False,1,0,0,0,0,0,0,0,0,0,0,0,0,0,0,0,0,0,0,0,0,0,0,0,0,0,0,0,
dg.MD1R/b7806a7c-4dc7-41f9-8ead-92af3f7d5309,10041569-Y5QueI1QJUuDVgmocdtLA,CXR,,Yes,Male,49.0,White,False,False,1,0,0,0,0,0,0,0,0,0,0,0,0,0,0,0,0,0,0,0,0,0,0,0,0,0,0,0,
dg.MD1R/a35b0d15-91ae-40a0-bc6d-bddd19240c7d,10041569-NUYO2CquUyyaBEhtOpz2Q,CXR,,Yes,Male,28.0,Black or African American,False,False,1,0,0,0,0,0,0,0,0,0,0,0,0,0,0,0,0,0,0,0,0,0,0,0,0,0,0,0,
dg.MD1R/14ebcd7d-0160-49e2-bbde-15708405b5de,10041569-Q5Jw5krECTgpWEmu1HEw,CXR,,Yes,Female,19.0,Black or African American,False,False,1,0,0,0,0,0,0,0,0,0,0,0,0,0,0,0,0,0,0,0,0,0,0,0,0,0,0,0,
dg.MD1R/7c8d4fc4-c856-47ac-921d-2b114a33cf0a,10003752-AZScbZnHZESRuq4aqfEpg,CXR,10003752-AZScbZnHZESRuq4aqfEpg,Yes,Male,64.0,White,,,1,0,0,0,0,0,0,0,0,0,0,0,0,0,0,0,0,0,0,0,0,0,0,0,0,0,0,0,
dg.MD1R/be2f2ab5-e970-41c4-bf46-0716a7076fa3,10041569-TKI26lt81EeD5djnqITRCQ,CXR,,Yes,Male,31.0,White,False,False,1,0,0,0,0,0,0,0,0,0,0,0,0,0,0,0,0,0,0,0,0,0,0,0,0,0,0,0,
dg.MD1R/c5c9e93d-4381-40e9-a8ea-8afcf0332487,10041569-0nIpd8Ma0myiyJcyDqzEQ,CXR,,Yes,Female,29.0,Black or African American,False,False,1,0,0,0,0,0,0,0,0,0,0,0,0,0,0,0,0,0,0,0,0,0,0,0,0,0,0,0,
dg.MD1R/92a5915c-a765-461f-80f8-0a5f0dbf220d,10008204-RzyiAtJEE0ybFAuCqBkSag,CXR,10008204-RzyiAtJEE0ybFAuCqBkSag,Yes,Female,82.0,Black or African American,False,False,1,0,0,0,0,0,0,0,0,0,0,0,0,0,0,0,0,0,0,0,0,0,0,0,0,0,0,0,
dg.MD1R/5639a179-43f4-43a4-b4db-a6d9a0b6044a,10003752-FviYBMYGi0yzht7r5A1Vw,CXR,10003752-FviYBMYGi0yzht7r5A1Vw,Yes,Female,20.0,White,,,1,0,0,0,0,0,0,0,0,0,0,0,0,0,0,0,0,0,0,0,0,0,0,0,0,0,0,0,
dg.MD1R/e1c1f012-d0c9-40d0-9369-e40696d26e75,10003752-Yhyaan3b0iJScl6rThuQ,CXR,10003752-Yhyaan3b0iJScl6rThuQ,Yes,Male,75.0,White,,,1,0,0,0,0,0,0,0,0,0,0,0,0,0,0,0,0,0,0,0,0,0,0,0,0,0,0,0,
dg.MD1R/70791a37-9cb6-4007-9824-e9878a75347c,10041569-GfSL9wT760O8VGvXOgggbw,CXR,,Yes,Female,62.0,Black or African American,False,False,1,0,0,0,0,0,0,0,0,0,0,0,0,0,0,0,0,0,0,0,0,0,0,0,0,0,0,0,
dg.MD1R/990f9f51-8a20-493f-b449-11fce52344c4,10008204-LI9UQgZhq0OcvZ75kJOGKw,CXR,10008204-LI9UQgZhq0OcvZ75kJOGKw,Yes,Male,72.0,White,,,1,0,0,0,0,0,0,0,0,0,0,0,0,0,0,0,0,0,0,0,0,0,0,0,0,0,0,0,
dg.MD1R/e68370ab-10ae-4cfb-9abb-1c090b222947,10041569-TtcBALf7g0qJTJ8mFtD9A,CXR,,Yes,Male,29.0,Black or African American,False,False,1,0,0,0,0,0,0,0,0,0,0,0,0,0,0,0,0,0,0,0,0,0,0,0,0,0,0,0,
dg.MD1R/0609d57e-97a9-4524-b01d-3254c1f3a009,10041569-vsvMCFFqmkm7JsNySllWHA,CXR,10041569-vsvMCFFqmkm7JsNySllWHA,No,Female,22.0,Black or African American,False,False,1,1,0,0,0,0,0,0,1,1,0,0,0,0,1,0,1,1,0,1,0,0,0,0,0,0,1,0,
dg.MD1R/48ad19a1-7f7c-4aba-a021-87b93fad64e3,10003752-DN4iq32WkKT8nl5gDNwJg,CXR,10003752-DN4iq32WkKT8nl5gDNwJg,Yes,Female,77.0,Black or African American,,,1,0,0,0,0,0,0,0,0,0,0,0,0,0,0,0,0,0,0,0,0,0,0,0,0,0,0,0,
dg.MD1R/958be9fa-3082-4012-8a92-2644bd8cffbb,10041569-PjjRgDQln0uF2czbEYw,CXR,10041569-PjjRgDQln0uF2czbEYw,Yes,Male,82.0,White,False,True,1,1,1,0,0,1,1,0,1,0,1,0,1,1,1,1,1,1,1,1,0,0,1,0,0,0,0,0,
dg.MD1R/6e505a12-b122-41d5-9639-a7efb8caff4c,10041569-vhfIuJz8Q0iWVcUo44j4w,CXR,,Yes,Female,48.0,Black or African American,False,True,1,0,0,0,0,0,0,0,0,0,0,0,0,0,0,0,0,0,0,0,0,0,0,0,0,0,0,0,
dg.MD1R/5797338e-b581-4267-8051-1a414921bba1,10003752-Umv3XVYblEe9sA5ArqHihw,CXR,10003752-Umv3XVYblEe9sA5ArqHihw,Yes,Female,87.0,White,,,1,0,0,0,0,0,0,0,0,0,0,0,0,0,0,0,0,0,0,0,0,0,0,0,0,0,0,0,
dg.MD1R/43db378b-fcdf-4ff7-b53b-213a07cd2058,10003752-MIyaQjUiBEa4CYWt9Py1A,CXR,10003752-MIyaQjUiBEa4CYWt9Py1A,Yes,Female,38.0,Black or African American,,,1,0,0,0,0,0,0,0,0,0,0,0,0,0,0,0,0,0,0,0,0,0,0,0,0,0,0,0,
dg.MD1R/b1a1ab99-26d0-444a-a69b-45361045205c,10041569-CD5ICRIi0kOfo9IGtpkQQ,CXR,,Yes,Male,52.0,White,False,False,1,0,0,0,0,0,0,0,0,0,0,0,0,0,0,0,0,0,0,0,0,0,0,0,0,0,0,0,
dg.MD1R/fdee3465-ccd0-431b-b617-f8ef2cc81c97,10008204-CKxXxA9M0SEgAspmKfyw,CXR,10008204-CKxXxA9M0SEgAspmKfyw,Yes,Female,78.0,White,,,1,0,0,0,0,0,0,0,0,0,0,0,0,0,0,0,0,0,0,0,0,0,0,0,0,0,0,0,
dg.MD1R/8086e19e-75eb-479d-aa3c-6af29cf2586b,10041569-95CICqjg06UK9RIj0ynuQ,CXR,,Yes,Male,76.0,White,False,True,1,0,0,0,0,0,0,0,0,0,0,0,0,0,0,0,0,0,0,0,0,0,0,0,0,0,0,0,
dg.MD1R/1c778ae7-5449-4a25-9a32-e825f490a7dd,10041569-4JMSJk3TZkSXHFKkn815Q,CXR,,Yes,Female,54.0,White,False,False,1,0,0,0,0,0,0,0,0,0,0,0,0,0,0,0,0,0,0,0,0,0,0,0,0,0,0,0,
dg.MD1R/45b84609-8d70-4eee-b3f3-9e0c1db8b04d,10003752-GQufG7gNYU2DGKXc8RhZKA,CXR,10003752-GQufG7gNYU2DGKXc8RhZKA,Yes,Male,50.0,Black or African American,,,1,0,0,0,0,0,0,0,0,0,0,0,0,0,0,0,0,0,0,0,0,0,0,0,0,0,0,0,
dg.MD1R/677d1be2-b076-4cd0-8143-806d095fa3e0,10003752-p4paodp0OkeBa8hOTNFUA,CXR,10003752-p4paodp0OkeBa8hOTNFUA,Yes,Male,47.0,Black or African American,,,1,0,0,0,0,0,0,0,0,0,0,0,0,0,0,0,0,0,0,0,0,0,0,0,0,0,0,0,
dg.MD1R/7eb0113b-b3aa-4e39-86f2-42046f699ae8,10041569-6eSXCBgEWkKSSXyZLOaACQ,CXR,,Yes,Female,60.0,Black or African American,False,False,1,0,0,0,0,0,0,0,0,0,0,0,0,0,0,0,0,0,0,0,0,0,0,0,0,0,0,0,
dg.MD1R/798f8b5e-da84-4c6f-8430-9c1e8905faef,10003752-Eh32i1lgw0W2qWqiihLDA,CXR,10003752-Eh32i1lgw0W2qWqiihLDA,Yes,Female,60.0,Black or African American,,,1,0,0,0,0,0,0,0,0,0,0,0,0,0,0,0,0,0,0,0,0,0,0,0,0,0,0,0,
dg.MD1R/e29cabbb-751e-4d74-ad78-9f7bb469e182,10041569-9II6IB8jYkSYcpBfxvL1-w,CXR,10041569-9II6IB8jYkSYcpBfxvL1-w,No,Female,65.0,White,False,True,1,1,1,0,1,1,1,1,1,0,1,0,0,1,1,1,1,1,0,1,1,1,0,0,1,0,0,0,
dg.MD1R/da4698f3-bd10-4231-82d6-d8ebcac6e354,10008204-zGKLNK5RHEelmVWaJdZZzA,CXR,10008204-zGKLNK5RHEelmVWaJdZZzA,Yes,Female,72.0,White,,,1,0,0,0,0,0,0,0,0,0,0,0,0,0,0,0,0,0,0,0,0,0,0,0,0,0,0,0,
dg.MD1R/ccb84db6-d887-4538-9c74-f602811f7ace,10041569-kv68cRqEJEK1grjstJZ9w,CXR,,Yes,Male,30.0,Black or African American,False,False,1,0,0,0,0,0,0,0,0,0,0,0,0,0,0,0,0,0,0,0,0,0,0,0,0,0,0,0,
dg.MD1R/faebfae9-3c31-44c4-86d1-0cd3dba9ff04,10041569-3kRu58Ub7UeQTOBNrOvWEw,CXR,10041569-3kRu58Ub7UeQTOBNrOvWEw,No,Female,38.0,Not Reported,False,False,1,0,0,0,0,0,1,0,0,0,0,0,0,0,0,0,1,0,1,0,0,0,0,0,0,0,0,0,
dg.MD1R/d84686c4-a4b1-43b7-b635-f81b645a8955,10041569-3lnibsNs80ab2sRgBcDT4A,CXR,,Yes,Female,19.0,Black or African American,False,False,1,0,0,0,0,0,0,0,0,0,0,0,0,0,0,0,0,0,0,0,0,0,0,0,0,0,0,0,
dg.MD1R/0c33b2cd-b90b-426e-8769-163cc7ba2f54,10041569-TGY4mJ7dkWTiuTbnXoyA,CXR,,Yes,Female,44.0,Black or African American,False,True,1,0,0,0,0,0,0,0,0,0,0,0,0,0,0,0,0,0,0,0,0,0,0,0,0,0,0,0,
dg.MD1R/d8ccdac4-a3f5-4420-9271-6e18cc4a72ca,10041569-UkDzBMOWTUuFKA5uKIogwg,CXR,,Yes,Female,28.0,White,False,False,1,0,0,0,0,0,0,0,0,0,0,0,0,0,0,0,0,0,0,0,0,0,0,0,0,0,0,0,
dg.MD1R/c9baa14c-563a-4e42-b502-13509651b710,10041569-RFAY8hJ7V0SGscjB9xMk9g,CXR,,Yes,Male,59.0,White,False,False,1,0,0,0,0,0,0,0,0,0,0,0,0,0,0,0,0,0,0,0,0,0,0,0,0,0,0,0,
dg.MD1R/4f8aa878-e53a-493a-9de1-192ba9b8a233,10041569-hayfjcHxj0iaxd3T0KKGcA,CXR,,Yes,Female,23.0,Not Reported,False,False,1,0,0,0,0,0,0,0,0,0,0,0,0,0,0,0,0,0,0,0,0,0,0,0,0,0,0,0,
dg.MD1R/4436ad90-2fc4-4245-b2d3-b2af828c6b17,10041569-njhKRQHuqUKOQt0R5cO1Sw,CXR,,Yes,Female,35.0,Black or African American,False,False,1,0,0,0,0,0,0,0,0,0,0,0,0,0,0,0,0,0,0,0,0,0,0,0,0,0,0,0,
dg.MD1R/551af3a9-a29e-420a-ae02-3617d951a8b2,10041569-rcupwQjzMUeTsOgzbyk0Ig,CXR,,Yes,Male,64.0,Black or African American,False,False,1,0,0,0,0,0,0,0,0,0,0,0,0,0,0,0,0,0,0,0,0,0,0,0,0,0,0,0,
dg.MD1R/e664b327-b338-4808-9356-f44b3a240fe6,10041569-c14D3XBUu3ak5rTjgCg,CXR,10041569-c14D3XBUu3ak5rTjgCg,Yes,Female,67.0,White,False,True,1,1,0,0,1,1,1,0,1,1,1,1,1,1,1,1,0,1,1,1,1,0,0,0,0,0,0,0,
dg.MD1R/51138b84-4596-45fc-a631-9700a6fe0c0d,10041569-Eyw77hezhUiVNzTMGZB8Q,CXR,,Yes,Male,58.0,White,False,False,1,0,0,0,0,0,0,0,0,0,0,0,0,0,0,0,0,0,0,0,0,0,0,0,0,0,0,0,
dg.MD1R/4db08c44-548d-492c-a2e4-d2f15a6c2c4c,10003752-nP0IQvVOUqtkqN4EGBwAw,CXR,10003752-nP0IQvVOUqtkqN4EGBwAw,Yes,Male,13.0,Black or African American,,,1,0,0,0,0,0,0,0,0,0,0,0,0,0,0,0,0,0,0,0,0,0,0,0,0,0,0,0,
dg.MD1R/6ce7130d-2cf7-4128-8d9e-b2587c10d457,10041569-hEFFkyfFG0Ko5EX70iNgSA,CXR,,Yes,Female,65.0,Asian,False,True,1,0,0,0,0,0,0,0,0,0,0,0,0,0,0,0,0,0,0,0,0,0,0,0,0,0,0,0,
dg.MD1R/ab9f8729-1a03-47e6-ad9b-257030d9ee50,10041569-Vkw64OnzkOqfAg5HGVn7g,CXR,10041569-Vkw64OnzkOqfAg5HGVn7g,Yes,Male,74.0,Black or African American,False,True,1,1,1,0,1,1,1,0,1,0,1,0,1,1,0,1,1,1,1,1,1,1,1,1,0,0,0,0,
dg.MD1R/c0dcf777-4eec-49fb-934f-b22f59e7e942,10003752-LL61zGbQjUMnZoFmGjjbQ,CXR,10003752-LL61zGbQjUMnZoFmGjjbQ,Yes,Male,66.0,Black or African American,,,1,0,0,0,0,0,0,0,0,0,0,0,0,0,0,0,0,0,0,0,0,0,0,0,0,0,0,0,
dg.MD1R/57d94430-f51c-4f7b-a020-d5941a8f5df9,10003752-qPdWvuZx00WG5ef9EHBRg,CXR,10003752-qPdWvuZx00WG5ef9EHBRg,Yes,Female,62.0,Black or African American,,,1,0,0,0,0,0,0,0,0,0,0,0,0,0,0,0,0,0,0,0,0,0,0,0,0,0,0,0,
dg.MD1R/ff341131-ed8e-43d1-9518-a3acd35de612,10041569-gD9D6Lp7VEujoAynrEs6BQ,CXR,,Yes,Female,,Black or African American,False,False,1,0,0,0,0,0,0,0,0,0,0,0,0,0,0,0,0,0,0,0,0,0,0,0,0,0,0,0,
dg.MD1R/889e15cd-5aa7-43d2-9723-1e7af2b972e0,10041569-YIon3HGGUa4N81uJEoWmg,CXR,10041569-YIon3HGGUa4N81uJEoWmg,Yes,Male,84.0,Black or African American,False,False,1,1,1,0,1,1,1,0,1,0,1,0,1,0,1,1,1,1,1,1,1,1,0,0,0,1,0,0,
dg.MD1R/e9ca83d9-8dba-4d90-8f9b-b4edb49bfec9,10003752-XlvGWKmDh0a2shIBnQQA,CXR,10003752-XlvGWKmDh0a2shIBnQQA,Yes,Male,79.0,White,,,1,0,0,0,0,0,0,0,0,0,0,0,0,0,0,0,0,0,0,0,0,0,0,0,0,0,0,0,
dg.MD1R/0d65a094-be33-4bd3-8845-f2dcd9293798,10041569-qolGpJQKaEe4hOb6KO9i6w,CXR,,Yes,Female,18.0,White,False,False,1,0,0,0,0,0,0,0,0,0,0,0,0,0,0,0,0,0,0,0,0,0,0,0,0,0,0,0,
dg.MD1R/80d1cfd3-860b-45b5-8f39-efee2a0c5c97,10041569-F5KX64WBxkKnIEBiXszwdA,CXR,,Yes,Female,55.0,Black or African American,False,False,1,0,0,0,0,0,0,0,0,0,0,0,0,0,0,0,0,0,0,0,0,0,0,0,0,0,0,0,
dg.MD1R/c5326dd1-9d6a-4b9b-8a28-fb1f59ea1c66,10041569-OcGZqF9xSEmyAoLNAj7pw,CXR,,Yes,Female,32.0,Black or African American,False,False,1,0,0,0,0,0,0,0,0,0,0,0,0,0,0,0,0,0,0,0,0,0,0,0,0,0,0,0,
dg.MD1R/74f77832-8e41-4ba0-aa2f-ac669eae1d00,10041569-xRjAjEXHiU2JdfvVhnytNQ,CXR,,Yes,Female,42.0,Black or African American,False,False,1,0,0,0,0,0,0,0,0,0,0,0,0,0,0,0,0,0,0,0,0,0,0,0,0,0,0,0,
dg.MD1R/04d6b875-26c3-48da-8ca7-af3668e0459c,10041569-8e2nOJNlG0ydWjHEprXRAA,CXR,,Yes,Male,35.0,Black or African American,False,False,1,0,0,0,0,0,0,0,0,0,0,0,0,0,0,0,0,0,0,0,0,0,0,0,0,0,0,0,
dg.MD1R/40deab00-2308-4633-b389-890a06078772,10041569-UYVmAlS4EKHSM1UhfXqlg,CXR,,Yes,Female,38.0,Black or African American,False,False,1,0,0,0,0,0,0,0,0,0,0,0,0,0,0,0,0,0,0,0,0,0,0,0,0,0,0,0,
dg.MD1R/c1eaa7b8-04b6-44fb-a26e-9afe4c0306a6,10041569-EYifIktbxUCZ16noWU6gEg,CXR,,Yes,Female,34.0,Black or African American,False,False,1,0,0,0,0,0,0,0,0,0,0,0,0,0,0,0,0,0,0,0,0,0,0,0,0,0,0,0,
dg.MD1R/6e78dfce-a4ff-4766-89d7-d37dc8d9a714,10041569-DheYGUzEkubskNYenQQ,CXR,,Yes,Female,53.0,Black or African American,False,False,1,0,0,0,0,0,0,0,0,0,0,0,0,0,0,0,0,0,0,0,0,0,0,0,0,0,0,0,
dg.MD1R/15a4e24e-be9e-48a2-adde-68a6c74d9894,10003752-GXd5leIR0keymz2aibdLg,CXR,10003752-GXd5leIR0keymz2aibdLg,Yes,Male,31.0,White,,,1,0,0,0,0,0,0,0,0,0,0,0,0,0,0,0,0,0,0,0,0,0,0,0,0,0,0,0,
dg.MD1R/9db4d9bb-ce89-4678-ab84-70b3fe2b5de2,10041569-u68tG695k66A4jvhDJ9sg,CXR,,Yes,Female,32.0,Black or African American,False,False,1,0,0,0,0,0,0,0,0,0,0,0,0,0,0,0,0,0,0,0,0,0,0,0,0,0,0,0,
dg.MD1R/3025915b-b032-4eab-9dbd-99b31f89ece4,10041569-yPFMglxjG0WKW6S-u8xt1g,CXR,10041569-yPFMglxjG0WKW6S-u8xt1g,No,Female,65.0,White,False,False,1,0,0,0,0,0,0,0,0,0,0,0,0,0,0,0,0,0,0,1,0,0,0,0,0,0,0,0,
dg.MD1R/804b70bf-fac8-406f-92df-ef9f76099974,10041569-SbTyRL7jEKE3tLYvdZ8lw,CXR,,Yes,Male,55.0,White,False,True,1,0,0,0,0,0,0,0,0,0,0,0,0,0,0,0,0,0,0,0,0,0,0,0,0,0,0,0,
dg.MD1R/c1420362-0f7a-4656-b44d-5a1c495cdb5f,10041569-vNDCu3G8N02AZDQDP4_3-Q,CXR,10041569-vNDCu3G8N02AZDQDP4_3-Q,No,Female,45.0,White,False,False,1,0,0,0,0,0,0,0,0,0,0,0,0,0,0,0,0,0,0,0,0,0,0,0,0,0,0,0,
dg.MD1R/f539b208-7461-44cf-847c-4f15fc227fab,10041569-GGVWxCvy0EqTLEezdu9k4Q,CXR,10041569-GGVWxCvy0EqTLEezdu9k4Q,No,Male,60.0,White,False,True,1,1,1,0,1,1,1,1,1,0,1,0,1,1,0,1,1,0,1,1,1,1,0,0,1,1,0,0,
dg.MD1R/bd0bad9f-dcec-4b1f-8d41-87bdc02b68c3,10041569-lg53TULmHkSCWRAij9nJg,CXR,,Yes,Female,47.0,Black or African American,False,True,1,0,0,0,0,0,0,0,0,0,0,0,0,0,0,0,0,0,0,0,0,0,0,0,0,0,0,0,
dg.MD1R/5f1634fe-150d-4ab1-9838-f2acf6efcc98,10003752-v9ffzK4Xk2PAGsqvfRhA,CXR,10003752-v9ffzK4Xk2PAGsqvfRhA,Yes,Female,50.0,White,,,1,0,0,0,0,0,0,0,0,0,0,0,0,0,0,0,0,0,0,0,0,0,0,0,0,0,0,0,
dg.MD1R/bb6303b4-d307-49a1-825b-15f356e06430,10041569-ilfzPUlE0mJE4Zcth2KWQ,CXR,,Yes,Male,67.0,Black or African American,False,False,1,0,0,0,0,0,0,0,0,0,0,0,0,0,0,0,0,0,0,0,0,0,0,0,0,0,0,0,
dg.MD1R/4697f522-beb9-4118-956f-520b3121ab17,10041569-vyWJLDIgPUNeyelnjVaYQ,CXR,,Yes,Female,69.0,Black or African American,False,False,1,0,0,0,0,0,0,0,0,0,0,0,0,0,0,0,0,0,0,0,0,0,0,0,0,0,0,0,
dg.MD1R/6db22f4c-6c96-4eef-a695-7fa01a70b517,10041569-yMrh4Vadz0Cc6lOGOcJ2BA,CXR,,Yes,Male,61.0,Black or African American,False,False,1,0,0,0,0,0,0,0,0,0,0,0,0,0,0,0,0,0,0,0,0,0,0,0,0,0,0,0,
dg.MD1R/acefcc55-adda-4dcb-97b3-5a17742914f5,10003752-fZui5YZCAUCrK5WaUg2Wyg,CXR,10003752-fZui5YZCAUCrK5WaUg2Wyg,Yes,Male,38.0,Black or African American,,,1,0,0,0,0,0,0,0,0,0,0,0,0,0,0,0,0,0,0,0,0,0,0,0,0,0,0,0,
dg.MD1R/16ec838c-6b6f-4b7e-9958-3fc7ecbe3b89,10003752-fZui5YZCAUCrK5WaUg2Wyg,CXR,10003752-fZui5YZCAUCrK5WaUg2Wyg,Yes,Male,38.0,Black or African American,,,1,0,0,0,0,0,0,0,0,0,0,0,0,0,0,0,0,0,0,0,0,0,0,0,0,0,0,0,
dg.MD1R/c96665ec-cf51-4a3e-9fb2-7625e14b0ea5,10041569-tDUCcQmeUe1RVfMGaj7Kg,CXR,,Yes,Male,33.0,Black or African American,False,False,1,0,0,0,0,0,0,0,0,0,0,0,0,0,0,0,0,0,0,0,0,0,0,0,0,0,0,0,
dg.MD1R/06118aac-9e79-4fda-b1e4-b819ac2c8f64,10041569-sfTskkTw60WqjXYNEiVcAw,CXR,,Yes,Female,78.0,Not Reported,False,False,1,0,0,0,0,0,0,0,0,0,0,0,0,0,0,0,0,0,0,0,0,0,0,0,0,0,0,0,
dg.MD1R/a7c81782-8507-4fae-b8cf-1f352927eea1,10041569-erIZI2ETU6VRXP6ty96sw,CXR,,Yes,Female,47.0,Black or African American,False,False,1,0,0,0,0,0,0,0,0,0,0,0,0,0,0,0,0,0,0,0,0,0,0,0,0,0,0,0,
dg.MD1R/c99dc40c-2ca2-480c-874f-8a04d8fe6aa9,10041569-2nRokNsYUkuK92A5mhnr4A,CXR,,Yes,Female,61.0,Black or African American,False,True,1,0,0,0,0,0,0,0,0,0,0,0,0,0,0,0,0,0,0,0,0,0,0,0,0,0,0,0,
dg.MD1R/80d4f532-480a-474f-afb9-e2a316af8da1,10041569-1epkdD8Fl0GWQCWvjFuEAA,CXR,,Yes,Male,55.0,White,False,False,1,0,0,0,0,0,0,0,0,0,0,0,0,0,0,0,0,0,0,0,0,0,0,0,0,0,0,0,
dg.MD1R/3fca0c74-aa50-4efe-af2a-08cdece1feac,10041569-2ziOGbRWvUKHvHaeoRCViA,CXR,,Yes,Female,21.0,White,False,True,1,0,0,0,0,0,0,0,0,0,0,0,0,0,0,0,0,0,0,0,0,0,0,0,0,0,0,0,
dg.MD1R/eb42a50a-5373-4065-9f18-e7cb329a094a,10041569-hFYnzCAcHUSipZyVJ45QPw,CXR,10041569-hFYnzCAcHUSipZyVJ45QPw,No,Female,71.0,Not Reported,False,False,1,1,1,0,0,0,1,0,1,1,1,0,1,0,1,0,1,0,1,1,1,1,0,0,0,0,0,0,
dg.MD1R/be6f87c1-878a-40c9-83ad-d194eaf59134,10041569-J3Duh3zt5UeWV7XHVDEkhA,CXR,,Yes,Female,33.0,Black or African American,False,False,1,0,0,0,0,0,0,0,0,0,0,0,0,0,0,0,0,0,0,0,0,0,0,0,0,0,0,0,
dg.MD1R/61378191-0e50-4d14-91fd-8f57f0c13a27,10003752-hxY9oQ3cskCpBzyeC5gUYg,CXR,10003752-hxY9oQ3cskCpBzyeC5gUYg,Yes,Female,63.0,Black or African American,,,1,0,0,0,0,0,0,0,0,0,0,0,0,0,0,0,0,0,0,0,0,0,0,0,0,0,0,0,
dg.MD1R/f9bce83f-fdce-4a12-8cb9-1c51935c2d3f,10003752-l2KRwSQFz0SyNbZ7XrmBg,CXR,10003752-l2KRwSQFz0SyNbZ7XrmBg,Yes,Male,46.0,White,,,1,0,0,0,0,0,0,0,0,0,0,0,0,0,0,0,0,0,0,0,0,0,0,0,0,0,0,0,
dg.MD1R/8225ada3-fbfb-4419-9b93-ca611f21f59e,10041569-MDkU3RfIpEif7aQgzVcJxQ,CXR,10041569-MDkU3RfIpEif7aQgzVcJxQ,No,Female,63.0,Not Reported,False,True,1,1,1,0,1,1,1,1,1,1,1,0,1,0,1,1,0,0,0,1,0,0,0,1,1,1,0,0,
dg.MD1R/36fa474c-ef3c-4674-bc1f-a0a3f4e35e65,10041569-c9PRC6Y3RE67w49RgS6h-w,CXR,10041569-c9PRC6Y3RE67w49RgS6h-w,No,Male,43.0,Not Reported,False,True,1,1,0,0,1,0,1,1,1,1,1,0,1,0,1,1,1,1,1,1,1,1,0,0,1,1,0,0,
dg.MD1R/9961efb4-8c66-4e2b-814b-537229fa0862,10041569-PjjRgDQln0uF2czbEYw,CXR,10041569-PjjRgDQln0uF2czbEYw,Yes,Male,82.0,White,False,True,1,1,1,0,0,1,1,0,1,0,1,0,1,1,1,1,1,1,1,1,0,0,1,0,0,0,0,0,
dg.MD1R/aff37210-b065-45d3-886a-4b6a091385a7,10041569-MDkU3RfIpEif7aQgzVcJxQ,CXR,10041569-MDkU3RfIpEif7aQgzVcJxQ,No,Female,63.0,Not Reported,False,True,1,1,1,0,1,1,1,1,1,1,1,0,1,0,1,1,0,0,0,1,0,0,0,1,1,1,0,0,
dg.MD1R/29bd7d39-1537-4f1e-9fe8-0e689d5bb85b,10041569-YIon3HGGUa4N81uJEoWmg,CXR,10041569-YIon3HGGUa4N81uJEoWmg,Yes,Male,84.0,Black or African American,False,False,1,1,1,0,1,1,1,0,1,0,1,0,1,0,1,1,1,1,1,1,1,1,0,0,0,1,0,0,
dg.MD1R/37a7bbbb-96b7-44be-9930-89249ba104e0,10041569-5mEhtO0KQ0Ocq21FWZ6jQ,CXR,10041569-5mEhtO0KQ0Ocq21FWZ6jQ,Yes,Male,65.0,Black or African American,False,True,1,1,1,0,0,1,0,1,0,0,1,0,0,0,0,1,1,0,0,1,0,1,0,0,0,0,1,0,
dg.MD1R/31454ac3-b53e-4124-8af6-d866e08c1226,10041569-SG99bppCSU6wKLnbSfuykw,CXR,10041569-SG99bppCSU6wKLnbSfuykw,No,Male,47.0,White,False,True,1,1,0,1,0,1,1,1,1,0,1,0,1,0,1,1,0,0,1,1,1,1,0,0,1,1,1,0,
dg.MD1R/ed00af26-225d-40c9-859b-ec227f528352,10041569-Uk2A0hDbaEC9Rm8CmMPMcA,CXR,10041569-Uk2A0hDbaEC9Rm8CmMPMcA,No,Female,56.0,White,False,False,1,1,0,0,0,1,0,0,0,1,0,0,0,0,0,0,1,1,1,1,0,0,0,0,0,0,1,0,
dg.MD1R/4b895aa9-a182-4d9d-977c-693746fdcec1,10041569-Se9lMjRqAUaS7zYoAuf0dA,CXR,10041569-Se9lMjRqAUaS7zYoAuf0dA,No,Female,29.0,White,False,True,1,1,1,0,1,1,1,1,1,0,1,0,1,0,1,1,1,0,0,1,0,1,0,0,1,1,0,0,
dg.MD1R/5932969a-c538-45c3-b998-54fc61a88f28,10041569-4DNktkkdXUGzSU6qGPxFEw,CXR,10041569-4DNktkkdXUGzSU6qGPxFEw,Yes,Female,26.0,Black or African American,False,True,1,1,0,0,0,1,1,0,1,1,1,0,1,0,1,1,0,1,0,1,1,1,0,0,0,0,0,0,
dg.MD1R/efa8dcbf-90e8-4718-bdbb-5e8068dc4862,10041569-c14D3XBUu3ak5rTjgCg,CXR,10041569-c14D3XBUu3ak5rTjgCg,Yes,Female,67.0,White,False,True,1,1,0,0,1,1,1,0,1,1,1,1,1,1,1,1,0,1,1,1,1,0,0,0,0,0,0,0,
dg.MD1R/7d5de3a8-160b-4a05-a3cc-72a61936a666,10041569-Se9lMjRqAUaS7zYoAuf0dA,CXR,10041569-Se9lMjRqAUaS7zYoAuf0dA,No,Female,29.0,White,False,True,1,1,1,0,1,1,1,1,1,0,1,0,1,0,1,1,1,0,0,1,0,1,0,0,1,1,0,0,
dg.MD1R/5b1af8bb-8056-4de5-8300-e90c3f8d0729,10041569-NCqDv8OEUyQItLOWlNToA,CXR,10041569-NCqDv8OEUyQItLOWlNToA,Yes,Female,61.0,White,False,True,1,1,0,0,1,1,1,0,1,0,1,0,1,1,1,0,1,0,0,1,1,1,0,0,0,0,0,0,
dg.MD1R/c62edae6-eb65-419f-aa0b-5c7cbffcccf3,10041569-kYAJEvyvdkqkSfAkUSJa9w,CXR,10041569-kYAJEvyvdkqkSfAkUSJa9w,No,Female,70.0,Black or African American,False,False,1,1,1,0,1,1,0,0,0,0,1,0,0,0,0,0,1,0,0,1,0,0,0,1,0,1,1,0,
dg.MD1R/ce20973b-5e87-4340-8865-0f4894818008,10041569-9ATblYQbdEeYoeu-hiiGrg,CXR,10041569-9ATblYQbdEeYoeu-hiiGrg,No,Male,38.0,White,False,True,1,1,1,1,1,1,1,1,1,0,1,0,1,0,1,0,1,0,1,1,1,1,0,0,1,1,0,0,
dg.MD1R/95c62ce5-f265-4f3d-89d3-bf07e048a26c,10041569-Vkw64OnzkOqfAg5HGVn7g,CXR,10041569-Vkw64OnzkOqfAg5HGVn7g,Yes,Male,74.0,Black or African American,False,True,1,1,1,0,1,1,1,0,1,0,1,0,1,1,0,1,1,1,1,1,1,1,1,1,0,0,0,0,
dg.MD1R/f49b3c0d-986c-4db9-a1b6-429c2603001e,10041569-DTvT-ETrzkqoZepTOF4vAw,CXR,10041569-DTvT-ETrzkqoZepTOF4vAw,No,Female,56.0,White,False,False,1,1,0,0,0,0,1,0,1,0,0,0,0,0,0,0,1,1,0,0,0,0,0,0,0,0,0,0,
dg.MD1R/3ac2d6b1-deb3-4dc2-a6b0-2ebb4828295b,10041569-NCqDv8OEUyQItLOWlNToA,CXR,10041569-NCqDv8OEUyQItLOWlNToA,Yes,Female,61.0,White,False,True,1,1,0,0,1,1,1,0,1,0,1,0,1,1,1,0,1,0,0,1,1,1,0,0,0,0,0,0,
dg.MD1R/96f209cf-e5f5-4482-84af-67171ff37f2e,10041569-vsvMCFFqmkm7JsNySllWHA,CXR,10041569-vsvMCFFqmkm7JsNySllWHA,No,Female,22.0,Black or African American,False,False,1,1,0,0,0,0,0,0,1,1,0,0,0,0,1,0,1,1,0,1,0,0,0,0,0,0,1,0,
dg.MD1R/f39eed41-ac29-4673-890c-c2c7a749b664,10041569-Vkw64OnzkOqfAg5HGVn7g,CXR,10041569-Vkw64OnzkOqfAg5HGVn7g,Yes,Male,74.0,Black or African American,False,True,1,1,1,0,1,1,1,0,1,0,1,0,1,1,0,1,1,1,1,1,1,1,1,1,0,0,0,0,
dg.MD1R/27d3bafc-89e0-4290-b058-1da3264c0251,10041569-euc0gOsKGUaGX1M9Yr14zg,CXR,10041569-euc0gOsKGUaGX1M9Yr14zg,No,Female,46.0,White,False,True,1,1,0,1,1,1,1,1,1,1,1,0,1,1,1,1,1,1,1,1,1,1,0,0,1,0,1,0,
dg.MD1R/cfbb49ad-3006-434d-bfa2-7d20c68450ce,10041569-c9PRC6Y3RE67w49RgS6h-w,CXR,10041569-c9PRC6Y3RE67w49RgS6h-w,No,Male,43.0,Not Reported,False,True,1,1,0,0,1,0,1,1,1,1,1,0,1,0,1,1,1,1,1,1,1,1,0,0,1,1,0,0,
dg.MD1R/351afb03-4b1d-488e-9402-bf2e0e97f9e0,10041569-c9PRC6Y3RE67w49RgS6h-w,CXR,10041569-c9PRC6Y3RE67w49RgS6h-w,No,Male,43.0,Not Reported,False,True,1,1,0,0,1,0,1,1,1,1,1,0,1,0,1,1,1,1,1,1,1,1,0,0,1,1,0,0,
dg.MD1R/7b07486a-428e-4f6d-a61b-c87b927d7d7d,10041569-Vkw64OnzkOqfAg5HGVn7g,CXR,10041569-Vkw64OnzkOqfAg5HGVn7g,Yes,Male,74.0,Black or African American,False,True,1,1,1,0,1,1,1,0,1,0,1,0,1,1,0,1,1,1,1,1,1,1,1,1,0,0,0,0,
dg.MD1R/4061efaa-2ebd-4dff-9887-6b1a337230e7,10041569-nTuIrwNsz0in3XAUuQe-Kw,CXR,10041569-nTuIrwNsz0in3XAUuQe-Kw,No,Female,43.0,White,False,True,1,1,0,1,1,1,1,1,1,0,1,0,1,1,1,1,1,1,1,1,0,0,0,0,1,1,0,0,
dg.MD1R/402aaebe-e265-4cc1-acd0-ea0506501d87,10041569-SG99bppCSU6wKLnbSfuykw,CXR,10041569-SG99bppCSU6wKLnbSfuykw,No,Male,47.0,White,False,True,1,1,0,1,0,1,1,1,1,0,1,0,1,0,1,1,0,0,1,1,1,1,0,0,1,1,1,0,
dg.MD1R/3c2e6acf-4894-4fb2-84e6-20edcc956248,10041569-9ATblYQbdEeYoeu-hiiGrg,CXR,10041569-9ATblYQbdEeYoeu-hiiGrg,No,Male,38.0,White,False,True,1,1,1,1,1,1,1,1,1,0,1,0,1,0,1,0,1,0,1,1,1,1,0,0,1,1,0,0,
dg.MD1R/fff10b2a-587d-489d-a90c-ccf8bb6df3d3,10041569-c9PRC6Y3RE67w49RgS6h-w,CXR,10041569-c9PRC6Y3RE67w49RgS6h-w,No,Male,43.0,Not Reported,False,True,1,1,0,0,1,0,1,1,1,1,1,0,1,0,1,1,1,1,1,1,1,1,0,0,1,1,0,0,
dg.MD1R/c6022080-38a2-4c76-b1ce-2d3544d9f6b0,10041569-4DNktkkdXUGzSU6qGPxFEw,CXR,10041569-4DNktkkdXUGzSU6qGPxFEw,Yes,Female,26.0,Black or African American,False,True,1,1,0,0,0,1,1,0,1,1,1,0,1,0,1,1,0,1,0,1,1,1,0,0,0,0,0,0,
dg.MD1R/9a0fa515-bbd1-43c9-8dce-1f5133cea8f2,10041569-aoPnMEFqQkC6354FxeUJkA,CXR,10041569-aoPnMEFqQkC6354FxeUJkA,No,Male,38.0,White,False,True,1,1,1,0,1,1,1,1,1,0,1,1,1,0,1,1,1,0,0,1,0,1,0,0,1,1,0,0,
dg.MD1R/396cb3d3-f81c-4fcb-ba11-d1b5ba214680,10041569-shlAGu1gtUiH2zAVfnFy5g,CXR,10041569-shlAGu1gtUiH2zAVfnFy5g,No,Male,73.0,White,False,True,1,1,1,0,1,1,0,1,0,0,1,0,0,0,0,1,1,1,0,1,1,0,0,0,0,0,1,0,
dg.MD1R/1d5ec299-5b80-4e61-b345-eaae79e3fd19,10041569-nTuIrwNsz0in3XAUuQe-Kw,CXR,10041569-nTuIrwNsz0in3XAUuQe-Kw,No,Female,43.0,White,False,True,1,1,0,1,1,1,1,1,1,0,1,0,1,1,1,1,1,1,1,1,0,0,0,0,1,1,0,0,
dg.MD1R/21ff8dce-ca30-424d-8fd3-6c1f54790f3f,10041569-5mEhtO0KQ0Ocq21FWZ6jQ,CXR,10041569-5mEhtO0KQ0Ocq21FWZ6jQ,Yes,Male,65.0,Black or African American,False,True,1,1,1,0,0,1,0,1,0,0,1,0,0,0,0,1,1,0,0,1,0,1,0,0,0,0,1,0,
dg.MD1R/3a29eed1-e4aa-40fd-9557-3b94cce69e01,10041569-Pkva0XJrwUmS6It3-SItQQ,CXR,10041569-Pkva0XJrwUmS6It3-SItQQ,No,Male,48.0,Black or African American,False,True,1,1,0,0,1,0,1,0,1,0,1,0,1,1,1,1,1,1,0,1,1,0,0,0,0,0,0,0,
dg.MD1R/41cf1852-07fa-42f4-a87c-45894a7981c3,10041569-c14D3XBUu3ak5rTjgCg,CXR,10041569-c14D3XBUu3ak5rTjgCg,Yes,Female,67.0,White,False,True,1,1,0,0,1,1,1,0,1,1,1,1,1,1,1,1,0,1,1,1,1,0,0,0,0,0,0,0,
dg.MD1R/641ecc09-9c63-4d9f-8bb4-b7505ba08831,10041569-wQAupblELkG8GC3WZpgYEw,CXR,10041569-wQAupblELkG8GC3WZpgYEw,Yes,Female,49.0,Black or African American,False,True,1,1,1,0,0,1,1,0,1,1,1,0,0,0,0,0,1,0,1,0,0,0,0,0,0,1,0,0,
dg.MD1R/7656c945-c95d-4e4d-bbe5-48c02c785d1a,10041569-GGVWxCvy0EqTLEezdu9k4Q,CXR,10041569-GGVWxCvy0EqTLEezdu9k4Q,No,Male,60.0,White,False,True,1,1,1,0,1,1,1,1,1,0,1,0,1,1,0,1,1,0,1,1,1,1,0,0,1,1,0,0,
dg.MD1R/95b86d82-f527-461d-af6a-3dcaf9cc80e3,10041569-GGVWxCvy0EqTLEezdu9k4Q,CXR,10041569-GGVWxCvy0EqTLEezdu9k4Q,No,Male,60.0,White,False,True,1,1,1,0,1,1,1,1,1,0,1,0,1,1,0,1,1,0,1,1,1,1,0,0,1,1,0,0,
dg.MD1R/e3b50aaa-7365-42c0-b3e8-cd6fd90a12b9,10041569-g7BegS168EGCpgRylILjoA,CXR,10041569-g7BegS168EGCpgRylILjoA,Yes,Female,63.0,White,False,True,1,1,1,0,0,1,1,0,1,1,1,0,1,1,0,1,1,1,1,1,1,0,0,1,0,0,0,0,
dg.MD1R/84d0d754-63f7-43e1-9df1-5cfbbc39f308,10041569-VGNu6FLHPEiGjPVNhzb7rA,CXR,10041569-VGNu6FLHPEiGjPVNhzb7rA,Yes,Female,38.0,Black or African American,False,True,1,1,0,0,0,0,0,0,1,0,1,0,1,0,1,1,0,1,0,1,1,1,0,0,0,0,0,0,
dg.MD1R/fe4106bf-1e49-4617-9360-549b10ed2842,10041569-nTuIrwNsz0in3XAUuQe-Kw,CXR,10041569-nTuIrwNsz0in3XAUuQe-Kw,No,Female,43.0,White,False,True,1,1,0,1,1,1,1,1,1,0,1,0,1,1,1,1,1,1,1,1,0,0,0,0,1,1,0,0,
dg.MD1R/7a81b6e6-bd92-4a93-88d8-7f036dcdb31d,10041569-9II6IB8jYkSYcpBfxvL1-w,CXR,10041569-9II6IB8jYkSYcpBfxvL1-w,No,Female,65.0,White,False,True,1,1,1,0,1,1,1,1,1,0,1,0,0,1,1,1,1,1,0,1,1,1,0,0,1,0,0,0,
dg.MD1R/3a84f509-7eca-4f2e-894b-f3d3bedb6a3d,10041569-aoPnMEFqQkC6354FxeUJkA,CXR,10041569-aoPnMEFqQkC6354FxeUJkA,No,Male,38.0,White,False,True,1,1,1,0,1,1,1,1,1,0,1,1,1,0,1,1,1,0,0,1,0,1,0,0,1,1,0,0,
dg.MD1R/561f1856-f03e-4e01-bee1-29a4d2e72565,10041569-qyn7o7O1MkWMKhOmffWoA,CXR,10041569-qyn7o7O1MkWMKhOmffWoA,Yes,Male,67.0,Black or African American,False,False,1,1,1,0,1,1,1,1,1,0,1,0,0,0,1,0,0,1,0,1,0,1,0,0,0,0,0,0,
dg.MD1R/3ab3e9dc-f756-444b-bd9b-0f0f3bdeefe1,10041569-g7BegS168EGCpgRylILjoA,CXR,10041569-g7BegS168EGCpgRylILjoA,Yes,Female,63.0,White,False,True,1,1,1,0,0,1,1,0,1,1,1,0,1,1,0,1,1,1,1,1,1,0,0,1,0,0,0,0,
dg.MD1R/e920dddd-2c7a-477c-9898-279a70ca09de,10041569-D3vABUsPmkWtIloZPs8oFQ,CXR,10041569-D3vABUsPmkWtIloZPs8oFQ,No,Female,53.0,White,False,True,1,1,1,0,0,1,0,0,1,0,1,0,0,0,1,0,1,0,0,1,1,0,0,0,1,0,1,0,
dg.MD1R/9ea7887d-a48f-40e5-9431-ea1b7782effc,10041569-Ghqid8nyJky232EU1jib7A,CXR,10041569-Ghqid8nyJky232EU1jib7A,No,Female,30.0,White,False,True,1,1,1,0,1,1,1,1,1,0,1,0,1,0,1,1,0,1,1,1,0,0,0,0,1,1,1,0,
dg.MD1R/a10fd97d-e8c8-4c70-9e12-ddb7b7091164,10041569-avR8Wcrs0keHFtas_QmEMw,CXR,10041569-avR8Wcrs0keHFtas_QmEMw,No,Male,40.0,Not Reported,False,False,1,1,0,0,0,0,1,0,0,0,0,0,0,0,0,0,0,0,0,0,0,0,0,0,1,0,0,0,
dg.MD1R/5f73b4ed-9eab-4c3b-bd01-7b9b103d1f6e,10041569-c9PRC6Y3RE67w49RgS6h-w,CXR,10041569-c9PRC6Y3RE67w49RgS6h-w,No,Male,43.0,Not Reported,False,True,1,1,0,0,1,0,1,1,1,1,1,0,1,0,1,1,1,1,1,1,1,1,0,0,1,1,0,0,
dg.MD1R/06a612c6-1b1c-4660-9a01-56062c23660e,10041569-NCqDv8OEUyQItLOWlNToA,CXR,10041569-NCqDv8OEUyQItLOWlNToA,Yes,Female,61.0,White,False,True,1,1,0,0,1,1,1,0,1,0,1,0,1,1,1,0,1,0,0,1,1,1,0,0,0,0,0,0,
dg.MD1R/ae60ff72-eca6-4ee1-8051-c497ad16a712,10041569-c14D3XBUu3ak5rTjgCg,CXR,10041569-c14D3XBUu3ak5rTjgCg,Yes,Female,67.0,White,False,True,1,1,0,0,1,1,1,0,1,1,1,1,1,1,1,1,0,1,1,1,1,0,0,0,0,0,0,0,
dg.MD1R/bb498052-03c5-4b5e-a9fd-1b59e62e0d1c,10041569-vsvMCFFqmkm7JsNySllWHA,CXR,10041569-vsvMCFFqmkm7JsNySllWHA,No,Female,22.0,Black or African American,False,False,1,1,0,0,0,0,0,0,1,1,0,0,0,0,1,0,1,1,0,1,0,0,0,0,0,0,1,0,
dg.MD1R/f2a23c8e-75bc-4e82-be40-f59c9fa624c4,10041569-5mEhtO0KQ0Ocq21FWZ6jQ,CXR,10041569-5mEhtO0KQ0Ocq21FWZ6jQ,Yes,Male,65.0,Black or African American,False,True,1,1,1,0,0,1,0,1,0,0,1,0,0,0,0,1,1,0,0,1,0,1,0,0,0,0,1,0,
dg.MD1R/aaf9b9ec-b66a-4f99-a722-ed5b2664b6b6,10041569-nTuIrwNsz0in3XAUuQe-Kw,CXR,10041569-nTuIrwNsz0in3XAUuQe-Kw,No,Female,43.0,White,False,True,1,1,0,1,1,1,1,1,1,0,1,0,1,1,1,1,1,1,1,1,0,0,0,0,1,1,0,0,
dg.MD1R/cf46b253-4e66-4eb9-9c89-52d642cfd10c,10041569-LoYrk3_qUECYQ917wYIwJA,CXR,10041569-LoYrk3_qUECYQ917wYIwJA,No,Male,72.0,White,False,False,1,1,0,0,1,0,0,0,0,0,0,0,0,0,0,0,1,0,0,1,1,0,0,0,1,0,0,0,
dg.MD1R/75d3e976-74da-4806-aedc-7595e54e9e26,10041569-aoPnMEFqQkC6354FxeUJkA,CXR,10041569-aoPnMEFqQkC6354FxeUJkA,No,Male,38.0,White,False,True,1,1,1,0,1,1,1,1,1,0,1,1,1,0,1,1,1,0,0,1,0,1,0,0,1,1,0,0,
dg.MD1R/f689a217-e48d-4430-bdeb-27c4d5f04676,10041569-Vkw64OnzkOqfAg5HGVn7g,CXR,10041569-Vkw64OnzkOqfAg5HGVn7g,Yes,Male,74.0,Black or African American,False,True,1,1,1,0,1,1,1,0,1,0,1,0,1,1,0,1,1,1,1,1,1,1,1,1,0,0,0,0,
dg.MD1R/67086987-bdf4-4b4b-a446-2e6a78056b3d,10041569-5mEhtO0KQ0Ocq21FWZ6jQ,CXR,10041569-5mEhtO0KQ0Ocq21FWZ6jQ,Yes,Male,65.0,Black or African American,False,True,1,1,1,0,0,1,0,1,0,0,1,0,0,0,0,1,1,0,0,1,0,1,0,0,0,0,1,0,
dg.MD1R/5a19b8bf-5eec-471e-9cc4-38edceecc38a,10041569-Vkw64OnzkOqfAg5HGVn7g,CXR,10041569-Vkw64OnzkOqfAg5HGVn7g,Yes,Male,74.0,Black or African American,False,True,1,1,1,0,1,1,1,0,1,0,1,0,1,1,0,1,1,1,1,1,1,1,1,1,0,0,0,0,
dg.MD1R/b8977b6b-0582-443d-96a7-900a1bd19e51,10041569-VGNu6FLHPEiGjPVNhzb7rA,CXR,10041569-VGNu6FLHPEiGjPVNhzb7rA,Yes,Female,38.0,Black or African American,False,True,1,1,0,0,0,0,0,0,1,0,1,0,1,0,1,1,0,1,0,1,1,1,0,0,0,0,0,0,
dg.MD1R/2d556b45-8831-4d1b-9272-cdb499710045,10041569-5mEhtO0KQ0Ocq21FWZ6jQ,CXR,10041569-5mEhtO0KQ0Ocq21FWZ6jQ,Yes,Male,65.0,Black or African American,False,True,1,1,1,0,0,1,0,1,0,0,1,0,0,0,0,1,1,0,0,1,0,1,0,0,0,0,1,0,
dg.MD1R/a6727372-3d06-47c9-b5d0-bd52e2e1508c,10041569-NCqDv8OEUyQItLOWlNToA,CXR,10041569-NCqDv8OEUyQItLOWlNToA,Yes,Female,61.0,White,False,True,1,1,0,0,1,1,1,0,1,0,1,0,1,1,1,0,1,0,0,1,1,1,0,0,0,0,0,0,
dg.MD1R/1c43a334-6d3c-4e5c-9a7c-1503cf04505d,10041569-vsvMCFFqmkm7JsNySllWHA,CXR,10041569-vsvMCFFqmkm7JsNySllWHA,No,Female,22.0,Black or African American,False,False,1,1,0,0,0,0,0,0,1,1,0,0,0,0,1,0,1,1,0,1,0,0,0,0,0,0,1,0,
dg.MD1R/2c5321de-5e36-4f91-ad0d-3600513ea7e5,10041569-aoPnMEFqQkC6354FxeUJkA,CXR,10041569-aoPnMEFqQkC6354FxeUJkA,No,Male,38.0,White,False,True,1,1,1,0,1,1,1,1,1,0,1,1,1,0,1,1,1,0,0,1,0,1,0,0,1,1,0,0,
dg.MD1R/09229570-a82e-45ac-9368-19b3bd9e4d02,10041569-Uk2A0hDbaEC9Rm8CmMPMcA,CXR,10041569-Uk2A0hDbaEC9Rm8CmMPMcA,No,Female,56.0,White,False,False,1,1,0,0,0,1,0,0,0,1,0,0,0,0,0,0,1,1,1,1,0,0,0,0,0,0,1,0,
dg.MD1R/943cad7e-1259-43c0-aa86-d551b95b9812,10041569-shlAGu1gtUiH2zAVfnFy5g,CXR,10041569-shlAGu1gtUiH2zAVfnFy5g,No,Male,73.0,White,False,True,1,1,1,0,1,1,0,1,0,0,1,0,0,0,0,1,1,1,0,1,1,0,0,0,0,0,1,0,
dg.MD1R/de003cc1-6f70-46ec-b9ad-e9f0a79756f2,10041569-yB8z_LbI0E-_zGehDSOH3w,CXR,10041569-yB8z_LbI0E-_zGehDSOH3w,No,Male,53.0,White,False,True,1,1,1,1,1,1,1,1,1,0,1,0,0,0,1,1,1,1,1,1,1,1,0,0,1,1,0,0,
dg.MD1R/2a3a31be-73f4-4fd1-aa54-1f1a630e5722,10041569-NCqDv8OEUyQItLOWlNToA,CXR,10041569-NCqDv8OEUyQItLOWlNToA,Yes,Female,61.0,White,False,True,1,1,0,0,1,1,1,0,1,0,1,0,1,1,1,0,1,0,0,1,1,1,0,0,0,0,0,0,
dg.MD1R/b49eec6d-758b-49a6-850d-c10ede36302a,10041569-4DNktkkdXUGzSU6qGPxFEw,CXR,10041569-4DNktkkdXUGzSU6qGPxFEw,Yes,Female,26.0,Black or African American,False,True,1,1,0,0,0,1,1,0,1,1,1,0,1,0,1,1,0,1,0,1,1,1,0,0,0,0,0,0,
dg.MD1R/5bd46b0d-4955-4ce8-a81f-afee572c3d34,10041569-Vkw64OnzkOqfAg5HGVn7g,CXR,10041569-Vkw64OnzkOqfAg5HGVn7g,Yes,Male,74.0,Black or African American,False,True,1,1,1,0,1,1,1,0,1,0,1,0,1,1,0,1,1,1,1,1,1,1,1,1,0,0,0,0,
dg.MD1R/75ea9eba-7300-43da-adca-839a04f6659f,10041569-LoYrk3_qUECYQ917wYIwJA,CXR,10041569-LoYrk3_qUECYQ917wYIwJA,No,Male,72.0,White,False,False,1,1,0,0,1,0,0,0,0,0,0,0,0,0,0,0,1,0,0,1,1,0,0,0,1,0,0,0,
dg.MD1R/2ee8b429-479d-461d-a3fe-5218b3df1f09,10041569-yB8z_LbI0E-_zGehDSOH3w,CXR,10041569-yB8z_LbI0E-_zGehDSOH3w,No,Male,53.0,White,False,True,1,1,1,1,1,1,1,1,1,0,1,0,0,0,1,1,1,1,1,1,1,1,0,0,1,1,0,0,
dg.MD1R/5b49dd4c-0e68-48a0-9824-4dc3f9ad8a66,10041569-Pkva0XJrwUmS6It3-SItQQ,CXR,10041569-Pkva0XJrwUmS6It3-SItQQ,No,Male,48.0,Black or African American,False,True,1,1,0,0,1,0,1,0,1,0,1,0,1,1,1,1,1,1,0,1,1,0,0,0,0,0,0,0,
dg.MD1R/c50cfbfc-c561-4c13-be8c-c302aa1eaf3e,10041569-9II6IB8jYkSYcpBfxvL1-w,CXR,10041569-9II6IB8jYkSYcpBfxvL1-w,No,Female,65.0,White,False,True,1,1,1,0,1,1,1,1,1,0,1,0,0,1,1,1,1,1,0,1,1,1,0,0,1,0,0,0,
dg.MD1R/8605bba6-dc3d-45c0-8131-5e53b694c663,10041569-Ghqid8nyJky232EU1jib7A,CXR,10041569-Ghqid8nyJky232EU1jib7A,No,Female,30.0,White,False,True,1,1,1,0,1,1,1,1,1,0,1,0,1,0,1,1,0,1,1,1,0,0,0,0,1,1,1,0,
dg.MD1R/c5172ac2-50a3-4c3e-9240-7ae6861da188,10041569-FtpnR4GEPEe9JztuDUqrXg,CXR,10041569-FtpnR4GEPEe9JztuDUqrXg,No,Male,51.0,White,False,True,1,1,1,1,1,1,1,1,1,1,1,0,1,1,1,1,1,0,0,1,1,1,0,0,1,0,0,0,
dg.MD1R/473c5d92-5c91-45aa-ab48-0f88f347418e,10041569-c14D3XBUu3ak5rTjgCg,CXR,10041569-c14D3XBUu3ak5rTjgCg,Yes,Female,67.0,White,False,True,1,1,0,0,1,1,1,0,1,1,1,1,1,1,1,1,0,1,1,1,1,0,0,0,0,0,0,0,
dg.MD1R/a301d59b-13cb-4fe8-95d6-9098d5e7844f,10041569-_rUJ8APC5EuzMG4jpVCXSQ,CXR,10041569-_rUJ8APC5EuzMG4jpVCXSQ,No,Male,59.0,Black or African American,False,False,1,1,0,0,0,0,0,1,0,0,0,1,0,0,0,0,0,1,0,1,0,0,0,0,0,0,0,0,
dg.MD1R/0b8255d7-5760-4f2a-8a0f-4fbcd4303680,10041569-eRsrzUDa90mJN9ixq71b7A,CXR,10041569-eRsrzUDa90mJN9ixq71b7A,No,Female,71.0,White,False,False,1,1,1,0,0,1,0,0,0,0,1,0,0,0,0,0,0,1,0,1,0,1,0,1,0,0,0,0,
dg.MD1R/d16e93a7-6143-41b1-847f-c449d673529d,10041569-BH9LpNbWTkKgMIdUhFnVlg,CXR,10041569-BH9LpNbWTkKgMIdUhFnVlg,No,Male,65.0,Black or African American,False,True,1,1,1,0,1,1,1,0,1,1,1,0,1,0,1,1,1,1,1,1,1,1,0,0,1,0,0,0,
dg.MD1R/ed136007-ffc1-4e70-9911-6011cd0fbb81,10041569-DlqX5imb0ejWPhSL4fHg,CXR,10041569-DlqX5imb0ejWPhSL4fHg,Yes,Female,73.0,Black or African American,False,True,1,1,1,0,1,1,0,0,1,0,1,0,1,0,1,1,1,1,0,1,1,1,0,0,0,0,1,0,
dg.MD1R/9740440d-d424-4e80-96c4-d4941f490c49,10041569-yB8z_LbI0E-_zGehDSOH3w,CXR,10041569-yB8z_LbI0E-_zGehDSOH3w,No,Male,53.0,White,False,True,1,1,1,1,1,1,1,1,1,0,1,0,0,0,1,1,1,1,1,1,1,1,0,0,1,1,0,0,
dg.MD1R/6f8507a4-377f-4896-bd25-d7f126592145,10041569-Se9lMjRqAUaS7zYoAuf0dA,CXR,10041569-Se9lMjRqAUaS7zYoAuf0dA,No,Female,29.0,White,False,True,1,1,1,0,1,1,1,1,1,0,1,0,1,0,1,1,1,0,0,1,0,1,0,0,1,1,0,0,
dg.MD1R/031650c6-22a3-45f4-9b1c-37fa43db789c,10041569-YIon3HGGUa4N81uJEoWmg,CXR,10041569-YIon3HGGUa4N81uJEoWmg,Yes,Male,84.0,Black or African American,False,False,1,1,1,0,1,1,1,0,1,0,1,0,1,0,1,1,1,1,1,1,1,1,0,0,0,1,0,0,
dg.MD1R/ba0005ea-1364-4e4c-9dab-6611602917b1,10041569-Vkw64OnzkOqfAg5HGVn7g,CXR,10041569-Vkw64OnzkOqfAg5HGVn7g,Yes,Male,74.0,Black or African American,False,True,1,1,1,0,1,1,1,0,1,0,1,0,1,1,0,1,1,1,1,1,1,1,1,1,0,0,0,0,
dg.MD1R/93031888-47d1-4c30-b0bf-ff37a26d2e70,10041569-MDkU3RfIpEif7aQgzVcJxQ,CXR,10041569-MDkU3RfIpEif7aQgzVcJxQ,No,Female,63.0,Not Reported,False,True,1,1,1,0,1,1,1,1,1,1,1,0,1,0,1,1,0,0,0,1,0,0,0,1,1,1,0,0,
dg.MD1R/10d197c1-3869-4f89-b413-abe63032dba2,10041569-MDkU3RfIpEif7aQgzVcJxQ,CXR,10041569-MDkU3RfIpEif7aQgzVcJxQ,No,Female,63.0,Not Reported,False,True,1,1,1,0,1,1,1,1,1,1,1,0,1,0,1,1,0,0,0,1,0,0,0,1,1,1,0,0,
dg.MD1R/ccb7f82b-f8b0-48bf-9a2e-f79298d02117,10041569-MDkU3RfIpEif7aQgzVcJxQ,CXR,10041569-MDkU3RfIpEif7aQgzVcJxQ,No,Female,63.0,Not Reported,False,True,1,1,1,0,1,1,1,1,1,1,1,0,1,0,1,1,0,0,0,1,0,0,0,1,1,1,0,0,
dg.MD1R/c68eda76-6f67-4753-a043-4c64edb8049a,10041569-c9PRC6Y3RE67w49RgS6h-w,CXR,10041569-c9PRC6Y3RE67w49RgS6h-w,No,Male,43.0,Not Reported,False,True,1,1,0,0,1,0,1,1,1,1,1,0,1,0,1,1,1,1,1,1,1,1,0,0,1,1,0,0,
dg.MD1R/cb39eba4-598c-4db1-85e7-39b3e125ca00,10041569-qyn7o7O1MkWMKhOmffWoA,CXR,10041569-qyn7o7O1MkWMKhOmffWoA,Yes,Male,67.0,Black or African American,False,False,1,1,1,0,1,1,1,1,1,0,1,0,0,0,1,0,0,1,0,1,0,1,0,0,0,0,0,0,
dg.MD1R/df1d9055-16a8-41b7-8609-c8de75003a9d,10041569-Ghqid8nyJky232EU1jib7A,CXR,10041569-Ghqid8nyJky232EU1jib7A,No,Female,30.0,White,False,True,1,1,1,0,1,1,1,1,1,0,1,0,1,0,1,1,0,1,1,1,0,0,0,0,1,1,1,0,
dg.MD1R/6f0af077-a951-4cd3-899e-7bf9047314be,10041569-yB8z_LbI0E-_zGehDSOH3w,CXR,10041569-yB8z_LbI0E-_zGehDSOH3w,No,Male,53.0,White,False,True,1,1,1,1,1,1,1,1,1,0,1,0,0,0,1,1,1,1,1,1,1,1,0,0,1,1,0,0,
dg.MD1R/3d3a9f7f-3800-41f8-be45-593bc2d75d75,10041569-c9PRC6Y3RE67w49RgS6h-w,CXR,10041569-c9PRC6Y3RE67w49RgS6h-w,No,Male,43.0,Not Reported,False,True,1,1,0,0,1,0,1,1,1,1,1,0,1,0,1,1,1,1,1,1,1,1,0,0,1,1,0,0,
dg.MD1R/a47f84c8-1d32-4b79-a673-5c6237727a03,10041569-PNPzL7DFp0iFwIMeiK7Ipg,CXR,10041569-PNPzL7DFp0iFwIMeiK7Ipg,No,Male,45.0,Not Reported,False,True,1,1,1,0,1,1,1,1,1,0,1,0,1,0,1,1,1,1,1,1,1,1,0,0,1,1,0,0,
dg.MD1R/004cb702-622a-432a-abb4-cd1476f9fbbd,10041569-9ATblYQbdEeYoeu-hiiGrg,CXR,10041569-9ATblYQbdEeYoeu-hiiGrg,No,Male,38.0,White,False,True,1,1,1,1,1,1,1,1,1,0,1,0,1,0,1,0,1,0,1,1,1,1,0,0,1,1,0,0,
dg.MD1R/f3f89b75-f77c-4db5-a3cf-f090266d2945,10041569-g7BegS168EGCpgRylILjoA,CXR,10041569-g7BegS168EGCpgRylILjoA,Yes,Female,63.0,White,False,True,1,1,1,0,0,1,1,0,1,1,1,0,1,1,0,1,1,1,1,1,1,0,0,1,0,0,0,0,
dg.MD1R/4113fd4a-a905-44e8-b142-1bd295de846d,10041569-hFYnzCAcHUSipZyVJ45QPw,CXR,10041569-hFYnzCAcHUSipZyVJ45QPw,No,Female,71.0,Not Reported,False,False,1,1,1,0,0,0,1,0,1,1,1,0,1,0,1,0,1,0,1,1,1,1,0,0,0,0,0,0,
dg.MD1R/03177372-c078-497f-b140-f909639e6aed,10041569-nuhYWdzIy0iRxBnNLhWS3Q,CXR,10041569-nuhYWdzIy0iRxBnNLhWS3Q,No,Female,42.0,Black or African American,False,True,1,1,0,1,1,0,1,1,1,1,1,0,0,0,0,1,0,0,1,0,1,0,0,0,0,0,0,0,
dg.MD1R/dd741f24-39be-4b9f-9b5b-e40a0dc32bb6,10041569-LoYrk3_qUECYQ917wYIwJA,CXR,10041569-LoYrk3_qUECYQ917wYIwJA,No,Male,72.0,White,False,False,1,1,0,0,1,0,0,0,0,0,0,0,0,0,0,0,1,0,0,1,1,0,0,0,1,0,0,0,
dg.MD1R/9f0293e5-48d1-42ba-94fe-25a94c0eae4a,10041569-MDkU3RfIpEif7aQgzVcJxQ,CXR,10041569-MDkU3RfIpEif7aQgzVcJxQ,No,Female,63.0,Not Reported,False,True,1,1,1,0,1,1,1,1,1,1,1,0,1,0,1,1,0,0,0,1,0,0,0,1,1,1,0,0,
dg.MD1R/c211f071-09e1-4dd1-be82-e9ce7a787063,10041569-5mEhtO0KQ0Ocq21FWZ6jQ,CXR,10041569-5mEhtO0KQ0Ocq21FWZ6jQ,Yes,Male,65.0,Black or African American,False,True,1,1,1,0,0,1,0,1,0,0,1,0,0,0,0,1,1,0,0,1,0,1,0,0,0,0,1,0,
dg.MD1R/64e50aef-4a72-4949-80ce-19eba67b2acf,10041569-vsvMCFFqmkm7JsNySllWHA,CXR,10041569-vsvMCFFqmkm7JsNySllWHA,No,Female,22.0,Black or African American,False,False,1,1,0,0,0,0,0,0,1,1,0,0,0,0,1,0,1,1,0,1,0,0,0,0,0,0,1,0,
dg.MD1R/2d68b888-5728-40f5-a6a3-5d371a28d3dc,10041569-9ATblYQbdEeYoeu-hiiGrg,CXR,10041569-9ATblYQbdEeYoeu-hiiGrg,No,Male,38.0,White,False,True,1,1,1,1,1,1,1,1,1,0,1,0,1,0,1,0,1,0,1,1,1,1,0,0,1,1,0,0,
dg.MD1R/88f63628-3204-456e-9e84-c5bf09622489,10041569-c9PRC6Y3RE67w49RgS6h-w,CXR,10041569-c9PRC6Y3RE67w49RgS6h-w,No,Male,43.0,Not Reported,False,True,1,1,0,0,1,0,1,1,1,1,1,0,1,0,1,1,1,1,1,1,1,1,0,0,1,1,0,0,
dg.MD1R/72403b1b-dbb5-4b5b-b349-8697aabc62ed,10041569-Uk2A0hDbaEC9Rm8CmMPMcA,CXR,10041569-Uk2A0hDbaEC9Rm8CmMPMcA,No,Female,56.0,White,False,False,1,1,0,0,0,1,0,0,0,1,0,0,0,0,0,0,1,1,1,1,0,0,0,0,0,0,1,0,
dg.MD1R/1ddace4b-fffb-4e87-8599-4ccae7b0556c,10041569-qyn7o7O1MkWMKhOmffWoA,CXR,10041569-qyn7o7O1MkWMKhOmffWoA,Yes,Male,67.0,Black or African American,False,False,1,1,1,0,1,1,1,1,1,0,1,0,0,0,1,0,0,1,0,1,0,1,0,0,0,0,0,0,
dg.MD1R/ac425ca0-ee49-42db-bb1f-5da74f146f95,10041569-NCqDv8OEUyQItLOWlNToA,CXR,10041569-NCqDv8OEUyQItLOWlNToA,Yes,Female,61.0,White,False,True,1,1,0,0,1,1,1,0,1,0,1,0,1,1,1,0,1,0,0,1,1,1,0,0,0,0,0,0,
dg.MD1R/d6ecfae5-22e5-464c-abea-d13aa105e329,10041569-9ATblYQbdEeYoeu-hiiGrg,CXR,10041569-9ATblYQbdEeYoeu-hiiGrg,No,Male,38.0,White,False,True,1,1,1,1,1,1,1,1,1,0,1,0,1,0,1,0,1,0,1,1,1,1,0,0,1,1,0,0,
dg.MD1R/8ae97708-da32-4ec3-a730-291b3e83bdd4,10041569-avR8Wcrs0keHFtas_QmEMw,CXR,10041569-avR8Wcrs0keHFtas_QmEMw,No,Male,40.0,Not Reported,False,False,1,1,0,0,0,0,1,0,0,0,0,0,0,0,0,0,0,0,0,0,0,0,0,0,1,0,0,0,
dg.MD1R/34208839-6f9c-4d06-a31e-4bbfbf9849b6,10041569-VGNu6FLHPEiGjPVNhzb7rA,CXR,10041569-VGNu6FLHPEiGjPVNhzb7rA,Yes,Female,38.0,Black or African American,False,True,1,1,0,0,0,0,0,0,1,0,1,0,1,0,1,1,0,1,0,1,1,1,0,0,0,0,0,0,
dg.MD1R/18b044a6-5a20-4966-b96f-f1d5425a0e28,10041569-MDkU3RfIpEif7aQgzVcJxQ,CXR,10041569-MDkU3RfIpEif7aQgzVcJxQ,No,Female,63.0,Not Reported,False,True,1,1,1,0,1,1,1,1,1,1,1,0,1,0,1,1,0,0,0,1,0,0,0,1,1,1,0,0,
dg.MD1R/c2c36797-1176-4268-9a1b-dd48090bf444,10041569-vjyWry6ZUkuRvuglKaCXFA,CXR,10041569-vjyWry6ZUkuRvuglKaCXFA,Yes,Female,24.0,White,False,False,1,1,0,0,0,1,0,0,0,0,0,0,0,0,0,0,0,0,0,0,0,0,0,1,0,0,0,0,
dg.MD1R/854e8729-e426-47e4-9a1c-1cd480da386e,10041569-NCqDv8OEUyQItLOWlNToA,CXR,10041569-NCqDv8OEUyQItLOWlNToA,Yes,Female,61.0,White,False,True,1,1,0,0,1,1,1,0,1,0,1,0,1,1,1,0,1,0,0,1,1,1,0,0,0,0,0,0,
dg.MD1R/be863653-428d-4e7e-b141-968c58259c6b,10041569-Pkva0XJrwUmS6It3-SItQQ,CXR,10041569-Pkva0XJrwUmS6It3-SItQQ,No,Male,48.0,Black or African American,False,True,1,1,0,0,1,0,1,0,1,0,1,0,1,1,1,1,1,1,0,1,1,0,0,0,0,0,0,0,
dg.MD1R/435db0f7-d2db-452a-9c1e-19a679d6ea26,10041569-SG99bppCSU6wKLnbSfuykw,CXR,10041569-SG99bppCSU6wKLnbSfuykw,No,Male,47.0,White,False,True,1,1,0,1,0,1,1,1,1,0,1,0,1,0,1,1,0,0,1,1,1,1,0,0,1,1,1,0,
dg.MD1R/858d96fd-515c-477f-8fbc-4b7175640e03,10041569-nTuIrwNsz0in3XAUuQe-Kw,CXR,10041569-nTuIrwNsz0in3XAUuQe-Kw,No,Female,43.0,White,False,True,1,1,0,1,1,1,1,1,1,0,1,0,1,1,1,1,1,1,1,1,0,0,0,0,1,1,0,0,
dg.MD1R/6172d6a1-5201-4d78-a851-57576c22b1fb,10041569-c9PRC6Y3RE67w49RgS6h-w,CXR,10041569-c9PRC6Y3RE67w49RgS6h-w,No,Male,43.0,Not Reported,False,True,1,1,0,0,1,0,1,1,1,1,1,0,1,0,1,1,1,1,1,1,1,1,0,0,1,1,0,0,
dg.MD1R/eaf03c05-77c6-487c-a8a5-07800a068b18,10041569-MDkU3RfIpEif7aQgzVcJxQ,CXR,10041569-MDkU3RfIpEif7aQgzVcJxQ,No,Female,63.0,Not Reported,False,True,1,1,1,0,1,1,1,1,1,1,1,0,1,0,1,1,0,0,0,1,0,0,0,1,1,1,0,0,
dg.MD1R/fb9ab539-2bbc-4fc6-8376-3c97145c43df,10041569-A3LGKzCxjE6k9sUCJ0ixgA,CXR,10041569-A3LGKzCxjE6k9sUCJ0ixgA,No,Female,68.0,White,False,True,1,1,1,0,1,1,1,0,1,0,1,0,1,1,1,1,1,1,1,1,1,0,0,0,0,0,1,0,
dg.MD1R/13cf7bf5-b5a8-4acb-b21d-a43ab365cc11,10041569-SG99bppCSU6wKLnbSfuykw,CXR,10041569-SG99bppCSU6wKLnbSfuykw,No,Male,47.0,White,False,True,1,1,0,1,0,1,1,1,1,0,1,0,1,0,1,1,0,0,1,1,1,1,0,0,1,1,1,0,
dg.MD1R/08d3858f-b2d7-436d-ab2b-7a35523db254,10041569-Ghqid8nyJky232EU1jib7A,CXR,10041569-Ghqid8nyJky232EU1jib7A,No,Female,30.0,White,False,True,1,1,1,0,1,1,1,1,1,0,1,0,1,0,1,1,0,1,1,1,0,0,0,0,1,1,1,0,
dg.MD1R/41bd69d6-8379-4cdc-8ffc-0afc7e682d29,10041569-DlqX5imb0ejWPhSL4fHg,CXR,10041569-DlqX5imb0ejWPhSL4fHg,Yes,Female,73.0,Black or African American,False,True,1,1,1,0,1,1,0,0,1,0,1,0,1,0,1,1,1,1,0,1,1,1,0,0,0,0,1,0,
dg.MD1R/ffa5d259-c8c8-4e99-bc3e-12d5dd8a2d3a,10041569-DlqX5imb0ejWPhSL4fHg,CXR,10041569-DlqX5imb0ejWPhSL4fHg,Yes,Female,73.0,Black or African American,False,True,1,1,1,0,1,1,0,0,1,0,1,0,1,0,1,1,1,1,0,1,1,1,0,0,0,0,1,0,
dg.MD1R/9a06d31b-34f8-4dd7-b174-4b4b550a27e9,10041569-c9PRC6Y3RE67w49RgS6h-w,CXR,10041569-c9PRC6Y3RE67w49RgS6h-w,No,Male,43.0,Not Reported,False,True,1,1,0,0,1,0,1,1,1,1,1,0,1,0,1,1,1,1,1,1,1,1,0,0,1,1,0,0,
dg.MD1R/8c1e0b53-eed9-46ea-8cee-680d7363e4e2,10041569-9ATblYQbdEeYoeu-hiiGrg,CXR,10041569-9ATblYQbdEeYoeu-hiiGrg,No,Male,38.0,White,False,True,1,1,1,1,1,1,1,1,1,0,1,0,1,0,1,0,1,0,1,1,1,1,0,0,1,1,0,0,
dg.MD1R/ae6af3b5-9463-4362-bf64-f7cdd674f6b1,10041569-4QjcK_XtZ02l6l5mhNsYPA,CXR,10041569-4QjcK_XtZ02l6l5mhNsYPA,No,Female,62.0,White,False,False,1,1,1,0,0,1,1,0,0,0,1,0,0,0,1,0,0,1,0,1,0,0,0,0,0,0,0,0,
dg.MD1R/c2f2272f-87f8-4fda-bbb0-64bae1e3d24c,10041569-A3LGKzCxjE6k9sUCJ0ixgA,CXR,10041569-A3LGKzCxjE6k9sUCJ0ixgA,No,Female,68.0,White,False,True,1,1,1,0,1,1,1,0,1,0,1,0,1,1,1,1,1,1,1,1,1,0,0,0,0,0,1,0,
dg.MD1R/5d62aee2-1ba5-4945-aa43-f98dd1d15aaa,10041569-Ghqid8nyJky232EU1jib7A,CXR,10041569-Ghqid8nyJky232EU1jib7A,No,Female,30.0,White,False,True,1,1,1,0,1,1,1,1,1,0,1,0,1,0,1,1,0,1,1,1,0,0,0,0,1,1,1,0,
dg.MD1R/79d8da7e-2906-402f-be5e-88919de1b29a,10041569-YIon3HGGUa4N81uJEoWmg,CXR,10041569-YIon3HGGUa4N81uJEoWmg,Yes,Male,84.0,Black or African American,False,False,1,1,1,0,1,1,1,0,1,0,1,0,1,0,1,1,1,1,1,1,1,1,0,0,0,1,0,0,
dg.MD1R/30e34668-ad62-438c-9e97-04edf296e527,10041569-D3vABUsPmkWtIloZPs8oFQ,CXR,10041569-D3vABUsPmkWtIloZPs8oFQ,No,Female,53.0,White,False,True,1,1,1,0,0,1,0,0,1,0,1,0,0,0,1,0,1,0,0,1,1,0,0,0,1,0,1,0,
dg.MD1R/5a762946-346a-42de-a2e4-6b054717e199,10041569-9II6IB8jYkSYcpBfxvL1-w,CXR,10041569-9II6IB8jYkSYcpBfxvL1-w,No,Female,65.0,White,False,True,1,1,1,0,1,1,1,1,1,0,1,0,0,1,1,1,1,1,0,1,1,1,0,0,1,0,0,0,
dg.MD1R/b354c94d-6a5f-493e-9efd-706380a26c9d,10041569-NCqDv8OEUyQItLOWlNToA,CXR,10041569-NCqDv8OEUyQItLOWlNToA,Yes,Female,61.0,White,False,True,1,1,0,0,1,1,1,0,1,0,1,0,1,1,1,0,1,0,0,1,1,1,0,0,0,0,0,0,
dg.MD1R/5372b807-b5c5-4c1b-9b1c-058eb27320a6,10041569-yB8z_LbI0E-_zGehDSOH3w,CXR,10041569-yB8z_LbI0E-_zGehDSOH3w,No,Male,53.0,White,False,True,1,1,1,1,1,1,1,1,1,0,1,0,0,0,1,1,1,1,1,1,1,1,0,0,1,1,0,0,
dg.MD1R/8ee360a7-ee39-407a-a22a-2bdcf3f95a59,10041569-YIon3HGGUa4N81uJEoWmg,CXR,10041569-YIon3HGGUa4N81uJEoWmg,Yes,Male,84.0,Black or African American,False,False,1,1,1,0,1,1,1,0,1,0,1,0,1,0,1,1,1,1,1,1,1,1,0,0,0,1,0,0,
dg.MD1R/644dea6b-1ee1-48dd-b004-8caff95846bc,10041569-qyn7o7O1MkWMKhOmffWoA,CXR,10041569-qyn7o7O1MkWMKhOmffWoA,Yes,Male,67.0,Black or African American,False,False,1,1,1,0,1,1,1,1,1,0,1,0,0,0,1,0,0,1,0,1,0,1,0,0,0,0,0,0,
dg.MD1R/180048f8-1215-4963-8bf6-5960efa37eee,10041569-LoYrk3_qUECYQ917wYIwJA,CXR,10041569-LoYrk3_qUECYQ917wYIwJA,No,Male,72.0,White,False,False,1,1,0,0,1,0,0,0,0,0,0,0,0,0,0,0,1,0,0,1,1,0,0,0,1,0,0,0,
dg.MD1R/93e675d9-86b5-4b4c-bc07-801124083655,10041569-cjCkL2X7mUiIY1y169oXMw,CXR,10041569-cjCkL2X7mUiIY1y169oXMw,No,Male,89.0,White,False,False,1,1,0,0,0,1,0,0,1,0,0,1,0,0,0,0,1,0,0,1,0,1,0,0,0,0,0,0,
dg.MD1R/fb771e7e-43bc-4f10-a64c-a4040d00d33b,10041569-yB8z_LbI0E-_zGehDSOH3w,CXR,10041569-yB8z_LbI0E-_zGehDSOH3w,No,Male,53.0,White,False,True,1,1,1,1,1,1,1,1,1,0,1,0,0,0,1,1,1,1,1,1,1,1,0,0,1,1,0,0,
dg.MD1R/3d477546-76fb-47db-8ee8-b7c89f86c81b,10041569-KTJisivBEW8eG11h3OmCQ,CXR,10041569-KTJisivBEW8eG11h3OmCQ,Yes,Male,36.0,Not Reported,False,True,1,1,1,0,0,1,1,1,1,1,1,0,1,1,1,1,1,1,1,1,1,1,0,0,1,1,0,0,data/preprocessed/cxr/3d477546-76fb-47db-8ee8-b7c89f86c81b.npy
dg.MD1R/cb7f4ce3-c208-4890-92af-a2fde4327a29,10041569-kYAJEvyvdkqkSfAkUSJa9w,CXR,10041569-kYAJEvyvdkqkSfAkUSJa9w,No,Female,70.0,Black or African American,False,False,1,1,1,0,1,1,0,0,0,0,1,0,0,0,0,0,1,0,0,1,0,0,0,1,0,1,1,0,
dg.MD1R/a1d0afe4-276d-4ec9-90b4-824b6a2273ce,10041569-vsvMCFFqmkm7JsNySllWHA,CXR,10041569-vsvMCFFqmkm7JsNySllWHA,No,Female,22.0,Black or African American,False,False,1,1,0,0,0,0,0,0,1,1,0,0,0,0,1,0,1,1,0,1,0,0,0,0,0,0,1,0,
dg.MD1R/8d109d1f-a6cf-451b-8c51-523a82d25059,10041569-e7nGBfBZT0OGjS7I1UCkTg,CXR,10041569-e7nGBfBZT0OGjS7I1UCkTg,No,Female,58.0,White,False,False,1,1,1,0,0,1,0,0,0,0,1,0,0,0,0,0,0,0,0,0,0,0,0,0,0,0,1,0,
dg.MD1R/5be0fda7-7077-4204-9a6b-97ae3a7edeed,10041569-DlqX5imb0ejWPhSL4fHg,CXR,10041569-DlqX5imb0ejWPhSL4fHg,Yes,Female,73.0,Black or African American,False,True,1,1,1,0,1,1,0,0,1,0,1,0,1,0,1,1,1,1,0,1,1,1,0,0,0,0,1,0,
dg.MD1R/41eb64e8-d9a2-400d-aec6-a94f5b0964af,10041569-DlqX5imb0ejWPhSL4fHg,CXR,10041569-DlqX5imb0ejWPhSL4fHg,Yes,Female,73.0,Black or African American,False,True,1,1,1,0,1,1,0,0,1,0,1,0,1,0,1,1,1,1,0,1,1,1,0,0,0,0,1,0,
dg.MD1R/d18be0ec-2875-40b1-81d2-4b22b9a8395a,10041569-fc2jn1z4M0i490tdgUz4qA,CXR,10041569-fc2jn1z4M0i490tdgUz4qA,No,Female,65.0,White,False,True,1,1,1,0,1,1,1,1,0,0,1,1,0,0,0,1,0,0,0,1,0,0,0,0,0,0,1,0,
dg.MD1R/d99dcbb9-1ed5-465e-bf7e-8726b55a8166,10041569-aoPnMEFqQkC6354FxeUJkA,CXR,10041569-aoPnMEFqQkC6354FxeUJkA,No,Male,38.0,White,False,True,1,1,1,0,1,1,1,1,1,0,1,1,1,0,1,1,1,0,0,1,0,1,0,0,1,1,0,0,
dg.MD1R/798dc8bd-826b-4ed3-97fd-518db44a22f3,10041569-A3LGKzCxjE6k9sUCJ0ixgA,CXR,10041569-A3LGKzCxjE6k9sUCJ0ixgA,No,Female,68.0,White,False,True,1,1,1,0,1,1,1,0,1,0,1,0,1,1,1,1,1,1,1,1,1,0,0,0,0,0,1,0,
dg.MD1R/41ed4b4a-93a4-4b39-927d-b7ec991049a0,10041569-GGVWxCvy0EqTLEezdu9k4Q,CXR,10041569-GGVWxCvy0EqTLEezdu9k4Q,No,Male,60.0,White,False,True,1,1,1,0,1,1,1,1,1,0,1,0,1,1,0,1,1,0,1,1,1,1,0,0,1,1,0,0,
dg.MD1R/324a14e9-10e5-45f3-af85-66e8824049a7,10041569-5mEhtO0KQ0Ocq21FWZ6jQ,CXR,10041569-5mEhtO0KQ0Ocq21FWZ6jQ,Yes,Male,65.0,Black or African American,False,True,1,1,1,0,0,1,0,1,0,0,1,0,0,0,0,1,1,0,0,1,0,1,0,0,0,0,1,0,
dg.MD1R/01bb8ca3-81d7-425b-af31-b09fc62fefb3,10041569-Ghqid8nyJky232EU1jib7A,CXR,10041569-Ghqid8nyJky232EU1jib7A,No,Female,30.0,White,False,True,1,1,1,0,1,1,1,1,1,0,1,0,1,0,1,1,0,1,1,1,0,0,0,0,1,1,1,0,
dg.MD1R/05220dc6-9ed5-4342-becb-de93947b7f52,10041569-U2DqnTGhr0Ok2n-4B58raw,CXR,10041569-U2DqnTGhr0Ok2n-4B58raw,No,Female,21.0,White,False,False,1,1,0,0,0,1,1,0,0,0,0,0,0,0,0,0,0,0,0,0,0,0,0,0,0,0,0,0,
dg.MD1R/6347bcf4-8cb8-4d6b-b6c4-f3a3edacf853,10041569-Vxvks2wD2EeSdzpHV2zvwg,CXR,10041569-Vxvks2wD2EeSdzpHV2zvwg,Yes,Female,81.0,Asian,False,True,1,1,1,0,0,1,1,0,1,1,1,0,1,1,1,1,1,1,1,1,1,1,1,0,0,0,0,0,
dg.MD1R/4fa3038f-7d8d-4b2f-8c20-f91a72088d31,10041569-VGNu6FLHPEiGjPVNhzb7rA,CXR,10041569-VGNu6FLHPEiGjPVNhzb7rA,Yes,Female,38.0,Black or African American,False,True,1,1,0,0,0,0,0,0,1,0,1,0,1,0,1,1,0,1,0,1,1,1,0,0,0,0,0,0,
dg.MD1R/ccdc3ad2-e63e-4164-a11b-e2b4f51477df,10041569-4QjcK_XtZ02l6l5mhNsYPA,CXR,10041569-4QjcK_XtZ02l6l5mhNsYPA,No,Female,62.0,White,False,False,1,1,1,0,0,1,1,0,0,0,1,0,0,0,1,0,0,1,0,1,0,0,0,0,0,0,0,0,
dg.MD1R/0c296243-f9d9-429a-95e2-f9419170d7b3,10041569-9II6IB8jYkSYcpBfxvL1-w,CXR,10041569-9II6IB8jYkSYcpBfxvL1-w,No,Female,65.0,White,False,True,1,1,1,0,1,1,1,1,1,0,1,0,0,1,1,1,1,1,0,1,1,1,0,0,1,0,0,0,
dg.MD1R/23a416b1-cccf-4f47-8721-86d7aeeaca3e,10041569-SG99bppCSU6wKLnbSfuykw,CXR,10041569-SG99bppCSU6wKLnbSfuykw,No,Male,47.0,White,False,True,1,1,0,1,0,1,1,1,1,0,1,0,1,0,1,1,0,0,1,1,1,1,0,0,1,1,1,0,
dg.MD1R/5e6a2eb1-6c20-4281-8099-84c81a151b4f,10041569-9II6IB8jYkSYcpBfxvL1-w,CXR,10041569-9II6IB8jYkSYcpBfxvL1-w,No,Female,65.0,White,False,True,1,1,1,0,1,1,1,1,1,0,1,0,0,1,1,1,1,1,0,1,1,1,0,0,1,0,0,0,
dg.MD1R/b9b03eda-fc3b-417a-86d7-93d3ef9b6f8d,10041569-aoPnMEFqQkC6354FxeUJkA,CXR,10041569-aoPnMEFqQkC6354FxeUJkA,No,Male,38.0,White,False,True,1,1,1,0,1,1,1,1,1,0,1,1,1,0,1,1,1,0,0,1,0,1,0,0,1,1,0,0,
dg.MD1R/424bb1de-b3c5-461d-9622-cf65d1db0a5b,10041569-FtpnR4GEPEe9JztuDUqrXg,CXR,10041569-FtpnR4GEPEe9JztuDUqrXg,No,Male,51.0,White,False,True,1,1,1,1,1,1,1,1,1,1,1,0,1,1,1,1,1,0,0,1,1,1,0,0,1,0,0,0,
dg.MD1R/b4559f37-a89d-48ba-8c9c-3dd49f05d287,10041569-MDkU3RfIpEif7aQgzVcJxQ,CXR,10041569-MDkU3RfIpEif7aQgzVcJxQ,No,Female,63.0,Not Reported,False,True,1,1,1,0,1,1,1,1,1,1,1,0,1,0,1,1,0,0,0,1,0,0,0,1,1,1,0,0,
dg.MD1R/7d319ea0-957c-43d6-8aea-fb942b1779c2,10041569-E-QV9Q_6Kk6RhK_Q3U-xuw,CXR,10041569-E-QV9Q_6Kk6RhK_Q3U-xuw,No,Male,76.0,White,False,True,1,1,1,0,1,1,1,1,1,0,1,0,1,0,1,1,1,1,0,1,1,1,0,0,1,1,1,0,
dg.MD1R/4208ad78-7202-4df8-bb81-a456063bb2e6,10041569-Se9lMjRqAUaS7zYoAuf0dA,CXR,10041569-Se9lMjRqAUaS7zYoAuf0dA,No,Female,29.0,White,False,True,1,1,1,0,1,1,1,1,1,0,1,0,1,0,1,1,1,0,0,1,0,1,0,0,1,1,0,0,
dg.MD1R/0cfc25ad-2c93-42c8-9a70-70e464a95286,10041569-g7BegS168EGCpgRylILjoA,CXR,10041569-g7BegS168EGCpgRylILjoA,Yes,Female,63.0,White,False,True,1,1,1,0,0,1,1,0,1,1,1,0,1,1,0,1,1,1,1,1,1,0,0,1,0,0,0,0,
dg.MD1R/4571ba26-8104-4c0a-becc-a9153d670bcb,10041569-Se9lMjRqAUaS7zYoAuf0dA,CXR,10041569-Se9lMjRqAUaS7zYoAuf0dA,No,Female,29.0,White,False,True,1,1,1,0,1,1,1,1,1,0,1,0,1,0,1,1,1,0,0,1,0,1,0,0,1,1,0,0,
dg.MD1R/55eb747f-5ffb-45c3-acf6-85e6238ab2b0,10041569-SG99bppCSU6wKLnbSfuykw,CXR,10041569-SG99bppCSU6wKLnbSfuykw,No,Male,47.0,White,False,True,1,1,0,1,0,1,1,1,1,0,1,0,1,0,1,1,0,0,1,1,1,1,0,0,1,1,1,0,
dg.MD1R/c5039e5f-3300-47c9-9637-e24bc3aba247,10041569-PNPzL7DFp0iFwIMeiK7Ipg,CXR,10041569-PNPzL7DFp0iFwIMeiK7Ipg,No,Male,45.0,Not Reported,False,True,1,1,1,0,1,1,1,1,1,0,1,0,1,0,1,1,1,1,1,1,1,1,0,0,1,1,0,0,
dg.MD1R/0c7f52c5-56d3-4c0d-9fd1-e92f01a5b67b,10041569-rdL12m75aU6AT4OZNtG2Aw,CXR,10041569-rdL12m75aU6AT4OZNtG2Aw,Yes,Male,51.0,Black or African American,False,True,1,1,1,0,0,1,1,0,1,1,1,0,1,0,1,1,1,1,1,1,1,1,0,0,0,0,1,0,
dg.MD1R/09840b7a-41a4-4702-b21a-030a8b8dfe58,10041569-yB8z_LbI0E-_zGehDSOH3w,CXR,10041569-yB8z_LbI0E-_zGehDSOH3w,No,Male,53.0,White,False,True,1,1,1,1,1,1,1,1,1,0,1,0,0,0,1,1,1,1,1,1,1,1,0,0,1,1,0,0,
dg.MD1R/f213d161-4e1a-461b-95d0-d3cec9352979,10041569-nuhYWdzIy0iRxBnNLhWS3Q,CXR,10041569-nuhYWdzIy0iRxBnNLhWS3Q,No,Female,42.0,Black or African American,False,True,1,1,0,1,1,0,1,1,1,1,1,0,0,0,0,1,0,0,1,0,1,0,0,0,0,0,0,0,
dg.MD1R/a1a592d2-7428-4b6d-a58a-406ff08083ab,10041569-DlqX5imb0ejWPhSL4fHg,CXR,10041569-DlqX5imb0ejWPhSL4fHg,Yes,Female,73.0,Black or African American,False,True,1,1,1,0,1,1,0,0,1,0,1,0,1,0,1,1,1,1,0,1,1,1,0,0,0,0,1,0,
dg.MD1R/4df03f9d-cc27-4538-9bc3-fb5dffb29cc8,10041569-9II6IB8jYkSYcpBfxvL1-w,CXR,10041569-9II6IB8jYkSYcpBfxvL1-w,No,Female,65.0,White,False,True,1,1,1,0,1,1,1,1,1,0,1,0,0,1,1,1,1,1,0,1,1,1,0,0,1,0,0,0,
dg.MD1R/039d0f78-9819-4fc4-8838-8f4533561cc9,10041569-VGNu6FLHPEiGjPVNhzb7rA,CXR,10041569-VGNu6FLHPEiGjPVNhzb7rA,Yes,Female,38.0,Black or African American,False,True,1,1,0,0,0,0,0,0,1,0,1,0,1,0,1,1,0,1,0,1,1,1,0,0,0,0,0,0,
dg.MD1R/61a9ca8f-aa71-41ea-9a31-72f3159800c6,10041569-5mEhtO0KQ0Ocq21FWZ6jQ,CXR,10041569-5mEhtO0KQ0Ocq21FWZ6jQ,Yes,Male,65.0,Black or African American,False,True,1,1,1,0,0,1,0,1,0,0,1,0,0,0,0,1,1,0,0,1,0,1,0,0,0,0,1,0,
dg.MD1R/1e8ec781-5dbe-4325-a7bd-a8206ecb1fe4,10041569-9II6IB8jYkSYcpBfxvL1-w,CXR,10041569-9II6IB8jYkSYcpBfxvL1-w,No,Female,65.0,White,False,True,1,1,1,0,1,1,1,1,1,0,1,0,0,1,1,1,1,1,0,1,1,1,0,0,1,0,0,0,
dg.MD1R/e6bf2630-9099-4102-ac29-d379f1b445f3,10041569-YIon3HGGUa4N81uJEoWmg,CXR,10041569-YIon3HGGUa4N81uJEoWmg,Yes,Male,84.0,Black or African American,False,False,1,1,1,0,1,1,1,0,1,0,1,0,1,0,1,1,1,1,1,1,1,1,0,0,0,1,0,0,
dg.MD1R/32f45564-cfee-4974-bfd5-5c9a9a8930e5,10041569-oepYvLWUSzQPnu9cIeQ,CXR,10041569-oepYvLWUSzQPnu9cIeQ,Yes,Male,59.0,White,False,False,1,1,1,0,1,1,0,0,1,0,1,0,0,0,0,0,1,0,0,0,0,0,0,0,0,0,0,0,
dg.MD1R/3f331f55-6e5d-479b-b80c-bb9a11268835,10041569-nTuIrwNsz0in3XAUuQe-Kw,CXR,10041569-nTuIrwNsz0in3XAUuQe-Kw,No,Female,43.0,White,False,True,1,1,0,1,1,1,1,1,1,0,1,0,1,1,1,1,1,1,1,1,0,0,0,0,1,1,0,0,
dg.MD1R/39f27a21-838e-4614-b1e6-4f888a13fee3,10041569-NCqDv8OEUyQItLOWlNToA,CXR,10041569-NCqDv8OEUyQItLOWlNToA,Yes,Female,61.0,White,False,True,1,1,0,0,1,1,1,0,1,0,1,0,1,1,1,0,1,0,0,1,1,1,0,0,0,0,0,0,
dg.MD1R/c6326726-9e50-4e65-a2c7-19b1f4719672,10041569-nTuIrwNsz0in3XAUuQe-Kw,CXR,10041569-nTuIrwNsz0in3XAUuQe-Kw,No,Female,43.0,White,False,True,1,1,0,1,1,1,1,1,1,0,1,0,1,1,1,1,1,1,1,1,0,0,0,0,1,1,0,0,
dg.MD1R/b985fe95-d1ce-4bb1-b22e-8bea1b7909bf,10041569-A3LGKzCxjE6k9sUCJ0ixgA,CXR,10041569-A3LGKzCxjE6k9sUCJ0ixgA,No,Female,68.0,White,False,True,1,1,1,0,1,1,1,0,1,0,1,0,1,1,1,1,1,1,1,1,1,0,0,0,0,0,1,0,
dg.MD1R/7453f64a-5731-48b1-9277-96f7937b3e3f,10041569-cntv_pMWIU-xIIpSVKnX_Q,CXR,10041569-cntv_pMWIU-xIIpSVKnX_Q,No,Female,63.0,White,False,True,1,1,0,0,0,0,0,0,0,0,1,0,0,0,0,0,0,0,0,1,1,0,0,0,0,0,0,0,
dg.MD1R/d359d46c-8742-4b1c-9791-7ad3e9ea5b2e,10041569-SG99bppCSU6wKLnbSfuykw,CXR,10041569-SG99bppCSU6wKLnbSfuykw,No,Male,47.0,White,False,True,1,1,0,1,0,1,1,1,1,0,1,0,1,0,1,1,0,0,1,1,1,1,0,0,1,1,1,0,
dg.MD1R/761bddfa-cfaa-4964-a4f4-a05da27cad40,10041569-DlqX5imb0ejWPhSL4fHg,CXR,10041569-DlqX5imb0ejWPhSL4fHg,Yes,Female,73.0,Black or African American,False,True,1,1,1,0,1,1,0,0,1,0,1,0,1,0,1,1,1,1,0,1,1,1,0,0,0,0,1,0,
dg.MD1R/82875cb8-a9bc-42e2-882c-b66e035ab310,10041569-avR8Wcrs0keHFtas_QmEMw,CXR,10041569-avR8Wcrs0keHFtas_QmEMw,No,Male,40.0,Not Reported,False,False,1,1,0,0,0,0,1,0,0,0,0,0,0,0,0,0,0,0,0,0,0,0,0,0,1,0,0,0,
dg.MD1R/279780cc-ba4d-4fca-949c-af80a4e74346,10041569-aoPnMEFqQkC6354FxeUJkA,CXR,10041569-aoPnMEFqQkC6354FxeUJkA,No,Male,38.0,White,False,True,1,1,1,0,1,1,1,1,1,0,1,1,1,0,1,1,1,0,0,1,0,1,0,0,1,1,0,0,
dg.MD1R/52ef97a5-211f-4e74-a3a0-fd754d09b7db,10041569-FiryyYEC_kWFcIYFTIQ5JA,CXR,10041569-FiryyYEC_kWFcIYFTIQ5JA,No,Female,74.0,White,False,False,1,1,1,0,0,1,1,1,1,0,1,0,0,0,0,0,0,0,1,1,1,0,0,0,0,0,1,0,
dg.MD1R/59dd3d87-d838-45dc-895f-af74559dd722,10041569-shlAGu1gtUiH2zAVfnFy5g,CXR,10041569-shlAGu1gtUiH2zAVfnFy5g,No,Male,73.0,White,False,True,1,1,1,0,1,1,0,1,0,0,1,0,0,0,0,1,1,1,0,1,1,0,0,0,0,0,1,0,
dg.MD1R/cc993952-6043-4305-8bee-c7c9f763dfce,10041569-D3vABUsPmkWtIloZPs8oFQ,CXR,10041569-D3vABUsPmkWtIloZPs8oFQ,No,Female,53.0,White,False,True,1,1,1,0,0,1,0,0,1,0,1,0,0,0,1,0,1,0,0,1,1,0,0,0,1,0,1,0,
dg.MD1R/5f0756e6-8775-4b68-9ad3-0309865cb1f4,10041569-MDkU3RfIpEif7aQgzVcJxQ,CXR,10041569-MDkU3RfIpEif7aQgzVcJxQ,No,Female,63.0,Not Reported,False,True,1,1,1,0,1,1,1,1,1,1,1,0,1,0,1,1,0,0,0,1,0,0,0,1,1,1,0,0,
dg.MD1R/1ec1750a-e06e-493a-8db6-2253a4d5c43e,10041569-9ATblYQbdEeYoeu-hiiGrg,CXR,10041569-9ATblYQbdEeYoeu-hiiGrg,No,Male,38.0,White,False,True,1,1,1,1,1,1,1,1,1,0,1,0,1,0,1,0,1,0,1,1,1,1,0,0,1,1,0,0,
dg.MD1R/9e3a86b4-9680-478f-a403-21373eae45de,10041569-aoPnMEFqQkC6354FxeUJkA,CXR,10041569-aoPnMEFqQkC6354FxeUJkA,No,Male,38.0,White,False,True,1,1,1,0,1,1,1,1,1,0,1,1,1,0,1,1,1,0,0,1,0,1,0,0,1,1,0,0,
dg.MD1R/a7c9f2af-8923-45ed-a887-e93b941b2b0e,10041569-HCWiZYVfsk2FSt7EPhf9BA,CXR,10041569-HCWiZYVfsk2FSt7EPhf9BA,No,Male,69.0,White,False,False,1,1,0,0,0,0,0,0,0,0,0,0,0,0,0,0,1,0,0,1,0,0,0,0,0,0,0,0,
dg.MD1R/15999cca-c129-4f43-952f-7927fc53a71b,10041569-LoYrk3_qUECYQ917wYIwJA,CXR,10041569-LoYrk3_qUECYQ917wYIwJA,No,Male,72.0,White,False,False,1,1,0,0,1,0,0,0,0,0,0,0,0,0,0,0,1,0,0,1,1,0,0,0,1,0,0,0,
dg.MD1R/3c1eef33-dd8d-4c8a-aa0f-9f95b4bbdeba,10041569-E-QV9Q_6Kk6RhK_Q3U-xuw,CXR,10041569-E-QV9Q_6Kk6RhK_Q3U-xuw,No,Male,76.0,White,False,True,1,1,1,0,1,1,1,1,1,0,1,0,1,0,1,1,1,1,0,1,1,1,0,0,1,1,1,0,
dg.MD1R/52e1f989-940b-4309-b270-b9f65a8cbe91,10041569-MDkU3RfIpEif7aQgzVcJxQ,CXR,10041569-MDkU3RfIpEif7aQgzVcJxQ,No,Female,63.0,Not Reported,False,True,1,1,1,0,1,1,1,1,1,1,1,0,1,0,1,1,0,0,0,1,0,0,0,1,1,1,0,0,
dg.MD1R/c043867a-aadc-473a-8595-f459417fc358,10041569-PNPzL7DFp0iFwIMeiK7Ipg,CXR,10041569-PNPzL7DFp0iFwIMeiK7Ipg,No,Male,45.0,Not Reported,False,True,1,1,1,0,1,1,1,1,1,0,1,0,1,0,1,1,1,1,1,1,1,1,0,0,1,1,0,0,
dg.MD1R/5d78a369-b6ae-4c9d-9277-e15d26d46f41,10041569-Uk2A0hDbaEC9Rm8CmMPMcA,CXR,10041569-Uk2A0hDbaEC9Rm8CmMPMcA,No,Female,56.0,White,False,False,1,1,0,0,0,1,0,0,0,1,0,0,0,0,0,0,1,1,1,1,0,0,0,0,0,0,1,0,
dg.MD1R/8fcaad34-95d7-43e8-bc40-7b1efe707766,10041569-vsvMCFFqmkm7JsNySllWHA,CXR,10041569-vsvMCFFqmkm7JsNySllWHA,No,Female,22.0,Black or African American,False,False,1,1,0,0,0,0,0,0,1,1,0,0,0,0,1,0,1,1,0,1,0,0,0,0,0,0,1,0,
dg.MD1R/fb6d6b51-26a7-4551-b29e-9ccd99c41f6b,10041569-c9PRC6Y3RE67w49RgS6h-w,CXR,10041569-c9PRC6Y3RE67w49RgS6h-w,No,Male,43.0,Not Reported,False,True,1,1,0,0,1,0,1,1,1,1,1,0,1,0,1,1,1,1,1,1,1,1,0,0,1,1,0,0,
dg.MD1R/1096c1b6-00a6-4ef9-aad7-010964d6c15f,10041569-c14D3XBUu3ak5rTjgCg,CXR,10041569-c14D3XBUu3ak5rTjgCg,Yes,Female,67.0,White,False,True,1,1,0,0,1,1,1,0,1,1,1,1,1,1,1,1,0,1,1,1,1,0,0,0,0,0,0,0,
dg.MD1R/f23771db-b120-4d19-95ee-7217d22434f3,10041569-Vkw64OnzkOqfAg5HGVn7g,CXR,10041569-Vkw64OnzkOqfAg5HGVn7g,Yes,Male,74.0,Black or African American,False,True,1,1,1,0,1,1,1,0,1,0,1,0,1,1,0,1,1,1,1,1,1,1,1,1,0,0,0,0,
dg.MD1R/56595e1d-f146-49dd-868f-9b7553747b11,10041569-vsvMCFFqmkm7JsNySllWHA,CXR,10041569-vsvMCFFqmkm7JsNySllWHA,No,Female,22.0,Black or African American,False,False,1,1,0,0,0,0,0,0,1,1,0,0,0,0,1,0,1,1,0,1,0,0,0,0,0,0,1,0,
dg.MD1R/08173fb5-8c49-4dc2-aa7c-796e685f0ceb,10041569-EmF3WX6HHEiZb_nSUEnXPw,CXR,10041569-EmF3WX6HHEiZb_nSUEnXPw,No,Female,70.0,Black or African American,False,True,1,1,0,0,0,1,1,0,1,0,1,0,1,1,1,1,1,0,1,1,1,1,0,0,1,0,0,0,
dg.MD1R/163be441-bc01-4b2b-b1b1-055be3f22627,10041569-yB8z_LbI0E-_zGehDSOH3w,CXR,10041569-yB8z_LbI0E-_zGehDSOH3w,No,Male,53.0,White,False,True,1,1,1,1,1,1,1,1,1,0,1,0,0,0,1,1,1,1,1,1,1,1,0,0,1,1,0,0,
dg.MD1R/538d984f-7033-4576-b585-8c999b34d2ee,10041569-c14D3XBUu3ak5rTjgCg,CXR,10041569-c14D3XBUu3ak5rTjgCg,Yes,Female,67.0,White,False,True,1,1,0,0,1,1,1,0,1,1,1,1,1,1,1,1,0,1,1,1,1,0,0,0,0,0,0,0,
dg.MD1R/7ec55a2c-a084-409c-a540-8522ed13ed17,10041569-vsvMCFFqmkm7JsNySllWHA,CXR,10041569-vsvMCFFqmkm7JsNySllWHA,No,Female,22.0,Black or African American,False,False,1,1,0,0,0,0,0,0,1,1,0,0,0,0,1,0,1,1,0,1,0,0,0,0,0,0,1,0,
dg.MD1R/7b9d1bc5-b1da-4507-b06c-478a814f73d7,10041569-fc2jn1z4M0i490tdgUz4qA,CXR,10041569-fc2jn1z4M0i490tdgUz4qA,No,Female,65.0,White,False,True,1,1,1,0,1,1,1,1,0,0,1,1,0,0,0,1,0,0,0,1,0,0,0,0,0,0,1,0,
dg.MD1R/902acb3e-d492-4e67-9d57-31957c9353a9,10041569-c9PRC6Y3RE67w49RgS6h-w,CXR,10041569-c9PRC6Y3RE67w49RgS6h-w,No,Male,43.0,Not Reported,False,True,1,1,0,0,1,0,1,1,1,1,1,0,1,0,1,1,1,1,1,1,1,1,0,0,1,1,0,0,
dg.MD1R/8ea61adb-867c-41bb-b40e-03bffb37c31d,10041569-rdL12m75aU6AT4OZNtG2Aw,CXR,10041569-rdL12m75aU6AT4OZNtG2Aw,Yes,Male,51.0,Black or African American,False,True,1,1,1,0,0,1,1,0,1,1,1,0,1,0,1,1,1,1,1,1,1,1,0,0,0,0,1,0,
dg.MD1R/d44b5444-a74e-4570-8e51-96c4a4d4999c,10041569-eRsrzUDa90mJN9ixq71b7A,CXR,10041569-eRsrzUDa90mJN9ixq71b7A,No,Female,71.0,White,False,False,1,1,1,0,0,1,0,0,0,0,1,0,0,0,0,0,0,1,0,1,0,1,0,1,0,0,0,0,
dg.MD1R/46fe73f8-b33e-4c65-8bd1-e9620d3da959,10041569-VGNu6FLHPEiGjPVNhzb7rA,CXR,10041569-VGNu6FLHPEiGjPVNhzb7rA,Yes,Female,38.0,Black or African American,False,True,1,1,0,0,0,0,0,0,1,0,1,0,1,0,1,1,0,1,0,1,1,1,0,0,0,0,0,0,
dg.MD1R/8e4aaccd-8515-4432-ae34-4b79b94ac98c,10041569-A3LGKzCxjE6k9sUCJ0ixgA,CXR,10041569-A3LGKzCxjE6k9sUCJ0ixgA,No,Female,68.0,White,False,True,1,1,1,0,1,1,1,0,1,0,1,0,1,1,1,1,1,1,1,1,1,0,0,0,0,0,1,0,
dg.MD1R/6ac0462c-3b33-49f6-92b6-14a9d029cead,10041569-VGNu6FLHPEiGjPVNhzb7rA,CXR,10041569-VGNu6FLHPEiGjPVNhzb7rA,Yes,Female,38.0,Black or African American,False,True,1,1,0,0,0,0,0,0,1,0,1,0,1,0,1,1,0,1,0,1,1,1,0,0,0,0,0,0,
dg.MD1R/6f1eaf2f-bd56-4a04-a244-3195af76edb7,10041569-Ghqid8nyJky232EU1jib7A,CXR,10041569-Ghqid8nyJky232EU1jib7A,No,Female,30.0,White,False,True,1,1,1,0,1,1,1,1,1,0,1,0,1,0,1,1,0,1,1,1,0,0,0,0,1,1,1,0,
dg.MD1R/0156f484-fcb7-4f25-b1e7-860a0f290abc,10041569-MDkU3RfIpEif7aQgzVcJxQ,CXR,10041569-MDkU3RfIpEif7aQgzVcJxQ,No,Female,63.0,Not Reported,False,True,1,1,1,0,1,1,1,1,1,1,1,0,1,0,1,1,0,0,0,1,0,0,0,1,1,1,0,0,
dg.MD1R/5ccecab7-ac8d-4945-ba7f-de3a87270f8d,10041569-VGNu6FLHPEiGjPVNhzb7rA,CXR,10041569-VGNu6FLHPEiGjPVNhzb7rA,Yes,Female,38.0,Black or African American,False,True,1,1,0,0,0,0,0,0,1,0,1,0,1,0,1,1,0,1,0,1,1,1,0,0,0,0,0,0,
dg.MD1R/81ac1afc-d7b7-4b35-9f0b-d1d820ef29b3,10041569-KTJisivBEW8eG11h3OmCQ,CXR,10041569-KTJisivBEW8eG11h3OmCQ,Yes,Male,36.0,Not Reported,False,True,1,1,1,0,0,1,1,1,1,1,1,0,1,1,1,1,1,1,1,1,1,1,0,0,1,1,0,0,data/preprocessed/cxr/81ac1afc-d7b7-4b35-9f0b-d1d820ef29b3.npy
dg.MD1R/fd094e04-3159-4580-91fe-3020e37d7ad4,10041569-5mEhtO0KQ0Ocq21FWZ6jQ,CXR,10041569-5mEhtO0KQ0Ocq21FWZ6jQ,Yes,Male,65.0,Black or African American,False,True,1,1,1,0,0,1,0,1,0,0,1,0,0,0,0,1,1,0,0,1,0,1,0,0,0,0,1,0,
dg.MD1R/ea60c568-858d-4688-a2e2-410f2635fb00,10041569-4DNktkkdXUGzSU6qGPxFEw,CXR,10041569-4DNktkkdXUGzSU6qGPxFEw,Yes,Female,26.0,Black or African American,False,True,1,1,0,0,0,1,1,0,1,1,1,0,1,0,1,1,0,1,0,1,1,1,0,0,0,0,0,0,
dg.MD1R/d90baf27-2c1f-4c46-a8e1-9a2d40ca3116,10041569-DlqX5imb0ejWPhSL4fHg,CXR,10041569-DlqX5imb0ejWPhSL4fHg,Yes,Female,73.0,Black or African American,False,True,1,1,1,0,1,1,0,0,1,0,1,0,1,0,1,1,1,1,0,1,1,1,0,0,0,0,1,0,
dg.MD1R/7390dd97-b1ad-4bab-91d3-475329f94198,10041569-PNPzL7DFp0iFwIMeiK7Ipg,CXR,10041569-PNPzL7DFp0iFwIMeiK7Ipg,No,Male,45.0,Not Reported,False,True,1,1,1,0,1,1,1,1,1,0,1,0,1,0,1,1,1,1,1,1,1,1,0,0,1,1,0,0,
dg.MD1R/7068307e-bdb1-4c01-8312-d0f291537bbd,10041569-Ghqid8nyJky232EU1jib7A,CXR,10041569-Ghqid8nyJky232EU1jib7A,No,Female,30.0,White,False,True,1,1,1,0,1,1,1,1,1,0,1,0,1,0,1,1,0,1,1,1,0,0,0,0,1,1,1,0,
dg.MD1R/4410272a-616a-4022-82c6-fda6afc2fd89,10041569-qyn7o7O1MkWMKhOmffWoA,CXR,10041569-qyn7o7O1MkWMKhOmffWoA,Yes,Male,67.0,Black or African American,False,False,1,1,1,0,1,1,1,1,1,0,1,0,0,0,1,0,0,1,0,1,0,1,0,0,0,0,0,0,
dg.MD1R/8fd547ad-f8d3-430b-99d7-eecd875a39a0,10041569-MDkU3RfIpEif7aQgzVcJxQ,CXR,10041569-MDkU3RfIpEif7aQgzVcJxQ,No,Female,63.0,Not Reported,False,True,1,1,1,0,1,1,1,1,1,1,1,0,1,0,1,1,0,0,0,1,0,0,0,1,1,1,0,0,
dg.MD1R/5b529102-b90a-44ee-bc2f-e9ac3a3e02c9,10041569-MDkU3RfIpEif7aQgzVcJxQ,CXR,10041569-MDkU3RfIpEif7aQgzVcJxQ,No,Female,63.0,Not Reported,False,True,1,1,1,0,1,1,1,1,1,1,1,0,1,0,1,1,0,0,0,1,0,0,0,1,1,1,0,0,
dg.MD1R/b3400d28-a0ca-4185-aaa0-bb7898ca3589,10041569-MDkU3RfIpEif7aQgzVcJxQ,CXR,10041569-MDkU3RfIpEif7aQgzVcJxQ,No,Female,63.0,Not Reported,False,True,1,1,1,0,1,1,1,1,1,1,1,0,1,0,1,1,0,0,0,1,0,0,0,1,1,1,0,0,
dg.MD1R/df1e2dff-092d-43f6-afd2-663d80f2de00,10041569-qyn7o7O1MkWMKhOmffWoA,CXR,10041569-qyn7o7O1MkWMKhOmffWoA,Yes,Male,67.0,Black or African American,False,False,1,1,1,0,1,1,1,1,1,0,1,0,0,0,1,0,0,1,0,1,0,1,0,0,0,0,0,0,
dg.MD1R/cb55dfcf-deb8-40e6-bfb8-87f81a1cec0c,10041569-5YT-xvDBCU2f8_UPHuMm5Q,CXR,10041569-5YT-xvDBCU2f8_UPHuMm5Q,No,Female,80.0,Black or African American,False,False,1,1,0,0,0,0,0,0,0,0,1,0,0,0,0,0,1,0,0,1,1,1,1,0,0,0,0,0,
dg.MD1R/be97724a-63a9-4afc-85e5-b5e394e2ed31,10041569-aoPnMEFqQkC6354FxeUJkA,CXR,10041569-aoPnMEFqQkC6354FxeUJkA,No,Male,38.0,White,False,True,1,1,1,0,1,1,1,1,1,0,1,1,1,0,1,1,1,0,0,1,0,1,0,0,1,1,0,0,
dg.MD1R/70785f1e-c846-49a9-b62f-68b460580cbd,10041569-cntv_pMWIU-xIIpSVKnX_Q,CXR,10041569-cntv_pMWIU-xIIpSVKnX_Q,No,Female,63.0,White,False,True,1,1,0,0,0,0,0,0,0,0,1,0,0,0,0,0,0,0,0,1,1,0,0,0,0,0,0,0,
dg.MD1R/6ff41904-b77d-4a95-b0a7-2be99e6aee55,10041569-qyn7o7O1MkWMKhOmffWoA,CXR,10041569-qyn7o7O1MkWMKhOmffWoA,Yes,Male,67.0,Black or African American,False,False,1,1,1,0,1,1,1,1,1,0,1,0,0,0,1,0,0,1,0,1,0,1,0,0,0,0,0,0,
dg.MD1R/243af2a8-f398-4869-afcb-fa04aedf33d8,10041569-NCqDv8OEUyQItLOWlNToA,CXR,10041569-NCqDv8OEUyQItLOWlNToA,Yes,Female,61.0,White,False,True,1,1,0,0,1,1,1,0,1,0,1,0,1,1,1,0,1,0,0,1,1,1,0,0,0,0,0,0,
dg.MD1R/2a338d36-a190-46cb-b165-25279d372a22,10041569-nTuIrwNsz0in3XAUuQe-Kw,CXR,10041569-nTuIrwNsz0in3XAUuQe-Kw,No,Female,43.0,White,False,True,1,1,0,1,1,1,1,1,1,0,1,0,1,1,1,1,1,1,1,1,0,0,0,0,1,1,0,0,
dg.MD1R/7593d446-72dc-45f3-a7f9-6fa72e009070,10041569-Ghqid8nyJky232EU1jib7A,CXR,10041569-Ghqid8nyJky232EU1jib7A,No,Female,30.0,White,False,True,1,1,1,0,1,1,1,1,1,0,1,0,1,0,1,1,0,1,1,1,0,0,0,0,1,1,1,0,
dg.MD1R/e834ee1c-ce07-46e9-9695-378876dd7854,10041569-c14D3XBUu3ak5rTjgCg,CXR,10041569-c14D3XBUu3ak5rTjgCg,Yes,Female,67.0,White,False,True,1,1,0,0,1,1,1,0,1,1,1,1,1,1,1,1,0,1,1,1,1,0,0,0,0,0,0,0,
dg.MD1R/876a14d2-ce4a-49be-93a2-9d261f493047,10041569-c9PRC6Y3RE67w49RgS6h-w,CXR,10041569-c9PRC6Y3RE67w49RgS6h-w,No,Male,43.0,Not Reported,False,True,1,1,0,0,1,0,1,1,1,1,1,0,1,0,1,1,1,1,1,1,1,1,0,0,1,1,0,0,
dg.MD1R/08494a33-bca0-40e4-8353-bd3e7b575a64,10041569-vsvMCFFqmkm7JsNySllWHA,CXR,10041569-vsvMCFFqmkm7JsNySllWHA,No,Female,22.0,Black or African American,False,False,1,1,0,0,0,0,0,0,1,1,0,0,0,0,1,0,1,1,0,1,0,0,0,0,0,0,1,0,
dg.MD1R/13c920b4-a431-465f-9806-9cc8f6cc1111,10041569-g7BegS168EGCpgRylILjoA,CXR,10041569-g7BegS168EGCpgRylILjoA,Yes,Female,63.0,White,False,True,1,1,1,0,0,1,1,0,1,1,1,0,1,1,0,1,1,1,1,1,1,0,0,1,0,0,0,0,
dg.MD1R/2dd7442b-2d89-47db-bb6b-d7b2d2027308,10041569-5mEhtO0KQ0Ocq21FWZ6jQ,CXR,10041569-5mEhtO0KQ0Ocq21FWZ6jQ,Yes,Male,65.0,Black or African American,False,True,1,1,1,0,0,1,0,1,0,0,1,0,0,0,0,1,1,0,0,1,0,1,0,0,0,0,1,0,
dg.MD1R/b8b898af-1082-4d24-b41f-ba9319a589a6,10041569-Vkw64OnzkOqfAg5HGVn7g,CXR,10041569-Vkw64OnzkOqfAg5HGVn7g,Yes,Male,74.0,Black or African American,False,True,1,1,1,0,1,1,1,0,1,0,1,0,1,1,0,1,1,1,1,1,1,1,1,1,0,0,0,0,
dg.MD1R/2b781864-3a7c-407c-93b2-2503dbae6427,10041569-c14D3XBUu3ak5rTjgCg,CXR,10041569-c14D3XBUu3ak5rTjgCg,Yes,Female,67.0,White,False,True,1,1,0,0,1,1,1,0,1,1,1,1,1,1,1,1,0,1,1,1,1,0,0,0,0,0,0,0,
dg.MD1R/65cc8fad-dca5-40c6-ae2a-25a8f921db45,10041569-qyn7o7O1MkWMKhOmffWoA,CXR,10041569-qyn7o7O1MkWMKhOmffWoA,Yes,Male,67.0,Black or African American,False,False,1,1,1,0,1,1,1,1,1,0,1,0,0,0,1,0,0,1,0,1,0,1,0,0,0,0,0,0,
dg.MD1R/17670708-61ac-4d97-a9c0-7157218fb6a9,10041569-DlqX5imb0ejWPhSL4fHg,CXR,10041569-DlqX5imb0ejWPhSL4fHg,Yes,Female,73.0,Black or African American,False,True,1,1,1,0,1,1,0,0,1,0,1,0,1,0,1,1,1,1,0,1,1,1,0,0,0,0,1,0,
dg.MD1R/71733b5f-d528-4e36-a5e1-ad958aa677b8,10041569-Ghqid8nyJky232EU1jib7A,CXR,10041569-Ghqid8nyJky232EU1jib7A,No,Female,30.0,White,False,True,1,1,1,0,1,1,1,1,1,0,1,0,1,0,1,1,0,1,1,1,0,0,0,0,1,1,1,0,
dg.MD1R/9e1be90a-3b5a-4676-9655-dc087fc2bdb8,10041569-qyn7o7O1MkWMKhOmffWoA,CXR,10041569-qyn7o7O1MkWMKhOmffWoA,Yes,Male,67.0,Black or African American,False,False,1,1,1,0,1,1,1,1,1,0,1,0,0,0,1,0,0,1,0,1,0,1,0,0,0,0,0,0,
dg.MD1R/d6858a4b-85b4-42bd-b30e-406007ab40a8,10041569-9ATblYQbdEeYoeu-hiiGrg,CXR,10041569-9ATblYQbdEeYoeu-hiiGrg,No,Male,38.0,White,False,True,1,1,1,1,1,1,1,1,1,0,1,0,1,0,1,0,1,0,1,1,1,1,0,0,1,1,0,0,
dg.MD1R/120f2c6e-1c58-4789-82c4-7c44c526ed0b,10041569-5mEhtO0KQ0Ocq21FWZ6jQ,CXR,10041569-5mEhtO0KQ0Ocq21FWZ6jQ,Yes,Male,65.0,Black or African American,False,True,1,1,1,0,0,1,0,1,0,0,1,0,0,0,0,1,1,0,0,1,0,1,0,0,0,0,1,0,
dg.MD1R/a95983e0-7e08-443f-bb9f-58eb3fb108f7,10041569-9ATblYQbdEeYoeu-hiiGrg,CXR,10041569-9ATblYQbdEeYoeu-hiiGrg,No,Male,38.0,White,False,True,1,1,1,1,1,1,1,1,1,0,1,0,1,0,1,0,1,0,1,1,1,1,0,0,1,1,0,0,
dg.MD1R/f9730b19-8eb8-47f8-a5c0-0683a773975f,10041569-PNPzL7DFp0iFwIMeiK7Ipg,CXR,10041569-PNPzL7DFp0iFwIMeiK7Ipg,No,Male,45.0,Not Reported,False,True,1,1,1,0,1,1,1,1,1,0,1,0,1,0,1,1,1,1,1,1,1,1,0,0,1,1,0,0,
dg.MD1R/2018b22b-a853-43b0-9ec3-2d8a8c299794,10041569-GGVWxCvy0EqTLEezdu9k4Q,CXR,10041569-GGVWxCvy0EqTLEezdu9k4Q,No,Male,60.0,White,False,True,1,1,1,0,1,1,1,1,1,0,1,0,1,1,0,1,1,0,1,1,1,1,0,0,1,1,0,0,
dg.MD1R/fb6a97fa-0b5c-45b6-8d26-d6e1c12a2fd2,10041569-Ghqid8nyJky232EU1jib7A,CXR,10041569-Ghqid8nyJky232EU1jib7A,No,Female,30.0,White,False,True,1,1,1,0,1,1,1,1,1,0,1,0,1,0,1,1,0,1,1,1,0,0,0,0,1,1,1,0,
dg.MD1R/47fe4a25-ec47-48d5-907a-103cec31bde0,10041569-IoOBSJ3fm0-D0CxbNnmG2Q,CXR,10041569-IoOBSJ3fm0-D0CxbNnmG2Q,No,Female,49.0,Black or African American,False,True,1,1,1,1,0,0,1,0,1,1,1,0,1,1,1,1,1,1,1,1,0,0,0,0,0,0,0,0,
dg.MD1R/74f9fc7a-0f9a-4283-b996-2a1335db4dbe,10041569-qyn7o7O1MkWMKhOmffWoA,CXR,10041569-qyn7o7O1MkWMKhOmffWoA,Yes,Male,67.0,Black or African American,False,False,1,1,1,0,1,1,1,1,1,0,1,0,0,0,1,0,0,1,0,1,0,1,0,0,0,0,0,0,
dg.MD1R/e29a61b9-64af-482a-a7ff-d28bb85b3fc6,10041569-YIon3HGGUa4N81uJEoWmg,CXR,10041569-YIon3HGGUa4N81uJEoWmg,Yes,Male,84.0,Black or African American,False,False,1,1,1,0,1,1,1,0,1,0,1,0,1,0,1,1,1,1,1,1,1,1,0,0,0,1,0,0,
dg.MD1R/20f9bda1-c5b8-43d0-ba12-009df36be806,10041569-wQAupblELkG8GC3WZpgYEw,CXR,10041569-wQAupblELkG8GC3WZpgYEw,Yes,Female,49.0,Black or African American,False,True,1,1,1,0,0,1,1,0,1,1,1,0,0,0,0,0,1,0,1,0,0,0,0,0,0,1,0,0,
dg.MD1R/cd8bb817-22a9-427a-9a5c-fec9d5c9e099,10041569-0nrR6kehzEKzXs9UgcAQ,CXR,10041569-0nrR6kehzEKzXs9UgcAQ,Yes,Female,61.0,White,False,True,1,1,1,0,0,0,1,0,0,0,1,0,1,0,0,0,1,0,0,0,0,0,0,0,0,0,0,0,
dg.MD1R/f535cf36-1439-457e-a16a-3e298db47158,10041569-g7BegS168EGCpgRylILjoA,CXR,10041569-g7BegS168EGCpgRylILjoA,Yes,Female,63.0,White,False,True,1,1,1,0,0,1,1,0,1,1,1,0,1,1,0,1,1,1,1,1,1,0,0,1,0,0,0,0,
dg.MD1R/3100bb1c-7bc5-4819-bcd5-a44a3f2e1f05,10041569-DlqX5imb0ejWPhSL4fHg,CXR,10041569-DlqX5imb0ejWPhSL4fHg,Yes,Female,73.0,Black or African American,False,True,1,1,1,0,1,1,0,0,1,0,1,0,1,0,1,1,1,1,0,1,1,1,0,0,0,0,1,0,
dg.MD1R/11d2f720-d159-4ddc-bbb5-f7ab94561aee,10041569-DlqX5imb0ejWPhSL4fHg,CXR,10041569-DlqX5imb0ejWPhSL4fHg,Yes,Female,73.0,Black or African American,False,True,1,1,1,0,1,1,0,0,1,0,1,0,1,0,1,1,1,1,0,1,1,1,0,0,0,0,1,0,
dg.MD1R/0face697-f98d-4d50-828c-4aefeb447eae,10041569-MDkU3RfIpEif7aQgzVcJxQ,CXR,10041569-MDkU3RfIpEif7aQgzVcJxQ,No,Female,63.0,Not Reported,False,True,1,1,1,0,1,1,1,1,1,1,1,0,1,0,1,1,0,0,0,1,0,0,0,1,1,1,0,0,
dg.MD1R/7cb989b6-1727-4ce3-a803-6b86df48fe6b,10041569-Ghqid8nyJky232EU1jib7A,CXR,10041569-Ghqid8nyJky232EU1jib7A,No,Female,30.0,White,False,True,1,1,1,0,1,1,1,1,1,0,1,0,1,0,1,1,0,1,1,1,0,0,0,0,1,1,1,0,
dg.MD1R/18294e4c-ccba-433f-b7f0-4699785762c5,10041569-yB8z_LbI0E-_zGehDSOH3w,CXR,10041569-yB8z_LbI0E-_zGehDSOH3w,No,Male,53.0,White,False,True,1,1,1,1,1,1,1,1,1,0,1,0,0,0,1,1,1,1,1,1,1,1,0,0,1,1,0,0,
dg.MD1R/38ad8a1d-4a24-4caa-b26d-bc33ea01915c,10041569-qyn7o7O1MkWMKhOmffWoA,CXR,10041569-qyn7o7O1MkWMKhOmffWoA,Yes,Male,67.0,Black or African American,False,False,1,1,1,0,1,1,1,1,1,0,1,0,0,0,1,0,0,1,0,1,0,1,0,0,0,0,0,0,
dg.MD1R/fb378ecc-601b-4ed6-9400-54eced6a6677,10041569-A3LGKzCxjE6k9sUCJ0ixgA,CXR,10041569-A3LGKzCxjE6k9sUCJ0ixgA,No,Female,68.0,White,False,True,1,1,1,0,1,1,1,0,1,0,1,0,1,1,1,1,1,1,1,1,1,0,0,0,0,0,1,0,
dg.MD1R/24e2cd0c-9f6b-4214-bedb-9c50ba06e02c,10041569-mGQA6NLX-kao7qRjrJb5XA,CXR,10041569-mGQA6NLX-kao7qRjrJb5XA,No,Female,66.0,White,False,True,1,0,1,0,1,1,1,1,1,1,1,0,1,0,0,1,1,1,0,1,1,1,0,0,1,0,1,0,
dg.MD1R/3d37e817-623e-47d3-9bb8-f8d4288ae41f,10041569-g7BegS168EGCpgRylILjoA,CXR,10041569-g7BegS168EGCpgRylILjoA,Yes,Female,63.0,White,False,True,1,1,1,0,0,1,1,0,1,1,1,0,1,1,0,1,1,1,1,1,1,0,0,1,0,0,0,0,
dg.MD1R/cba9c7a3-1f0f-485a-8dbd-51e3e08187e7,10041569-Ghqid8nyJky232EU1jib7A,CXR,10041569-Ghqid8nyJky232EU1jib7A,No,Female,30.0,White,False,True,1,1,1,0,1,1,1,1,1,0,1,0,1,0,1,1,0,1,1,1,0,0,0,0,1,1,1,0,
dg.MD1R/6e4ed0f7-d6db-40d4-a286-15004cb11e93,10041569-g7BegS168EGCpgRylILjoA,CXR,10041569-g7BegS168EGCpgRylILjoA,Yes,Female,63.0,White,False,True,1,1,1,0,0,1,1,0,1,1,1,0,1,1,0,1,1,1,1,1,1,0,0,1,0,0,0,0,
dg.MD1R/2a13e00c-e884-43b9-9312-c525643527a8,10041569-mGQA6NLX-kao7qRjrJb5XA,CXR,10041569-mGQA6NLX-kao7qRjrJb5XA,No,Female,66.0,White,False,True,1,0,1,0,1,1,1,1,1,1,1,0,1,0,0,1,1,1,0,1,1,1,0,0,1,0,1,0,
dg.MD1R/4921c087-02f8-4540-b9a1-7bd8976b3d6c,10041569-MDkU3RfIpEif7aQgzVcJxQ,CXR,10041569-MDkU3RfIpEif7aQgzVcJxQ,No,Female,63.0,Not Reported,False,True,1,1,1,0,1,1,1,1,1,1,1,0,1,0,1,1,0,0,0,1,0,0,0,1,1,1,0,0,
dg.MD1R/d50abe71-3534-41df-b8a1-c3a3ce29ad2d,10041569-g7BegS168EGCpgRylILjoA,CXR,10041569-g7BegS168EGCpgRylILjoA,Yes,Female,63.0,White,False,True,1,1,1,0,0,1,1,0,1,1,1,0,1,1,0,1,1,1,1,1,1,0,0,1,0,0,0,0,
dg.MD1R/c9edee63-9f08-4f9b-801c-91fd03711d84,10041569-0nrR6kehzEKzXs9UgcAQ,CXR,10041569-0nrR6kehzEKzXs9UgcAQ,Yes,Female,61.0,White,False,True,1,1,1,0,0,0,1,0,0,0,1,0,1,0,0,0,1,0,0,0,0,0,0,0,0,0,0,0,
dg.MD1R/e12648f8-2432-4a8a-8629-e8366b519a19,10041569-Vkw64OnzkOqfAg5HGVn7g,CXR,10041569-Vkw64OnzkOqfAg5HGVn7g,Yes,Male,74.0,Black or African American,False,True,1,1,1,0,1,1,1,0,1,0,1,0,1,1,0,1,1,1,1,1,1,1,1,1,0,0,0,0,
dg.MD1R/27b4ee50-9ac2-463c-8ea3-2deb052e437d,10041569-Vkw64OnzkOqfAg5HGVn7g,CXR,10041569-Vkw64OnzkOqfAg5HGVn7g,Yes,Male,74.0,Black or African American,False,True,1,1,1,0,1,1,1,0,1,0,1,0,1,1,0,1,1,1,1,1,1,1,1,1,0,0,0,0,
dg.MD1R/61584be2-4c5d-4368-a289-cfead611cc39,10041569-DlqX5imb0ejWPhSL4fHg,CXR,10041569-DlqX5imb0ejWPhSL4fHg,Yes,Female,73.0,Black or African American,False,True,1,1,1,0,1,1,0,0,1,0,1,0,1,0,1,1,1,1,0,1,1,1,0,0,0,0,1,0,
dg.MD1R/3280cf82-5e41-4c3d-b385-666ef4f979f7,10041569-MDkU3RfIpEif7aQgzVcJxQ,CXR,10041569-MDkU3RfIpEif7aQgzVcJxQ,No,Female,63.0,Not Reported,False,True,1,1,1,0,1,1,1,1,1,1,1,0,1,0,1,1,0,0,0,1,0,0,0,1,1,1,0,0,
dg.MD1R/c54e08a1-a6c4-4832-a50e-3d89a44948c9,10041569-aoPnMEFqQkC6354FxeUJkA,CXR,10041569-aoPnMEFqQkC6354FxeUJkA,No,Male,38.0,White,False,True,1,1,1,0,1,1,1,1,1,0,1,1,1,0,1,1,1,0,0,1,0,1,0,0,1,1,0,0,
dg.MD1R/fd107fb7-59e5-4900-ac81-1bd19c869d78,10041569-9II6IB8jYkSYcpBfxvL1-w,CXR,10041569-9II6IB8jYkSYcpBfxvL1-w,No,Female,65.0,White,False,True,1,1,1,0,1,1,1,1,1,0,1,0,0,1,1,1,1,1,0,1,1,1,0,0,1,0,0,0,
dg.MD1R/d01d81a3-2e54-4a35-8f3a-22132cfc94e1,10041569-mGQA6NLX-kao7qRjrJb5XA,CXR,10041569-mGQA6NLX-kao7qRjrJb5XA,No,Female,66.0,White,False,True,1,0,1,0,1,1,1,1,1,1,1,0,1,0,0,1,1,1,0,1,1,1,0,0,1,0,1,0,
dg.MD1R/f3d28611-8b1c-4c52-a6a9-359d7d6a2d2f,10041569-E-QV9Q_6Kk6RhK_Q3U-xuw,CXR,10041569-E-QV9Q_6Kk6RhK_Q3U-xuw,No,Male,76.0,White,False,True,1,1,1,0,1,1,1,1,1,0,1,0,1,0,1,1,1,1,0,1,1,1,0,0,1,1,1,0,
dg.MD1R/5c38ecc3-8b52-41cf-be84-b83b9019bded,10041569-Vkw64OnzkOqfAg5HGVn7g,CXR,10041569-Vkw64OnzkOqfAg5HGVn7g,Yes,Male,74.0,Black or African American,False,True,1,1,1,0,1,1,1,0,1,0,1,0,1,1,0,1,1,1,1,1,1,1,1,1,0,0,0,0,
dg.MD1R/b232edbb-5b4e-430c-9e52-5e9b9c5006ea,10041569-MDkU3RfIpEif7aQgzVcJxQ,CXR,10041569-MDkU3RfIpEif7aQgzVcJxQ,No,Female,63.0,Not Reported,False,True,1,1,1,0,1,1,1,1,1,1,1,0,1,0,1,1,0,0,0,1,0,0,0,1,1,1,0,0,
dg.MD1R/27603790-27bb-4a7e-8a3d-a8ff5b451e0a,10041569-DlqX5imb0ejWPhSL4fHg,CXR,10041569-DlqX5imb0ejWPhSL4fHg,Yes,Female,73.0,Black or African American,False,True,1,1,1,0,1,1,0,0,1,0,1,0,1,0,1,1,1,1,0,1,1,1,0,0,0,0,1,0,
dg.MD1R/58d9a079-7659-45e5-ad00-65bae7550f60,10041569-aoPnMEFqQkC6354FxeUJkA,CXR,10041569-aoPnMEFqQkC6354FxeUJkA,No,Male,38.0,White,False,True,1,1,1,0,1,1,1,1,1,0,1,1,1,0,1,1,1,0,0,1,0,1,0,0,1,1,0,0,
dg.MD1R/31fcf4db-f06e-49b9-b380-99e02b17e316,10041569-oepYvLWUSzQPnu9cIeQ,CXR,10041569-oepYvLWUSzQPnu9cIeQ,Yes,Male,59.0,White,False,False,1,1,1,0,1,1,0,0,1,0,1,0,0,0,0,0,1,0,0,0,0,0,0,0,0,0,0,0,
dg.MD1R/36541540-4361-465b-a12b-6960dc179997,10041569-Vkw64OnzkOqfAg5HGVn7g,CXR,10041569-Vkw64OnzkOqfAg5HGVn7g,Yes,Male,74.0,Black or African American,False,True,1,1,1,0,1,1,1,0,1,0,1,0,1,1,0,1,1,1,1,1,1,1,1,1,0,0,0,0,
dg.MD1R/80db7a40-e74c-4e9d-9f84-b62b987b89a4,10041569-gv2pavxA2UaGwvossJEO4w,CXR,10041569-gv2pavxA2UaGwvossJEO4w,Yes,Male,51.0,White,False,False,1,0,1,0,0,1,0,0,0,0,0,0,0,0,0,1,1,1,0,0,1,1,0,0,0,0,0,0,
dg.MD1R/54df4198-5fc5-4e81-a045-a246f1928ccb,10041569-KTJisivBEW8eG11h3OmCQ,CXR,10041569-KTJisivBEW8eG11h3OmCQ,Yes,Male,36.0,Not Reported,False,True,1,1,1,0,0,1,1,1,1,1,1,0,1,1,1,1,1,1,1,1,1,1,0,0,1,1,0,0,data/preprocessed/cxr/54df4198-5fc5-4e81-a045-a246f1928ccb.npy
dg.MD1R/c0913378-71bf-41b7-a5ca-c5aa31caf8b8,10041569-Se9lMjRqAUaS7zYoAuf0dA,CXR,10041569-Se9lMjRqAUaS7zYoAuf0dA,No,Female,29.0,White,False,True,1,1,1,0,1,1,1,1,1,0,1,0,1,0,1,1,1,0,0,1,0,1,0,0,1,1,0,0,
dg.MD1R/6091a8df-9fbf-4bb6-9439-ef7644b2632b,10041569-Vkw64OnzkOqfAg5HGVn7g,CXR,10041569-Vkw64OnzkOqfAg5HGVn7g,Yes,Male,74.0,Black or African American,False,True,1,1,1,0,1,1,1,0,1,0,1,0,1,1,0,1,1,1,1,1,1,1,1,1,0,0,0,0,
dg.MD1R/9e60f7dd-5273-4bfe-8096-81dc9b04bd1f,10041569-YIon3HGGUa4N81uJEoWmg,CXR,10041569-YIon3HGGUa4N81uJEoWmg,Yes,Male,84.0,Black or African American,False,False,1,1,1,0,1,1,1,0,1,0,1,0,1,0,1,1,1,1,1,1,1,1,0,0,0,1,0,0,
dg.MD1R/79b3fe95-ebb1-4af7-8017-66dd3a4ab164,10041569-PNPzL7DFp0iFwIMeiK7Ipg,CXR,10041569-PNPzL7DFp0iFwIMeiK7Ipg,No,Male,45.0,Not Reported,False,True,1,1,1,0,1,1,1,1,1,0,1,0,1,0,1,1,1,1,1,1,1,1,0,0,1,1,0,0,
dg.MD1R/f882ddce-6e6c-48e0-ba1e-9e47a1bab3ee,10041569-9II6IB8jYkSYcpBfxvL1-w,CXR,10041569-9II6IB8jYkSYcpBfxvL1-w,No,Female,65.0,White,False,True,1,1,1,0,1,1,1,1,1,0,1,0,0,1,1,1,1,1,0,1,1,1,0,0,1,0,0,0,
dg.MD1R/cace483e-12cf-483f-a1ef-820f19013d0c,10041569-DlqX5imb0ejWPhSL4fHg,CXR,10041569-DlqX5imb0ejWPhSL4fHg,Yes,Female,73.0,Black or African American,False,True,1,1,1,0,1,1,0,0,1,0,1,0,1,0,1,1,1,1,0,1,1,1,0,0,0,0,1,0,
dg.MD1R/e8592e39-d928-41d2-9e03-af565d9c5475,10041569-yB8z_LbI0E-_zGehDSOH3w,CXR,10041569-yB8z_LbI0E-_zGehDSOH3w,No,Male,53.0,White,False,True,1,1,1,1,1,1,1,1,1,0,1,0,0,0,1,1,1,1,1,1,1,1,0,0,1,1,0,0,
dg.MD1R/82e8bc04-ab95-498f-b5f3-7710177ddd9a,10041569-Vkw64OnzkOqfAg5HGVn7g,CXR,10041569-Vkw64OnzkOqfAg5HGVn7g,Yes,Male,74.0,Black or African American,False,True,1,1,1,0,1,1,1,0,1,0,1,0,1,1,0,1,1,1,1,1,1,1,1,1,0,0,0,0,
dg.MD1R/07830c5d-9b5d-4337-ba21-0b7567b6c84f,10041569-MDkU3RfIpEif7aQgzVcJxQ,CXR,10041569-MDkU3RfIpEif7aQgzVcJxQ,No,Female,63.0,Not Reported,False,True,1,1,1,0,1,1,1,1,1,1,1,0,1,0,1,1,0,0,0,1,0,0,0,1,1,1,0,0,
dg.MD1R/83c50226-cc90-4c4e-95e9-b4d6fe258ed4,10041569-g7BegS168EGCpgRylILjoA,CXR,10041569-g7BegS168EGCpgRylILjoA,Yes,Female,63.0,White,False,True,1,1,1,0,0,1,1,0,1,1,1,0,1,1,0,1,1,1,1,1,1,0,0,1,0,0,0,0,
dg.MD1R/a2e41f86-9cde-4263-aa20-983c007f96d8,10041569-5mEhtO0KQ0Ocq21FWZ6jQ,CXR,10041569-5mEhtO0KQ0Ocq21FWZ6jQ,Yes,Male,65.0,Black or African American,False,True,1,1,1,0,0,1,0,1,0,0,1,0,0,0,0,1,1,0,0,1,0,1,0,0,0,0,1,0,
dg.MD1R/67ee6bd5-9daa-4fc5-afd2-a46924ac3bbe,10041569-wQAupblELkG8GC3WZpgYEw,CXR,10041569-wQAupblELkG8GC3WZpgYEw,Yes,Female,49.0,Black or African American,False,True,1,1,1,0,0,1,1,0,1,1,1,0,0,0,0,0,1,0,1,0,0,0,0,0,0,1,0,0,
dg.MD1R/3ab3a6e7-32a9-4a13-a92e-070a5f64e405,10041569-fc2jn1z4M0i490tdgUz4qA,CXR,10041569-fc2jn1z4M0i490tdgUz4qA,No,Female,65.0,White,False,True,1,1,1,0,1,1,1,1,0,0,1,1,0,0,0,1,0,0,0,1,0,0,0,0,0,0,1,0,
dg.MD1R/f7db037c-34ea-4b1e-9fb1-fb8eb4f94b9c,10041569-fc2jn1z4M0i490tdgUz4qA,CXR,10041569-fc2jn1z4M0i490tdgUz4qA,No,Female,65.0,White,False,True,1,1,1,0,1,1,1,1,0,0,1,1,0,0,0,1,0,0,0,1,0,0,0,0,0,0,1,0,
dg.MD1R/4dc43eee-1a26-40d0-b2f1-feeec162c12b,10041569-DlqX5imb0ejWPhSL4fHg,CXR,10041569-DlqX5imb0ejWPhSL4fHg,Yes,Female,73.0,Black or African American,False,True,1,1,1,0,1,1,0,0,1,0,1,0,1,0,1,1,1,1,0,1,1,1,0,0,0,0,1,0,
dg.MD1R/ad22563c-fcb0-478a-bb11-7240d82830ff,10041569-MDkU3RfIpEif7aQgzVcJxQ,CXR,10041569-MDkU3RfIpEif7aQgzVcJxQ,No,Female,63.0,Not Reported,False,True,1,1,1,0,1,1,1,1,1,1,1,0,1,0,1,1,0,0,0,1,0,0,0,1,1,1,0,0,
dg.MD1R/b8227ac5-1532-41f4-895f-76a95a2c24f4,10041569-DlqX5imb0ejWPhSL4fHg,CXR,10041569-DlqX5imb0ejWPhSL4fHg,Yes,Female,73.0,Black or African American,False,True,1,1,1,0,1,1,0,0,1,0,1,0,1,0,1,1,1,1,0,1,1,1,0,0,0,0,1,0,
dg.MD1R/d1cf31ae-70a1-4ae8-897e-5b6bc85135d5,10041569-A3LGKzCxjE6k9sUCJ0ixgA,CXR,10041569-A3LGKzCxjE6k9sUCJ0ixgA,No,Female,68.0,White,False,True,1,1,1,0,1,1,1,0,1,0,1,0,1,1,1,1,1,1,1,1,1,0,0,0,0,0,1,0,
dg.MD1R/0520cc8e-9135-4d48-bff1-b480696e6c77,10041569-MDkU3RfIpEif7aQgzVcJxQ,CXR,10041569-MDkU3RfIpEif7aQgzVcJxQ,No,Female,63.0,Not Reported,False,True,1,1,1,0,1,1,1,1,1,1,1,0,1,0,1,1,0,0,0,1,0,0,0,1,1,1,0,0,
dg.MD1R/b6441b8c-308d-4e1b-ace3-ce606a2341ac,10041569-KTJisivBEW8eG11h3OmCQ,CXR,10041569-KTJisivBEW8eG11h3OmCQ,Yes,Male,36.0,Not Reported,False,True,1,1,1,0,0,1,1,1,1,1,1,0,1,1,1,1,1,1,1,1,1,1,0,0,1,1,0,0,data/preprocessed/cxr/b6441b8c-308d-4e1b-ace3-ce606a2341ac.npy
dg.MD1R/3c22c6eb-ea6b-4b42-ada1-05f19bc452c1,10041569-DlqX5imb0ejWPhSL4fHg,CXR,10041569-DlqX5imb0ejWPhSL4fHg,Yes,Female,73.0,Black or African American,False,True,1,1,1,0,1,1,0,0,1,0,1,0,1,0,1,1,1,1,0,1,1,1,0,0,0,0,1,0,
dg.MD1R/18e7f4b9-9626-4d7e-be49-7b8a40144dee,10041569-aoPnMEFqQkC6354FxeUJkA,CXR,10041569-aoPnMEFqQkC6354FxeUJkA,No,Male,38.0,White,False,True,1,1,1,0,1,1,1,1,1,0,1,1,1,0,1,1,1,0,0,1,0,1,0,0,1,1,0,0,
dg.MD1R/149b977d-8313-4b5c-ae18-f1a2269804e3,10041569-GGVWxCvy0EqTLEezdu9k4Q,CXR,10041569-GGVWxCvy0EqTLEezdu9k4Q,No,Male,60.0,White,False,True,1,1,1,0,1,1,1,1,1,0,1,0,1,1,0,1,1,0,1,1,1,1,0,0,1,1,0,0,
dg.MD1R/5eacbc5e-ebfe-4b0d-9b11-7621e05a6478,10041569-Ghqid8nyJky232EU1jib7A,CXR,10041569-Ghqid8nyJky232EU1jib7A,No,Female,30.0,White,False,True,1,1,1,0,1,1,1,1,1,0,1,0,1,0,1,1,0,1,1,1,0,0,0,0,1,1,1,0,
dg.MD1R/6da1e7e9-e145-4f1b-81f8-edaa5da9783b,10041569-fc2jn1z4M0i490tdgUz4qA,CXR,10041569-fc2jn1z4M0i490tdgUz4qA,No,Female,65.0,White,False,True,1,1,1,0,1,1,1,1,0,0,1,1,0,0,0,1,0,0,0,1,0,0,0,0,0,0,1,0,
dg.MD1R/6116c57c-a1b7-43b0-aaed-9a37712471e3,10041569-9ATblYQbdEeYoeu-hiiGrg,CXR,10041569-9ATblYQbdEeYoeu-hiiGrg,No,Male,38.0,White,False,True,1,1,1,1,1,1,1,1,1,0,1,0,1,0,1,0,1,0,1,1,1,1,0,0,1,1,0,0,
dg.MD1R/61f73399-6ae6-4a01-9d83-f3386cbdd910,10041569--_E6KONob0ey76NI2g-06A,CXR,10041569--_E6KONob0ey76NI2g-06A,No,Male,60.0,Not Reported,False,False,1,1,1,1,1,1,1,1,1,1,1,0,0,0,0,0,0,0,0,1,0,0,0,0,1,1,0,0,
dg.MD1R/d1586b7e-13b0-4970-98ba-ed6ecdd68408,10041569-aoPnMEFqQkC6354FxeUJkA,CXR,10041569-aoPnMEFqQkC6354FxeUJkA,No,Male,38.0,White,False,True,1,1,1,0,1,1,1,1,1,0,1,1,1,0,1,1,1,0,0,1,0,1,0,0,1,1,0,0,
dg.MD1R/02b7cfa4-0dc6-470e-99a4-eeb77b51dfc4,10041569-9II6IB8jYkSYcpBfxvL1-w,CXR,10041569-9II6IB8jYkSYcpBfxvL1-w,No,Female,65.0,White,False,True,1,1,1,0,1,1,1,1,1,0,1,0,0,1,1,1,1,1,0,1,1,1,0,0,1,0,0,0,
dg.MD1R/521e2080-c897-4b11-a082-c82bbbc5f1d7,10041569-Vkw64OnzkOqfAg5HGVn7g,CXR,10041569-Vkw64OnzkOqfAg5HGVn7g,Yes,Male,74.0,Black or African American,False,True,1,1,1,0,1,1,1,0,1,0,1,0,1,1,0,1,1,1,1,1,1,1,1,1,0,0,0,0,
dg.MD1R/dea396ec-589d-4b35-b38f-38b0ca331c05,10041569-Se9lMjRqAUaS7zYoAuf0dA,CXR,10041569-Se9lMjRqAUaS7zYoAuf0dA,No,Female,29.0,White,False,True,1,1,1,0,1,1,1,1,1,0,1,0,1,0,1,1,1,0,0,1,0,1,0,0,1,1,0,0,
dg.MD1R/5dc49a74-0af9-4ec2-97f1-322d43780f42,10041569-hFYnzCAcHUSipZyVJ45QPw,CXR,10041569-hFYnzCAcHUSipZyVJ45QPw,No,Female,71.0,Not Reported,False,False,1,1,1,0,0,0,1,0,1,1,1,0,1,0,1,0,1,0,1,1,1,1,0,0,0,0,0,0,
dg.MD1R/153fb87e-4440-49e5-9871-bf27b6ea2922,10041569-eL6G9dsawkq2QuiCGa8i7Q,CXR,10041569-eL6G9dsawkq2QuiCGa8i7Q,Yes,Male,62.0,White,False,False,1,1,1,0,0,0,1,0,1,0,1,0,0,0,0,0,0,0,0,1,1,1,0,0,0,0,0,0,
dg.MD1R/3df21095-d38b-426d-bc62-060075ff95a4,10041569-wQAupblELkG8GC3WZpgYEw,CXR,10041569-wQAupblELkG8GC3WZpgYEw,Yes,Female,49.0,Black or African American,False,True,1,1,1,0,0,1,1,0,1,1,1,0,0,0,0,0,1,0,1,0,0,0,0,0,0,1,0,0,
dg.MD1R/e7dc1223-8da3-4a1c-8370-aa0b20c80d57,10041569-R_7_oiasbEG5NSpaRTw6tw,CXR,10041569-R_7_oiasbEG5NSpaRTw6tw,No,Male,69.0,White,False,False,1,0,1,0,0,1,1,1,0,0,0,1,1,0,1,0,1,1,1,1,1,1,0,0,1,0,0,0,
dg.MD1R/47af7ee9-847b-4e96-81b7-3e41f32209ce,10041569-Ghqid8nyJky232EU1jib7A,CXR,10041569-Ghqid8nyJky232EU1jib7A,No,Female,30.0,White,False,True,1,1,1,0,1,1,1,1,1,0,1,0,1,0,1,1,0,1,1,1,0,0,0,0,1,1,1,0,
dg.MD1R/823e70ad-163a-47f3-8df3-b19420390dc3,10041569-9ATblYQbdEeYoeu-hiiGrg,CXR,10041569-9ATblYQbdEeYoeu-hiiGrg,No,Male,38.0,White,False,True,1,1,1,1,1,1,1,1,1,0,1,0,1,0,1,0,1,0,1,1,1,1,0,0,1,1,0,0,
dg.MD1R/7afa7c4b-2a84-4a98-8ee2-da0d7dd56753,10041569-aoPnMEFqQkC6354FxeUJkA,CXR,10041569-aoPnMEFqQkC6354FxeUJkA,No,Male,38.0,White,False,True,1,1,1,0,1,1,1,1,1,0,1,1,1,0,1,1,1,0,0,1,0,1,0,0,1,1,0,0,
dg.MD1R/7c16e2fa-01b5-42cf-a810-0a7debff03e4,10041569-5mEhtO0KQ0Ocq21FWZ6jQ,CXR,10041569-5mEhtO0KQ0Ocq21FWZ6jQ,Yes,Male,65.0,Black or African American,False,True,1,1,1,0,0,1,0,1,0,0,1,0,0,0,0,1,1,0,0,1,0,1,0,0,0,0,1,0,
dg.MD1R/b4701e0f-b5da-4e6f-9a61-b77ad28e003e,10041569-A3LGKzCxjE6k9sUCJ0ixgA,CXR,10041569-A3LGKzCxjE6k9sUCJ0ixgA,No,Female,68.0,White,False,True,1,1,1,0,1,1,1,0,1,0,1,0,1,1,1,1,1,1,1,1,1,0,0,0,0,0,1,0,
dg.MD1R/cae7f52e-de69-409f-9ae5-5b7ce0176ef7,10041569-Ghqid8nyJky232EU1jib7A,CXR,10041569-Ghqid8nyJky232EU1jib7A,No,Female,30.0,White,False,True,1,1,1,0,1,1,1,1,1,0,1,0,1,0,1,1,0,1,1,1,0,0,0,0,1,1,1,0,
dg.MD1R/1ac258a8-8615-43c9-b1cd-d4e8f8971232,10041569-aoPnMEFqQkC6354FxeUJkA,CXR,10041569-aoPnMEFqQkC6354FxeUJkA,No,Male,38.0,White,False,True,1,1,1,0,1,1,1,1,1,0,1,1,1,0,1,1,1,0,0,1,0,1,0,0,1,1,0,0,
dg.MD1R/236fc1c9-eaf5-47d5-aa88-0479e9d2bce9,10041569-5mEhtO0KQ0Ocq21FWZ6jQ,CXR,10041569-5mEhtO0KQ0Ocq21FWZ6jQ,Yes,Male,65.0,Black or African American,False,True,1,1,1,0,0,1,0,1,0,0,1,0,0,0,0,1,1,0,0,1,0,1,0,0,0,0,1,0,
dg.MD1R/a7b1c63d-7639-48db-af4f-ac58d799ec4f,10041569-YIon3HGGUa4N81uJEoWmg,CXR,10041569-YIon3HGGUa4N81uJEoWmg,Yes,Male,84.0,Black or African American,False,False,1,1,1,0,1,1,1,0,1,0,1,0,1,0,1,1,1,1,1,1,1,1,0,0,0,1,0,0,
dg.MD1R/6632cca8-b5f4-41c1-a8ca-3255d560192a,10041569-wQAupblELkG8GC3WZpgYEw,CXR,10041569-wQAupblELkG8GC3WZpgYEw,Yes,Female,49.0,Black or African American,False,True,1,1,1,0,0,1,1,0,1,1,1,0,0,0,0,0,1,0,1,0,0,0,0,0,0,1,0,0,
dg.MD1R/b7987f15-fc71-41d7-b658-fc99dfef2c30,10041569-Ghqid8nyJky232EU1jib7A,CXR,10041569-Ghqid8nyJky232EU1jib7A,No,Female,30.0,White,False,True,1,1,1,0,1,1,1,1,1,0,1,0,1,0,1,1,0,1,1,1,0,0,0,0,1,1,1,0,
dg.MD1R/630488e4-991d-4500-9a09-73fec33d5a46,10041569-Vxvks2wD2EeSdzpHV2zvwg,CXR,10041569-Vxvks2wD2EeSdzpHV2zvwg,Yes,Female,81.0,Asian,False,True,1,1,1,0,0,1,1,0,1,1,1,0,1,1,1,1,1,1,1,1,1,1,1,0,0,0,0,0,
dg.MD1R/e5084dd7-52e2-45eb-8827-4274c257cd9d,10041569-9ATblYQbdEeYoeu-hiiGrg,CXR,10041569-9ATblYQbdEeYoeu-hiiGrg,No,Male,38.0,White,False,True,1,1,1,1,1,1,1,1,1,0,1,0,1,0,1,0,1,0,1,1,1,1,0,0,1,1,0,0,
dg.MD1R/ad6d562c-dba5-44fd-b71f-865cff7c9b50,10041569-Se9lMjRqAUaS7zYoAuf0dA,CXR,10041569-Se9lMjRqAUaS7zYoAuf0dA,No,Female,29.0,White,False,True,1,1,1,0,1,1,1,1,1,0,1,0,1,0,1,1,1,0,0,1,0,1,0,0,1,1,0,0,
dg.MD1R/61a0fa69-4147-4d96-9eda-09377879b458,10041569-Vkw64OnzkOqfAg5HGVn7g,CXR,10041569-Vkw64OnzkOqfAg5HGVn7g,Yes,Male,74.0,Black or African American,False,True,1,1,1,0,1,1,1,0,1,0,1,0,1,1,0,1,1,1,1,1,1,1,1,1,0,0,0,0,
dg.MD1R/8e599edc-93b1-4272-bfe2-34a1438db8f9,10041569-qyn7o7O1MkWMKhOmffWoA,CXR,10041569-qyn7o7O1MkWMKhOmffWoA,Yes,Male,67.0,Black or African American,False,False,1,1,1,0,1,1,1,1,1,0,1,0,0,0,1,0,0,1,0,1,0,1,0,0,0,0,0,0,
dg.MD1R/ad55d081-baa1-4d73-b067-4b90f1b4b3e5,10041569-wQAupblELkG8GC3WZpgYEw,CXR,10041569-wQAupblELkG8GC3WZpgYEw,Yes,Female,49.0,Black or African American,False,True,1,1,1,0,0,1,1,0,1,1,1,0,0,0,0,0,1,0,1,0,0,0,0,0,0,1,0,0,
dg.MD1R/8ea13e8e-4929-4e97-b761-bd9263ebb565,10041569-5mEhtO0KQ0Ocq21FWZ6jQ,CXR,10041569-5mEhtO0KQ0Ocq21FWZ6jQ,Yes,Male,65.0,Black or African American,False,True,1,1,1,0,0,1,0,1,0,0,1,0,0,0,0,1,1,0,0,1,0,1,0,0,0,0,1,0,
dg.MD1R/e4e21513-9b8c-4ef1-88cc-bed21db3db95,10041569-Ghqid8nyJky232EU1jib7A,CXR,10041569-Ghqid8nyJky232EU1jib7A,No,Female,30.0,White,False,True,1,1,1,0,1,1,1,1,1,0,1,0,1,0,1,1,0,1,1,1,0,0,0,0,1,1,1,0,
dg.MD1R/5c2f6e87-facb-455a-8891-cca0417d5989,10041569-MDkU3RfIpEif7aQgzVcJxQ,CXR,10041569-MDkU3RfIpEif7aQgzVcJxQ,No,Female,63.0,Not Reported,False,True,1,1,1,0,1,1,1,1,1,1,1,0,1,0,1,1,0,0,0,1,0,0,0,1,1,1,0,0,
dg.MD1R/0f1d0ce9-e7bc-430d-abd4-e18562dddf1e,10041569-Ghqid8nyJky232EU1jib7A,CXR,10041569-Ghqid8nyJky232EU1jib7A,No,Female,30.0,White,False,True,1,1,1,0,1,1,1,1,1,0,1,0,1,0,1,1,0,1,1,1,0,0,0,0,1,1,1,0,
dg.MD1R/67c6a9c9-4f5c-4616-8484-1ff72e15068e,10041569-DlqX5imb0ejWPhSL4fHg,CXR,10041569-DlqX5imb0ejWPhSL4fHg,Yes,Female,73.0,Black or African American,False,True,1,1,1,0,1,1,0,0,1,0,1,0,1,0,1,1,1,1,0,1,1,1,0,0,0,0,1,0,
dg.MD1R/7cb25f5c-a854-47c7-94aa-ba9edc3ca1ab,10041569-wQAupblELkG8GC3WZpgYEw,CXR,10041569-wQAupblELkG8GC3WZpgYEw,Yes,Female,49.0,Black or African American,False,True,1,1,1,0,0,1,1,0,1,1,1,0,0,0,0,0,1,0,1,0,0,0,0,0,0,1,0,0,
dg.MD1R/b7138c5c-0146-467f-8f82-8b0a53c7a55e,10041569-MDkU3RfIpEif7aQgzVcJxQ,CXR,10041569-MDkU3RfIpEif7aQgzVcJxQ,No,Female,63.0,Not Reported,False,True,1,1,1,0,1,1,1,1,1,1,1,0,1,0,1,1,0,0,0,1,0,0,0,1,1,1,0,0,
dg.MD1R/65f647be-278d-4a86-9fda-2735106f35ce,10041569-wQAupblELkG8GC3WZpgYEw,CXR,10041569-wQAupblELkG8GC3WZpgYEw,Yes,Female,49.0,Black or African American,False,True,1,1,1,0,0,1,1,0,1,1,1,0,0,0,0,0,1,0,1,0,0,0,0,0,0,1,0,0,
dg.MD1R/ecece6f4-9f34-46c3-87fc-218d10ab8754,10041569-KTJisivBEW8eG11h3OmCQ,CXR,10041569-KTJisivBEW8eG11h3OmCQ,Yes,Male,36.0,Not Reported,False,True,1,1,1,0,0,1,1,1,1,1,1,0,1,1,1,1,1,1,1,1,1,1,0,0,1,1,0,0,data/preprocessed/cxr/ecece6f4-9f34-46c3-87fc-218d10ab8754.npy
dg.MD1R/b035f76f-a1f9-4474-a7be-b50d811a6308,10041569-D3vABUsPmkWtIloZPs8oFQ,CXR,10041569-D3vABUsPmkWtIloZPs8oFQ,No,Female,53.0,White,False,True,1,1,1,0,0,1,0,0,1,0,1,0,0,0,1,0,1,0,0,1,1,0,0,0,1,0,1,0,
dg.MD1R/5d3b2340-ca34-4aec-a10d-40fc8ad34086,10041569-k8IVxNVD0GPgNtSsov6lw,CXR,10041569-k8IVxNVD0GPgNtSsov6lw,Yes,Female,70.0,Black or African American,False,True,1,1,1,0,1,1,1,0,1,0,1,0,1,1,1,0,0,1,0,1,1,1,0,0,0,0,0,0,
dg.MD1R/03761843-b7cb-4993-a59e-7e494dae72fc,10041569-YIon3HGGUa4N81uJEoWmg,CXR,10041569-YIon3HGGUa4N81uJEoWmg,Yes,Male,84.0,Black or African American,False,False,1,1,1,0,1,1,1,0,1,0,1,0,1,0,1,1,1,1,1,1,1,1,0,0,0,1,0,0,
dg.MD1R/5bede8e8-939a-4b10-b49a-252b55e7097e,10041569-9ATblYQbdEeYoeu-hiiGrg,CXR,10041569-9ATblYQbdEeYoeu-hiiGrg,No,Male,38.0,White,False,True,1,1,1,1,1,1,1,1,1,0,1,0,1,0,1,0,1,0,1,1,1,1,0,0,1,1,0,0,
dg.MD1R/c970d01e-5446-498b-941b-2db5020c39a0,10041569-9II6IB8jYkSYcpBfxvL1-w,CXR,10041569-9II6IB8jYkSYcpBfxvL1-w,No,Female,65.0,White,False,True,1,1,1,0,1,1,1,1,1,0,1,0,0,1,1,1,1,1,0,1,1,1,0,0,1,0,0,0,
dg.MD1R/f5f2b6ed-81ca-4d7b-9a7f-6d384b225c74,10041569-A3LGKzCxjE6k9sUCJ0ixgA,CXR,10041569-A3LGKzCxjE6k9sUCJ0ixgA,No,Female,68.0,White,False,True,1,1,1,0,1,1,1,0,1,0,1,0,1,1,1,1,1,1,1,1,1,0,0,0,0,0,1,0,
dg.MD1R/ffbddee4-4a10-407a-b46c-e1eff4bd3bb1,10041569-PNPzL7DFp0iFwIMeiK7Ipg,CXR,10041569-PNPzL7DFp0iFwIMeiK7Ipg,No,Male,45.0,Not Reported,False,True,1,1,1,0,1,1,1,1,1,0,1,0,1,0,1,1,1,1,1,1,1,1,0,0,1,1,0,0,
dg.MD1R/9fb73acf-274b-4152-9872-a852b85e28cd,10041569-MDkU3RfIpEif7aQgzVcJxQ,CXR,10041569-MDkU3RfIpEif7aQgzVcJxQ,No,Female,63.0,Not Reported,False,True,1,1,1,0,1,1,1,1,1,1,1,0,1,0,1,1,0,0,0,1,0,0,0,1,1,1,0,0,
dg.MD1R/cf87e6f5-9ac8-4bbd-a274-cc380bee10f4,10041569-D3vABUsPmkWtIloZPs8oFQ,CXR,10041569-D3vABUsPmkWtIloZPs8oFQ,No,Female,53.0,White,False,True,1,1,1,0,0,1,0,0,1,0,1,0,0,0,1,0,1,0,0,1,1,0,0,0,1,0,1,0,
dg.MD1R/fdb317fc-8c67-48ef-9762-eda34fbbf113,10041569-g7BegS168EGCpgRylILjoA,CXR,10041569-g7BegS168EGCpgRylILjoA,Yes,Female,63.0,White,False,True,1,1,1,0,0,1,1,0,1,1,1,0,1,1,0,1,1,1,1,1,1,0,0,1,0,0,0,0,
dg.MD1R/f82044c4-975a-464e-a75d-0c5785f150b3,10041569-aoPnMEFqQkC6354FxeUJkA,CXR,10041569-aoPnMEFqQkC6354FxeUJkA,No,Male,38.0,White,False,True,1,1,1,0,1,1,1,1,1,0,1,1,1,0,1,1,1,0,0,1,0,1,0,0,1,1,0,0,
dg.MD1R/fc1af807-dfb6-4866-a1ac-2ba25db9b02a,10041569-DlqX5imb0ejWPhSL4fHg,CXR,10041569-DlqX5imb0ejWPhSL4fHg,Yes,Female,73.0,Black or African American,False,True,1,1,1,0,1,1,0,0,1,0,1,0,1,0,1,1,1,1,0,1,1,1,0,0,0,0,1,0,
dg.MD1R/87d50378-a316-42e0-a8d1-6ff31fff3cca,10041569-YIon3HGGUa4N81uJEoWmg,CXR,10041569-YIon3HGGUa4N81uJEoWmg,Yes,Male,84.0,Black or African American,False,False,1,1,1,0,1,1,1,0,1,0,1,0,1,0,1,1,1,1,1,1,1,1,0,0,0,1,0,0,
dg.MD1R/051b43b5-1735-4947-9763-2012bc617faf,10041569-qyn7o7O1MkWMKhOmffWoA,CXR,10041569-qyn7o7O1MkWMKhOmffWoA,Yes,Male,67.0,Black or African American,False,False,1,1,1,0,1,1,1,1,1,0,1,0,0,0,1,0,0,1,0,1,0,1,0,0,0,0,0,0,
dg.MD1R/2cc62b16-e0b8-4f6e-9e5e-779039359020,10041569-MDkU3RfIpEif7aQgzVcJxQ,CXR,10041569-MDkU3RfIpEif7aQgzVcJxQ,No,Female,63.0,Not Reported,False,True,1,1,1,0,1,1,1,1,1,1,1,0,1,0,1,1,0,0,0,1,0,0,0,1,1,1,0,0,
dg.MD1R/322a45e8-5646-4a14-ad0b-d16c81f42012,10041569-fc2jn1z4M0i490tdgUz4qA,CXR,10041569-fc2jn1z4M0i490tdgUz4qA,No,Female,65.0,White,False,True,1,1,1,0,1,1,1,1,0,0,1,1,0,0,0,1,0,0,0,1,0,0,0,0,0,0,1,0,
dg.MD1R/29584e65-c6ad-400d-b2d0-f3a53b5d4208,10041569-Ghqid8nyJky232EU1jib7A,CXR,10041569-Ghqid8nyJky232EU1jib7A,No,Female,30.0,White,False,True,1,1,1,0,1,1,1,1,1,0,1,0,1,0,1,1,0,1,1,1,0,0,0,0,1,1,1,0,
dg.MD1R/4d718ee2-e970-4b37-969d-708ce55dd79a,10041569-qyn7o7O1MkWMKhOmffWoA,CXR,10041569-qyn7o7O1MkWMKhOmffWoA,Yes,Male,67.0,Black or African American,False,False,1,1,1,0,1,1,1,1,1,0,1,0,0,0,1,0,0,1,0,1,0,1,0,0,0,0,0,0,
dg.MD1R/3f284ad5-5ea7-44ae-bbdb-3dec3a6d76eb,10041569-yB8z_LbI0E-_zGehDSOH3w,CXR,10041569-yB8z_LbI0E-_zGehDSOH3w,No,Male,53.0,White,False,True,1,1,1,1,1,1,1,1,1,0,1,0,0,0,1,1,1,1,1,1,1,1,0,0,1,1,0,0,
dg.MD1R/0883da5b-53aa-4c3c-bcac-217fd1a9febe,10041569-aoPnMEFqQkC6354FxeUJkA,CXR,10041569-aoPnMEFqQkC6354FxeUJkA,No,Male,38.0,White,False,True,1,1,1,0,1,1,1,1,1,0,1,1,1,0,1,1,1,0,0,1,0,1,0,0,1,1,0,0,
dg.MD1R/e54463e7-d683-4962-97f4-880b662dbde9,10041569-9II6IB8jYkSYcpBfxvL1-w,CXR,10041569-9II6IB8jYkSYcpBfxvL1-w,No,Female,65.0,White,False,True,1,1,1,0,1,1,1,1,1,0,1,0,0,1,1,1,1,1,0,1,1,1,0,0,1,0,0,0,
dg.MD1R/94a3eb8b-b3c9-42c1-8b7d-51b09e5e49e1,10041569-yB8z_LbI0E-_zGehDSOH3w,CXR,10041569-yB8z_LbI0E-_zGehDSOH3w,No,Male,53.0,White,False,True,1,1,1,1,1,1,1,1,1,0,1,0,0,0,1,1,1,1,1,1,1,1,0,0,1,1,0,0,
dg.MD1R/9d544acc-3d57-4cd7-a173-1c4aedf29fbf,10041569-0nrR6kehzEKzXs9UgcAQ,CXR,10041569-0nrR6kehzEKzXs9UgcAQ,Yes,Female,61.0,White,False,True,1,1,1,0,0,0,1,0,0,0,1,0,1,0,0,0,1,0,0,0,0,0,0,0,0,0,0,0,
dg.MD1R/d76072a3-12ea-473f-9e1a-b76306692694,10041569-ptaQ66hKf0yghzFSIE9gow,CXR,10041569-ptaQ66hKf0yghzFSIE9gow,No,Male,63.0,White,False,True,1,1,1,0,1,1,1,1,1,1,1,0,0,1,0,1,1,1,1,0,0,1,0,1,1,1,0,0,
dg.MD1R/767324a7-d053-446f-bb8c-0c3c04082c83,10041569-aoPnMEFqQkC6354FxeUJkA,CXR,10041569-aoPnMEFqQkC6354FxeUJkA,No,Male,38.0,White,False,True,1,1,1,0,1,1,1,1,1,0,1,1,1,0,1,1,1,0,0,1,0,1,0,0,1,1,0,0,
dg.MD1R/1fea5b8a-06f6-4cdc-a434-b233e804ad74,10041569-g7BegS168EGCpgRylILjoA,CXR,10041569-g7BegS168EGCpgRylILjoA,Yes,Female,63.0,White,False,True,1,1,1,0,0,1,1,0,1,1,1,0,1,1,0,1,1,1,1,1,1,0,0,1,0,0,0,0,
dg.MD1R/58c10bae-fc92-4efd-b09c-f6dbc2b5cef0,10041569-hFYnzCAcHUSipZyVJ45QPw,CXR,10041569-hFYnzCAcHUSipZyVJ45QPw,No,Female,71.0,Not Reported,False,False,1,1,1,0,0,0,1,0,1,1,1,0,1,0,1,0,1,0,1,1,1,1,0,0,0,0,0,0,
dg.MD1R/18e88351-39af-4013-b41a-90a532a4b512,10041569-MDkU3RfIpEif7aQgzVcJxQ,CXR,10041569-MDkU3RfIpEif7aQgzVcJxQ,No,Female,63.0,Not Reported,False,True,1,1,1,0,1,1,1,1,1,1,1,0,1,0,1,1,0,0,0,1,0,0,0,1,1,1,0,0,
dg.MD1R/5c787dcd-c576-4b2b-92d6-032c49c6187b,10041569-gv2pavxA2UaGwvossJEO4w,CXR,10041569-gv2pavxA2UaGwvossJEO4w,Yes,Male,51.0,White,False,False,1,0,1,0,0,1,0,0,0,0,0,0,0,0,0,1,1,1,0,0,1,1,0,0,0,0,0,0,
dg.MD1R/39e48f7d-94b2-462f-855d-dd5f481a84f9,10041569-PNPzL7DFp0iFwIMeiK7Ipg,CXR,10041569-PNPzL7DFp0iFwIMeiK7Ipg,No,Male,45.0,Not Reported,False,True,1,1,1,0,1,1,1,1,1,0,1,0,1,0,1,1,1,1,1,1,1,1,0,0,1,1,0,0,
dg.MD1R/731e7c49-c200-4c19-a34d-ff5d636b70c2,10041569-gv2pavxA2UaGwvossJEO4w,CXR,10041569-gv2pavxA2UaGwvossJEO4w,Yes,Male,51.0,White,False,False,1,0,1,0,0,1,0,0,0,0,0,0,0,0,0,1,1,1,0,0,1,1,0,0,0,0,0,0,
dg.MD1R/d6db22bf-fdaf-46a1-a935-d7a1fc139a41,10041569-MDkU3RfIpEif7aQgzVcJxQ,CXR,10041569-MDkU3RfIpEif7aQgzVcJxQ,No,Female,63.0,Not Reported,False,True,1,1,1,0,1,1,1,1,1,1,1,0,1,0,1,1,0,0,0,1,0,0,0,1,1,1,0,0,
dg.MD1R/034f2720-1875-459c-8277-a1fef46f7ba1,10041569-Vkw64OnzkOqfAg5HGVn7g,CXR,10041569-Vkw64OnzkOqfAg5HGVn7g,Yes,Male,74.0,Black or African American,False,True,1,1,1,0,1,1,1,0,1,0,1,0,1,1,0,1,1,1,1,1,1,1,1,1,0,0,0,0,
dg.MD1R/94078712-834e-45d8-ae0d-6fa36436e23f,10041569-Vkw64OnzkOqfAg5HGVn7g,CXR,10041569-Vkw64OnzkOqfAg5HGVn7g,Yes,Male,74.0,Black or African American,False,True,1,1,1,0,1,1,1,0,1,0,1,0,1,1,0,1,1,1,1,1,1,1,1,1,0,0,0,0,
dg.MD1R/08fbd3fd-f981-4ae7-a7a7-b4c61fe33bb0,10041569-44Hdrfgzm0GwlSyfRHgYTg,CXR,10041569-44Hdrfgzm0GwlSyfRHgYTg,No,Male,64.0,White,False,True,1,1,1,0,0,0,1,0,1,0,1,0,1,1,1,1,1,1,1,1,1,1,1,0,1,0,0,0,
dg.MD1R/a46ed494-b432-4633-aeaf-02ed2083aa80,10041569-PjjRgDQln0uF2czbEYw,CXR,10041569-PjjRgDQln0uF2czbEYw,Yes,Male,82.0,White,False,True,1,1,1,0,0,1,1,0,1,0,1,0,1,1,1,1,1,1,1,1,0,0,1,0,0,0,0,0,
dg.MD1R/70c1f55f-3ee9-4ae5-a37f-de0b2df2fadc,10041569-yB8z_LbI0E-_zGehDSOH3w,CXR,10041569-yB8z_LbI0E-_zGehDSOH3w,No,Male,53.0,White,False,True,1,1,1,1,1,1,1,1,1,0,1,0,0,0,1,1,1,1,1,1,1,1,0,0,1,1,0,0,
dg.MD1R/cbe145b4-32e0-4a3e-a0b9-4a34bfeb97f8,10041569-GGVWxCvy0EqTLEezdu9k4Q,CXR,10041569-GGVWxCvy0EqTLEezdu9k4Q,No,Male,60.0,White,False,True,1,1,1,0,1,1,1,1,1,0,1,0,1,1,0,1,1,0,1,1,1,1,0,0,1,1,0,0,
dg.MD1R/9d374f39-8b41-4764-bd85-27b0a0642b7f,10041569-qyn7o7O1MkWMKhOmffWoA,CXR,10041569-qyn7o7O1MkWMKhOmffWoA,Yes,Male,67.0,Black or African American,False,False,1,1,1,0,1,1,1,1,1,0,1,0,0,0,1,0,0,1,0,1,0,1,0,0,0,0,0,0,
dg.MD1R/c57a3dbc-f5f5-4b5a-a277-2b1ea3271b3e,10041569-GGVWxCvy0EqTLEezdu9k4Q,CXR,10041569-GGVWxCvy0EqTLEezdu9k4Q,No,Male,60.0,White,False,True,1,1,1,0,1,1,1,1,1,0,1,0,1,1,0,1,1,0,1,1,1,1,0,0,1,1,0,0,
dg.MD1R/ff1aebc4-16cb-4893-818c-4c35032e635a,10041569-eRsrzUDa90mJN9ixq71b7A,CXR,10041569-eRsrzUDa90mJN9ixq71b7A,No,Female,71.0,White,False,False,1,1,1,0,0,1,0,0,0,0,1,0,0,0,0,0,0,1,0,1,0,1,0,1,0,0,0,0,
dg.MD1R/627d57ee-f9bf-4729-85f6-4e01eb1e0c75,10041569-qyn7o7O1MkWMKhOmffWoA,CXR,10041569-qyn7o7O1MkWMKhOmffWoA,Yes,Male,67.0,Black or African American,False,False,1,1,1,0,1,1,1,1,1,0,1,0,0,0,1,0,0,1,0,1,0,1,0,0,0,0,0,0,
dg.MD1R/a2c14f44-240f-4f5f-b413-f2e6587c845b,10041569-PNPzL7DFp0iFwIMeiK7Ipg,CXR,10041569-PNPzL7DFp0iFwIMeiK7Ipg,No,Male,45.0,Not Reported,False,True,1,1,1,0,1,1,1,1,1,0,1,0,1,0,1,1,1,1,1,1,1,1,0,0,1,1,0,0,
dg.MD1R/3a0eb6c6-4e87-46b4-820e-8a84086409d9,10041569-e7nGBfBZT0OGjS7I1UCkTg,CXR,10041569-e7nGBfBZT0OGjS7I1UCkTg,No,Female,58.0,White,False,False,1,1,1,0,0,1,0,0,0,0,1,0,0,0,0,0,0,0,0,0,0,0,0,0,0,0,1,0,
dg.MD1R/3db6bda4-cb47-40d4-bcd1-b0ac71f66df7,10041569-MDkU3RfIpEif7aQgzVcJxQ,CXR,10041569-MDkU3RfIpEif7aQgzVcJxQ,No,Female,63.0,Not Reported,False,True,1,1,1,0,1,1,1,1,1,1,1,0,1,0,1,1,0,0,0,1,0,0,0,1,1,1,0,0,
dg.MD1R/7919258d-f34b-4481-8468-8e7e9517d319,10041569-Vkw64OnzkOqfAg5HGVn7g,CXR,10041569-Vkw64OnzkOqfAg5HGVn7g,Yes,Male,74.0,Black or African American,False,True,1,1,1,0,1,1,1,0,1,0,1,0,1,1,0,1,1,1,1,1,1,1,1,1,0,0,0,0,
dg.MD1R/62537bd2-d563-44f6-9216-c07b5f3615d2,10041569-qyn7o7O1MkWMKhOmffWoA,CXR,10041569-qyn7o7O1MkWMKhOmffWoA,Yes,Male,67.0,Black or African American,False,False,1,1,1,0,1,1,1,1,1,0,1,0,0,0,1,0,0,1,0,1,0,1,0,0,0,0,0,0,
dg.MD1R/063acd58-b8ba-471e-999a-bb5ebe924b32,10041569-fc2jn1z4M0i490tdgUz4qA,CXR,10041569-fc2jn1z4M0i490tdgUz4qA,No,Female,65.0,White,False,True,1,1,1,0,1,1,1,1,0,0,1,1,0,0,0,1,0,0,0,1,0,0,0,0,0,0,1,0,
dg.MD1R/1fd70832-890c-4547-9d36-40972a352921,10041569-fc2jn1z4M0i490tdgUz4qA,CXR,10041569-fc2jn1z4M0i490tdgUz4qA,No,Female,65.0,White,False,True,1,1,1,0,1,1,1,1,0,0,1,1,0,0,0,1,0,0,0,1,0,0,0,0,0,0,1,0,
dg.MD1R/abb67176-9f23-42b0-8fea-fe255898d1cb,10041569-MDkU3RfIpEif7aQgzVcJxQ,CXR,10041569-MDkU3RfIpEif7aQgzVcJxQ,No,Female,63.0,Not Reported,False,True,1,1,1,0,1,1,1,1,1,1,1,0,1,0,1,1,0,0,0,1,0,0,0,1,1,1,0,0,
dg.MD1R/9835208a-6e38-4791-8dc5-b593c12e825f,10041569-yB8z_LbI0E-_zGehDSOH3w,CXR,10041569-yB8z_LbI0E-_zGehDSOH3w,No,Male,53.0,White,False,True,1,1,1,1,1,1,1,1,1,0,1,0,0,0,1,1,1,1,1,1,1,1,0,0,1,1,0,0,
dg.MD1R/f2eefc94-1daf-4b71-8f50-64eee3bfbd0e,10041569-9ATblYQbdEeYoeu-hiiGrg,CXR,10041569-9ATblYQbdEeYoeu-hiiGrg,No,Male,38.0,White,False,True,1,1,1,1,1,1,1,1,1,0,1,0,1,0,1,0,1,0,1,1,1,1,0,0,1,1,0,0,
dg.MD1R/b76a0051-cd70-435e-ab9c-ea1d2cc9f5c4,10041569-nTuIrwNsz0in3XAUuQe-Kw,CXR,10041569-nTuIrwNsz0in3XAUuQe-Kw,No,Female,43.0,White,False,True,1,1,0,1,1,1,1,1,1,0,1,0,1,1,1,1,1,1,1,1,0,0,0,0,1,1,0,0,
dg.MD1R/1f68c00a-dee3-4e99-8b3d-59b008fd25a6,10041569-nTuIrwNsz0in3XAUuQe-Kw,CXR,10041569-nTuIrwNsz0in3XAUuQe-Kw,No,Female,43.0,White,False,True,1,1,0,1,1,1,1,1,1,0,1,0,1,1,1,1,1,1,1,1,0,0,0,0,1,1,0,0,
dg.MD1R/e73b5e53-6417-4978-b278-c47c2333d30f,10041569-SG99bppCSU6wKLnbSfuykw,CXR,10041569-SG99bppCSU6wKLnbSfuykw,No,Male,47.0,White,False,True,1,1,0,1,0,1,1,1,1,0,1,0,1,0,1,1,0,0,1,1,1,1,0,0,1,1,1,0,
dg.MD1R/f97d59f4-7adf-4973-a176-64557100f548,10041569-9ATblYQbdEeYoeu-hiiGrg,CXR,10041569-9ATblYQbdEeYoeu-hiiGrg,No,Male,38.0,White,False,True,1,1,1,1,1,1,1,1,1,0,1,0,1,0,1,0,1,0,1,1,1,1,0,0,1,1,0,0,
dg.MD1R/f7992635-b552-4b89-9bd7-2cf21fca5b29,10041569-nTuIrwNsz0in3XAUuQe-Kw,CXR,10041569-nTuIrwNsz0in3XAUuQe-Kw,No,Female,43.0,White,False,True,1,1,0,1,1,1,1,1,1,0,1,0,1,1,1,1,1,1,1,1,0,0,0,0,1,1,0,0,
dg.MD1R/c26d1e15-4732-4c20-a79a-5274a942923e,10041569-SG99bppCSU6wKLnbSfuykw,CXR,10041569-SG99bppCSU6wKLnbSfuykw,No,Male,47.0,White,False,True,1,1,0,1,0,1,1,1,1,0,1,0,1,0,1,1,0,0,1,1,1,1,0,0,1,1,1,0,
dg.MD1R/4841d483-cd25-4dff-aa0a-af5c20e30d50,10041569-nTuIrwNsz0in3XAUuQe-Kw,CXR,10041569-nTuIrwNsz0in3XAUuQe-Kw,No,Female,43.0,White,False,True,1,1,0,1,1,1,1,1,1,0,1,0,1,1,1,1,1,1,1,1,0,0,0,0,1,1,0,0,
dg.MD1R/51dbcdb1-382e-4958-bfeb-dd8697a6819c,10041569-nTuIrwNsz0in3XAUuQe-Kw,CXR,10041569-nTuIrwNsz0in3XAUuQe-Kw,No,Female,43.0,White,False,True,1,1,0,1,1,1,1,1,1,0,1,0,1,1,1,1,1,1,1,1,0,0,0,0,1,1,0,0,
dg.MD1R/14f12a0a-8332-4171-8195-2dacbd6bf925,10041569-SG99bppCSU6wKLnbSfuykw,CXR,10041569-SG99bppCSU6wKLnbSfuykw,No,Male,47.0,White,False,True,1,1,0,1,0,1,1,1,1,0,1,0,1,0,1,1,0,0,1,1,1,1,0,0,1,1,1,0,
dg.MD1R/4c66a47f-1692-488a-8545-278a9c6cc83c,10041569-yB8z_LbI0E-_zGehDSOH3w,CXR,10041569-yB8z_LbI0E-_zGehDSOH3w,No,Male,53.0,White,False,True,1,1,1,1,1,1,1,1,1,0,1,0,0,0,1,1,1,1,1,1,1,1,0,0,1,1,0,0,
dg.MD1R/ffdf05d9-eda0-43ba-9f04-186465e8aa2e,10041569-IoOBSJ3fm0-D0CxbNnmG2Q,CXR,10041569-IoOBSJ3fm0-D0CxbNnmG2Q,No,Female,49.0,Black or African American,False,True,1,1,1,1,0,0,1,0,1,1,1,0,1,1,1,1,1,1,1,1,0,0,0,0,0,0,0,0,
dg.MD1R/7e475948-21d2-4ecc-ae3b-20579357026a,10041569-kJHpnBrEokivfHPIzU_d5Q,CXR,10041569-kJHpnBrEokivfHPIzU_d5Q,No,Female,68.0,White,False,False,1,0,0,1,0,0,0,0,0,0,0,0,0,0,0,0,0,0,0,0,0,0,0,0,0,1,1,0,
dg.MD1R/f82fe298-dc3e-451b-bd10-5eca923e84cd,10041569-yB8z_LbI0E-_zGehDSOH3w,CXR,10041569-yB8z_LbI0E-_zGehDSOH3w,No,Male,53.0,White,False,True,1,1,1,1,1,1,1,1,1,0,1,0,0,0,1,1,1,1,1,1,1,1,0,0,1,1,0,0,
dg.MD1R/9d2024c3-16c6-4c9e-a63c-5900e79ddf91,10041569-SG99bppCSU6wKLnbSfuykw,CXR,10041569-SG99bppCSU6wKLnbSfuykw,No,Male,47.0,White,False,True,1,1,0,1,0,1,1,1,1,0,1,0,1,0,1,1,0,0,1,1,1,1,0,0,1,1,1,0,
dg.MD1R/20a00c34-7f27-4997-a0a9-47f267a45be1,10041569-FtpnR4GEPEe9JztuDUqrXg,CXR,10041569-FtpnR4GEPEe9JztuDUqrXg,No,Male,51.0,White,False,True,1,1,1,1,1,1,1,1,1,1,1,0,1,1,1,1,1,0,0,1,1,1,0,0,1,0,0,0,
dg.MD1R/43982007-0ad5-4988-bc0f-a8a8426cb9f9,10041569-yB8z_LbI0E-_zGehDSOH3w,CXR,10041569-yB8z_LbI0E-_zGehDSOH3w,No,Male,53.0,White,False,True,1,1,1,1,1,1,1,1,1,0,1,0,0,0,1,1,1,1,1,1,1,1,0,0,1,1,0,0,
dg.MD1R/6e066541-2c81-4232-89ce-666814c20252,10041569-SG99bppCSU6wKLnbSfuykw,CXR,10041569-SG99bppCSU6wKLnbSfuykw,No,Male,47.0,White,False,True,1,1,0,1,0,1,1,1,1,0,1,0,1,0,1,1,0,0,1,1,1,1,0,0,1,1,1,0,
dg.MD1R/0e81fa33-f04f-4fc9-aea3-a76d4498fb49,10041569-SG99bppCSU6wKLnbSfuykw,CXR,10041569-SG99bppCSU6wKLnbSfuykw,No,Male,47.0,White,False,True,1,1,0,1,0,1,1,1,1,0,1,0,1,0,1,1,0,0,1,1,1,1,0,0,1,1,1,0,
dg.MD1R/03a1a9f6-5e7e-4c75-a546-f9b619ae6a8a,10041569-9ATblYQbdEeYoeu-hiiGrg,CXR,10041569-9ATblYQbdEeYoeu-hiiGrg,No,Male,38.0,White,False,True,1,1,1,1,1,1,1,1,1,0,1,0,1,0,1,0,1,0,1,1,1,1,0,0,1,1,0,0,
dg.MD1R/956b1f91-f770-49b3-b1e6-bd3976229e73,10041569--_E6KONob0ey76NI2g-06A,CXR,10041569--_E6KONob0ey76NI2g-06A,No,Male,60.0,Not Reported,False,False,1,1,1,1,1,1,1,1,1,1,1,0,0,0,0,0,0,0,0,1,0,0,0,0,1,1,0,0,
dg.MD1R/4df708f8-c844-4d35-9191-0ef580adefbd,10041569-9ATblYQbdEeYoeu-hiiGrg,CXR,10041569-9ATblYQbdEeYoeu-hiiGrg,No,Male,38.0,White,False,True,1,1,1,1,1,1,1,1,1,0,1,0,1,0,1,0,1,0,1,1,1,1,0,0,1,1,0,0,
dg.MD1R/aea48f7f-a093-4701-b4e8-9c8e5be06944,10041569-FtpnR4GEPEe9JztuDUqrXg,CXR,10041569-FtpnR4GEPEe9JztuDUqrXg,No,Male,51.0,White,False,True,1,1,1,1,1,1,1,1,1,1,1,0,1,1,1,1,1,0,0,1,1,1,0,0,1,0,0,0,
dg.MD1R/14fd66af-d243-49cc-8228-3a52d167da9e,10041569-yB8z_LbI0E-_zGehDSOH3w,CXR,10041569-yB8z_LbI0E-_zGehDSOH3w,No,Male,53.0,White,False,True,1,1,1,1,1,1,1,1,1,0,1,0,0,0,1,1,1,1,1,1,1,1,0,0,1,1,0,0,
dg.MD1R/100ac1ab-24f4-46a9-b799-dc4fb56c9e62,10041569--_E6KONob0ey76NI2g-06A,CXR,10041569--_E6KONob0ey76NI2g-06A,No,Male,60.0,Not Reported,False,False,1,1,1,1,1,1,1,1,1,1,1,0,0,0,0,0,0,0,0,1,0,0,0,0,1,1,0,0,
dg.MD1R/1ce2460d-603f-47d6-a6c0-a07ae45c08ca,10041569-nTuIrwNsz0in3XAUuQe-Kw,CXR,10041569-nTuIrwNsz0in3XAUuQe-Kw,No,Female,43.0,White,False,True,1,1,0,1,1,1,1,1,1,0,1,0,1,1,1,1,1,1,1,1,0,0,0,0,1,1,0,0,
dg.MD1R/04a743e7-f499-4a3b-af4c-0f015c9757ce,10041569-nTuIrwNsz0in3XAUuQe-Kw,CXR,10041569-nTuIrwNsz0in3XAUuQe-Kw,No,Female,43.0,White,False,True,1,1,0,1,1,1,1,1,1,0,1,0,1,1,1,1,1,1,1,1,0,0,0,0,1,1,0,0,
dg.MD1R/a101032f-c7e9-4d0d-bbc2-0fe50d9efc71,10041569-IoOBSJ3fm0-D0CxbNnmG2Q,CXR,10041569-IoOBSJ3fm0-D0CxbNnmG2Q,No,Female,49.0,Black or African American,False,True,1,1,1,1,0,0,1,0,1,1,1,0,1,1,1,1,1,1,1,1,0,0,0,0,0,0,0,0,
dg.MD1R/c2cd4c72-83a0-4c13-8fdf-b17324b6e916,10041569-9ATblYQbdEeYoeu-hiiGrg,CXR,10041569-9ATblYQbdEeYoeu-hiiGrg,No,Male,38.0,White,False,True,1,1,1,1,1,1,1,1,1,0,1,0,1,0,1,0,1,0,1,1,1,1,0,0,1,1,0,0,
dg.MD1R/d927d715-2ff7-4aa1-8d4c-4ee85a045fc3,10041569-IoOBSJ3fm0-D0CxbNnmG2Q,CXR,10041569-IoOBSJ3fm0-D0CxbNnmG2Q,No,Female,49.0,Black or African American,False,True,1,1,1,1,0,0,1,0,1,1,1,0,1,1,1,1,1,1,1,1,0,0,0,0,0,0,0,0,
dg.MD1R/a777af3c-e539-478d-810c-adb824cbbbd2,10041569-nTuIrwNsz0in3XAUuQe-Kw,CXR,10041569-nTuIrwNsz0in3XAUuQe-Kw,No,Female,43.0,White,False,True,1,1,0,1,1,1,1,1,1,0,1,0,1,1,1,1,1,1,1,1,0,0,0,0,1,1,0,0,
dg.MD1R/35b0f51c-a7bb-4f87-8acf-78522abf545c,10041569-kgAvx7uJ10ONCduLyMtlg,CXR,10041569-kgAvx7uJ10ONCduLyMtlg,No,Male,52.0,White,False,True,1,1,0,0,1,0,1,0,1,0,1,0,1,0,1,1,1,1,0,1,0,0,0,0,0,0,0,0,
dg.MD1R/6e77f0a9-9ac4-416c-8e7a-1198c56612fa,10041569-shlAGu1gtUiH2zAVfnFy5g,CXR,10041569-shlAGu1gtUiH2zAVfnFy5g,No,Male,73.0,White,False,True,1,1,1,0,1,1,0,1,0,0,1,0,0,0,0,1,1,1,0,1,1,0,0,0,0,0,1,0,
dg.MD1R/82df96c7-34ee-44d7-b83f-90fd2baff1b6,10041569-DlqX5imb0ejWPhSL4fHg,CXR,10041569-DlqX5imb0ejWPhSL4fHg,Yes,Female,73.0,Black or African American,False,True,1,1,1,0,1,1,0,0,1,0,1,0,1,0,1,1,1,1,0,1,1,1,0,0,0,0,1,0,
dg.MD1R/a6455a6e-d4d4-43d7-a825-cc66612efe48,10041569-Ghqid8nyJky232EU1jib7A,CXR,10041569-Ghqid8nyJky232EU1jib7A,No,Female,30.0,White,False,True,1,1,1,0,1,1,1,1,1,0,1,0,1,0,1,1,0,1,1,1,0,0,0,0,1,1,1,0,
dg.MD1R/de33c3ea-ce23-456f-88df-9c8fd096b70d,10041569-YIon3HGGUa4N81uJEoWmg,CXR,10041569-YIon3HGGUa4N81uJEoWmg,Yes,Male,84.0,Black or African American,False,False,1,1,1,0,1,1,1,0,1,0,1,0,1,0,1,1,1,1,1,1,1,1,0,0,0,1,0,0,
dg.MD1R/8e330d49-f20b-4df2-a5a4-9ac13f1c122e,10041569-k8IVxNVD0GPgNtSsov6lw,CXR,10041569-k8IVxNVD0GPgNtSsov6lw,Yes,Female,70.0,Black or African American,False,True,1,1,1,0,1,1,1,0,1,0,1,0,1,1,1,0,0,1,0,1,1,1,0,0,0,0,0,0,
dg.MD1R/bf9712b1-bc39-472b-9432-66a9840d5830,10041569-oepYvLWUSzQPnu9cIeQ,CXR,10041569-oepYvLWUSzQPnu9cIeQ,Yes,Male,59.0,White,False,False,1,1,1,0,1,1,0,0,1,0,1,0,0,0,0,0,1,0,0,0,0,0,0,0,0,0,0,0,
dg.MD1R/2906d428-62f5-4120-8a28-981bc85344fa,10041569-NCqDv8OEUyQItLOWlNToA,CXR,10041569-NCqDv8OEUyQItLOWlNToA,Yes,Female,61.0,White,False,True,1,1,0,0,1,1,1,0,1,0,1,0,1,1,1,0,1,0,0,1,1,1,0,0,0,0,0,0,
dg.MD1R/d6586c82-76c9-46b0-9cc0-e324895deacb,10041569-9ATblYQbdEeYoeu-hiiGrg,CXR,10041569-9ATblYQbdEeYoeu-hiiGrg,No,Male,38.0,White,False,True,1,1,1,1,1,1,1,1,1,0,1,0,1,0,1,0,1,0,1,1,1,1,0,0,1,1,0,0,
dg.MD1R/310d0c09-9ceb-46e4-a78c-49171268f250,10041569-NCqDv8OEUyQItLOWlNToA,CXR,10041569-NCqDv8OEUyQItLOWlNToA,Yes,Female,61.0,White,False,True,1,1,0,0,1,1,1,0,1,0,1,0,1,1,1,0,1,0,0,1,1,1,0,0,0,0,0,0,
dg.MD1R/e05225a0-8fea-476d-acee-73cfe2e72b68,10041569-8yHwroGoi0CRGi4VqlX6w,CXR,10041569-8yHwroGoi0CRGi4VqlX6w,Yes,Female,58.0,Black or African American,False,True,1,0,0,0,1,1,1,0,1,0,0,0,1,1,1,0,0,1,0,1,1,0,0,0,0,0,0,0,
dg.MD1R/01a9fe26-737c-4130-8841-5178cf549c9e,10041569-aoPnMEFqQkC6354FxeUJkA,CXR,10041569-aoPnMEFqQkC6354FxeUJkA,No,Male,38.0,White,False,True,1,1,1,0,1,1,1,1,1,0,1,1,1,0,1,1,1,0,0,1,0,1,0,0,1,1,0,0,
dg.MD1R/a4febda6-22b6-4a31-98e8-9f69d325147b,10041569-DlqX5imb0ejWPhSL4fHg,CXR,10041569-DlqX5imb0ejWPhSL4fHg,Yes,Female,73.0,Black or African American,False,True,1,1,1,0,1,1,0,0,1,0,1,0,1,0,1,1,1,1,0,1,1,1,0,0,0,0,1,0,
dg.MD1R/da081b6f-176b-4dbd-9368-989c89689653,10041569-c9PRC6Y3RE67w49RgS6h-w,CXR,10041569-c9PRC6Y3RE67w49RgS6h-w,No,Male,43.0,Not Reported,False,True,1,1,0,0,1,0,1,1,1,1,1,0,1,0,1,1,1,1,1,1,1,1,0,0,1,1,0,0,
dg.MD1R/197cbfe3-6291-47e7-9d9b-b7ad6a579edd,10041569-c9PRC6Y3RE67w49RgS6h-w,CXR,10041569-c9PRC6Y3RE67w49RgS6h-w,No,Male,43.0,Not Reported,False,True,1,1,0,0,1,0,1,1,1,1,1,0,1,0,1,1,1,1,1,1,1,1,0,0,1,1,0,0,
dg.MD1R/7b8db6cf-bf59-4cce-b29d-985e2700720a,10041569-qyn7o7O1MkWMKhOmffWoA,CXR,10041569-qyn7o7O1MkWMKhOmffWoA,Yes,Male,67.0,Black or African American,False,False,1,1,1,0,1,1,1,1,1,0,1,0,0,0,1,0,0,1,0,1,0,1,0,0,0,0,0,0,
dg.MD1R/be5e267d-60a0-457d-9e26-e863f8d7a423,10041569-9ATblYQbdEeYoeu-hiiGrg,CXR,10041569-9ATblYQbdEeYoeu-hiiGrg,No,Male,38.0,White,False,True,1,1,1,1,1,1,1,1,1,0,1,0,1,0,1,0,1,0,1,1,1,1,0,0,1,1,0,0,
dg.MD1R/0c743235-9013-462b-a9e8-2a194a5617d5,10041569-mGQA6NLX-kao7qRjrJb5XA,CXR,10041569-mGQA6NLX-kao7qRjrJb5XA,No,Female,66.0,White,False,True,1,0,1,0,1,1,1,1,1,1,1,0,1,0,0,1,1,1,0,1,1,1,0,0,1,0,1,0,
dg.MD1R/15965876-5ba4-41cf-a1e8-ad8e879b23fc,10041569-Se9lMjRqAUaS7zYoAuf0dA,CXR,10041569-Se9lMjRqAUaS7zYoAuf0dA,No,Female,29.0,White,False,True,1,1,1,0,1,1,1,1,1,0,1,0,1,0,1,1,1,0,0,1,0,1,0,0,1,1,0,0,
dg.MD1R/d50d88fa-ebe4-463c-9965-528864e80521,10041569-Vkw64OnzkOqfAg5HGVn7g,CXR,10041569-Vkw64OnzkOqfAg5HGVn7g,Yes,Male,74.0,Black or African American,False,True,1,1,1,0,1,1,1,0,1,0,1,0,1,1,0,1,1,1,1,1,1,1,1,1,0,0,0,0,
dg.MD1R/43abe5e1-c009-4c39-90c3-fb2495b846ea,10041569-MDkU3RfIpEif7aQgzVcJxQ,CXR,10041569-MDkU3RfIpEif7aQgzVcJxQ,No,Female,63.0,Not Reported,False,True,1,1,1,0,1,1,1,1,1,1,1,0,1,0,1,1,0,0,0,1,0,0,0,1,1,1,0,0,
dg.MD1R/644203d6-c137-40f8-b118-978f9cf0ec59,10041569-Ghqid8nyJky232EU1jib7A,CXR,10041569-Ghqid8nyJky232EU1jib7A,No,Female,30.0,White,False,True,1,1,1,0,1,1,1,1,1,0,1,0,1,0,1,1,0,1,1,1,0,0,0,0,1,1,1,0,
dg.MD1R/ec30269d-a8d4-41af-ae1f-2e6c56a7f4e4,10041569-c14D3XBUu3ak5rTjgCg,CXR,10041569-c14D3XBUu3ak5rTjgCg,Yes,Female,67.0,White,False,True,1,1,0,0,1,1,1,0,1,1,1,1,1,1,1,1,0,1,1,1,1,0,0,0,0,0,0,0,
dg.MD1R/ded99286-3bec-4653-9cbd-baec28489bcb,10041569-9II6IB8jYkSYcpBfxvL1-w,CXR,10041569-9II6IB8jYkSYcpBfxvL1-w,No,Female,65.0,White,False,True,1,1,1,0,1,1,1,1,1,0,1,0,0,1,1,1,1,1,0,1,1,1,0,0,1,0,0,0,
dg.MD1R/ef4b12c5-31d4-4940-a361-950b0c1a9e77,10041569-LoYrk3_qUECYQ917wYIwJA,CXR,10041569-LoYrk3_qUECYQ917wYIwJA,No,Male,72.0,White,False,False,1,1,0,0,1,0,0,0,0,0,0,0,0,0,0,0,1,0,0,1,1,0,0,0,1,0,0,0,
dg.MD1R/ffc81f3a-d096-4683-8059-49de9adfaf2a,10041569-qYNAoZbzOUKVaBlM2QD-tQ,CXR,10041569-qYNAoZbzOUKVaBlM2QD-tQ,No,Female,70.0,White,False,True,1,0,0,0,1,1,0,1,0,0,0,1,0,0,0,0,0,0,0,1,0,0,0,0,0,0,0,0,
dg.MD1R/ebf040c6-3c64-4647-afb7-3ce68f09d56b,10041569-Ghqid8nyJky232EU1jib7A,CXR,10041569-Ghqid8nyJky232EU1jib7A,No,Female,30.0,White,False,True,1,1,1,0,1,1,1,1,1,0,1,0,1,0,1,1,0,1,1,1,0,0,0,0,1,1,1,0,
dg.MD1R/36a1fa3f-5eb0-49a1-a644-a994100497e5,10041569-yB8z_LbI0E-_zGehDSOH3w,CXR,10041569-yB8z_LbI0E-_zGehDSOH3w,No,Male,53.0,White,False,True,1,1,1,1,1,1,1,1,1,0,1,0,0,0,1,1,1,1,1,1,1,1,0,0,1,1,0,0,
dg.MD1R/46001d8c-f5a2-455d-96e7-b92860ef65fe,10041569-Ghqid8nyJky232EU1jib7A,CXR,10041569-Ghqid8nyJky232EU1jib7A,No,Female,30.0,White,False,True,1,1,1,0,1,1,1,1,1,0,1,0,1,0,1,1,0,1,1,1,0,0,0,0,1,1,1,0,
dg.MD1R/f37544b3-d1fe-4529-a47b-a4a869ebcfae,10041569-yB8z_LbI0E-_zGehDSOH3w,CXR,10041569-yB8z_LbI0E-_zGehDSOH3w,No,Male,53.0,White,False,True,1,1,1,1,1,1,1,1,1,0,1,0,0,0,1,1,1,1,1,1,1,1,0,0,1,1,0,0,
dg.MD1R/8bb0dfa6-fd9c-40f9-b795-3fcecd93cb14,10041569-DlqX5imb0ejWPhSL4fHg,CXR,10041569-DlqX5imb0ejWPhSL4fHg,Yes,Female,73.0,Black or African American,False,True,1,1,1,0,1,1,0,0,1,0,1,0,1,0,1,1,1,1,0,1,1,1,0,0,0,0,1,0,
dg.MD1R/05512312-efee-4e8b-9d1a-8fc0ea8e96df,10041569-c14D3XBUu3ak5rTjgCg,CXR,10041569-c14D3XBUu3ak5rTjgCg,Yes,Female,67.0,White,False,True,1,1,0,0,1,1,1,0,1,1,1,1,1,1,1,1,0,1,1,1,1,0,0,0,0,0,0,0,
dg.MD1R/4f8ad710-1aac-48cb-a6a4-0d448a49641c,10041569-c9PRC6Y3RE67w49RgS6h-w,CXR,10041569-c9PRC6Y3RE67w49RgS6h-w,No,Male,43.0,Not Reported,False,True,1,1,0,0,1,0,1,1,1,1,1,0,1,0,1,1,1,1,1,1,1,1,0,0,1,1,0,0,
dg.MD1R/b756301e-8b62-4ee7-8ce6-75eb941c300d,10041569-c9PRC6Y3RE67w49RgS6h-w,CXR,10041569-c9PRC6Y3RE67w49RgS6h-w,No,Male,43.0,Not Reported,False,True,1,1,0,0,1,0,1,1,1,1,1,0,1,0,1,1,1,1,1,1,1,1,0,0,1,1,0,0,
dg.MD1R/e5540316-6ac1-4b7a-a83a-77813b834980,10041569-fc2jn1z4M0i490tdgUz4qA,CXR,10041569-fc2jn1z4M0i490tdgUz4qA,No,Female,65.0,White,False,True,1,1,1,0,1,1,1,1,0,0,1,1,0,0,0,1,0,0,0,1,0,0,0,0,0,0,1,0,
dg.MD1R/96b495c7-465f-49ee-b684-b1cbba06b7f4,10041569-c9PRC6Y3RE67w49RgS6h-w,CXR,10041569-c9PRC6Y3RE67w49RgS6h-w,No,Male,43.0,Not Reported,False,True,1,1,0,0,1,0,1,1,1,1,1,0,1,0,1,1,1,1,1,1,1,1,0,0,1,1,0,0,
dg.MD1R/6c23392d-d5e7-4b72-8d20-d17bf363e363,10041569-E-QV9Q_6Kk6RhK_Q3U-xuw,CXR,10041569-E-QV9Q_6Kk6RhK_Q3U-xuw,No,Male,76.0,White,False,True,1,1,1,0,1,1,1,1,1,0,1,0,1,0,1,1,1,1,0,1,1,1,0,0,1,1,1,0,
dg.MD1R/34e8f266-5f0b-4c81-8fd3-38fc7e44d5c6,10041569-Ghqid8nyJky232EU1jib7A,CXR,10041569-Ghqid8nyJky232EU1jib7A,No,Female,30.0,White,False,True,1,1,1,0,1,1,1,1,1,0,1,0,1,0,1,1,0,1,1,1,0,0,0,0,1,1,1,0,
dg.MD1R/9edb4ae9-0be6-46d8-bd1d-5517356cc252,10041569-c9PRC6Y3RE67w49RgS6h-w,CXR,10041569-c9PRC6Y3RE67w49RgS6h-w,No,Male,43.0,Not Reported,False,True,1,1,0,0,1,0,1,1,1,1,1,0,1,0,1,1,1,1,1,1,1,1,0,0,1,1,0,0,
dg.MD1R/eb220384-df1c-411e-b0fd-3fb25714c20b,10041569-aoPnMEFqQkC6354FxeUJkA,CXR,10041569-aoPnMEFqQkC6354FxeUJkA,No,Male,38.0,White,False,True,1,1,1,0,1,1,1,1,1,0,1,1,1,0,1,1,1,0,0,1,0,1,0,0,1,1,0,0,
dg.MD1R/03ebd7ff-225b-47ed-94b7-ca2207fe6da9,10041569-Vkw64OnzkOqfAg5HGVn7g,CXR,10041569-Vkw64OnzkOqfAg5HGVn7g,Yes,Male,74.0,Black or African American,False,True,1,1,1,0,1,1,1,0,1,0,1,0,1,1,0,1,1,1,1,1,1,1,1,1,0,0,0,0,
dg.MD1R/1e00dcf4-7351-495d-a8c1-791c5a066004,10041569-MDkU3RfIpEif7aQgzVcJxQ,CXR,10041569-MDkU3RfIpEif7aQgzVcJxQ,No,Female,63.0,Not Reported,False,True,1,1,1,0,1,1,1,1,1,1,1,0,1,0,1,1,0,0,0,1,0,0,0,1,1,1,0,0,
dg.MD1R/fe06c00a-4fb1-4ed7-96cc-ac335c747488,10041569-shlAGu1gtUiH2zAVfnFy5g,CXR,10041569-shlAGu1gtUiH2zAVfnFy5g,No,Male,73.0,White,False,True,1,1,1,0,1,1,0,1,0,0,1,0,0,0,0,1,1,1,0,1,1,0,0,0,0,0,1,0,
dg.MD1R/6584ef45-8553-4040-bd79-4c4a766a8c41,10041569-MDkU3RfIpEif7aQgzVcJxQ,CXR,10041569-MDkU3RfIpEif7aQgzVcJxQ,No,Female,63.0,Not Reported,False,True,1,1,1,0,1,1,1,1,1,1,1,0,1,0,1,1,0,0,0,1,0,0,0,1,1,1,0,0,
dg.MD1R/169446b9-34ce-46f9-b631-c93bf03ac5ca,10041569-euc0gOsKGUaGX1M9Yr14zg,CXR,10041569-euc0gOsKGUaGX1M9Yr14zg,No,Female,46.0,White,False,True,1,1,0,1,1,1,1,1,1,1,1,0,1,1,1,1,1,1,1,1,1,1,0,0,1,0,1,0,
dg.MD1R/9c66abfa-aad7-432f-a1d3-7c9087805fd4,10041569-NCqDv8OEUyQItLOWlNToA,CXR,10041569-NCqDv8OEUyQItLOWlNToA,Yes,Female,61.0,White,False,True,1,1,0,0,1,1,1,0,1,0,1,0,1,1,1,0,1,0,0,1,1,1,0,0,0,0,0,0,
dg.MD1R/dd9a9b96-d3a3-4d80-a46f-dc7ee288ed22,10041569-c9PRC6Y3RE67w49RgS6h-w,CXR,10041569-c9PRC6Y3RE67w49RgS6h-w,No,Male,43.0,Not Reported,False,True,1,1,0,0,1,0,1,1,1,1,1,0,1,0,1,1,1,1,1,1,1,1,0,0,1,1,0,0,
dg.MD1R/d3dc7433-7384-47f3-8b78-3be97c28b100,10041569-nTuIrwNsz0in3XAUuQe-Kw,CXR,10041569-nTuIrwNsz0in3XAUuQe-Kw,No,Female,43.0,White,False,True,1,1,0,1,1,1,1,1,1,0,1,0,1,1,1,1,1,1,1,1,0,0,0,0,1,1,0,0,
dg.MD1R/5ad1be44-8e46-436e-a06f-10909bedd258,10041569-NCqDv8OEUyQItLOWlNToA,CXR,10041569-NCqDv8OEUyQItLOWlNToA,Yes,Female,61.0,White,False,True,1,1,0,0,1,1,1,0,1,0,1,0,1,1,1,0,1,0,0,1,1,1,0,0,0,0,0,0,
dg.MD1R/a2a16d50-e0f8-4881-b29b-7d84336677c4,10041569-oepYvLWUSzQPnu9cIeQ,CXR,10041569-oepYvLWUSzQPnu9cIeQ,Yes,Male,59.0,White,False,False,1,1,1,0,1,1,0,0,1,0,1,0,0,0,0,0,1,0,0,0,0,0,0,0,0,0,0,0,
dg.MD1R/ce9f523a-8e94-49ab-b6ef-eb8f2373774a,10041569-Ghqid8nyJky232EU1jib7A,CXR,10041569-Ghqid8nyJky232EU1jib7A,No,Female,30.0,White,False,True,1,1,1,0,1,1,1,1,1,0,1,0,1,0,1,1,0,1,1,1,0,0,0,0,1,1,1,0,
dg.MD1R/372ec1af-6ff4-4d63-9c2a-5dcac7db8e3c,10041569-MDkU3RfIpEif7aQgzVcJxQ,CXR,10041569-MDkU3RfIpEif7aQgzVcJxQ,No,Female,63.0,Not Reported,False,True,1,1,1,0,1,1,1,1,1,1,1,0,1,0,1,1,0,0,0,1,0,0,0,1,1,1,0,0,
dg.MD1R/ff24b69e-8ffb-47d9-9437-1181d09f90c3,10041569-MDkU3RfIpEif7aQgzVcJxQ,CXR,10041569-MDkU3RfIpEif7aQgzVcJxQ,No,Female,63.0,Not Reported,False,True,1,1,1,0,1,1,1,1,1,1,1,0,1,0,1,1,0,0,0,1,0,0,0,1,1,1,0,0,
dg.MD1R/e75b69d9-9ddc-49b8-aca1-0167c8f16ec3,10041569-8yHwroGoi0CRGi4VqlX6w,CXR,10041569-8yHwroGoi0CRGi4VqlX6w,Yes,Female,58.0,Black or African American,False,True,1,0,0,0,1,1,1,0,1,0,0,0,1,1,1,0,0,1,0,1,1,0,0,0,0,0,0,0,
dg.MD1R/d8d830bf-a620-49dd-820a-908b572cbdf1,10041569-DlqX5imb0ejWPhSL4fHg,CXR,10041569-DlqX5imb0ejWPhSL4fHg,Yes,Female,73.0,Black or African American,False,True,1,1,1,0,1,1,0,0,1,0,1,0,1,0,1,1,1,1,0,1,1,1,0,0,0,0,1,0,
dg.MD1R/dce9f2f2-e3e5-447e-8b0d-cb561edd8de4,10041569-GGVWxCvy0EqTLEezdu9k4Q,CXR,10041569-GGVWxCvy0EqTLEezdu9k4Q,No,Male,60.0,White,False,True,1,1,1,0,1,1,1,1,1,0,1,0,1,1,0,1,1,0,1,1,1,1,0,0,1,1,0,0,
dg.MD1R/771aecfc-1fac-43b1-adf0-3ec8cd27b5bc,10041569-9ATblYQbdEeYoeu-hiiGrg,CXR,10041569-9ATblYQbdEeYoeu-hiiGrg,No,Male,38.0,White,False,True,1,1,1,1,1,1,1,1,1,0,1,0,1,0,1,0,1,0,1,1,1,1,0,0,1,1,0,0,
dg.MD1R/e51c1267-8ed2-45b0-adfa-73b386b01532,10041569-c9PRC6Y3RE67w49RgS6h-w,CXR,10041569-c9PRC6Y3RE67w49RgS6h-w,No,Male,43.0,Not Reported,False,True,1,1,0,0,1,0,1,1,1,1,1,0,1,0,1,1,1,1,1,1,1,1,0,0,1,1,0,0,
dg.MD1R/60dcd54c-d4c0-4960-badc-e192373c6fdd,10041569-fc2jn1z4M0i490tdgUz4qA,CXR,10041569-fc2jn1z4M0i490tdgUz4qA,No,Female,65.0,White,False,True,1,1,1,0,1,1,1,1,0,0,1,1,0,0,0,1,0,0,0,1,0,0,0,0,0,0,1,0,
dg.MD1R/ac927f78-bfdf-457e-a56a-582a52e2225c,10041569-Vkw64OnzkOqfAg5HGVn7g,CXR,10041569-Vkw64OnzkOqfAg5HGVn7g,Yes,Male,74.0,Black or African American,False,True,1,1,1,0,1,1,1,0,1,0,1,0,1,1,0,1,1,1,1,1,1,1,1,1,0,0,0,0,
dg.MD1R/2ad45f96-cc63-4b9f-b623-78c6bff58956,10041569-yB8z_LbI0E-_zGehDSOH3w,CXR,10041569-yB8z_LbI0E-_zGehDSOH3w,No,Male,53.0,White,False,True,1,1,1,1,1,1,1,1,1,0,1,0,0,0,1,1,1,1,1,1,1,1,0,0,1,1,0,0,
dg.MD1R/22ef8ee5-5daa-40d9-bc57-1f8e41d17e39,10041569-aoPnMEFqQkC6354FxeUJkA,CXR,10041569-aoPnMEFqQkC6354FxeUJkA,No,Male,38.0,White,False,True,1,1,1,0,1,1,1,1,1,0,1,1,1,0,1,1,1,0,0,1,0,1,0,0,1,1,0,0,
dg.MD1R/8ca15c30-6cc1-457e-8048-b579536cb120,10041569-LoYrk3_qUECYQ917wYIwJA,CXR,10041569-LoYrk3_qUECYQ917wYIwJA,No,Male,72.0,White,False,False,1,1,0,0,1,0,0,0,0,0,0,0,0,0,0,0,1,0,0,1,1,0,0,0,1,0,0,0,
dg.MD1R/26704915-5976-4772-ae97-7cc9a8a3edc4,10041569-Ghqid8nyJky232EU1jib7A,CXR,10041569-Ghqid8nyJky232EU1jib7A,No,Female,30.0,White,False,True,1,1,1,0,1,1,1,1,1,0,1,0,1,0,1,1,0,1,1,1,0,0,0,0,1,1,1,0,
dg.MD1R/83095e40-bb81-4549-a065-7798970682c7,10041569-Se9lMjRqAUaS7zYoAuf0dA,CXR,10041569-Se9lMjRqAUaS7zYoAuf0dA,No,Female,29.0,White,False,True,1,1,1,0,1,1,1,1,1,0,1,0,1,0,1,1,1,0,0,1,0,1,0,0,1,1,0,0,
dg.MD1R/f6ee50d4-e634-4487-b699-807da2c4c79c,10041569-c9PRC6Y3RE67w49RgS6h-w,CXR,10041569-c9PRC6Y3RE67w49RgS6h-w,No,Male,43.0,Not Reported,False,True,1,1,0,0,1,0,1,1,1,1,1,0,1,0,1,1,1,1,1,1,1,1,0,0,1,1,0,0,
dg.MD1R/e49fb01d-9690-4b11-af22-08cf9548280c,10041569-c9PRC6Y3RE67w49RgS6h-w,CXR,10041569-c9PRC6Y3RE67w49RgS6h-w,No,Male,43.0,Not Reported,False,True,1,1,0,0,1,0,1,1,1,1,1,0,1,0,1,1,1,1,1,1,1,1,0,0,1,1,0,0,
dg.MD1R/7b7c3fb0-53e4-47d3-a4df-23e1ee7fc522,10041569-qyn7o7O1MkWMKhOmffWoA,CXR,10041569-qyn7o7O1MkWMKhOmffWoA,Yes,Male,67.0,Black or African American,False,False,1,1,1,0,1,1,1,1,1,0,1,0,0,0,1,0,0,1,0,1,0,1,0,0,0,0,0,0,
dg.MD1R/c744d59c-e8f8-4bf2-b610-975662e39a38,10041569-aoPnMEFqQkC6354FxeUJkA,CXR,10041569-aoPnMEFqQkC6354FxeUJkA,No,Male,38.0,White,False,True,1,1,1,0,1,1,1,1,1,0,1,1,1,0,1,1,1,0,0,1,0,1,0,0,1,1,0,0,
dg.MD1R/35326ee3-f311-4233-80a2-cce27800b2b3,10041569-c14D3XBUu3ak5rTjgCg,CXR,10041569-c14D3XBUu3ak5rTjgCg,Yes,Female,67.0,White,False,True,1,1,0,0,1,1,1,0,1,1,1,1,1,1,1,1,0,1,1,1,1,0,0,0,0,0,0,0,
dg.MD1R/6db4ffe5-2562-4f1f-b3a5-b665d5125340,10041569-GGVWxCvy0EqTLEezdu9k4Q,CXR,10041569-GGVWxCvy0EqTLEezdu9k4Q,No,Male,60.0,White,False,True,1,1,1,0,1,1,1,1,1,0,1,0,1,1,0,1,1,0,1,1,1,1,0,0,1,1,0,0,
dg.MD1R/3823864b-f12c-433e-b620-813bc70a36ef,10041569-PNPzL7DFp0iFwIMeiK7Ipg,CXR,10041569-PNPzL7DFp0iFwIMeiK7Ipg,No,Male,45.0,Not Reported,False,True,1,1,1,0,1,1,1,1,1,0,1,0,1,0,1,1,1,1,1,1,1,1,0,0,1,1,0,0,
dg.MD1R/060f5507-e475-42bd-ad37-07c813ccff7b,10041569-LoYrk3_qUECYQ917wYIwJA,CXR,10041569-LoYrk3_qUECYQ917wYIwJA,No,Male,72.0,White,False,False,1,1,0,0,1,0,0,0,0,0,0,0,0,0,0,0,1,0,0,1,1,0,0,0,1,0,0,0,
dg.MD1R/1c3d4e39-c97d-4a0c-a145-5a190df6c576,10041569-9ATblYQbdEeYoeu-hiiGrg,CXR,10041569-9ATblYQbdEeYoeu-hiiGrg,No,Male,38.0,White,False,True,1,1,1,1,1,1,1,1,1,0,1,0,1,0,1,0,1,0,1,1,1,1,0,0,1,1,0,0,
dg.MD1R/7d9a21e6-c3dd-4cd9-86c2-8ccc61e6b587,10041569-NCqDv8OEUyQItLOWlNToA,CXR,10041569-NCqDv8OEUyQItLOWlNToA,Yes,Female,61.0,White,False,True,1,1,0,0,1,1,1,0,1,0,1,0,1,1,1,0,1,0,0,1,1,1,0,0,0,0,0,0,
dg.MD1R/281567d0-8c55-46f3-a5d0-c5613da2d4cf,10041569-A3LGKzCxjE6k9sUCJ0ixgA,CXR,10041569-A3LGKzCxjE6k9sUCJ0ixgA,No,Female,68.0,White,False,True,1,1,1,0,1,1,1,0,1,0,1,0,1,1,1,1,1,1,1,1,1,0,0,0,0,0,1,0,
dg.MD1R/1fdfa0e0-299c-4a05-9e9b-25a75c27cd94,10041569-shlAGu1gtUiH2zAVfnFy5g,CXR,10041569-shlAGu1gtUiH2zAVfnFy5g,No,Male,73.0,White,False,True,1,1,1,0,1,1,0,1,0,0,1,0,0,0,0,1,1,1,0,1,1,0,0,0,0,0,1,0,
dg.MD1R/881c4f15-2748-4313-8e4e-75e3c13fb66d,10041569-yB8z_LbI0E-_zGehDSOH3w,CXR,10041569-yB8z_LbI0E-_zGehDSOH3w,No,Male,53.0,White,False,True,1,1,1,1,1,1,1,1,1,0,1,0,0,0,1,1,1,1,1,1,1,1,0,0,1,1,0,0,
dg.MD1R/5028d6b9-905f-4e70-80ff-38ca65420936,10041569-nTuIrwNsz0in3XAUuQe-Kw,CXR,10041569-nTuIrwNsz0in3XAUuQe-Kw,No,Female,43.0,White,False,True,1,1,0,1,1,1,1,1,1,0,1,0,1,1,1,1,1,1,1,1,0,0,0,0,1,1,0,0,
dg.MD1R/074bc83a-05b5-41a9-bbd3-fdf7cf597def,10041569-LoYrk3_qUECYQ917wYIwJA,CXR,10041569-LoYrk3_qUECYQ917wYIwJA,No,Male,72.0,White,False,False,1,1,0,0,1,0,0,0,0,0,0,0,0,0,0,0,1,0,0,1,1,0,0,0,1,0,0,0,
dg.MD1R/5b86c4cc-643a-4853-b33c-9aa05fb09016,10041569-DlqX5imb0ejWPhSL4fHg,CXR,10041569-DlqX5imb0ejWPhSL4fHg,Yes,Female,73.0,Black or African American,False,True,1,1,1,0,1,1,0,0,1,0,1,0,1,0,1,1,1,1,0,1,1,1,0,0,0,0,1,0,
dg.MD1R/23aa63aa-cb1f-4029-a771-443b511eabdd,10041569-MDkU3RfIpEif7aQgzVcJxQ,CXR,10041569-MDkU3RfIpEif7aQgzVcJxQ,No,Female,63.0,Not Reported,False,True,1,1,1,0,1,1,1,1,1,1,1,0,1,0,1,1,0,0,0,1,0,0,0,1,1,1,0,0,
dg.MD1R/4eef1c8c-99d1-4948-bc5b-ea4be5c755ba,10041569-8OJYWUS-lE6GysajnARGTg,CXR,10041569-8OJYWUS-lE6GysajnARGTg,No,Male,67.0,White,False,True,0,0,0,0,1,0,1,0,1,0,1,0,1,1,1,1,1,1,1,1,1,1,0,0,0,0,0,0,
dg.MD1R/98388031-01bf-4be4-8c81-43004e1c89d2,10041569-MDkU3RfIpEif7aQgzVcJxQ,CXR,10041569-MDkU3RfIpEif7aQgzVcJxQ,No,Female,63.0,Not Reported,False,True,1,1,1,0,1,1,1,1,1,1,1,0,1,0,1,1,0,0,0,1,0,0,0,1,1,1,0,0,
dg.MD1R/4840ffea-95ac-4e1f-b35c-26e54a6ed851,10041569-ptaQ66hKf0yghzFSIE9gow,CXR,10041569-ptaQ66hKf0yghzFSIE9gow,No,Male,63.0,White,False,True,1,1,1,0,1,1,1,1,1,1,1,0,0,1,0,1,1,1,1,0,0,1,0,1,1,1,0,0,
dg.MD1R/a32e1918-fdd2-46d1-9beb-f667212502e0,10041569-GGVWxCvy0EqTLEezdu9k4Q,CXR,10041569-GGVWxCvy0EqTLEezdu9k4Q,No,Male,60.0,White,False,True,1,1,1,0,1,1,1,1,1,0,1,0,1,1,0,1,1,0,1,1,1,1,0,0,1,1,0,0,
dg.MD1R/82c899d5-2ed1-4a90-8634-146a93ec16e6,10041569-qyn7o7O1MkWMKhOmffWoA,CXR,10041569-qyn7o7O1MkWMKhOmffWoA,Yes,Male,67.0,Black or African American,False,False,1,1,1,0,1,1,1,1,1,0,1,0,0,0,1,0,0,1,0,1,0,1,0,0,0,0,0,0,
dg.MD1R/77354f27-9e58-457a-8fb2-de2c5729f28b,10041569-aoPnMEFqQkC6354FxeUJkA,CXR,10041569-aoPnMEFqQkC6354FxeUJkA,No,Male,38.0,White,False,True,1,1,1,0,1,1,1,1,1,0,1,1,1,0,1,1,1,0,0,1,0,1,0,0,1,1,0,0,
dg.MD1R/2674d11d-a7f5-494d-9937-b78fbc1afa28,10041569-NCqDv8OEUyQItLOWlNToA,CXR,10041569-NCqDv8OEUyQItLOWlNToA,Yes,Female,61.0,White,False,True,1,1,0,0,1,1,1,0,1,0,1,0,1,1,1,0,1,0,0,1,1,1,0,0,0,0,0,0,
dg.MD1R/846373c2-de5f-4340-9328-14477d2804bd,10041569-c14D3XBUu3ak5rTjgCg,CXR,10041569-c14D3XBUu3ak5rTjgCg,Yes,Female,67.0,White,False,True,1,1,0,0,1,1,1,0,1,1,1,1,1,1,1,1,0,1,1,1,1,0,0,0,0,0,0,0,
dg.MD1R/eccef64c-c5ad-4dc5-8d6c-b4d6a06490ad,10041569-MDkU3RfIpEif7aQgzVcJxQ,CXR,10041569-MDkU3RfIpEif7aQgzVcJxQ,No,Female,63.0,Not Reported,False,True,1,1,1,0,1,1,1,1,1,1,1,0,1,0,1,1,0,0,0,1,0,0,0,1,1,1,0,0,
dg.MD1R/72960231-c31d-4ff4-b2c2-da2cfab748b8,10041569-c14D3XBUu3ak5rTjgCg,CXR,10041569-c14D3XBUu3ak5rTjgCg,Yes,Female,67.0,White,False,True,1,1,0,0,1,1,1,0,1,1,1,1,1,1,1,1,0,1,1,1,1,0,0,0,0,0,0,0,
dg.MD1R/3905cb11-7d68-43a8-96a5-673896b75a84,10041569-PNPzL7DFp0iFwIMeiK7Ipg,CXR,10041569-PNPzL7DFp0iFwIMeiK7Ipg,No,Male,45.0,Not Reported,False,True,1,1,1,0,1,1,1,1,1,0,1,0,1,0,1,1,1,1,1,1,1,1,0,0,1,1,0,0,
dg.MD1R/a85fb089-2e83-4fb7-8383-6f0b1e535fb9,10041569-72PDHs9DXU6I5hfq7qX39g,CXR,10041569-72PDHs9DXU6I5hfq7qX39g,Yes,Female,58.0,Black or African American,False,True,1,1,0,0,1,0,1,0,0,0,1,0,0,0,1,1,0,0,0,1,0,0,0,0,0,0,0,0,
dg.MD1R/e31642e2-e7f4-4992-b7f5-48ccd4232c37,10041569-qyn7o7O1MkWMKhOmffWoA,CXR,10041569-qyn7o7O1MkWMKhOmffWoA,Yes,Male,67.0,Black or African American,False,False,1,1,1,0,1,1,1,1,1,0,1,0,0,0,1,0,0,1,0,1,0,1,0,0,0,0,0,0,
dg.MD1R/e1e2088d-4a7d-4fb5-90f1-5e11243363a6,10041569-LoYrk3_qUECYQ917wYIwJA,CXR,10041569-LoYrk3_qUECYQ917wYIwJA,No,Male,72.0,White,False,False,1,1,0,0,1,0,0,0,0,0,0,0,0,0,0,0,1,0,0,1,1,0,0,0,1,0,0,0,
dg.MD1R/e6c58434-e496-4960-9447-3291f4ae48d4,10041569-qyn7o7O1MkWMKhOmffWoA,CXR,10041569-qyn7o7O1MkWMKhOmffWoA,Yes,Male,67.0,Black or African American,False,False,1,1,1,0,1,1,1,1,1,0,1,0,0,0,1,0,0,1,0,1,0,1,0,0,0,0,0,0,
dg.MD1R/1d3b38c6-f03c-45dc-a50f-8d210b459611,10041569-9ATblYQbdEeYoeu-hiiGrg,CXR,10041569-9ATblYQbdEeYoeu-hiiGrg,No,Male,38.0,White,False,True,1,1,1,1,1,1,1,1,1,0,1,0,1,0,1,0,1,0,1,1,1,1,0,0,1,1,0,0,
dg.MD1R/2030dc58-273b-4b50-92ea-993a209a700d,10041569-NCqDv8OEUyQItLOWlNToA,CXR,10041569-NCqDv8OEUyQItLOWlNToA,Yes,Female,61.0,White,False,True,1,1,0,0,1,1,1,0,1,0,1,0,1,1,1,0,1,0,0,1,1,1,0,0,0,0,0,0,
dg.MD1R/31c3d15f-ee26-4fa4-943d-e19cb7756a16,10041569-yB8z_LbI0E-_zGehDSOH3w,CXR,10041569-yB8z_LbI0E-_zGehDSOH3w,No,Male,53.0,White,False,True,1,1,1,1,1,1,1,1,1,0,1,0,0,0,1,1,1,1,1,1,1,1,0,0,1,1,0,0,
dg.MD1R/a07a5e4e-8116-4ac3-8d37-d5afa9f595fd,10041569-Vkw64OnzkOqfAg5HGVn7g,CXR,10041569-Vkw64OnzkOqfAg5HGVn7g,Yes,Male,74.0,Black or African American,False,True,1,1,1,0,1,1,1,0,1,0,1,0,1,1,0,1,1,1,1,1,1,1,1,1,0,0,0,0,
dg.MD1R/e9c7e850-9370-4c0c-be84-eca4fbc4c527,10041569-nTuIrwNsz0in3XAUuQe-Kw,CXR,10041569-nTuIrwNsz0in3XAUuQe-Kw,No,Female,43.0,White,False,True,1,1,0,1,1,1,1,1,1,0,1,0,1,1,1,1,1,1,1,1,0,0,0,0,1,1,0,0,
dg.MD1R/c963ae86-dedc-4b0c-b80c-aa3e494ed149,10041569-8yHwroGoi0CRGi4VqlX6w,CXR,10041569-8yHwroGoi0CRGi4VqlX6w,Yes,Female,58.0,Black or African American,False,True,1,0,0,0,1,1,1,0,1,0,0,0,1,1,1,0,0,1,0,1,1,0,0,0,0,0,0,0,
dg.MD1R/6bc14ad0-6402-4f6c-8339-3d50e7533151,10041569-Ghqid8nyJky232EU1jib7A,CXR,10041569-Ghqid8nyJky232EU1jib7A,No,Female,30.0,White,False,True,1,1,1,0,1,1,1,1,1,0,1,0,1,0,1,1,0,1,1,1,0,0,0,0,1,1,1,0,
dg.MD1R/683f793d-6a9f-4906-b716-7c0a0623eae6,10041569-LAFdjcM100-NPg4V47aZoA,CXR,10041569-LAFdjcM100-NPg4V47aZoA,No,Female,66.0,White,False,False,1,0,0,0,0,1,0,0,1,1,1,0,0,1,0,0,1,0,0,1,1,0,0,0,1,1,0,0,
dg.MD1R/543dd04d-3e67-42dc-9e05-0d77c2c0465b,10041569-Vkw64OnzkOqfAg5HGVn7g,CXR,10041569-Vkw64OnzkOqfAg5HGVn7g,Yes,Male,74.0,Black or African American,False,True,1,1,1,0,1,1,1,0,1,0,1,0,1,1,0,1,1,1,1,1,1,1,1,1,0,0,0,0,
dg.MD1R/bccfd307-2003-428f-8949-052897eaef3f,10041569-yB8z_LbI0E-_zGehDSOH3w,CXR,10041569-yB8z_LbI0E-_zGehDSOH3w,No,Male,53.0,White,False,True,1,1,1,1,1,1,1,1,1,0,1,0,0,0,1,1,1,1,1,1,1,1,0,0,1,1,0,0,
dg.MD1R/f65dbecb-6885-41e9-be46-4acc617d4d1a,10041569-MDkU3RfIpEif7aQgzVcJxQ,CXR,10041569-MDkU3RfIpEif7aQgzVcJxQ,No,Female,63.0,Not Reported,False,True,1,1,1,0,1,1,1,1,1,1,1,0,1,0,1,1,0,0,0,1,0,0,0,1,1,1,0,0,
dg.MD1R/bf05ca4d-9c24-4343-b368-21a17f2837d6,10041569-Vkw64OnzkOqfAg5HGVn7g,CXR,10041569-Vkw64OnzkOqfAg5HGVn7g,Yes,Male,74.0,Black or African American,False,True,1,1,1,0,1,1,1,0,1,0,1,0,1,1,0,1,1,1,1,1,1,1,1,1,0,0,0,0,
dg.MD1R/58ae1261-41ca-4bf4-83b6-f63b1724f89c,10041569-GGVWxCvy0EqTLEezdu9k4Q,CXR,10041569-GGVWxCvy0EqTLEezdu9k4Q,No,Male,60.0,White,False,True,1,1,1,0,1,1,1,1,1,0,1,0,1,1,0,1,1,0,1,1,1,1,0,0,1,1,0,0,
dg.MD1R/e7fa690f-7bc7-48fe-b8c9-a7e7bfe0ff66,10041569-wQAupblELkG8GC3WZpgYEw,CXR,10041569-wQAupblELkG8GC3WZpgYEw,Yes,Female,49.0,Black or African American,False,True,1,1,1,0,0,1,1,0,1,1,1,0,0,0,0,0,1,0,1,0,0,0,0,0,0,1,0,0,
dg.MD1R/11ad00d9-1f93-491e-b556-961a935359b4,10041569-Vkw64OnzkOqfAg5HGVn7g,CXR,10041569-Vkw64OnzkOqfAg5HGVn7g,Yes,Male,74.0,Black or African American,False,True,1,1,1,0,1,1,1,0,1,0,1,0,1,1,0,1,1,1,1,1,1,1,1,1,0,0,0,0,
dg.MD1R/6a76aa9d-4009-4761-818a-863a08881283,10041569-8yHwroGoi0CRGi4VqlX6w,CXR,10041569-8yHwroGoi0CRGi4VqlX6w,Yes,Female,58.0,Black or African American,False,True,1,0,0,0,1,1,1,0,1,0,0,0,1,1,1,0,0,1,0,1,1,0,0,0,0,0,0,0,
dg.MD1R/2995f4e3-2218-4f6e-b8a7-1f4e966c934e,10041569-fXs9QNrB90O0sA_o2LuqgA,CXR,10041569-fXs9QNrB90O0sA_o2LuqgA,No,Female,65.0,White,False,True,1,1,0,0,1,1,1,0,1,1,1,0,1,0,1,0,0,1,1,1,1,1,0,0,1,0,0,0,
dg.MD1R/72228375-f068-4867-a988-bbf6acecf8ea,10041569-sCqQ2j2VSESdt3Z-Bri-1g,CXR,10041569-sCqQ2j2VSESdt3Z-Bri-1g,No,Male,33.0,Black or African American,False,False,1,0,0,0,0,1,0,0,1,1,0,0,0,0,1,0,1,0,1,1,0,0,0,0,0,0,0,0,
dg.MD1R/e09edca5-ef93-4b68-9a3e-323dfff425f3,10041569-9ATblYQbdEeYoeu-hiiGrg,CXR,10041569-9ATblYQbdEeYoeu-hiiGrg,No,Male,38.0,White,False,True,1,1,1,1,1,1,1,1,1,0,1,0,1,0,1,0,1,0,1,1,1,1,0,0,1,1,0,0,
dg.MD1R/11646414-bed2-40ed-b1d0-bd099b661764,10041569-Se9lMjRqAUaS7zYoAuf0dA,CXR,10041569-Se9lMjRqAUaS7zYoAuf0dA,No,Female,29.0,White,False,True,1,1,1,0,1,1,1,1,1,0,1,0,1,0,1,1,1,0,0,1,0,1,0,0,1,1,0,0,
dg.MD1R/d521489e-d0e5-4c8d-bac8-7c70c5a9a017,10041569-GGVWxCvy0EqTLEezdu9k4Q,CXR,10041569-GGVWxCvy0EqTLEezdu9k4Q,No,Male,60.0,White,False,True,1,1,1,0,1,1,1,1,1,0,1,0,1,1,0,1,1,0,1,1,1,1,0,0,1,1,0,0,
dg.MD1R/3b5527a2-2e32-44ca-890b-8f7a68e71e74,10041569-8yHwroGoi0CRGi4VqlX6w,CXR,10041569-8yHwroGoi0CRGi4VqlX6w,Yes,Female,58.0,Black or African American,False,True,1,0,0,0,1,1,1,0,1,0,0,0,1,1,1,0,0,1,0,1,1,0,0,0,0,0,0,0,
dg.MD1R/6a334c40-0664-40cf-a68b-738f86ce2399,10041569-nTuIrwNsz0in3XAUuQe-Kw,CXR,10041569-nTuIrwNsz0in3XAUuQe-Kw,No,Female,43.0,White,False,True,1,1,0,1,1,1,1,1,1,0,1,0,1,1,1,1,1,1,1,1,0,0,0,0,1,1,0,0,
dg.MD1R/fcbc432a-2eaa-4ca9-9604-b8359a1603b6,10041569-MDkU3RfIpEif7aQgzVcJxQ,CXR,10041569-MDkU3RfIpEif7aQgzVcJxQ,No,Female,63.0,Not Reported,False,True,1,1,1,0,1,1,1,1,1,1,1,0,1,0,1,1,0,0,0,1,0,0,0,1,1,1,0,0,
dg.MD1R/71e58f3c-d8c6-47d0-ae61-65f0cc30e429,10041569-5mEhtO0KQ0Ocq21FWZ6jQ,CXR,10041569-5mEhtO0KQ0Ocq21FWZ6jQ,Yes,Male,65.0,Black or African American,False,True,1,1,1,0,0,1,0,1,0,0,1,0,0,0,0,1,1,0,0,1,0,1,0,0,0,0,1,0,
dg.MD1R/d528d958-b0e7-46bf-92f7-f8f144748d87,10041569-A3LGKzCxjE6k9sUCJ0ixgA,CXR,10041569-A3LGKzCxjE6k9sUCJ0ixgA,No,Female,68.0,White,False,True,1,1,1,0,1,1,1,0,1,0,1,0,1,1,1,1,1,1,1,1,1,0,0,0,0,0,1,0,
dg.MD1R/d0ffd28f-1277-40b0-bf0e-711ac1eb48ac,10041569-Uk2A0hDbaEC9Rm8CmMPMcA,CXR,10041569-Uk2A0hDbaEC9Rm8CmMPMcA,No,Female,56.0,White,False,False,1,1,0,0,0,1,0,0,0,1,0,0,0,0,0,0,1,1,1,1,0,0,0,0,0,0,1,0,
dg.MD1R/da0cc4e7-69ce-49f8-8a20-3239cb04f8f8,10041569-sCqQ2j2VSESdt3Z-Bri-1g,CXR,10041569-sCqQ2j2VSESdt3Z-Bri-1g,No,Male,33.0,Black or African American,False,False,1,0,0,0,0,1,0,0,1,1,0,0,0,0,1,0,1,0,1,1,0,0,0,0,0,0,0,0,
dg.MD1R/368663b5-6576-4518-af9f-dd3b69f56923,10041569-MDkU3RfIpEif7aQgzVcJxQ,CXR,10041569-MDkU3RfIpEif7aQgzVcJxQ,No,Female,63.0,Not Reported,False,True,1,1,1,0,1,1,1,1,1,1,1,0,1,0,1,1,0,0,0,1,0,0,0,1,1,1,0,0,
dg.MD1R/3b5ff378-500e-472b-bb47-abdbbbf8ff8b,10041569-DlqX5imb0ejWPhSL4fHg,CXR,10041569-DlqX5imb0ejWPhSL4fHg,Yes,Female,73.0,Black or African American,False,True,1,1,1,0,1,1,0,0,1,0,1,0,1,0,1,1,1,1,0,1,1,1,0,0,0,0,1,0,
dg.MD1R/2efb575a-113e-4d5f-a387-86061abf0b5b,10041569-A3LGKzCxjE6k9sUCJ0ixgA,CXR,10041569-A3LGKzCxjE6k9sUCJ0ixgA,No,Female,68.0,White,False,True,1,1,1,0,1,1,1,0,1,0,1,0,1,1,1,1,1,1,1,1,1,0,0,0,0,0,1,0,
dg.MD1R/df566210-b1c5-47c2-9758-9da6e5aef30d,10041569-4DNktkkdXUGzSU6qGPxFEw,CXR,10041569-4DNktkkdXUGzSU6qGPxFEw,Yes,Female,26.0,Black or African American,False,True,1,1,0,0,0,1,1,0,1,1,1,0,1,0,1,1,0,1,0,1,1,1,0,0,0,0,0,0,
dg.MD1R/c0b106b7-d7b5-40fa-b6c2-2356bdef45d3,10041569-Vkw64OnzkOqfAg5HGVn7g,CXR,10041569-Vkw64OnzkOqfAg5HGVn7g,Yes,Male,74.0,Black or African American,False,True,1,1,1,0,1,1,1,0,1,0,1,0,1,1,0,1,1,1,1,1,1,1,1,1,0,0,0,0,
dg.MD1R/03d38c20-3371-41f2-887a-9a582bc5de34,10041569-L5k1-w_7iUm59CzGU0DkPQ,CXR,10041569-L5k1-w_7iUm59CzGU0DkPQ,No,Male,88.0,White,False,False,1,0,0,0,0,1,1,0,1,0,0,0,1,0,0,1,1,1,1,1,0,1,0,0,0,0,0,0,
dg.MD1R/96a9ae88-1179-4061-a278-5536fab9bb2d,10041569-MDkU3RfIpEif7aQgzVcJxQ,CXR,10041569-MDkU3RfIpEif7aQgzVcJxQ,No,Female,63.0,Not Reported,False,True,1,1,1,0,1,1,1,1,1,1,1,0,1,0,1,1,0,0,0,1,0,0,0,1,1,1,0,0,
dg.MD1R/0b30996b-32d5-4039-9954-1b2b6fae0ee2,10041569-nTuIrwNsz0in3XAUuQe-Kw,CXR,10041569-nTuIrwNsz0in3XAUuQe-Kw,No,Female,43.0,White,False,True,1,1,0,1,1,1,1,1,1,0,1,0,1,1,1,1,1,1,1,1,0,0,0,0,1,1,0,0,
dg.MD1R/65bcd71e-c0d9-4e5a-bdfd-2664a1b2c4a5,10041569-4DNktkkdXUGzSU6qGPxFEw,CXR,10041569-4DNktkkdXUGzSU6qGPxFEw,Yes,Female,26.0,Black or African American,False,True,1,1,0,0,0,1,1,0,1,1,1,0,1,0,1,1,0,1,0,1,1,1,0,0,0,0,0,0,
dg.MD1R/85b9fcef-bd74-4840-81a2-525df43d24b2,10041569-mGQA6NLX-kao7qRjrJb5XA,CXR,10041569-mGQA6NLX-kao7qRjrJb5XA,No,Female,66.0,White,False,True,1,0,1,0,1,1,1,1,1,1,1,0,1,0,0,1,1,1,0,1,1,1,0,0,1,0,1,0,
dg.MD1R/aca6c87a-3bca-4b10-aaf4-140f2c70cb20,10041569-shlAGu1gtUiH2zAVfnFy5g,CXR,10041569-shlAGu1gtUiH2zAVfnFy5g,No,Male,73.0,White,False,True,1,1,1,0,1,1,0,1,0,0,1,0,0,0,0,1,1,1,0,1,1,0,0,0,0,0,1,0,
dg.MD1R/96666c91-37bf-45fa-8fbd-1c71471ab8d3,10041569-sCqQ2j2VSESdt3Z-Bri-1g,CXR,10041569-sCqQ2j2VSESdt3Z-Bri-1g,No,Male,33.0,Black or African American,False,False,1,0,0,0,0,1,0,0,1,1,0,0,0,0,1,0,1,0,1,1,0,0,0,0,0,0,0,0,
dg.MD1R/b1e8e3d4-ed99-493a-8b79-0f23e245620a,10041569-LAFdjcM100-NPg4V47aZoA,CXR,10041569-LAFdjcM100-NPg4V47aZoA,No,Female,66.0,White,False,False,1,0,0,0,0,1,0,0,1,1,1,0,0,1,0,0,1,0,0,1,1,0,0,0,1,1,0,0,
dg.MD1R/0e1d4e5a-54fa-43d1-a978-331d2d13fd66,10041569-9ATblYQbdEeYoeu-hiiGrg,CXR,10041569-9ATblYQbdEeYoeu-hiiGrg,No,Male,38.0,White,False,True,1,1,1,1,1,1,1,1,1,0,1,0,1,0,1,0,1,0,1,1,1,1,0,0,1,1,0,0,
dg.MD1R/bf652db2-42f1-4dd3-a7c8-e6dcf25d0415,10041569-wQAupblELkG8GC3WZpgYEw,CXR,10041569-wQAupblELkG8GC3WZpgYEw,Yes,Female,49.0,Black or African American,False,True,1,1,1,0,0,1,1,0,1,1,1,0,0,0,0,0,1,0,1,0,0,0,0,0,0,1,0,0,
dg.MD1R/2911d8ca-d10a-41b6-a78b-beea32411ef3,10041569-wQAupblELkG8GC3WZpgYEw,CXR,10041569-wQAupblELkG8GC3WZpgYEw,Yes,Female,49.0,Black or African American,False,True,1,1,1,0,0,1,1,0,1,1,1,0,0,0,0,0,1,0,1,0,0,0,0,0,0,1,0,0,
dg.MD1R/d347daac-5074-4b2f-8680-fc47fa523288,10041569-8yHwroGoi0CRGi4VqlX6w,CXR,10041569-8yHwroGoi0CRGi4VqlX6w,Yes,Female,58.0,Black or African American,False,True,1,0,0,0,1,1,1,0,1,0,0,0,1,1,1,0,0,1,0,1,1,0,0,0,0,0,0,0,
dg.MD1R/545b128d-284b-4885-a5bf-5e2b359825a3,10041569-Ghqid8nyJky232EU1jib7A,CXR,10041569-Ghqid8nyJky232EU1jib7A,No,Female,30.0,White,False,True,1,1,1,0,1,1,1,1,1,0,1,0,1,0,1,1,0,1,1,1,0,0,0,0,1,1,1,0,
dg.MD1R/ca4242dc-abb8-4bea-a263-4bab4657bdc8,10041569-5mEhtO0KQ0Ocq21FWZ6jQ,CXR,10041569-5mEhtO0KQ0Ocq21FWZ6jQ,Yes,Male,65.0,Black or African American,False,True,1,1,1,0,0,1,0,1,0,0,1,0,0,0,0,1,1,0,0,1,0,1,0,0,0,0,1,0,
dg.MD1R/8ffd17aa-0ce2-4fc7-a53c-b7622e2fc140,10041569-Vkw64OnzkOqfAg5HGVn7g,CXR,10041569-Vkw64OnzkOqfAg5HGVn7g,Yes,Male,74.0,Black or African American,False,True,1,1,1,0,1,1,1,0,1,0,1,0,1,1,0,1,1,1,1,1,1,1,1,1,0,0,0,0,
dg.MD1R/4b750c28-2f4b-4f54-8943-a5f5a635bca9,10041569-sCqQ2j2VSESdt3Z-Bri-1g,CXR,10041569-sCqQ2j2VSESdt3Z-Bri-1g,No,Male,33.0,Black or African American,False,False,1,0,0,0,0,1,0,0,1,1,0,0,0,0,1,0,1,0,1,1,0,0,0,0,0,0,0,0,
dg.MD1R/0bcec5bf-7b5e-44f3-bae5-9969575599b0,10041569-8yHwroGoi0CRGi4VqlX6w,CXR,10041569-8yHwroGoi0CRGi4VqlX6w,Yes,Female,58.0,Black or African American,False,True,1,0,0,0,1,1,1,0,1,0,0,0,1,1,1,0,0,1,0,1,1,0,0,0,0,0,0,0,
dg.MD1R/e201ea1b-74a0-45fa-858b-62be409d43f6,10041569-R_7_oiasbEG5NSpaRTw6tw,CXR,10041569-R_7_oiasbEG5NSpaRTw6tw,No,Male,69.0,White,False,False,1,0,1,0,0,1,1,1,0,0,0,1,1,0,1,0,1,1,1,1,1,1,0,0,1,0,0,0,
dg.MD1R/2acd5642-426f-438a-90bd-4692aa28ce44,10041569-eQiqluuW9kyDBm2jLVDw_Q,CXR,10041569-eQiqluuW9kyDBm2jLVDw_Q,No,Male,66.0,White,False,False,1,0,0,0,0,1,0,0,1,1,0,0,0,0,0,0,0,0,0,0,0,0,0,1,0,0,0,0,
dg.MD1R/eadc4764-c395-41bb-8b5b-6936a0beb881,10041569-Se9lMjRqAUaS7zYoAuf0dA,CXR,10041569-Se9lMjRqAUaS7zYoAuf0dA,No,Female,29.0,White,False,True,1,1,1,0,1,1,1,1,1,0,1,0,1,0,1,1,1,0,0,1,0,1,0,0,1,1,0,0,
dg.MD1R/d380ec34-1d42-4e31-8d47-3a2d7308bc20,10041569-sCqQ2j2VSESdt3Z-Bri-1g,CXR,10041569-sCqQ2j2VSESdt3Z-Bri-1g,No,Male,33.0,Black or African American,False,False,1,0,0,0,0,1,0,0,1,1,0,0,0,0,1,0,1,0,1,1,0,0,0,0,0,0,0,0,
dg.MD1R/bc122b5d-eb88-41cb-b67c-226e6b9117a5,10041569-qyn7o7O1MkWMKhOmffWoA,CXR,10041569-qyn7o7O1MkWMKhOmffWoA,Yes,Male,67.0,Black or African American,False,False,1,1,1,0,1,1,1,1,1,0,1,0,0,0,1,0,0,1,0,1,0,1,0,0,0,0,0,0,
dg.MD1R/1e56b7db-c7fc-42a7-9b41-02493540041a,10041569-Ghqid8nyJky232EU1jib7A,CXR,10041569-Ghqid8nyJky232EU1jib7A,No,Female,30.0,White,False,True,1,1,1,0,1,1,1,1,1,0,1,0,1,0,1,1,0,1,1,1,0,0,0,0,1,1,1,0,
dg.MD1R/3cbc56b4-1604-4035-855f-0b2f6771dc55,10041569-gv2pavxA2UaGwvossJEO4w,CXR,10041569-gv2pavxA2UaGwvossJEO4w,Yes,Male,51.0,White,False,False,1,0,1,0,0,1,0,0,0,0,0,0,0,0,0,1,1,1,0,0,1,1,0,0,0,0,0,0,
dg.MD1R/39075ffb-442c-4027-9288-76b466d327e0,10041569-NCqDv8OEUyQItLOWlNToA,CXR,10041569-NCqDv8OEUyQItLOWlNToA,Yes,Female,61.0,White,False,True,1,1,0,0,1,1,1,0,1,0,1,0,1,1,1,0,1,0,0,1,1,1,0,0,0,0,0,0,
dg.MD1R/70a0078e-2b8f-4861-af7b-d369cb64dc9b,10041569-Vkw64OnzkOqfAg5HGVn7g,CXR,10041569-Vkw64OnzkOqfAg5HGVn7g,Yes,Male,74.0,Black or African American,False,True,1,1,1,0,1,1,1,0,1,0,1,0,1,1,0,1,1,1,1,1,1,1,1,1,0,0,0,0,
dg.MD1R/0c00a49e-68e3-4fa7-93fd-6609c6bc4dae,10041569-D3vABUsPmkWtIloZPs8oFQ,CXR,10041569-D3vABUsPmkWtIloZPs8oFQ,No,Female,53.0,White,False,True,1,1,1,0,0,1,0,0,1,0,1,0,0,0,1,0,1,0,0,1,1,0,0,0,1,0,1,0,
dg.MD1R/1ffbe28b-2f02-4628-a6a3-b2180f132f92,10041569-SG99bppCSU6wKLnbSfuykw,CXR,10041569-SG99bppCSU6wKLnbSfuykw,No,Male,47.0,White,False,True,1,1,0,1,0,1,1,1,1,0,1,0,1,0,1,1,0,0,1,1,1,1,0,0,1,1,1,0,
dg.MD1R/fa1ebb60-5cf8-4dac-a84d-b34a72b78b45,10041569-rdL12m75aU6AT4OZNtG2Aw,CXR,10041569-rdL12m75aU6AT4OZNtG2Aw,Yes,Male,51.0,Black or African American,False,True,1,1,1,0,0,1,1,0,1,1,1,0,1,0,1,1,1,1,1,1,1,1,0,0,0,0,1,0,
dg.MD1R/af1a6082-f5bb-4202-8607-0b6c90ead9af,10041569-Se9lMjRqAUaS7zYoAuf0dA,CXR,10041569-Se9lMjRqAUaS7zYoAuf0dA,No,Female,29.0,White,False,True,1,1,1,0,1,1,1,1,1,0,1,0,1,0,1,1,1,0,0,1,0,1,0,0,1,1,0,0,
dg.MD1R/8787414d-fb97-4aec-ba46-5427741de112,10041569-Vkw64OnzkOqfAg5HGVn7g,CXR,10041569-Vkw64OnzkOqfAg5HGVn7g,Yes,Male,74.0,Black or African American,False,True,1,1,1,0,1,1,1,0,1,0,1,0,1,1,0,1,1,1,1,1,1,1,1,1,0,0,0,0,
dg.MD1R/eb2c87e7-24fa-487f-9cb9-cd1a1e94a950,10041569-Uk2A0hDbaEC9Rm8CmMPMcA,CXR,10041569-Uk2A0hDbaEC9Rm8CmMPMcA,No,Female,56.0,White,False,False,1,1,0,0,0,1,0,0,0,1,0,0,0,0,0,0,1,1,1,1,0,0,0,0,0,0,1,0,
dg.MD1R/6c983f1d-dc72-4d7b-b4de-07414f6a9c29,10041569-MDkU3RfIpEif7aQgzVcJxQ,CXR,10041569-MDkU3RfIpEif7aQgzVcJxQ,No,Female,63.0,Not Reported,False,True,1,1,1,0,1,1,1,1,1,1,1,0,1,0,1,1,0,0,0,1,0,0,0,1,1,1,0,0,
dg.MD1R/2068ea27-1cca-468a-8c11-740de61367a0,10041569-MDkU3RfIpEif7aQgzVcJxQ,CXR,10041569-MDkU3RfIpEif7aQgzVcJxQ,No,Female,63.0,Not Reported,False,True,1,1,1,0,1,1,1,1,1,1,1,0,1,0,1,1,0,0,0,1,0,0,0,1,1,1,0,0,
dg.MD1R/4342cb99-4d8b-4d03-9049-3f9459b64681,10041569-PNPzL7DFp0iFwIMeiK7Ipg,CXR,10041569-PNPzL7DFp0iFwIMeiK7Ipg,No,Male,45.0,Not Reported,False,True,1,1,1,0,1,1,1,1,1,0,1,0,1,0,1,1,1,1,1,1,1,1,0,0,1,1,0,0,
dg.MD1R/3e755124-7b0d-4656-8812-4958db0a8609,10041569-gv2pavxA2UaGwvossJEO4w,CXR,10041569-gv2pavxA2UaGwvossJEO4w,Yes,Male,51.0,White,False,False,1,0,1,0,0,1,0,0,0,0,0,0,0,0,0,1,1,1,0,0,1,1,0,0,0,0,0,0,
dg.MD1R/b66d0a84-b1a2-408b-aa1a-3845ae75f838,10041569-NCqDv8OEUyQItLOWlNToA,CXR,10041569-NCqDv8OEUyQItLOWlNToA,Yes,Female,61.0,White,False,True,1,1,0,0,1,1,1,0,1,0,1,0,1,1,1,0,1,0,0,1,1,1,0,0,0,0,0,0,
dg.MD1R/40ce9e38-1d01-45af-9ab4-3e1af0f5dda0,10041569-SG99bppCSU6wKLnbSfuykw,CXR,10041569-SG99bppCSU6wKLnbSfuykw,No,Male,47.0,White,False,True,1,1,0,1,0,1,1,1,1,0,1,0,1,0,1,1,0,0,1,1,1,1,0,0,1,1,1,0,
dg.MD1R/4bf676ad-4ea4-40ba-ac55-8bb955a7431c,10041569-fXs9QNrB90O0sA_o2LuqgA,CXR,10041569-fXs9QNrB90O0sA_o2LuqgA,No,Female,65.0,White,False,True,1,1,0,0,1,1,1,0,1,1,1,0,1,0,1,0,0,1,1,1,1,1,0,0,1,0,0,0,
dg.MD1R/a58fa71a-399a-408d-a049-05d35fc52798,10041569-qyn7o7O1MkWMKhOmffWoA,CXR,10041569-qyn7o7O1MkWMKhOmffWoA,Yes,Male,67.0,Black or African American,False,False,1,1,1,0,1,1,1,1,1,0,1,0,0,0,1,0,0,1,0,1,0,1,0,0,0,0,0,0,
dg.MD1R/437ffe5e-540e-4e85-a1ca-87af3d742927,10041569-g7BegS168EGCpgRylILjoA,CXR,10041569-g7BegS168EGCpgRylILjoA,Yes,Female,63.0,White,False,True,1,1,1,0,0,1,1,0,1,1,1,0,1,1,0,1,1,1,1,1,1,0,0,1,0,0,0,0,
dg.MD1R/833857a8-ae75-40fd-ae2d-fb908f989c66,10041569-c9PRC6Y3RE67w49RgS6h-w,CXR,10041569-c9PRC6Y3RE67w49RgS6h-w,No,Male,43.0,Not Reported,False,True,1,1,0,0,1,0,1,1,1,1,1,0,1,0,1,1,1,1,1,1,1,1,0,0,1,1,0,0,
dg.MD1R/a779c5ea-65be-47ee-8d45-fe8031476516,10041569-Vkw64OnzkOqfAg5HGVn7g,CXR,10041569-Vkw64OnzkOqfAg5HGVn7g,Yes,Male,74.0,Black or African American,False,True,1,1,1,0,1,1,1,0,1,0,1,0,1,1,0,1,1,1,1,1,1,1,1,1,0,0,0,0,
dg.MD1R/ca1593ef-bd5e-4c02-9d66-7ce094717ba6,10041569-c9PRC6Y3RE67w49RgS6h-w,CXR,10041569-c9PRC6Y3RE67w49RgS6h-w,No,Male,43.0,Not Reported,False,True,1,1,0,0,1,0,1,1,1,1,1,0,1,0,1,1,1,1,1,1,1,1,0,0,1,1,0,0,
dg.MD1R/86fcd26a-0ad6-42a7-9c4c-cef752f9c429,10041569-wit6GYoOB0-S9uN7ygkh8g,CXR,10041569-wit6GYoOB0-S9uN7ygkh8g,No,Male,49.0,White,False,True,1,1,1,0,0,0,1,0,0,0,1,0,0,0,0,0,1,0,0,1,1,0,0,1,0,0,0,0,
dg.MD1R/ff091a16-f495-4c8b-8ed1-778106ffe873,10041569-qyn7o7O1MkWMKhOmffWoA,CXR,10041569-qyn7o7O1MkWMKhOmffWoA,Yes,Male,67.0,Black or African American,False,False,1,1,1,0,1,1,1,1,1,0,1,0,0,0,1,0,0,1,0,1,0,1,0,0,0,0,0,0,
dg.MD1R/cd154482-5dc9-456a-b786-b8d228c7643b,10041569-c9PRC6Y3RE67w49RgS6h-w,CXR,10041569-c9PRC6Y3RE67w49RgS6h-w,No,Male,43.0,Not Reported,False,True,1,1,0,0,1,0,1,1,1,1,1,0,1,0,1,1,1,1,1,1,1,1,0,0,1,1,0,0,
dg.MD1R/c404c78e-2934-4a78-930f-b3cd83c8bd59,10041569-c9PRC6Y3RE67w49RgS6h-w,CXR,10041569-c9PRC6Y3RE67w49RgS6h-w,No,Male,43.0,Not Reported,False,True,1,1,0,0,1,0,1,1,1,1,1,0,1,0,1,1,1,1,1,1,1,1,0,0,1,1,0,0,
dg.MD1R/f8800477-a940-490f-a8ba-dfe9c2d4ac64,10041569-c14D3XBUu3ak5rTjgCg,CXR,10041569-c14D3XBUu3ak5rTjgCg,Yes,Female,67.0,White,False,True,1,1,0,0,1,1,1,0,1,1,1,1,1,1,1,1,0,1,1,1,1,0,0,0,0,0,0,0,
dg.MD1R/53f98cc8-69c9-488d-b78c-f900de4a035a,10041569-GGVWxCvy0EqTLEezdu9k4Q,CXR,10041569-GGVWxCvy0EqTLEezdu9k4Q,No,Male,60.0,White,False,True,1,1,1,0,1,1,1,1,1,0,1,0,1,1,0,1,1,0,1,1,1,1,0,0,1,1,0,0,
dg.MD1R/de60c524-32f8-4267-b496-7a59722c366a,10041569-fc2jn1z4M0i490tdgUz4qA,CXR,10041569-fc2jn1z4M0i490tdgUz4qA,No,Female,65.0,White,False,True,1,1,1,0,1,1,1,1,0,0,1,1,0,0,0,1,0,0,0,1,0,0,0,0,0,0,1,0,
dg.MD1R/6c188b09-0619-4385-9d44-fd0e28bfa1c3,10041569-c9PRC6Y3RE67w49RgS6h-w,CXR,10041569-c9PRC6Y3RE67w49RgS6h-w,No,Male,43.0,Not Reported,False,True,1,1,0,0,1,0,1,1,1,1,1,0,1,0,1,1,1,1,1,1,1,1,0,0,1,1,0,0,
dg.MD1R/6d7a92d2-2792-47c5-ac10-39a033c1d39e,10041569-wQAupblELkG8GC3WZpgYEw,CXR,10041569-wQAupblELkG8GC3WZpgYEw,Yes,Female,49.0,Black or African American,False,True,1,1,1,0,0,1,1,0,1,1,1,0,0,0,0,0,1,0,1,0,0,0,0,0,0,1,0,0,
dg.MD1R/5e5637c7-b9b2-4a72-8bfb-acfdc944617f,10041569-9ATblYQbdEeYoeu-hiiGrg,CXR,10041569-9ATblYQbdEeYoeu-hiiGrg,No,Male,38.0,White,False,True,1,1,1,1,1,1,1,1,1,0,1,0,1,0,1,0,1,0,1,1,1,1,0,0,1,1,0,0,
dg.MD1R/c3ff060b-23ef-4b6a-8512-fa6eb114f7ad,10041569-PNPzL7DFp0iFwIMeiK7Ipg,CXR,10041569-PNPzL7DFp0iFwIMeiK7Ipg,No,Male,45.0,Not Reported,False,True,1,1,1,0,1,1,1,1,1,0,1,0,1,0,1,1,1,1,1,1,1,1,0,0,1,1,0,0,
dg.MD1R/d6b7ca09-b9e5-4da9-b5d9-bedf93bfffa2,10041569-Se9lMjRqAUaS7zYoAuf0dA,CXR,10041569-Se9lMjRqAUaS7zYoAuf0dA,No,Female,29.0,White,False,True,1,1,1,0,1,1,1,1,1,0,1,0,1,0,1,1,1,0,0,1,0,1,0,0,1,1,0,0,
dg.MD1R/0384c7ea-f35b-4ac2-b87a-2e163bfc8364,10041569-PNPzL7DFp0iFwIMeiK7Ipg,CXR,10041569-PNPzL7DFp0iFwIMeiK7Ipg,No,Male,45.0,Not Reported,False,True,1,1,1,0,1,1,1,1,1,0,1,0,1,0,1,1,1,1,1,1,1,1,0,0,1,1,0,0,
dg.MD1R/043145f9-9e56-4c69-8958-896cad91eba1,10041569-CWQXD4qLs0OyIer_d5Wbew,CXR,10041569-CWQXD4qLs0OyIer_d5Wbew,No,Male,83.0,White,False,True,1,1,0,0,0,0,1,1,1,0,1,0,0,0,0,0,1,1,1,0,0,1,1,0,0,0,0,0,
dg.MD1R/86f1d5a5-1f4e-40cd-9178-3855a8fba40c,10041569-fc2jn1z4M0i490tdgUz4qA,CXR,10041569-fc2jn1z4M0i490tdgUz4qA,No,Female,65.0,White,False,True,1,1,1,0,1,1,1,1,0,0,1,1,0,0,0,1,0,0,0,1,0,0,0,0,0,0,1,0,
dg.MD1R/70de1191-775a-493a-af1f-5cb01bde0427,10041569-NCqDv8OEUyQItLOWlNToA,CXR,10041569-NCqDv8OEUyQItLOWlNToA,Yes,Female,61.0,White,False,True,1,1,0,0,1,1,1,0,1,0,1,0,1,1,1,0,1,0,0,1,1,1,0,0,0,0,0,0,
dg.MD1R/d2978bcb-752f-4e0c-bc3d-f2ec163ebda8,10041569-qyn7o7O1MkWMKhOmffWoA,CXR,10041569-qyn7o7O1MkWMKhOmffWoA,Yes,Male,67.0,Black or African American,False,False,1,1,1,0,1,1,1,1,1,0,1,0,0,0,1,0,0,1,0,1,0,1,0,0,0,0,0,0,
dg.MD1R/2f4bc63b-2665-441d-aca3-ffec4d463a2f,10041569-Ghqid8nyJky232EU1jib7A,CXR,10041569-Ghqid8nyJky232EU1jib7A,No,Female,30.0,White,False,True,1,1,1,0,1,1,1,1,1,0,1,0,1,0,1,1,0,1,1,1,0,0,0,0,1,1,1,0,
dg.MD1R/17599009-2900-456f-b45f-c44df511eb9c,10041569-Ghqid8nyJky232EU1jib7A,CXR,10041569-Ghqid8nyJky232EU1jib7A,No,Female,30.0,White,False,True,1,1,1,0,1,1,1,1,1,0,1,0,1,0,1,1,0,1,1,1,0,0,0,0,1,1,1,0,
dg.MD1R/325d7208-9f6c-46f7-b3fd-6cc684a3c406,10041569-9ATblYQbdEeYoeu-hiiGrg,CXR,10041569-9ATblYQbdEeYoeu-hiiGrg,No,Male,38.0,White,False,True,1,1,1,1,1,1,1,1,1,0,1,0,1,0,1,0,1,0,1,1,1,1,0,0,1,1,0,0,
dg.MD1R/10e390cb-306a-4bdc-aca3-73be01137144,10041569-c14D3XBUu3ak5rTjgCg,CXR,10041569-c14D3XBUu3ak5rTjgCg,Yes,Female,67.0,White,False,True,1,1,0,0,1,1,1,0,1,1,1,1,1,1,1,1,0,1,1,1,1,0,0,0,0,0,0,0,
dg.MD1R/1cbda131-fba6-4e11-88e1-567a290780d3,10041569-fc2jn1z4M0i490tdgUz4qA,CXR,10041569-fc2jn1z4M0i490tdgUz4qA,No,Female,65.0,White,False,True,1,1,1,0,1,1,1,1,0,0,1,1,0,0,0,1,0,0,0,1,0,0,0,0,0,0,1,0,
dg.MD1R/6dbc9de6-e158-490d-979b-be36332e07ab,10041569-Pkva0XJrwUmS6It3-SItQQ,CXR,10041569-Pkva0XJrwUmS6It3-SItQQ,No,Male,48.0,Black or African American,False,True,1,1,0,0,1,0,1,0,1,0,1,0,1,1,1,1,1,1,0,1,1,0,0,0,0,0,0,0,
dg.MD1R/4d375732-00d8-4a29-8f4b-2d16458598ea,10041569-YIon3HGGUa4N81uJEoWmg,CXR,10041569-YIon3HGGUa4N81uJEoWmg,Yes,Male,84.0,Black or African American,False,False,1,1,1,0,1,1,1,0,1,0,1,0,1,0,1,1,1,1,1,1,1,1,0,0,0,1,0,0,
dg.MD1R/be263c23-e1e4-42fe-8f0c-437d329457c1,10041569-QWycOsJpa0qKXcEGBFKeBg,CXR,10041569-QWycOsJpa0qKXcEGBFKeBg,Yes,Female,,White,False,False,1,0,0,0,0,0,1,0,0,0,0,0,0,0,1,1,0,0,1,1,0,0,0,0,0,0,0,0,
dg.MD1R/24dd1e13-dbf7-4ae9-94e1-cfcb4bc54a9d,10041569-aoPnMEFqQkC6354FxeUJkA,CXR,10041569-aoPnMEFqQkC6354FxeUJkA,No,Male,38.0,White,False,True,1,1,1,0,1,1,1,1,1,0,1,1,1,0,1,1,1,0,0,1,0,1,0,0,1,1,0,0,
dg.MD1R/0681558c-39b1-4083-9fd9-c4c273f54200,10041569-FtpnR4GEPEe9JztuDUqrXg,CXR,10041569-FtpnR4GEPEe9JztuDUqrXg,No,Male,51.0,White,False,True,1,1,1,1,1,1,1,1,1,1,1,0,1,1,1,1,1,0,0,1,1,1,0,0,1,0,0,0,
dg.MD1R/efcd2df8-68e1-45a5-a279-f9aebca15d17,10041569-U2DqnTGhr0Ok2n-4B58raw,CXR,10041569-U2DqnTGhr0Ok2n-4B58raw,No,Female,21.0,White,False,False,1,1,0,0,0,1,1,0,0,0,0,0,0,0,0,0,0,0,0,0,0,0,0,0,0,0,0,0,
dg.MD1R/17a9936a-8a3c-4bb1-ad51-115481609815,10041569-SG99bppCSU6wKLnbSfuykw,CXR,10041569-SG99bppCSU6wKLnbSfuykw,No,Male,47.0,White,False,True,1,1,0,1,0,1,1,1,1,0,1,0,1,0,1,1,0,0,1,1,1,1,0,0,1,1,1,0,
dg.MD1R/1817479d-e71f-4b65-8fd6-51f5445bcbb0,10041569-Ghqid8nyJky232EU1jib7A,CXR,10041569-Ghqid8nyJky232EU1jib7A,No,Female,30.0,White,False,True,1,1,1,0,1,1,1,1,1,0,1,0,1,0,1,1,0,1,1,1,0,0,0,0,1,1,1,0,
dg.MD1R/7c91db64-77dc-4737-942b-dab94c28168d,10041569-aoPnMEFqQkC6354FxeUJkA,CXR,10041569-aoPnMEFqQkC6354FxeUJkA,No,Male,38.0,White,False,True,1,1,1,0,1,1,1,1,1,0,1,1,1,0,1,1,1,0,0,1,0,1,0,0,1,1,0,0,
dg.MD1R/bc33dc1b-cf16-439d-b8bf-76848f37b383,10041569-Se9lMjRqAUaS7zYoAuf0dA,CXR,10041569-Se9lMjRqAUaS7zYoAuf0dA,No,Female,29.0,White,False,True,1,1,1,0,1,1,1,1,1,0,1,0,1,0,1,1,1,0,0,1,0,1,0,0,1,1,0,0,
dg.MD1R/c8a13661-a6fc-431c-a136-59d1918dbf90,10041569-kgAvx7uJ10ONCduLyMtlg,CXR,10041569-kgAvx7uJ10ONCduLyMtlg,No,Male,52.0,White,False,True,1,1,0,0,1,0,1,0,1,0,1,0,1,0,1,1,1,1,0,1,0,0,0,0,0,0,0,0,
dg.MD1R/b66dbabf-801d-4413-b8fb-faef14a10981,10041569-PNPzL7DFp0iFwIMeiK7Ipg,CXR,10041569-PNPzL7DFp0iFwIMeiK7Ipg,No,Male,45.0,Not Reported,False,True,1,1,1,0,1,1,1,1,1,0,1,0,1,0,1,1,1,1,1,1,1,1,0,0,1,1,0,0,
dg.MD1R/2b6496b5-5db5-4065-bbc3-3f7990dc56ff,10041569-yB8z_LbI0E-_zGehDSOH3w,CXR,10041569-yB8z_LbI0E-_zGehDSOH3w,No,Male,53.0,White,False,True,1,1,1,1,1,1,1,1,1,0,1,0,0,0,1,1,1,1,1,1,1,1,0,0,1,1,0,0,
dg.MD1R/98009099-4c4f-409d-9091-dfb8dd87a808,10041569-wJ7YQqJBPEe9l1jeqa6-Tg,CXR,10041569-wJ7YQqJBPEe9l1jeqa6-Tg,No,Male,36.0,White,False,True,1,1,0,0,0,0,1,1,1,0,1,0,0,0,1,1,1,0,1,0,0,0,0,0,0,0,0,0,
dg.MD1R/1078a758-6b2f-44f8-81aa-aaf924ac0a81,10041569-y3yBsMIByUqnvfDp4kgCyA,CXR,10041569-y3yBsMIByUqnvfDp4kgCyA,No,Female,35.0,Black or African American,False,False,1,0,0,0,0,0,1,0,0,0,0,0,0,0,0,0,1,0,1,1,0,0,0,1,0,0,0,0,
dg.MD1R/edb4b90d-700e-4fd9-8c83-665854fa584c,10041569-Ghqid8nyJky232EU1jib7A,CXR,10041569-Ghqid8nyJky232EU1jib7A,No,Female,30.0,White,False,True,1,1,1,0,1,1,1,1,1,0,1,0,1,0,1,1,0,1,1,1,0,0,0,0,1,1,1,0,
dg.MD1R/9c7818c2-9e48-4f12-b785-baf1c38fc3b3,10041569-mGQA6NLX-kao7qRjrJb5XA,CXR,10041569-mGQA6NLX-kao7qRjrJb5XA,No,Female,66.0,White,False,True,1,0,1,0,1,1,1,1,1,1,1,0,1,0,0,1,1,1,0,1,1,1,0,0,1,0,1,0,
dg.MD1R/26d67699-1d7f-4adc-a73a-3c80a09fadd2,10041569-MDkU3RfIpEif7aQgzVcJxQ,CXR,10041569-MDkU3RfIpEif7aQgzVcJxQ,No,Female,63.0,Not Reported,False,True,1,1,1,0,1,1,1,1,1,1,1,0,1,0,1,1,0,0,0,1,0,0,0,1,1,1,0,0,
dg.MD1R/f4af1b0f-d453-45f0-b4f0-2fa5aaafc4d7,10041569-avR8Wcrs0keHFtas_QmEMw,CXR,10041569-avR8Wcrs0keHFtas_QmEMw,No,Male,40.0,Not Reported,False,False,1,1,0,0,0,0,1,0,0,0,0,0,0,0,0,0,0,0,0,0,0,0,0,0,1,0,0,0,
dg.MD1R/4ba6e079-693d-42c9-a5dd-992b84a70cc8,10041569-YrI40akiPk-t9dHctHR5hg,CXR,10041569-YrI40akiPk-t9dHctHR5hg,No,Male,62.0,White,False,False,1,0,0,0,0,0,1,0,1,1,1,0,0,0,1,1,1,0,0,0,0,0,0,0,0,0,0,0,
dg.MD1R/9299aa76-8669-49b3-b3d2-ad52fa542c11,10041569-wQAupblELkG8GC3WZpgYEw,CXR,10041569-wQAupblELkG8GC3WZpgYEw,Yes,Female,49.0,Black or African American,False,True,1,1,1,0,0,1,1,0,1,1,1,0,0,0,0,0,1,0,1,0,0,0,0,0,0,1,0,0,
dg.MD1R/ab152943-f866-471a-9389-a3f500ba7a51,10041569-NCqDv8OEUyQItLOWlNToA,CXR,10041569-NCqDv8OEUyQItLOWlNToA,Yes,Female,61.0,White,False,True,1,1,0,0,1,1,1,0,1,0,1,0,1,1,1,0,1,0,0,1,1,1,0,0,0,0,0,0,
dg.MD1R/0e81b75b-460d-4146-9979-54036fdcb050,10041569-c9PRC6Y3RE67w49RgS6h-w,CXR,10041569-c9PRC6Y3RE67w49RgS6h-w,No,Male,43.0,Not Reported,False,True,1,1,0,0,1,0,1,1,1,1,1,0,1,0,1,1,1,1,1,1,1,1,0,0,1,1,0,0,
dg.MD1R/2413704f-b2ce-4358-b6db-7b91a97185e2,10041569-9II6IB8jYkSYcpBfxvL1-w,CXR,10041569-9II6IB8jYkSYcpBfxvL1-w,No,Female,65.0,White,False,True,1,1,1,0,1,1,1,1,1,0,1,0,0,1,1,1,1,1,0,1,1,1,0,0,1,0,0,0,
dg.MD1R/303299f0-4adc-4f90-af97-ab35b7ff8bf0,10041569-c14D3XBUu3ak5rTjgCg,CXR,10041569-c14D3XBUu3ak5rTjgCg,Yes,Female,67.0,White,False,True,1,1,0,0,1,1,1,0,1,1,1,1,1,1,1,1,0,1,1,1,1,0,0,0,0,0,0,0,
dg.MD1R/2cb30a62-f6af-4ae8-a89c-aa88e3845739,10041569-4DNktkkdXUGzSU6qGPxFEw,CXR,10041569-4DNktkkdXUGzSU6qGPxFEw,Yes,Female,26.0,Black or African American,False,True,1,1,0,0,0,1,1,0,1,1,1,0,1,0,1,1,0,1,0,1,1,1,0,0,0,0,0,0,
dg.MD1R/f7e587c4-c2d5-4420-bdb6-eaf5040e3c9d,10041569-aoPnMEFqQkC6354FxeUJkA,CXR,10041569-aoPnMEFqQkC6354FxeUJkA,No,Male,38.0,White,False,True,1,1,1,0,1,1,1,1,1,0,1,1,1,0,1,1,1,0,0,1,0,1,0,0,1,1,0,0,
dg.MD1R/b4a155bc-3b92-4a04-8f6b-87583b070b05,10041569-fc2jn1z4M0i490tdgUz4qA,CXR,10041569-fc2jn1z4M0i490tdgUz4qA,No,Female,65.0,White,False,True,1,1,1,0,1,1,1,1,0,0,1,1,0,0,0,1,0,0,0,1,0,0,0,0,0,0,1,0,
dg.MD1R/37cd3112-d633-486c-b540-7d6a37a6a579,10041569-Hv3wP057UEaIlDRdUo8GZg,CXR,10041569-Hv3wP057UEaIlDRdUo8GZg,No,Female,77.0,White,False,True,1,0,0,0,0,0,1,0,1,0,1,0,1,1,0,0,1,1,1,1,0,0,0,0,0,0,0,0,
dg.MD1R/43c24d23-3876-43e9-9492-d5c70a880765,10041569-c14D3XBUu3ak5rTjgCg,CXR,10041569-c14D3XBUu3ak5rTjgCg,Yes,Female,67.0,White,False,True,1,1,0,0,1,1,1,0,1,1,1,1,1,1,1,1,0,1,1,1,1,0,0,0,0,0,0,0,
dg.MD1R/398dbaff-d624-43ba-9375-3638842d7b81,10041569-nTuIrwNsz0in3XAUuQe-Kw,CXR,10041569-nTuIrwNsz0in3XAUuQe-Kw,No,Female,43.0,White,False,True,1,1,0,1,1,1,1,1,1,0,1,0,1,1,1,1,1,1,1,1,0,0,0,0,1,1,0,0,
dg.MD1R/8ce3a340-d819-4036-bf5a-313b4e847385,10041569-SG99bppCSU6wKLnbSfuykw,CXR,10041569-SG99bppCSU6wKLnbSfuykw,No,Male,47.0,White,False,True,1,1,0,1,0,1,1,1,1,0,1,0,1,0,1,1,0,0,1,1,1,1,0,0,1,1,1,0,
dg.MD1R/c48a2315-4e1a-44d3-9222-55efeb2c2c59,10041569-Vkw64OnzkOqfAg5HGVn7g,CXR,10041569-Vkw64OnzkOqfAg5HGVn7g,Yes,Male,74.0,Black or African American,False,True,1,1,1,0,1,1,1,0,1,0,1,0,1,1,0,1,1,1,1,1,1,1,1,1,0,0,0,0,
dg.MD1R/073895c2-563f-462b-acc0-045e06d486f6,10041569-c14D3XBUu3ak5rTjgCg,CXR,10041569-c14D3XBUu3ak5rTjgCg,Yes,Female,67.0,White,False,True,1,1,0,0,1,1,1,0,1,1,1,1,1,1,1,1,0,1,1,1,1,0,0,0,0,0,0,0,
dg.MD1R/bc9f9998-872f-498a-883a-4042b20c52e2,10041569-fXs9QNrB90O0sA_o2LuqgA,CXR,10041569-fXs9QNrB90O0sA_o2LuqgA,No,Female,65.0,White,False,True,1,1,0,0,1,1,1,0,1,1,1,0,1,0,1,0,0,1,1,1,1,1,0,0,1,0,0,0,
dg.MD1R/192452b4-1484-4bcf-a5ac-1e312ca3cb52,10041569-NCqDv8OEUyQItLOWlNToA,CXR,10041569-NCqDv8OEUyQItLOWlNToA,Yes,Female,61.0,White,False,True,1,1,0,0,1,1,1,0,1,0,1,0,1,1,1,0,1,0,0,1,1,1,0,0,0,0,0,0,
dg.MD1R/fbdac385-1962-40b3-a017-1a0bf88729a5,10041569-c9PRC6Y3RE67w49RgS6h-w,CXR,10041569-c9PRC6Y3RE67w49RgS6h-w,No,Male,43.0,Not Reported,False,True,1,1,0,0,1,0,1,1,1,1,1,0,1,0,1,1,1,1,1,1,1,1,0,0,1,1,0,0,
dg.MD1R/d1f3eab1-c57c-4aa1-8fb9-7c14edda6f94,10041569-ptaQ66hKf0yghzFSIE9gow,CXR,10041569-ptaQ66hKf0yghzFSIE9gow,No,Male,63.0,White,False,True,1,1,1,0,1,1,1,1,1,1,1,0,0,1,0,1,1,1,1,0,0,1,0,1,1,1,0,0,
dg.MD1R/48293ba6-ccc3-46c9-97d0-26f0d56a4a5a,10041569-qyn7o7O1MkWMKhOmffWoA,CXR,10041569-qyn7o7O1MkWMKhOmffWoA,Yes,Male,67.0,Black or African American,False,False,1,1,1,0,1,1,1,1,1,0,1,0,0,0,1,0,0,1,0,1,0,1,0,0,0,0,0,0,
dg.MD1R/8a290849-c98d-4492-a4c2-d51611b4f3f1,10041569-k8IVxNVD0GPgNtSsov6lw,CXR,10041569-k8IVxNVD0GPgNtSsov6lw,Yes,Female,70.0,Black or African American,False,True,1,1,1,0,1,1,1,0,1,0,1,0,1,1,1,0,0,1,0,1,1,1,0,0,0,0,0,0,
dg.MD1R/23342105-4227-4218-84be-6e757c069909,10041569-NCqDv8OEUyQItLOWlNToA,CXR,10041569-NCqDv8OEUyQItLOWlNToA,Yes,Female,61.0,White,False,True,1,1,0,0,1,1,1,0,1,0,1,0,1,1,1,0,1,0,0,1,1,1,0,0,0,0,0,0,
dg.MD1R/fd34a09d-b701-4e4b-a3b3-8509049f44fb,10041569-1tHUKkKiHES0E7xAA9YuBA,CXR,10041569-1tHUKkKiHES0E7xAA9YuBA,No,Male,27.0,White,False,False,1,1,0,0,0,0,1,1,1,0,0,0,0,0,0,0,0,0,0,0,0,0,0,0,0,0,0,0,
dg.MD1R/d2fd7534-398a-48ef-b7c3-34014dc42389,10041569-MDkU3RfIpEif7aQgzVcJxQ,CXR,10041569-MDkU3RfIpEif7aQgzVcJxQ,No,Female,63.0,Not Reported,False,True,1,1,1,0,1,1,1,1,1,1,1,0,1,0,1,1,0,0,0,1,0,0,0,1,1,1,0,0,
dg.MD1R/d490dfad-6823-48bf-bb5c-62576919dfec,10041569-9ATblYQbdEeYoeu-hiiGrg,CXR,10041569-9ATblYQbdEeYoeu-hiiGrg,No,Male,38.0,White,False,True,1,1,1,1,1,1,1,1,1,0,1,0,1,0,1,0,1,0,1,1,1,1,0,0,1,1,0,0,
dg.MD1R/47358545-6bfa-4c72-9f32-396d91b729ab,10041569-SG99bppCSU6wKLnbSfuykw,CXR,10041569-SG99bppCSU6wKLnbSfuykw,No,Male,47.0,White,False,True,1,1,0,1,0,1,1,1,1,0,1,0,1,0,1,1,0,0,1,1,1,1,0,0,1,1,1,0,
dg.MD1R/fe1b91f1-24fe-45de-963d-f4f87a268fcb,10041569-1tHUKkKiHES0E7xAA9YuBA,CXR,10041569-1tHUKkKiHES0E7xAA9YuBA,No,Male,27.0,White,False,False,1,1,0,0,0,0,1,1,1,0,0,0,0,0,0,0,0,0,0,0,0,0,0,0,0,0,0,0,
dg.MD1R/a2b8af07-6afd-4d6b-b892-d8849111ef26,10041569-A3LGKzCxjE6k9sUCJ0ixgA,CXR,10041569-A3LGKzCxjE6k9sUCJ0ixgA,No,Female,68.0,White,False,True,1,1,1,0,1,1,1,0,1,0,1,0,1,1,1,1,1,1,1,1,1,0,0,0,0,0,1,0,
dg.MD1R/be0aaeb3-0f0b-4b62-91dc-9e36c01c2598,10041569-8yHwroGoi0CRGi4VqlX6w,CXR,10041569-8yHwroGoi0CRGi4VqlX6w,Yes,Female,58.0,Black or African American,False,True,1,0,0,0,1,1,1,0,1,0,0,0,1,1,1,0,0,1,0,1,1,0,0,0,0,0,0,0,
dg.MD1R/16553c43-2322-4c13-b1cf-42d83a7176c0,10041569-aoPnMEFqQkC6354FxeUJkA,CXR,10041569-aoPnMEFqQkC6354FxeUJkA,No,Male,38.0,White,False,True,1,1,1,0,1,1,1,1,1,0,1,1,1,0,1,1,1,0,0,1,0,1,0,0,1,1,0,0,
dg.MD1R/4aa51273-b037-4563-8453-5de0f8026359,10041569-Vkw64OnzkOqfAg5HGVn7g,CXR,10041569-Vkw64OnzkOqfAg5HGVn7g,Yes,Male,74.0,Black or African American,False,True,1,1,1,0,1,1,1,0,1,0,1,0,1,1,0,1,1,1,1,1,1,1,1,1,0,0,0,0,
dg.MD1R/df7e9f58-c5b6-430d-9499-41cb20250392,10041569-Pkva0XJrwUmS6It3-SItQQ,CXR,10041569-Pkva0XJrwUmS6It3-SItQQ,No,Male,48.0,Black or African American,False,True,1,1,0,0,1,0,1,0,1,0,1,0,1,1,1,1,1,1,0,1,1,0,0,0,0,0,0,0,
dg.MD1R/7dd3b783-21c1-4090-94bc-0f0fdff5c509,10041569-Ghqid8nyJky232EU1jib7A,CXR,10041569-Ghqid8nyJky232EU1jib7A,No,Female,30.0,White,False,True,1,1,1,0,1,1,1,1,1,0,1,0,1,0,1,1,0,1,1,1,0,0,0,0,1,1,1,0,
dg.MD1R/88a504c5-79f7-4fe9-8604-fdadbe209aca,10041569-aoPnMEFqQkC6354FxeUJkA,CXR,10041569-aoPnMEFqQkC6354FxeUJkA,No,Male,38.0,White,False,True,1,1,1,0,1,1,1,1,1,0,1,1,1,0,1,1,1,0,0,1,0,1,0,0,1,1,0,0,
dg.MD1R/1d3a744a-35bf-4190-b225-47330300449c,10041569-KTJisivBEW8eG11h3OmCQ,CXR,10041569-KTJisivBEW8eG11h3OmCQ,Yes,Male,36.0,Not Reported,False,True,1,1,1,0,0,1,1,1,1,1,1,0,1,1,1,1,1,1,1,1,1,1,0,0,1,1,0,0,data/preprocessed/cxr/1d3a744a-35bf-4190-b225-47330300449c.npy
dg.MD1R/946153fe-8404-4033-bb57-886c46dc1acf,10041569-c9PRC6Y3RE67w49RgS6h-w,CXR,10041569-c9PRC6Y3RE67w49RgS6h-w,No,Male,43.0,Not Reported,False,True,1,1,0,0,1,0,1,1,1,1,1,0,1,0,1,1,1,1,1,1,1,1,0,0,1,1,0,0,
dg.MD1R/bb2e9bdb-9697-4f6e-8c70-525c2ad3966b,10041569-GGVWxCvy0EqTLEezdu9k4Q,CXR,10041569-GGVWxCvy0EqTLEezdu9k4Q,No,Male,60.0,White,False,True,1,1,1,0,1,1,1,1,1,0,1,0,1,1,0,1,1,0,1,1,1,1,0,0,1,1,0,0,
dg.MD1R/accd75b7-eee4-43d9-b432-1db86f84b104,10041569-Se9lMjRqAUaS7zYoAuf0dA,CXR,10041569-Se9lMjRqAUaS7zYoAuf0dA,No,Female,29.0,White,False,True,1,1,1,0,1,1,1,1,1,0,1,0,1,0,1,1,1,0,0,1,0,1,0,0,1,1,0,0,
dg.MD1R/19cdb3ee-0fec-4224-a3d3-6fef82def02b,10041569-5mEhtO0KQ0Ocq21FWZ6jQ,CXR,10041569-5mEhtO0KQ0Ocq21FWZ6jQ,Yes,Male,65.0,Black or African American,False,True,1,1,1,0,0,1,0,1,0,0,1,0,0,0,0,1,1,0,0,1,0,1,0,0,0,0,1,0,
dg.MD1R/ce5f7e20-bd6f-4fda-a28f-0ef0eb34c768,10041569-Se9lMjRqAUaS7zYoAuf0dA,CXR,10041569-Se9lMjRqAUaS7zYoAuf0dA,No,Female,29.0,White,False,True,1,1,1,0,1,1,1,1,1,0,1,0,1,0,1,1,1,0,0,1,0,1,0,0,1,1,0,0,
dg.MD1R/ddffdcdb-f19b-4150-85ba-1245704eb18d,10041569-MDkU3RfIpEif7aQgzVcJxQ,CXR,10041569-MDkU3RfIpEif7aQgzVcJxQ,No,Female,63.0,Not Reported,False,True,1,1,1,0,1,1,1,1,1,1,1,0,1,0,1,1,0,0,0,1,0,0,0,1,1,1,0,0,
dg.MD1R/147f780a-2771-45dc-aca2-398526904e70,10041569-qyn7o7O1MkWMKhOmffWoA,CXR,10041569-qyn7o7O1MkWMKhOmffWoA,Yes,Male,67.0,Black or African American,False,False,1,1,1,0,1,1,1,1,1,0,1,0,0,0,1,0,0,1,0,1,0,1,0,0,0,0,0,0,
dg.MD1R/e071ca90-7956-4728-8f98-ce8ade02d30a,10041569-shlAGu1gtUiH2zAVfnFy5g,CXR,10041569-shlAGu1gtUiH2zAVfnFy5g,No,Male,73.0,White,False,True,1,1,1,0,1,1,0,1,0,0,1,0,0,0,0,1,1,1,0,1,1,0,0,0,0,0,1,0,
dg.MD1R/746ef6be-cd4b-41f8-b9e8-5cc538251f4d,10041569-MDkU3RfIpEif7aQgzVcJxQ,CXR,10041569-MDkU3RfIpEif7aQgzVcJxQ,No,Female,63.0,Not Reported,False,True,1,1,1,0,1,1,1,1,1,1,1,0,1,0,1,1,0,0,0,1,0,0,0,1,1,1,0,0,
dg.MD1R/d731a121-130b-43b6-8de5-7d5cc1022d12,10041569-shlAGu1gtUiH2zAVfnFy5g,CXR,10041569-shlAGu1gtUiH2zAVfnFy5g,No,Male,73.0,White,False,True,1,1,1,0,1,1,0,1,0,0,1,0,0,0,0,1,1,1,0,1,1,0,0,0,0,0,1,0,
dg.MD1R/6b354132-7ffc-4ab8-852b-14e1840e96a1,10041569-qyn7o7O1MkWMKhOmffWoA,CXR,10041569-qyn7o7O1MkWMKhOmffWoA,Yes,Male,67.0,Black or African American,False,False,1,1,1,0,1,1,1,1,1,0,1,0,0,0,1,0,0,1,0,1,0,1,0,0,0,0,0,0,
dg.MD1R/865a0af8-d205-4941-ad0a-ef14cee59a2e,10041569-MDkU3RfIpEif7aQgzVcJxQ,CXR,10041569-MDkU3RfIpEif7aQgzVcJxQ,No,Female,63.0,Not Reported,False,True,1,1,1,0,1,1,1,1,1,1,1,0,1,0,1,1,0,0,0,1,0,0,0,1,1,1,0,0,
dg.MD1R/e4243f46-cee3-474f-8b8f-d3cd5bc61263,10041569-GGVWxCvy0EqTLEezdu9k4Q,CXR,10041569-GGVWxCvy0EqTLEezdu9k4Q,No,Male,60.0,White,False,True,1,1,1,0,1,1,1,1,1,0,1,0,1,1,0,1,1,0,1,1,1,1,0,0,1,1,0,0,
dg.MD1R/0920bec4-795e-4ad6-a5b7-f6bbb9b4d487,10041569-5mEhtO0KQ0Ocq21FWZ6jQ,CXR,10041569-5mEhtO0KQ0Ocq21FWZ6jQ,Yes,Male,65.0,Black or African American,False,True,1,1,1,0,0,1,0,1,0,0,1,0,0,0,0,1,1,0,0,1,0,1,0,0,0,0,1,0,
dg.MD1R/33bb99bb-b34b-4e09-af4e-739106b2d9f8,10041569-9ATblYQbdEeYoeu-hiiGrg,CXR,10041569-9ATblYQbdEeYoeu-hiiGrg,No,Male,38.0,White,False,True,1,1,1,1,1,1,1,1,1,0,1,0,1,0,1,0,1,0,1,1,1,1,0,0,1,1,0,0,
dg.MD1R/4fca66fb-3b0b-46d6-b281-cf67e874e2b7,10041569-aoPnMEFqQkC6354FxeUJkA,CXR,10041569-aoPnMEFqQkC6354FxeUJkA,No,Male,38.0,White,False,True,1,1,1,0,1,1,1,1,1,0,1,1,1,0,1,1,1,0,0,1,0,1,0,0,1,1,0,0,
dg.MD1R/65416770-7123-4c11-be6f-2f0bead2a2a1,10041569-c9PRC6Y3RE67w49RgS6h-w,CXR,10041569-c9PRC6Y3RE67w49RgS6h-w,No,Male,43.0,Not Reported,False,True,1,1,0,0,1,0,1,1,1,1,1,0,1,0,1,1,1,1,1,1,1,1,0,0,1,1,0,0,
dg.MD1R/950cdad1-1291-4cf4-9ae0-8a1e80c63043,10041569-c9PRC6Y3RE67w49RgS6h-w,CXR,10041569-c9PRC6Y3RE67w49RgS6h-w,No,Male,43.0,Not Reported,False,True,1,1,0,0,1,0,1,1,1,1,1,0,1,0,1,1,1,1,1,1,1,1,0,0,1,1,0,0,
dg.MD1R/48f0254c-af71-4d60-947e-fffb24f34db2,10041569-9II6IB8jYkSYcpBfxvL1-w,CXR,10041569-9II6IB8jYkSYcpBfxvL1-w,No,Female,65.0,White,False,True,1,1,1,0,1,1,1,1,1,0,1,0,0,1,1,1,1,1,0,1,1,1,0,0,1,0,0,0,
dg.MD1R/b86fd105-a47b-495f-958e-94c0496bd370,10041569-1tHUKkKiHES0E7xAA9YuBA,CXR,10041569-1tHUKkKiHES0E7xAA9YuBA,No,Male,27.0,White,False,False,1,1,0,0,0,0,1,1,1,0,0,0,0,0,0,0,0,0,0,0,0,0,0,0,0,0,0,0,
dg.MD1R/4d9bc50f-8bc3-4fdd-ab5a-3a41a8af93c0,10041569-53kcN5ucokO4o9tpt1QrVQ,CXR,10041569-53kcN5ucokO4o9tpt1QrVQ,No,Male,50.0,White,False,False,1,0,0,0,0,1,0,1,1,0,0,0,0,0,0,0,0,0,0,0,0,0,0,0,0,0,0,0,
dg.MD1R/48009c41-b4b7-4413-b5b9-b742b00eb9c2,10041569-SG99bppCSU6wKLnbSfuykw,CXR,10041569-SG99bppCSU6wKLnbSfuykw,No,Male,47.0,White,False,True,1,1,0,1,0,1,1,1,1,0,1,0,1,0,1,1,0,0,1,1,1,1,0,0,1,1,1,0,
dg.MD1R/02d1d9f2-e474-491c-974a-62cda16c8c33,10041569-SG99bppCSU6wKLnbSfuykw,CXR,10041569-SG99bppCSU6wKLnbSfuykw,No,Male,47.0,White,False,True,1,1,0,1,0,1,1,1,1,0,1,0,1,0,1,1,0,0,1,1,1,1,0,0,1,1,1,0,
dg.MD1R/e3fe233c-1f9b-4f75-91e0-8a73924c8acd,10041569-5mEhtO0KQ0Ocq21FWZ6jQ,CXR,10041569-5mEhtO0KQ0Ocq21FWZ6jQ,Yes,Male,65.0,Black or African American,False,True,1,1,1,0,0,1,0,1,0,0,1,0,0,0,0,1,1,0,0,1,0,1,0,0,0,0,1,0,
dg.MD1R/91fe539d-6938-4e3e-8842-88734df805fd,10041569-5mEhtO0KQ0Ocq21FWZ6jQ,CXR,10041569-5mEhtO0KQ0Ocq21FWZ6jQ,Yes,Male,65.0,Black or African American,False,True,1,1,1,0,0,1,0,1,0,0,1,0,0,0,0,1,1,0,0,1,0,1,0,0,0,0,1,0,
dg.MD1R/431e9e83-9970-4647-b2d5-3dbef5bc350c,10041569-shlAGu1gtUiH2zAVfnFy5g,CXR,10041569-shlAGu1gtUiH2zAVfnFy5g,No,Male,73.0,White,False,True,1,1,1,0,1,1,0,1,0,0,1,0,0,0,0,1,1,1,0,1,1,0,0,0,0,0,1,0,
dg.MD1R/e40dc1b5-a5d8-4235-bc64-aa9d88d41428,10041569-KTJisivBEW8eG11h3OmCQ,CXR,10041569-KTJisivBEW8eG11h3OmCQ,Yes,Male,36.0,Not Reported,False,True,1,1,1,0,0,1,1,1,1,1,1,0,1,1,1,1,1,1,1,1,1,1,0,0,1,1,0,0,data/preprocessed/cxr/e40dc1b5-a5d8-4235-bc64-aa9d88d41428.npy
dg.MD1R/1cb3f92b-c143-41cf-b385-42d0e93022df,10041569-9II6IB8jYkSYcpBfxvL1-w,CXR,10041569-9II6IB8jYkSYcpBfxvL1-w,No,Female,65.0,White,False,True,1,1,1,0,1,1,1,1,1,0,1,0,0,1,1,1,1,1,0,1,1,1,0,0,1,0,0,0,
dg.MD1R/d95dc049-6511-44d5-851a-3753f33e1d22,10041569-Ghqid8nyJky232EU1jib7A,CXR,10041569-Ghqid8nyJky232EU1jib7A,No,Female,30.0,White,False,True,1,1,1,0,1,1,1,1,1,0,1,0,1,0,1,1,0,1,1,1,0,0,0,0,1,1,1,0,
dg.MD1R/e225e69a-2b5e-4f81-8f14-cc30b46eccf6,10041569-FiryyYEC_kWFcIYFTIQ5JA,CXR,10041569-FiryyYEC_kWFcIYFTIQ5JA,No,Female,74.0,White,False,False,1,1,1,0,0,1,1,1,1,0,1,0,0,0,0,0,0,0,1,1,1,0,0,0,0,0,1,0,
dg.MD1R/094b9a43-9ed9-44e7-8184-a581106f4e43,10041569-qyn7o7O1MkWMKhOmffWoA,CXR,10041569-qyn7o7O1MkWMKhOmffWoA,Yes,Male,67.0,Black or African American,False,False,1,1,1,0,1,1,1,1,1,0,1,0,0,0,1,0,0,1,0,1,0,1,0,0,0,0,0,0,
dg.MD1R/85057621-dfc6-4276-8395-9fb27f99021a,10041569-9ATblYQbdEeYoeu-hiiGrg,CXR,10041569-9ATblYQbdEeYoeu-hiiGrg,No,Male,38.0,White,False,True,1,1,1,1,1,1,1,1,1,0,1,0,1,0,1,0,1,0,1,1,1,1,0,0,1,1,0,0,
dg.MD1R/f74bda34-164a-47c4-af86-689dd9aa2196,10041569-KTJisivBEW8eG11h3OmCQ,CXR,10041569-KTJisivBEW8eG11h3OmCQ,Yes,Male,36.0,Not Reported,False,True,1,1,1,0,0,1,1,1,1,1,1,0,1,1,1,1,1,1,1,1,1,1,0,0,1,1,0,0,data/preprocessed/cxr/f74bda34-164a-47c4-af86-689dd9aa2196.npy
dg.MD1R/f7cee002-a1dc-4d3d-89c6-7cc930e5adc7,10041569-_rUJ8APC5EuzMG4jpVCXSQ,CXR,10041569-_rUJ8APC5EuzMG4jpVCXSQ,No,Male,59.0,Black or African American,False,False,1,1,0,0,0,0,0,1,0,0,0,1,0,0,0,0,0,1,0,1,0,0,0,0,0,0,0,0,
dg.MD1R/260e6108-c85d-4cf3-9db3-a4ef0ac6a07b,10041569-MDkU3RfIpEif7aQgzVcJxQ,CXR,10041569-MDkU3RfIpEif7aQgzVcJxQ,No,Female,63.0,Not Reported,False,True,1,1,1,0,1,1,1,1,1,1,1,0,1,0,1,1,0,0,0,1,0,0,0,1,1,1,0,0,
dg.MD1R/ba18bb51-688f-4440-8edb-b3c00d9512e7,10041569-aoPnMEFqQkC6354FxeUJkA,CXR,10041569-aoPnMEFqQkC6354FxeUJkA,No,Male,38.0,White,False,True,1,1,1,0,1,1,1,1,1,0,1,1,1,0,1,1,1,0,0,1,0,1,0,0,1,1,0,0,
dg.MD1R/b361c88b-6db3-4c72-b9d6-9848afa563da,10041569-PNPzL7DFp0iFwIMeiK7Ipg,CXR,10041569-PNPzL7DFp0iFwIMeiK7Ipg,No,Male,45.0,Not Reported,False,True,1,1,1,0,1,1,1,1,1,0,1,0,1,0,1,1,1,1,1,1,1,1,0,0,1,1,0,0,
dg.MD1R/d47dda02-895b-495f-9c7d-5b1ac4e21984,10041569-5mEhtO0KQ0Ocq21FWZ6jQ,CXR,10041569-5mEhtO0KQ0Ocq21FWZ6jQ,Yes,Male,65.0,Black or African American,False,True,1,1,1,0,0,1,0,1,0,0,1,0,0,0,0,1,1,0,0,1,0,1,0,0,0,0,1,0,
dg.MD1R/b5bee499-6131-4ce2-9800-1d42ed4626c5,10041569-MDkU3RfIpEif7aQgzVcJxQ,CXR,10041569-MDkU3RfIpEif7aQgzVcJxQ,No,Female,63.0,Not Reported,False,True,1,1,1,0,1,1,1,1,1,1,1,0,1,0,1,1,0,0,0,1,0,0,0,1,1,1,0,0,
dg.MD1R/ea52a8b6-5f37-453c-8826-47c93f84e8b8,10041569-KTJisivBEW8eG11h3OmCQ,CXR,10041569-KTJisivBEW8eG11h3OmCQ,Yes,Male,36.0,Not Reported,False,True,1,1,1,0,0,1,1,1,1,1,1,0,1,1,1,1,1,1,1,1,1,1,0,0,1,1,0,0,data/preprocessed/cxr/ea52a8b6-5f37-453c-8826-47c93f84e8b8.npy
dg.MD1R/a0f74fea-037b-406f-a0c2-39b280b57065,10041569-9ATblYQbdEeYoeu-hiiGrg,CXR,10041569-9ATblYQbdEeYoeu-hiiGrg,No,Male,38.0,White,False,True,1,1,1,1,1,1,1,1,1,0,1,0,1,0,1,0,1,0,1,1,1,1,0,0,1,1,0,0,
dg.MD1R/7edc85b5-86e3-4fa6-84dd-25ba45a71ded,10041569-9ATblYQbdEeYoeu-hiiGrg,CXR,10041569-9ATblYQbdEeYoeu-hiiGrg,No,Male,38.0,White,False,True,1,1,1,1,1,1,1,1,1,0,1,0,1,0,1,0,1,0,1,1,1,1,0,0,1,1,0,0,
dg.MD1R/02cd7dc8-a086-4861-90b3-bb6d466fa9e7,10041569-qyn7o7O1MkWMKhOmffWoA,CXR,10041569-qyn7o7O1MkWMKhOmffWoA,Yes,Male,67.0,Black or African American,False,False,1,1,1,0,1,1,1,1,1,0,1,0,0,0,1,0,0,1,0,1,0,1,0,0,0,0,0,0,
dg.MD1R/c23b4479-f8b4-49c1-a30a-ca7d5fb11e27,10041569-aoPnMEFqQkC6354FxeUJkA,CXR,10041569-aoPnMEFqQkC6354FxeUJkA,No,Male,38.0,White,False,True,1,1,1,0,1,1,1,1,1,0,1,1,1,0,1,1,1,0,0,1,0,1,0,0,1,1,0,0,
dg.MD1R/91e561c6-57eb-42c5-a757-30839f580a90,10041569-Ghqid8nyJky232EU1jib7A,CXR,10041569-Ghqid8nyJky232EU1jib7A,No,Female,30.0,White,False,True,1,1,1,0,1,1,1,1,1,0,1,0,1,0,1,1,0,1,1,1,0,0,0,0,1,1,1,0,
dg.MD1R/4b6f71c1-28dd-4908-9e03-552c911e7d73,10041569-CWQXD4qLs0OyIer_d5Wbew,CXR,10041569-CWQXD4qLs0OyIer_d5Wbew,No,Male,83.0,White,False,True,1,1,0,0,0,0,1,1,1,0,1,0,0,0,0,0,1,1,1,0,0,1,1,0,0,0,0,0,
dg.MD1R/c2bbdee7-392c-42f7-9d55-b95e0a0ad958,10041569-_rUJ8APC5EuzMG4jpVCXSQ,CXR,10041569-_rUJ8APC5EuzMG4jpVCXSQ,No,Male,59.0,Black or African American,False,False,1,1,0,0,0,0,0,1,0,0,0,1,0,0,0,0,0,1,0,1,0,0,0,0,0,0,0,0,
dg.MD1R/e9aaa212-77e4-4925-baba-ce531b402585,10041569-c9PRC6Y3RE67w49RgS6h-w,CXR,10041569-c9PRC6Y3RE67w49RgS6h-w,No,Male,43.0,Not Reported,False,True,1,1,0,0,1,0,1,1,1,1,1,0,1,0,1,1,1,1,1,1,1,1,0,0,1,1,0,0,
dg.MD1R/ac76c58f-993b-417f-9b42-c5e576bebf8d,10041569-Ghqid8nyJky232EU1jib7A,CXR,10041569-Ghqid8nyJky232EU1jib7A,No,Female,30.0,White,False,True,1,1,1,0,1,1,1,1,1,0,1,0,1,0,1,1,0,1,1,1,0,0,0,0,1,1,1,0,
dg.MD1R/9fdbda4e-d288-47dc-9325-342828c38a1f,10041569-euc0gOsKGUaGX1M9Yr14zg,CXR,10041569-euc0gOsKGUaGX1M9Yr14zg,No,Female,46.0,White,False,True,1,1,0,1,1,1,1,1,1,1,1,0,1,1,1,1,1,1,1,1,1,1,0,0,1,0,1,0,
dg.MD1R/9f282f4a-b193-454b-8491-13b951e2aa71,10041569-Ghqid8nyJky232EU1jib7A,CXR,10041569-Ghqid8nyJky232EU1jib7A,No,Female,30.0,White,False,True,1,1,1,0,1,1,1,1,1,0,1,0,1,0,1,1,0,1,1,1,0,0,0,0,1,1,1,0,
dg.MD1R/c4f2b468-7aa0-4a27-b9bf-e08cfe73a9af,10041569-vsvMCFFqmkm7JsNySllWHA,CXR,10041569-vsvMCFFqmkm7JsNySllWHA,No,Female,22.0,Black or African American,False,False,1,1,0,0,0,0,0,0,1,1,0,0,0,0,1,0,1,1,0,1,0,0,0,0,0,0,1,0,
dg.MD1R/995db70d-3bef-446c-b2cb-799a7cd11b8a,10041569-VGNu6FLHPEiGjPVNhzb7rA,CXR,10041569-VGNu6FLHPEiGjPVNhzb7rA,Yes,Female,38.0,Black or African American,False,True,1,1,0,0,0,0,0,0,1,0,1,0,1,0,1,1,0,1,0,1,1,1,0,0,0,0,0,0,
dg.MD1R/960aeae2-b3ea-464b-ab37-27c1d9dfd211,10041569-kgAvx7uJ10ONCduLyMtlg,CXR,10041569-kgAvx7uJ10ONCduLyMtlg,No,Male,52.0,White,False,True,1,1,0,0,1,0,1,0,1,0,1,0,1,0,1,1,1,1,0,1,0,0,0,0,0,0,0,0,
dg.MD1R/5d09ac8a-ba5d-4fa6-86e2-f3ceaf67ab98,10041569-Vkw64OnzkOqfAg5HGVn7g,CXR,10041569-Vkw64OnzkOqfAg5HGVn7g,Yes,Male,74.0,Black or African American,False,True,1,1,1,0,1,1,1,0,1,0,1,0,1,1,0,1,1,1,1,1,1,1,1,1,0,0,0,0,
dg.MD1R/50c7b71b-38a4-4256-8b1a-42021772192f,10041569-wQAupblELkG8GC3WZpgYEw,CXR,10041569-wQAupblELkG8GC3WZpgYEw,Yes,Female,49.0,Black or African American,False,True,1,1,1,0,0,1,1,0,1,1,1,0,0,0,0,0,1,0,1,0,0,0,0,0,0,1,0,0,
dg.MD1R/7804155a-91c7-43ee-a338-a52d697be994,10041569-XJr6VRT0mv9114BjQPA,CXR,10041569-XJr6VRT0mv9114BjQPA,Yes,Female,46.0,Black or African American,False,False,1,0,0,0,0,0,0,0,1,0,0,0,0,0,0,0,0,0,0,1,0,0,0,0,0,0,0,0,
dg.MD1R/624b818a-6f2e-47fe-a466-60d616f1d0fc,10041569-SAMlOWLZtUWKCp714XBc6Q,CXR,10041569-SAMlOWLZtUWKCp714XBc6Q,No,Male,62.0,Black or African American,False,True,0,1,0,0,1,0,1,0,1,0,1,0,1,1,1,1,1,0,1,1,0,1,0,0,0,0,0,0,
dg.MD1R/358bf3e8-930e-4186-a97b-cd68735c140e,10041569-Se9lMjRqAUaS7zYoAuf0dA,CXR,10041569-Se9lMjRqAUaS7zYoAuf0dA,No,Female,29.0,White,False,True,1,1,1,0,1,1,1,1,1,0,1,0,1,0,1,1,1,0,0,1,0,1,0,0,1,1,0,0,
dg.MD1R/67e03809-9517-4218-9d38-111cba6473a1,10041569-VGNu6FLHPEiGjPVNhzb7rA,CXR,10041569-VGNu6FLHPEiGjPVNhzb7rA,Yes,Female,38.0,Black or African American,False,True,1,1,0,0,0,0,0,0,1,0,1,0,1,0,1,1,0,1,0,1,1,1,0,0,0,0,0,0,
dg.MD1R/05179845-7b0c-4023-9afa-414cfe76434c,10041569-vsvMCFFqmkm7JsNySllWHA,CXR,10041569-vsvMCFFqmkm7JsNySllWHA,No,Female,22.0,Black or African American,False,False,1,1,0,0,0,0,0,0,1,1,0,0,0,0,1,0,1,1,0,1,0,0,0,0,0,0,1,0,
dg.MD1R/ec0a43d5-32d0-4dcc-9ade-0aef2ff0844e,10041569-vsvMCFFqmkm7JsNySllWHA,CXR,10041569-vsvMCFFqmkm7JsNySllWHA,No,Female,22.0,Black or African American,False,False,1,1,0,0,0,0,0,0,1,1,0,0,0,0,1,0,1,1,0,1,0,0,0,0,0,0,1,0,
dg.MD1R/e3869ca6-5ce1-4d42-90f1-561a2cc7a43b,10041569-qyn7o7O1MkWMKhOmffWoA,CXR,10041569-qyn7o7O1MkWMKhOmffWoA,Yes,Male,67.0,Black or African American,False,False,1,1,1,0,1,1,1,1,1,0,1,0,0,0,1,0,0,1,0,1,0,1,0,0,0,0,0,0,
dg.MD1R/187a098e-e941-4208-852b-43fdfa315615,10041569-HDh9eGDWkkeLw_qVAcBtOw,CXR,10041569-HDh9eGDWkkeLw_qVAcBtOw,No,Female,24.0,White,False,False,1,0,0,0,0,0,0,0,1,0,0,0,0,0,0,0,1,1,0,0,0,0,0,0,0,0,0,0,
dg.MD1R/d87d0b18-5640-471f-8954-d452e744d44e,10041569-HDh9eGDWkkeLw_qVAcBtOw,CXR,10041569-HDh9eGDWkkeLw_qVAcBtOw,No,Female,24.0,White,False,False,1,0,0,0,0,0,0,0,1,0,0,0,0,0,0,0,1,1,0,0,0,0,0,0,0,0,0,0,
dg.MD1R/3e3ea954-7b0d-4d5b-844e-797c7c79e32b,10041569-cXHdFXGxrUOIO8AtcDfb7A,CXR,10041569-cXHdFXGxrUOIO8AtcDfb7A,Yes,Female,29.0,Black or African American,False,False,1,0,0,0,0,0,0,0,1,0,0,0,0,0,0,0,0,0,0,0,1,0,0,0,0,0,0,0,
dg.MD1R/e2d3ba0d-d65a-4123-92db-337948faab02,10041569-sCqQ2j2VSESdt3Z-Bri-1g,CXR,10041569-sCqQ2j2VSESdt3Z-Bri-1g,No,Male,33.0,Black or African American,False,False,1,0,0,0,0,1,0,0,1,1,0,0,0,0,1,0,1,0,1,1,0,0,0,0,0,0,0,0,
dg.MD1R/cd162fea-70ef-4fe9-8e2f-f717ec93ca8f,10041569-NCqDv8OEUyQItLOWlNToA,CXR,10041569-NCqDv8OEUyQItLOWlNToA,Yes,Female,61.0,White,False,True,1,1,0,0,1,1,1,0,1,0,1,0,1,1,1,0,1,0,0,1,1,1,0,0,0,0,0,0,
dg.MD1R/0d4010bf-845b-4eda-8a36-f319fd87111b,10041569-qyn7o7O1MkWMKhOmffWoA,CXR,10041569-qyn7o7O1MkWMKhOmffWoA,Yes,Male,67.0,Black or African American,False,False,1,1,1,0,1,1,1,1,1,0,1,0,0,0,1,0,0,1,0,1,0,1,0,0,0,0,0,0,
dg.MD1R/2b3260cb-3574-453f-a431-1490e139ea65,10041569-VGNu6FLHPEiGjPVNhzb7rA,CXR,10041569-VGNu6FLHPEiGjPVNhzb7rA,Yes,Female,38.0,Black or African American,False,True,1,1,0,0,0,0,0,0,1,0,1,0,1,0,1,1,0,1,0,1,1,1,0,0,0,0,0,0,
dg.MD1R/605054e2-7c40-4cb3-80e3-578ce7239f37,10041569-SG99bppCSU6wKLnbSfuykw,CXR,10041569-SG99bppCSU6wKLnbSfuykw,No,Male,47.0,White,False,True,1,1,0,1,0,1,1,1,1,0,1,0,1,0,1,1,0,0,1,1,1,1,0,0,1,1,1,0,
dg.MD1R/ff48a5fe-9066-49c3-9496-689d7acdbff2,10041569-yXSGmGj8Em3lwd2Lv6hgg,CXR,10041569-yXSGmGj8Em3lwd2Lv6hgg,Yes,Female,48.0,Black or African American,False,False,1,0,0,0,0,0,0,0,1,1,0,0,0,0,0,0,1,1,0,1,0,0,0,0,0,0,0,0,
dg.MD1R/014dd931-58ce-492f-b802-fd8673322aa8,10041569-vsvMCFFqmkm7JsNySllWHA,CXR,10041569-vsvMCFFqmkm7JsNySllWHA,No,Female,22.0,Black or African American,False,False,1,1,0,0,0,0,0,0,1,1,0,0,0,0,1,0,1,1,0,1,0,0,0,0,0,0,1,0,
dg.MD1R/7d37f33d-36cc-4140-a5aa-bc92caf9b77f,10041569-yB8z_LbI0E-_zGehDSOH3w,CXR,10041569-yB8z_LbI0E-_zGehDSOH3w,No,Male,53.0,White,False,True,1,1,1,1,1,1,1,1,1,0,1,0,0,0,1,1,1,1,1,1,1,1,0,0,1,1,0,0,
dg.MD1R/90e53416-4c4d-4a7a-be0e-cd36bc5f0eb8,10041569-XJr6VRT0mv9114BjQPA,CXR,10041569-XJr6VRT0mv9114BjQPA,Yes,Female,46.0,Black or African American,False,False,1,0,0,0,0,0,0,0,1,0,0,0,0,0,0,0,0,0,0,1,0,0,0,0,0,0,0,0,
dg.MD1R/aeab9134-860e-4f53-9610-942c99f51805,10041569-hFYnzCAcHUSipZyVJ45QPw,CXR,10041569-hFYnzCAcHUSipZyVJ45QPw,No,Female,71.0,Not Reported,False,False,1,1,1,0,0,0,1,0,1,1,1,0,1,0,1,0,1,0,1,1,1,1,0,0,0,0,0,0,
dg.MD1R/00ca24e8-e7ef-4a30-9a59-9f5c64c8c758,10041569-yB8z_LbI0E-_zGehDSOH3w,CXR,10041569-yB8z_LbI0E-_zGehDSOH3w,No,Male,53.0,White,False,True,1,1,1,1,1,1,1,1,1,0,1,0,0,0,1,1,1,1,1,1,1,1,0,0,1,1,0,0,
dg.MD1R/ac83a67e-0452-4de5-b8f1-11e0428c8fae,10041569-nTuIrwNsz0in3XAUuQe-Kw,CXR,10041569-nTuIrwNsz0in3XAUuQe-Kw,No,Female,43.0,White,False,True,1,1,0,1,1,1,1,1,1,0,1,0,1,1,1,1,1,1,1,1,0,0,0,0,1,1,0,0,
dg.MD1R/d717f68e-7254-4418-87a0-6d256c19af2c,10041569-KTJisivBEW8eG11h3OmCQ,CXR,10041569-KTJisivBEW8eG11h3OmCQ,Yes,Male,36.0,Not Reported,False,True,1,1,1,0,0,1,1,1,1,1,1,0,1,1,1,1,1,1,1,1,1,1,0,0,1,1,0,0,data/preprocessed/cxr/d717f68e-7254-4418-87a0-6d256c19af2c.npy
dg.MD1R/a2223828-defb-44dd-b5aa-279014c59bfa,10041569-yXSGmGj8Em3lwd2Lv6hgg,CXR,10041569-yXSGmGj8Em3lwd2Lv6hgg,Yes,Female,48.0,Black or African American,False,False,1,0,0,0,0,0,0,0,1,1,0,0,0,0,0,0,1,1,0,1,0,0,0,0,0,0,0,0,
dg.MD1R/72b4c7b4-e8f1-41b9-baf4-7cc626ee46b0,10041569-Ghqid8nyJky232EU1jib7A,CXR,10041569-Ghqid8nyJky232EU1jib7A,No,Female,30.0,White,False,True,1,1,1,0,1,1,1,1,1,0,1,0,1,0,1,1,0,1,1,1,0,0,0,0,1,1,1,0,
dg.MD1R/1cc7b9a2-a66e-4864-8a57-f4444a1bc5ea,10041569-mSDGIEmfkEy3V8hJDgl8GQ,CXR,10041569-mSDGIEmfkEy3V8hJDgl8GQ,No,Male,65.0,Black or African American,False,False,1,1,1,0,0,0,0,0,1,0,0,0,1,1,1,0,1,1,1,1,1,1,0,0,0,0,0,0,
dg.MD1R/c928962a-bada-4d94-b2dc-78734c65ded7,10041569-XJr6VRT0mv9114BjQPA,CXR,10041569-XJr6VRT0mv9114BjQPA,Yes,Female,46.0,Black or African American,False,False,1,0,0,0,0,0,0,0,1,0,0,0,0,0,0,0,0,0,0,1,0,0,0,0,0,0,0,0,
dg.MD1R/2bcdd3c5-b5b3-45a2-a2df-274e28c41cf3,10041569-LAFdjcM100-NPg4V47aZoA,CXR,10041569-LAFdjcM100-NPg4V47aZoA,No,Female,66.0,White,False,False,1,0,0,0,0,1,0,0,1,1,1,0,0,1,0,0,1,0,0,1,1,0,0,0,1,1,0,0,
dg.MD1R/32b89ba3-766c-4240-81a8-54dbc5b30cbb,10041569-YIon3HGGUa4N81uJEoWmg,CXR,10041569-YIon3HGGUa4N81uJEoWmg,Yes,Male,84.0,Black or African American,False,False,1,1,1,0,1,1,1,0,1,0,1,0,1,0,1,1,1,1,1,1,1,1,0,0,0,1,0,0,
dg.MD1R/ac58cfad-cabc-4298-a52d-ad498d8fa779,10041569-g7BegS168EGCpgRylILjoA,CXR,10041569-g7BegS168EGCpgRylILjoA,Yes,Female,63.0,White,False,True,1,1,1,0,0,1,1,0,1,1,1,0,1,1,0,1,1,1,1,1,1,0,0,1,0,0,0,0,
dg.MD1R/0a3c9513-cdaa-4f4d-84b2-cf85ecaf58ad,10041569-c9PRC6Y3RE67w49RgS6h-w,CXR,10041569-c9PRC6Y3RE67w49RgS6h-w,No,Male,43.0,Not Reported,False,True,1,1,0,0,1,0,1,1,1,1,1,0,1,0,1,1,1,1,1,1,1,1,0,0,1,1,0,0,
dg.MD1R/dfc0dd80-d2ae-4704-81d4-03df57b7d4b3,10041569-53kcN5ucokO4o9tpt1QrVQ,CXR,10041569-53kcN5ucokO4o9tpt1QrVQ,No,Male,50.0,White,False,False,1,0,0,0,0,1,0,1,1,0,0,0,0,0,0,0,0,0,0,0,0,0,0,0,0,0,0,0,
dg.MD1R/d0bdf3fc-6698-46dd-9c3f-c07d7791529c,10041569-gwhNrv0AnU68RbDX5PolgA,CXR,10041569-gwhNrv0AnU68RbDX5PolgA,No,Male,59.0,White,False,False,1,0,0,0,0,0,1,0,1,0,0,0,1,0,0,0,0,1,0,1,1,1,0,0,0,0,0,0,
dg.MD1R/2dc7ecee-f9c8-4b28-9b43-86274c16d8ed,10041569-D3vABUsPmkWtIloZPs8oFQ,CXR,10041569-D3vABUsPmkWtIloZPs8oFQ,No,Female,53.0,White,False,True,1,1,1,0,0,1,0,0,1,0,1,0,0,0,1,0,1,0,0,1,1,0,0,0,1,0,1,0,
dg.MD1R/3bdbcdde-7bf5-45e0-af17-b3d00ffafabc,10041569-qyn7o7O1MkWMKhOmffWoA,CXR,10041569-qyn7o7O1MkWMKhOmffWoA,Yes,Male,67.0,Black or African American,False,False,1,1,1,0,1,1,1,1,1,0,1,0,0,0,1,0,0,1,0,1,0,1,0,0,0,0,0,0,
dg.MD1R/dc4ed79f-0868-4b49-81fe-0d2317090793,10041569-vsvMCFFqmkm7JsNySllWHA,CXR,10041569-vsvMCFFqmkm7JsNySllWHA,No,Female,22.0,Black or African American,False,False,1,1,0,0,0,0,0,0,1,1,0,0,0,0,1,0,1,1,0,1,0,0,0,0,0,0,1,0,
dg.MD1R/29b0a3b8-5552-476b-967c-6e8611448f4c,10041569-YIon3HGGUa4N81uJEoWmg,CXR,10041569-YIon3HGGUa4N81uJEoWmg,Yes,Male,84.0,Black or African American,False,False,1,1,1,0,1,1,1,0,1,0,1,0,1,0,1,1,1,1,1,1,1,1,0,0,0,1,0,0,
dg.MD1R/768fe604-b018-4eff-9320-07122d1d62f2,10041569-qyn7o7O1MkWMKhOmffWoA,CXR,10041569-qyn7o7O1MkWMKhOmffWoA,Yes,Male,67.0,Black or African American,False,False,1,1,1,0,1,1,1,1,1,0,1,0,0,0,1,0,0,1,0,1,0,1,0,0,0,0,0,0,
dg.MD1R/d97f742a-fc07-4bfe-bd2e-fd5d0c5896dc,10041569-YIon3HGGUa4N81uJEoWmg,CXR,10041569-YIon3HGGUa4N81uJEoWmg,Yes,Male,84.0,Black or African American,False,False,1,1,1,0,1,1,1,0,1,0,1,0,1,0,1,1,1,1,1,1,1,1,0,0,0,1,0,0,
dg.MD1R/d216599a-e76e-4f3d-8971-cd7d3141ced8,10041569-vsvMCFFqmkm7JsNySllWHA,CXR,10041569-vsvMCFFqmkm7JsNySllWHA,No,Female,22.0,Black or African American,False,False,1,1,0,0,0,0,0,0,1,1,0,0,0,0,1,0,1,1,0,1,0,0,0,0,0,0,1,0,
dg.MD1R/5c2321fc-5a55-4ef8-8e82-2760c5426ec6,10041569-YrI40akiPk-t9dHctHR5hg,CXR,10041569-YrI40akiPk-t9dHctHR5hg,No,Male,62.0,White,False,False,1,0,0,0,0,0,1,0,1,1,1,0,0,0,1,1,1,0,0,0,0,0,0,0,0,0,0,0,
dg.MD1R/731aaaa1-b74e-49a8-9f50-f91af8c87d31,10041569-hFYnzCAcHUSipZyVJ45QPw,CXR,10041569-hFYnzCAcHUSipZyVJ45QPw,No,Female,71.0,Not Reported,False,False,1,1,1,0,0,0,1,0,1,1,1,0,1,0,1,0,1,0,1,1,1,1,0,0,0,0,0,0,
dg.MD1R/da9c4bda-2512-4932-bf1c-4f7be60c85b0,10041569-YIon3HGGUa4N81uJEoWmg,CXR,10041569-YIon3HGGUa4N81uJEoWmg,Yes,Male,84.0,Black or African American,False,False,1,1,1,0,1,1,1,0,1,0,1,0,1,0,1,1,1,1,1,1,1,1,0,0,0,1,0,0,
dg.MD1R/ab35eae4-9792-465b-a194-4aa898fd136d,10041569-HDh9eGDWkkeLw_qVAcBtOw,CXR,10041569-HDh9eGDWkkeLw_qVAcBtOw,No,Female,24.0,White,False,False,1,0,0,0,0,0,0,0,1,0,0,0,0,0,0,0,1,1,0,0,0,0,0,0,0,0,0,0,
dg.MD1R/f30c5a8a-47ea-434b-bbfb-3ab93814c2e4,10041569-Pkva0XJrwUmS6It3-SItQQ,CXR,10041569-Pkva0XJrwUmS6It3-SItQQ,No,Male,48.0,Black or African American,False,True,1,1,0,0,1,0,1,0,1,0,1,0,1,1,1,1,1,1,0,1,1,0,0,0,0,0,0,0,
dg.MD1R/f91dd9e9-69fb-43b6-bd73-e22e24685053,10041569-rdL12m75aU6AT4OZNtG2Aw,CXR,10041569-rdL12m75aU6AT4OZNtG2Aw,Yes,Male,51.0,Black or African American,False,True,1,1,1,0,0,1,1,0,1,1,1,0,1,0,1,1,1,1,1,1,1,1,0,0,0,0,1,0,
dg.MD1R/2ba37e1c-a29a-4703-86ed-c09eb2c21e0d,10041569-4DNktkkdXUGzSU6qGPxFEw,CXR,10041569-4DNktkkdXUGzSU6qGPxFEw,Yes,Female,26.0,Black or African American,False,True,1,1,0,0,0,1,1,0,1,1,1,0,1,0,1,1,0,1,0,1,1,1,0,0,0,0,0,0,
dg.MD1R/7eb26ed4-12b2-474d-9636-93ed2c731220,10041569-L4i20Vkha0WGZ1A2TImFDg,CXR,10041569-L4i20Vkha0WGZ1A2TImFDg,No,Female,84.0,White,False,False,1,0,0,0,0,0,0,0,1,0,0,0,1,0,0,0,1,1,1,1,1,0,0,0,0,0,0,0,
dg.MD1R/90e0f0ad-749f-429b-b344-95188af9ef81,10041569-wJ7YQqJBPEe9l1jeqa6-Tg,CXR,10041569-wJ7YQqJBPEe9l1jeqa6-Tg,No,Male,36.0,White,False,True,1,1,0,0,0,0,1,1,1,0,1,0,0,0,1,1,1,0,1,0,0,0,0,0,0,0,0,0,
dg.MD1R/dfbfceb3-de59-4beb-9589-5254e6f2b58b,10041569-cXHdFXGxrUOIO8AtcDfb7A,CXR,10041569-cXHdFXGxrUOIO8AtcDfb7A,Yes,Female,29.0,Black or African American,False,False,1,0,0,0,0,0,0,0,1,0,0,0,0,0,0,0,0,0,0,0,1,0,0,0,0,0,0,0,
dg.MD1R/5bb89bad-e46b-4ecc-a5b2-403122706730,10041569-gwhNrv0AnU68RbDX5PolgA,CXR,10041569-gwhNrv0AnU68RbDX5PolgA,No,Male,59.0,White,False,False,1,0,0,0,0,0,1,0,1,0,0,0,1,0,0,0,0,1,0,1,1,1,0,0,0,0,0,0,
dg.MD1R/ed2e5edd-9438-4682-a84f-90012a61c28c,10041569-sWD-0ZSGcUOAmXgXSYC5ow,CXR,10041569-sWD-0ZSGcUOAmXgXSYC5ow,No,Female,68.0,Black or African American,False,False,1,0,0,0,1,1,1,0,1,0,0,0,1,1,1,1,1,1,1,1,1,1,0,0,0,0,0,0,
dg.MD1R/243404ed-ca7c-4a1d-b919-ee90cd9c9729,10041569-cXHdFXGxrUOIO8AtcDfb7A,CXR,10041569-cXHdFXGxrUOIO8AtcDfb7A,Yes,Female,29.0,Black or African American,False,False,1,0,0,0,0,0,0,0,1,0,0,0,0,0,0,0,0,0,0,0,1,0,0,0,0,0,0,0,
dg.MD1R/4c177da3-816b-4d94-a547-811526456eba,10041569-qyn7o7O1MkWMKhOmffWoA,CXR,10041569-qyn7o7O1MkWMKhOmffWoA,Yes,Male,67.0,Black or African American,False,False,1,1,1,0,1,1,1,1,1,0,1,0,0,0,1,0,0,1,0,1,0,1,0,0,0,0,0,0,
dg.MD1R/21ef4920-34c7-4e68-b662-df70df3831c9,10041569--_E6KONob0ey76NI2g-06A,CXR,10041569--_E6KONob0ey76NI2g-06A,No,Male,60.0,Not Reported,False,False,1,1,1,1,1,1,1,1,1,1,1,0,0,0,0,0,0,0,0,1,0,0,0,0,1,1,0,0,
dg.MD1R/7210779c-f400-4d93-93f1-2a93363e7e68,10041569-WxJl4ZWlFUuy1AAPQ3zJ5g,CXR,10041569-WxJl4ZWlFUuy1AAPQ3zJ5g,No,Male,75.0,White,False,False,1,0,0,0,0,1,0,0,0,1,0,0,0,0,0,0,1,0,0,1,0,1,0,0,1,0,0,0,
dg.MD1R/296235f4-298c-4dc3-9bde-733fea2de8c2,10041569-vsvMCFFqmkm7JsNySllWHA,CXR,10041569-vsvMCFFqmkm7JsNySllWHA,No,Female,22.0,Black or African American,False,False,1,1,0,0,0,0,0,0,1,1,0,0,0,0,1,0,1,1,0,1,0,0,0,0,0,0,1,0,
dg.MD1R/5c931a28-0578-4b8c-b69d-d2dbc620f4fb,10041569-vsvMCFFqmkm7JsNySllWHA,CXR,10041569-vsvMCFFqmkm7JsNySllWHA,No,Female,22.0,Black or African American,False,False,1,1,0,0,0,0,0,0,1,1,0,0,0,0,1,0,1,1,0,1,0,0,0,0,0,0,1,0,
dg.MD1R/5031f5b3-ec12-4704-b821-b78143caba48,10041569-WxJl4ZWlFUuy1AAPQ3zJ5g,CXR,10041569-WxJl4ZWlFUuy1AAPQ3zJ5g,No,Male,75.0,White,False,False,1,0,0,0,0,1,0,0,0,1,0,0,0,0,0,0,1,0,0,1,0,1,0,0,1,0,0,0,
dg.MD1R/a2928472-0a24-4491-9d8f-f18d4835a65a,10041569-WxJl4ZWlFUuy1AAPQ3zJ5g,CXR,10041569-WxJl4ZWlFUuy1AAPQ3zJ5g,No,Male,75.0,White,False,False,1,0,0,0,0,1,0,0,0,1,0,0,0,0,0,0,1,0,0,1,0,1,0,0,1,0,0,0,
dg.MD1R/8a8a0a1d-e96b-4f60-b5e8-b29327b7dfcd,10041569-WxJl4ZWlFUuy1AAPQ3zJ5g,CXR,10041569-WxJl4ZWlFUuy1AAPQ3zJ5g,No,Male,75.0,White,False,False,1,0,0,0,0,1,0,0,0,1,0,0,0,0,0,0,1,0,0,1,0,1,0,0,1,0,0,0,
dg.MD1R/22cb1509-c524-4b0c-b15c-c9c0549ca19b,10041569-hA7jhIp67kC32n1Csq0BGA,CXR,10041569-hA7jhIp67kC32n1Csq0BGA,Yes,Female,36.0,Black or African American,False,False,1,0,0,0,0,0,0,0,0,1,0,0,0,0,0,0,0,0,0,0,0,0,0,0,0,0,0,0,
dg.MD1R/fd123f20-66f8-47f7-b6b0-7da153f65ff7,10041569-wQAupblELkG8GC3WZpgYEw,CXR,10041569-wQAupblELkG8GC3WZpgYEw,Yes,Female,49.0,Black or African American,False,True,1,1,1,0,0,1,1,0,1,1,1,0,0,0,0,0,1,0,1,0,0,0,0,0,0,1,0,0,
dg.MD1R/179745c1-98ca-407a-a13a-97c5bcb71473,10041569-MDkU3RfIpEif7aQgzVcJxQ,CXR,10041569-MDkU3RfIpEif7aQgzVcJxQ,No,Female,63.0,Not Reported,False,True,1,1,1,0,1,1,1,1,1,1,1,0,1,0,1,1,0,0,0,1,0,0,0,1,1,1,0,0,
dg.MD1R/79e7eb0d-49d0-486d-b55e-a26904fabacf,10041569-yXSGmGj8Em3lwd2Lv6hgg,CXR,10041569-yXSGmGj8Em3lwd2Lv6hgg,Yes,Female,48.0,Black or African American,False,False,1,0,0,0,0,0,0,0,1,1,0,0,0,0,0,0,1,1,0,1,0,0,0,0,0,0,0,0,
dg.MD1R/82454215-59b4-47e5-abc1-2c8bbf6464fd,10041569-sCqQ2j2VSESdt3Z-Bri-1g,CXR,10041569-sCqQ2j2VSESdt3Z-Bri-1g,No,Male,33.0,Black or African American,False,False,1,0,0,0,0,1,0,0,1,1,0,0,0,0,1,0,1,0,1,1,0,0,0,0,0,0,0,0,
dg.MD1R/9a3903a5-5a16-4c85-80d0-5566825b0145,10041569-c9PRC6Y3RE67w49RgS6h-w,CXR,10041569-c9PRC6Y3RE67w49RgS6h-w,No,Male,43.0,Not Reported,False,True,1,1,0,0,1,0,1,1,1,1,1,0,1,0,1,1,1,1,1,1,1,1,0,0,1,1,0,0,
dg.MD1R/cb8660d5-03c8-4a16-ae25-d2c2d30d240c,10041569-wQAupblELkG8GC3WZpgYEw,CXR,10041569-wQAupblELkG8GC3WZpgYEw,Yes,Female,49.0,Black or African American,False,True,1,1,1,0,0,1,1,0,1,1,1,0,0,0,0,0,1,0,1,0,0,0,0,0,0,1,0,0,
dg.MD1R/8c8a4639-0f0b-4b55-a6da-f6ea662ec46d,10041569-hA7jhIp67kC32n1Csq0BGA,CXR,10041569-hA7jhIp67kC32n1Csq0BGA,Yes,Female,36.0,Black or African American,False,False,1,0,0,0,0,0,0,0,0,1,0,0,0,0,0,0,0,0,0,0,0,0,0,0,0,0,0,0,
dg.MD1R/2c0e5c32-26ee-4944-80d7-396bd65575b8,10041569-sCqQ2j2VSESdt3Z-Bri-1g,CXR,10041569-sCqQ2j2VSESdt3Z-Bri-1g,No,Male,33.0,Black or African American,False,False,1,0,0,0,0,1,0,0,1,1,0,0,0,0,1,0,1,0,1,1,0,0,0,0,0,0,0,0,
dg.MD1R/c4baf8be-50a7-4c33-b226-cffb50c1d6f6,10041569-vsvMCFFqmkm7JsNySllWHA,CXR,10041569-vsvMCFFqmkm7JsNySllWHA,No,Female,22.0,Black or African American,False,False,1,1,0,0,0,0,0,0,1,1,0,0,0,0,1,0,1,1,0,1,0,0,0,0,0,0,1,0,
dg.MD1R/c0bf13fb-72c8-44d3-a888-1c781c3ee4ba,10041569-vsvMCFFqmkm7JsNySllWHA,CXR,10041569-vsvMCFFqmkm7JsNySllWHA,No,Female,22.0,Black or African American,False,False,1,1,0,0,0,0,0,0,1,1,0,0,0,0,1,0,1,1,0,1,0,0,0,0,0,0,1,0,
dg.MD1R/976b3149-7b6b-4ea8-a5de-9f1e9f46399d,10041569-4DNktkkdXUGzSU6qGPxFEw,CXR,10041569-4DNktkkdXUGzSU6qGPxFEw,Yes,Female,26.0,Black or African American,False,True,1,1,0,0,0,1,1,0,1,1,1,0,1,0,1,1,0,1,0,1,1,1,0,0,0,0,0,0,
dg.MD1R/f54e8b57-9755-432d-81e1-531b4cde3947,10041569-c9PRC6Y3RE67w49RgS6h-w,CXR,10041569-c9PRC6Y3RE67w49RgS6h-w,No,Male,43.0,Not Reported,False,True,1,1,0,0,1,0,1,1,1,1,1,0,1,0,1,1,1,1,1,1,1,1,0,0,1,1,0,0,
dg.MD1R/714cea2c-6905-4bdc-823a-09dc9564f519,10041569-wQAupblELkG8GC3WZpgYEw,CXR,10041569-wQAupblELkG8GC3WZpgYEw,Yes,Female,49.0,Black or African American,False,True,1,1,1,0,0,1,1,0,1,1,1,0,0,0,0,0,1,0,1,0,0,0,0,0,0,1,0,0,
dg.MD1R/a9372895-38d2-457b-ac2a-29de12cde81b,10041569-g7BegS168EGCpgRylILjoA,CXR,10041569-g7BegS168EGCpgRylILjoA,Yes,Female,63.0,White,False,True,1,1,1,0,0,1,1,0,1,1,1,0,1,1,0,1,1,1,1,1,1,0,0,1,0,0,0,0,
dg.MD1R/b6a619d2-e84e-42da-be70-d3417a098031,10041569-MDkU3RfIpEif7aQgzVcJxQ,CXR,10041569-MDkU3RfIpEif7aQgzVcJxQ,No,Female,63.0,Not Reported,False,True,1,1,1,0,1,1,1,1,1,1,1,0,1,0,1,1,0,0,0,1,0,0,0,1,1,1,0,0,
dg.MD1R/5d35834d-96ba-4941-93d0-888e67d69523,10041569-LAFdjcM100-NPg4V47aZoA,CXR,10041569-LAFdjcM100-NPg4V47aZoA,No,Female,66.0,White,False,False,1,0,0,0,0,1,0,0,1,1,1,0,0,1,0,0,1,0,0,1,1,0,0,0,1,1,0,0,
dg.MD1R/a8e9d223-b369-4aab-8c38-23c66d01f999,10041569-LAFdjcM100-NPg4V47aZoA,CXR,10041569-LAFdjcM100-NPg4V47aZoA,No,Female,66.0,White,False,False,1,0,0,0,0,1,0,0,1,1,1,0,0,1,0,0,1,0,0,1,1,0,0,0,1,1,0,0,
dg.MD1R/e436686b-bf01-45af-9b62-192359af9476,10041569-c14D3XBUu3ak5rTjgCg,CXR,10041569-c14D3XBUu3ak5rTjgCg,Yes,Female,67.0,White,False,True,1,1,0,0,1,1,1,0,1,1,1,1,1,1,1,1,0,1,1,1,1,0,0,0,0,0,0,0,
dg.MD1R/a02c4ff4-b037-4de4-af8c-ec7a1a049212,10041569-KTJisivBEW8eG11h3OmCQ,CXR,10041569-KTJisivBEW8eG11h3OmCQ,Yes,Male,36.0,Not Reported,False,True,1,1,1,0,0,1,1,1,1,1,1,0,1,1,1,1,1,1,1,1,1,1,0,0,1,1,0,0,data/preprocessed/cxr/a02c4ff4-b037-4de4-af8c-ec7a1a049212.npy
dg.MD1R/5411b107-c960-40df-934e-224c6f74d370,10041569-yB8z_LbI0E-_zGehDSOH3w,CXR,10041569-yB8z_LbI0E-_zGehDSOH3w,No,Male,53.0,White,False,True,1,1,1,1,1,1,1,1,1,0,1,0,0,0,1,1,1,1,1,1,1,1,0,0,1,1,0,0,
dg.MD1R/aea12591-6e74-4585-a373-a731dc57cbd3,10041569-9II6IB8jYkSYcpBfxvL1-w,CXR,10041569-9II6IB8jYkSYcpBfxvL1-w,No,Female,65.0,White,False,True,1,1,1,0,1,1,1,1,1,0,1,0,0,1,1,1,1,1,0,1,1,1,0,0,1,0,0,0,
dg.MD1R/889e88dd-8e48-4263-92d6-c0a103a3953b,10041569-DlqX5imb0ejWPhSL4fHg,CXR,10041569-DlqX5imb0ejWPhSL4fHg,Yes,Female,73.0,Black or African American,False,True,1,1,1,0,1,1,0,0,1,0,1,0,1,0,1,1,1,1,0,1,1,1,0,0,0,0,1,0,
dg.MD1R/888b3411-4885-4b8b-88fd-a10751776029,10041569-Se9lMjRqAUaS7zYoAuf0dA,CXR,10041569-Se9lMjRqAUaS7zYoAuf0dA,No,Female,29.0,White,False,True,1,1,1,0,1,1,1,1,1,0,1,0,1,0,1,1,1,0,0,1,0,1,0,0,1,1,0,0,
dg.MD1R/44fbf752-a0b2-4d66-a63f-9f960a0b6b0c,10041569-c14D3XBUu3ak5rTjgCg,CXR,10041569-c14D3XBUu3ak5rTjgCg,Yes,Female,67.0,White,False,True,1,1,0,0,1,1,1,0,1,1,1,1,1,1,1,1,0,1,1,1,1,0,0,0,0,0,0,0,
dg.MD1R/c715d0d1-ccdb-4284-aa9d-ca7617101d98,10041569-cntv_pMWIU-xIIpSVKnX_Q,CXR,10041569-cntv_pMWIU-xIIpSVKnX_Q,No,Female,63.0,White,False,True,1,1,0,0,0,0,0,0,0,0,1,0,0,0,0,0,0,0,0,1,1,0,0,0,0,0,0,0,
dg.MD1R/5dd8ea86-84ce-4d11-a347-57c1549fa42b,10041569-nTuIrwNsz0in3XAUuQe-Kw,CXR,10041569-nTuIrwNsz0in3XAUuQe-Kw,No,Female,43.0,White,False,True,1,1,0,1,1,1,1,1,1,0,1,0,1,1,1,1,1,1,1,1,0,0,0,0,1,1,0,0,
dg.MD1R/416987c2-1844-4b3d-8876-5816184b619f,10041569-rdL12m75aU6AT4OZNtG2Aw,CXR,10041569-rdL12m75aU6AT4OZNtG2Aw,Yes,Male,51.0,Black or African American,False,True,1,1,1,0,0,1,1,0,1,1,1,0,1,0,1,1,1,1,1,1,1,1,0,0,0,0,1,0,
dg.MD1R/8c7d0e8d-656c-49c0-8ecb-4f14bdba60cd,10041569-LAFdjcM100-NPg4V47aZoA,CXR,10041569-LAFdjcM100-NPg4V47aZoA,No,Female,66.0,White,False,False,1,0,0,0,0,1,0,0,1,1,1,0,0,1,0,0,1,0,0,1,1,0,0,0,1,1,0,0,
dg.MD1R/7907ee47-31cc-4523-9ef6-e6f4817a6262,10041569-g7BegS168EGCpgRylILjoA,CXR,10041569-g7BegS168EGCpgRylILjoA,Yes,Female,63.0,White,False,True,1,1,1,0,0,1,1,0,1,1,1,0,1,1,0,1,1,1,1,1,1,0,0,1,0,0,0,0,
dg.MD1R/a93ad186-4e60-459d-9f72-75d9e7568775,10041569-PNPzL7DFp0iFwIMeiK7Ipg,CXR,10041569-PNPzL7DFp0iFwIMeiK7Ipg,No,Male,45.0,Not Reported,False,True,1,1,1,0,1,1,1,1,1,0,1,0,1,0,1,1,1,1,1,1,1,1,0,0,1,1,0,0,
dg.MD1R/7a01cff7-e822-41e9-8f55-71a9e090a4d1,10041569-Pkva0XJrwUmS6It3-SItQQ,CXR,10041569-Pkva0XJrwUmS6It3-SItQQ,No,Male,48.0,Black or African American,False,True,1,1,0,0,1,0,1,0,1,0,1,0,1,1,1,1,1,1,0,1,1,0,0,0,0,0,0,0,
dg.MD1R/60769364-1bbf-46f4-b1ff-abcdaa2e668e,10041569-5mEhtO0KQ0Ocq21FWZ6jQ,CXR,10041569-5mEhtO0KQ0Ocq21FWZ6jQ,Yes,Male,65.0,Black or African American,False,True,1,1,1,0,0,1,0,1,0,0,1,0,0,0,0,1,1,0,0,1,0,1,0,0,0,0,1,0,
dg.MD1R/97362c8a-d2bb-4ab2-8b48-b04b6731049b,10041569-Vkw64OnzkOqfAg5HGVn7g,CXR,10041569-Vkw64OnzkOqfAg5HGVn7g,Yes,Male,74.0,Black or African American,False,True,1,1,1,0,1,1,1,0,1,0,1,0,1,1,0,1,1,1,1,1,1,1,1,1,0,0,0,0,
dg.MD1R/bf60ed23-3312-46f5-88a7-1072616ebd39,10041569-GGVWxCvy0EqTLEezdu9k4Q,CXR,10041569-GGVWxCvy0EqTLEezdu9k4Q,No,Male,60.0,White,False,True,1,1,1,0,1,1,1,1,1,0,1,0,1,1,0,1,1,0,1,1,1,1,0,0,1,1,0,0,
dg.MD1R/98ca6e0d-5f44-4ba9-bb69-bc941c24a172,10041569-BH9LpNbWTkKgMIdUhFnVlg,CXR,10041569-BH9LpNbWTkKgMIdUhFnVlg,No,Male,65.0,Black or African American,False,True,1,1,1,0,1,1,1,0,1,1,1,0,1,0,1,1,1,1,1,1,1,1,0,0,1,0,0,0,
dg.MD1R/8cb0fc1f-6393-4de4-8d50-0bbceeb1d1fd,10041569-e7nGBfBZT0OGjS7I1UCkTg,CXR,10041569-e7nGBfBZT0OGjS7I1UCkTg,No,Female,58.0,White,False,False,1,1,1,0,0,1,0,0,0,0,1,0,0,0,0,0,0,0,0,0,0,0,0,0,0,0,1,0,
dg.MD1R/86771a16-6b5e-4593-81de-ff0dcb8feb9a,10041569-VIBNiDVNzEuidAtQKeQmNw,CXR,10041569-VIBNiDVNzEuidAtQKeQmNw,No,Male,44.0,Not Reported,False,False,1,0,0,0,0,0,0,0,0,0,1,0,0,0,0,0,0,0,0,1,1,0,0,0,0,0,0,0,
dg.MD1R/44105eea-82eb-4403-813d-9b6aca037d63,10041569-c14D3XBUu3ak5rTjgCg,CXR,10041569-c14D3XBUu3ak5rTjgCg,Yes,Female,67.0,White,False,True,1,1,0,0,1,1,1,0,1,1,1,1,1,1,1,1,0,1,1,1,1,0,0,0,0,0,0,0,
dg.MD1R/dafc52bb-c953-47c3-9725-8e4ffa603f14,10041569-c14D3XBUu3ak5rTjgCg,CXR,10041569-c14D3XBUu3ak5rTjgCg,Yes,Female,67.0,White,False,True,1,1,0,0,1,1,1,0,1,1,1,1,1,1,1,1,0,1,1,1,1,0,0,0,0,0,0,0,
dg.MD1R/9ab46c9b-a13b-478e-92f2-aff1f0dc36cf,10041569-aoPnMEFqQkC6354FxeUJkA,CXR,10041569-aoPnMEFqQkC6354FxeUJkA,No,Male,38.0,White,False,True,1,1,1,0,1,1,1,1,1,0,1,1,1,0,1,1,1,0,0,1,0,1,0,0,1,1,0,0,
dg.MD1R/f42298e2-abef-4be9-9fd5-e930de3e2e49,10041569-c14D3XBUu3ak5rTjgCg,CXR,10041569-c14D3XBUu3ak5rTjgCg,Yes,Female,67.0,White,False,True,1,1,0,0,1,1,1,0,1,1,1,1,1,1,1,1,0,1,1,1,1,0,0,0,0,0,0,0,
dg.MD1R/ca8cedc6-679b-48ce-bdf4-4a84dbd0d5ee,10041569-_rUJ8APC5EuzMG4jpVCXSQ,CXR,10041569-_rUJ8APC5EuzMG4jpVCXSQ,No,Male,59.0,Black or African American,False,False,1,1,0,0,0,0,0,1,0,0,0,1,0,0,0,0,0,1,0,1,0,0,0,0,0,0,0,0,
dg.MD1R/f39ba6d8-3399-42bc-85af-e855fd4fa6e1,10041569-aoPnMEFqQkC6354FxeUJkA,CXR,10041569-aoPnMEFqQkC6354FxeUJkA,No,Male,38.0,White,False,True,1,1,1,0,1,1,1,1,1,0,1,1,1,0,1,1,1,0,0,1,0,1,0,0,1,1,0,0,
dg.MD1R/5a33036f-841c-474b-80d0-819593a36a13,10041569-c14D3XBUu3ak5rTjgCg,CXR,10041569-c14D3XBUu3ak5rTjgCg,Yes,Female,67.0,White,False,True,1,1,0,0,1,1,1,0,1,1,1,1,1,1,1,1,0,1,1,1,1,0,0,0,0,0,0,0,
dg.MD1R/bc03b873-7870-42ae-b27c-593acf457739,10041569-_rUJ8APC5EuzMG4jpVCXSQ,CXR,10041569-_rUJ8APC5EuzMG4jpVCXSQ,No,Male,59.0,Black or African American,False,False,1,1,0,0,0,0,0,1,0,0,0,1,0,0,0,0,0,1,0,1,0,0,0,0,0,0,0,0,
dg.MD1R/eec67fd4-f722-45be-8052-9ed8bad571a8,10041569-_rUJ8APC5EuzMG4jpVCXSQ,CXR,10041569-_rUJ8APC5EuzMG4jpVCXSQ,No,Male,59.0,Black or African American,False,False,1,1,0,0,0,0,0,1,0,0,0,1,0,0,0,0,0,1,0,1,0,0,0,0,0,0,0,0,
dg.MD1R/10649d54-1fab-4bb9-8098-2366f02761a2,10041569-aoPnMEFqQkC6354FxeUJkA,CXR,10041569-aoPnMEFqQkC6354FxeUJkA,No,Male,38.0,White,False,True,1,1,1,0,1,1,1,1,1,0,1,1,1,0,1,1,1,0,0,1,0,1,0,0,1,1,0,0,
dg.MD1R/9a78a4dd-5176-4ae6-bdbc-25b73afd394d,10041569-cjCkL2X7mUiIY1y169oXMw,CXR,10041569-cjCkL2X7mUiIY1y169oXMw,No,Male,89.0,White,False,False,1,1,0,0,0,1,0,0,1,0,0,1,0,0,0,0,1,0,0,1,0,1,0,0,0,0,0,0,
dg.MD1R/05a007af-12de-4201-8756-5ead45307ff5,10041569-qYNAoZbzOUKVaBlM2QD-tQ,CXR,10041569-qYNAoZbzOUKVaBlM2QD-tQ,No,Female,70.0,White,False,True,1,0,0,0,1,1,0,1,0,0,0,1,0,0,0,0,0,0,0,1,0,0,0,0,0,0,0,0,
dg.MD1R/21d6a867-7a43-4de8-ae9e-d5bcdb2654ef,10041569-c14D3XBUu3ak5rTjgCg,CXR,10041569-c14D3XBUu3ak5rTjgCg,Yes,Female,67.0,White,False,True,1,1,0,0,1,1,1,0,1,1,1,1,1,1,1,1,0,1,1,1,1,0,0,0,0,0,0,0,
dg.MD1R/60617f88-982c-442e-93bb-5b452423d2fa,10041569-c14D3XBUu3ak5rTjgCg,CXR,10041569-c14D3XBUu3ak5rTjgCg,Yes,Female,67.0,White,False,True,1,1,0,0,1,1,1,0,1,1,1,1,1,1,1,1,0,1,1,1,1,0,0,0,0,0,0,0,
dg.MD1R/0cdca29e-0ea0-459d-8090-33369abba031,10041569-c14D3XBUu3ak5rTjgCg,CXR,10041569-c14D3XBUu3ak5rTjgCg,Yes,Female,67.0,White,False,True,1,1,0,0,1,1,1,0,1,1,1,1,1,1,1,1,0,1,1,1,1,0,0,0,0,0,0,0,
dg.MD1R/4711a378-de22-4144-a45e-8d412254d4dd,10041569-aoPnMEFqQkC6354FxeUJkA,CXR,10041569-aoPnMEFqQkC6354FxeUJkA,No,Male,38.0,White,False,True,1,1,1,0,1,1,1,1,1,0,1,1,1,0,1,1,1,0,0,1,0,1,0,0,1,1,0,0,
dg.MD1R/229eee67-20f1-40b9-affe-b4211a1b7d2c,10008204-7n1IGNe5k2u9psEw90BeQ,CXR,,No,Female,,White,False,False,0,0,0,0,0,0,0,0,0,0,0,0,0,0,0,0,0,0,0,0,0,0,0,0,0,0,0,1,
dg.MD1R/56f8b6aa-e944-457b-8974-ce41ac1718d5,10008204-6n9RT46lkSmRyVZ6S1rdQ,CXR,,No,Male,64.0,White,False,False,0,0,0,0,0,0,0,0,0,0,0,0,0,0,0,0,0,0,0,0,0,0,0,0,0,0,0,1,
dg.MD1R/e9470d20-a28f-4e0b-aff1-61227292e50e,10003752-Q5d2zzCLXEWNtnL0HrvGA,CXR,,No,Male,44.0,Black or African American,,,0,0,0,0,0,0,0,0,0,0,0,0,0,0,0,0,0,0,0,0,0,0,0,0,0,0,0,1,
dg.MD1R/2d577d1d-0b7d-4702-a492-5211e976d953,10003752-Fb39i9SjCECULcrhXaJOLQ,CXR,,No,Male,50.0,Black or African American,,,0,0,0,0,0,0,0,0,0,0,0,0,0,0,0,0,0,0,0,0,0,0,0,0,0,0,0,1,
dg.MD1R/88f3d54d-61c8-4f1f-bc0e-62b18e25e01c,10003752-OWAPkfcekaIs7IL3wBwXg,CXR,,No,Male,77.0,Black or African American,,,0,0,0,0,0,0,0,0,0,0,0,0,0,0,0,0,0,0,0,0,0,0,0,0,0,0,0,1,
dg.MD1R/a4922e24-460a-42c7-9e2c-31132d00061a,10003752-bx8VHl1xUEC94WtFzICm1A,CXR,,No,Male,63.0,Black or African American,,,0,0,0,0,0,0,0,0,0,0,0,0,0,0,0,0,0,0,0,0,0,0,0,0,0,0,0,1,
dg.MD1R/47bb69ab-9053-4a14-bf2f-fade4e2eb3cb,10003752-BJQOZADCEaIGRfh2TFMQ,CXR,,No,Male,67.0,Black or African American,,,0,0,0,0,0,0,0,0,0,0,0,0,0,0,0,0,0,0,0,0,0,0,0,0,0,0,0,1,
dg.MD1R/708dc7a6-64b4-45b0-9535-832141508561,10008204-9FITevyZjEK8FH6TLVDYfw,CXR,,No,Male,67.0,White,False,False,0,0,0,0,0,0,0,0,0,0,0,0,0,0,0,0,0,0,0,0,0,0,0,0,0,0,0,1,
dg.MD1R/06eb59fc-0e00-468d-9627-1d6d1493266c,10041569-1KKLEXtdS0m8L95YgZVXBQ,CXR,,No,Female,28.0,Black or African American,False,False,0,0,0,0,0,0,0,0,0,0,0,0,0,0,0,0,0,0,0,0,0,0,0,0,0,0,0,1,
dg.MD1R/876f8cab-dcf0-4615-aa6b-52c2d18c9514,10008204-Bhje5xTtF0mGwVbV00L2DQ,CXR,,No,Male,51.0,White,False,False,0,0,0,0,0,0,0,0,0,0,0,0,0,0,0,0,0,0,0,0,0,0,0,0,0,0,0,1,
dg.MD1R/b69ab742-4925-4537-b01f-9f2e880f038e,10008204-22Io6Ixn0uFL2IfG1b2kA,CXR,,No,Male,73.0,White,,,0,0,0,0,0,0,0,0,0,0,0,0,0,0,0,0,0,0,0,0,0,0,0,0,0,0,0,1,
dg.MD1R/076c5ded-e975-4d72-abc0-6f10324a09eb,10008204-DmuTxEKiEKz5OCWB26g,CXR,,No,Male,85.0,White,,,0,0,0,0,0,0,0,0,0,0,0,0,0,0,0,0,0,0,0,0,0,0,0,0,0,0,0,1,
dg.MD1R/37b52d50-1ffd-4dfe-abb6-6a369194ab37,10008204-Jta4aq94CkmXNunc44w05g,CXR,,No,Female,66.0,White,False,False,0,0,0,0,0,0,0,0,0,0,0,0,0,0,0,0,0,0,0,0,0,0,0,0,0,0,0,1,
dg.MD1R/7a91c2c3-8946-4a4a-aa3e-73c18bc78467,10003752-tqtiA4SPR0CuhDNoNizKHg,CXR,,No,Male,60.0,Black or African American,,,0,0,0,0,0,0,0,0,0,0,0,0,0,0,0,0,0,0,0,0,0,0,0,0,0,0,0,1,
dg.MD1R/9442bc86-a419-4c18-ba6e-446b3ee2e8c7,10041569-bhjOApiU6gs2Aj0njeaQ,CXR,,No,Female,68.0,White,False,True,0,0,0,0,0,0,0,0,0,0,0,0,0,0,0,0,0,0,0,0,0,0,0,0,0,0,0,1,
dg.MD1R/8dedb86b-66bc-4e14-b852-ffbb02994cc5,10008204-evwhaYPkS5Asfz83S6XQ,CXR,,No,Female,74.0,White,,,0,0,0,0,0,0,0,0,0,0,0,0,0,0,0,0,0,0,0,0,0,0,0,0,0,0,0,1,
dg.MD1R/b9faae82-1075-4fc2-8c45-b9b20c6795d2,10008204-EYaLsGk6zEy0HXCGlhlk9g,CXR,,No,Male,47.0,White,False,False,0,0,0,0,0,0,0,0,0,0,0,0,0,0,0,0,0,0,0,0,0,0,0,0,0,0,0,1,
dg.MD1R/aba046c1-6a58-448a-9224-93375757c736,10008204-TMTLHtFYHUqbzCLUlwahOg,CXR,,No,Female,56.0,White,False,False,0,0,0,0,0,0,0,0,0,0,0,0,0,0,0,0,0,0,0,0,0,0,0,0,0,0,0,1,
dg.MD1R/3dfa0cd5-cc23-4e1e-bf03-14bd22d69dd2,10008204-FOI3GuvTwkaHgQY2idHzg,CXR,,No,Male,56.0,White,,,0,0,0,0,0,0,0,0,0,0,0,0,0,0,0,0,0,0,0,0,0,0,0,0,0,0,0,1,
dg.MD1R/d027a3d7-d1f5-4296-9518-60b022a49aca,10003752-BJQOZADCEaIGRfh2TFMQ,CXR,,No,Male,67.0,Black or African American,,,0,0,0,0,0,0,0,0,0,0,0,0,0,0,0,0,0,0,0,0,0,0,0,0,0,0,0,1,
dg.MD1R/7a89e8ea-7d9c-4a3f-bab4-c5b47456d49b,10008204-M89sn5FfBk2esA3f5ewsNg,CXR,,No,Male,83.0,White,False,False,0,0,0,0,0,0,0,0,0,0,0,0,0,0,0,0,0,0,0,0,0,0,0,0,0,0,0,1,
dg.MD1R/da7a8a3b-336b-4955-ba1a-eba06d7bd1ac,10008204-VxGVgR8Ea4zwVdU4k6zg,CXR,,No,Male,59.0,White,,,0,0,0,0,0,0,0,0,0,0,0,0,0,0,0,0,0,0,0,0,0,0,0,0,0,0,0,1,
dg.MD1R/37838525-75e8-44c2-a9d9-d77016a8d0a9,10041569-j7quHMf7V0qwY583lsWnXg,CXR,,No,Female,67.0,White,False,False,0,0,0,0,0,0,0,0,0,0,0,0,0,0,0,0,0,0,0,0,0,0,0,0,0,0,0,1,
dg.MD1R/8868a6a9-ffa2-4d9d-ac5f-4684b8817c9b,10008204-bQXjR8M67UC0LT72Tw8X1g,CXR,,No,Male,62.0,White,,,0,0,0,0,0,0,0,0,0,0,0,0,0,0,0,0,0,0,0,0,0,0,0,0,0,0,0,1,
dg.MD1R/d5052bed-6e23-4262-82ec-f932d917f912,10008204-tblSTu9bE2Fn5KKppQhbQ,CXR,,No,Female,18.0,White,,,0,0,0,0,0,0,0,0,0,0,0,0,0,0,0,0,0,0,0,0,0,0,0,0,0,0,0,1,
dg.MD1R/0ae019bd-8fd2-4703-967e-b3cd6ebee47e,10003752-1xOMEIKKZU2h1lqgbY9A,CXR,,No,Male,71.0,Black or African American,,,0,0,0,0,0,0,0,0,0,0,0,0,0,0,0,0,0,0,0,0,0,0,0,0,0,0,0,1,
dg.MD1R/dddab91d-02b6-4cf3-9f8d-c952bef70f29,10008204-6vY7uuZYiUmbyaziz8m4A,CXR,,No,Male,56.0,White,,,0,0,0,0,0,0,0,0,0,0,0,0,0,0,0,0,0,0,0,0,0,0,0,0,0,0,0,1,
dg.MD1R/7a568284-6939-40b7-bb70-7d855bce33d1,10008204-768AhWnORUCvcZTjeTxUog,CXR,,No,Male,57.0,White,False,False,0,0,0,0,0,0,0,0,0,0,0,0,0,0,0,0,0,0,0,0,0,0,0,0,0,0,0,1,
dg.MD1R/f4162e73-fd78-406a-a71b-15ad5dd5402e,10008204-bvtvNSJWMUScE3bjAJF0nQ,CXR,,No,Male,60.0,White,,,0,0,0,0,0,0,0,0,0,0,0,0,0,0,0,0,0,0,0,0,0,0,0,0,0,0,0,1,
dg.MD1R/775c0d9a-d47d-4981-aad3-01ec1f49a7a7,10008204-0jUvhgX88Uu0IDONFmrbzQ,CXR,,No,Male,75.0,White,,,0,0,0,0,0,0,0,0,0,0,0,0,0,0,0,0,0,0,0,0,0,0,0,0,0,0,0,1,
dg.MD1R/83653b56-2b3d-4872-b018-e9a74941d86c,10003752-BJQOZADCEaIGRfh2TFMQ,CXR,,No,Male,67.0,Black or African American,,,0,0,0,0,0,0,0,0,0,0,0,0,0,0,0,0,0,0,0,0,0,0,0,0,0,0,0,1,
dg.MD1R/54388056-8b78-41e9-b9c3-f612eff6ae57,10008204-zRvV2HZ3606F9Vzwf6j7g,CXR,,No,Female,67.0,White,,,0,0,0,0,0,0,0,0,0,0,0,0,0,0,0,0,0,0,0,0,0,0,0,0,0,0,0,1,
dg.MD1R/daaac9c7-db3e-46f2-a378-094561eac9b4,10008204-gWfZnxv59UmpFXiVu4JVg,CXR,,No,Female,87.0,White,,,0,0,0,0,0,0,0,0,0,0,0,0,0,0,0,0,0,0,0,0,0,0,0,0,0,0,0,1,
dg.MD1R/a4c0d22b-bc35-4dbe-9e99-e335c5a06c17,10008204-m1UaNDGYlkuAXSNq8f3KaA,CXR,,No,Female,48.0,White,,,0,0,0,0,0,0,0,0,0,0,0,0,0,0,0,0,0,0,0,0,0,0,0,0,0,0,0,1,
dg.MD1R/29c0fde4-45e6-4296-9032-62e04671dc29,10008204-ZLJow4l640S7tVjcE7fCkA,CXR,,No,Male,87.0,White,,,0,0,0,0,0,0,0,0,0,0,0,0,0,0,0,0,0,0,0,0,0,0,0,0,0,0,0,1,
dg.MD1R/9cfaf20d-e5b2-49eb-9c73-5ceb80d9affd,10041569-xz0M3skabEm2rOsRc1dtYw,CXR,10041569-xz0M3skabEm2rOsRc1dtYw,No,Female,34.0,White,False,False,0,0,0,0,0,0,0,0,0,0,0,0,0,0,0,0,0,0,0,0,0,0,0,0,0,0,0,1,
dg.MD1R/43f6d0ea-1b1e-42ca-9c62-f311b4b71297,10008204-wVG0jTyB0aPDqy3g18Q,CXR,,No,Male,89.0,White,,,0,0,0,0,0,0,0,0,0,0,0,0,0,0,0,0,0,0,0,0,0,0,0,0,0,0,0,1,
dg.MD1R/be187ed8-79d6-4ec7-b770-185f4867b9bd,10003752-jjqpBDrWFk6WYmkfqaSxrw,CXR,,No,Female,78.0,Black or African American,,,0,0,0,0,0,0,0,0,0,0,0,0,0,0,0,0,0,0,0,0,0,0,0,0,0,0,0,1,
dg.MD1R/9121311c-fb29-4673-a36e-85e4f5af3a31,10003752-Q5d2zzCLXEWNtnL0HrvGA,CXR,,No,Male,44.0,Black or African American,,,0,0,0,0,0,0,0,0,0,0,0,0,0,0,0,0,0,0,0,0,0,0,0,0,0,0,0,1,
dg.MD1R/b3755ada-f19f-45c1-811c-47acc0666111,10008204-1LPdvM5gqkmQhWE9duFnhg,CXR,,No,Female,64.0,White,,,0,0,0,0,0,0,0,0,0,0,0,0,0,0,0,0,0,0,0,0,0,0,0,0,0,0,0,1,
dg.MD1R/db405dc7-0b86-4ebe-a8a0-3931e9377f4d,10008204-tT68cjPEvEiCjstpnFjvrg,CXR,,No,Female,61.0,White,,,0,0,0,0,0,0,0,0,0,0,0,0,0,0,0,0,0,0,0,0,0,0,0,0,0,0,0,1,
dg.MD1R/331a652c-6704-4894-9391-f94af90e8550,10003752-BJQOZADCEaIGRfh2TFMQ,CXR,,No,Male,67.0,Black or African American,,,0,0,0,0,0,0,0,0,0,0,0,0,0,0,0,0,0,0,0,0,0,0,0,0,0,0,0,1,
dg.MD1R/ec5e6c73-58b3-48a6-b88e-363547db72fa,10008204-7ok62VuaKEim0G3ekqZ72g,CXR,,No,Male,82.0,White,False,False,0,0,0,0,0,0,0,0,0,0,0,0,0,0,0,0,0,0,0,0,0,0,0,0,0,0,0,1,
dg.MD1R/6661915e-1059-4cba-a729-b9b71a35d634,10008204-7Ex40uqguEa6l1qYMz9QHw,CXR,,No,Male,62.0,White,,,0,0,0,0,0,0,0,0,0,0,0,0,0,0,0,0,0,0,0,0,0,0,0,0,0,0,0,1,
dg.MD1R/b6e393cd-26ec-412e-aafe-005a7b458bf1,10008204-iIJmJbD8PU6Qh01NuJsRA,CXR,,No,Female,64.0,White,,,0,0,0,0,0,0,0,0,0,0,0,0,0,0,0,0,0,0,0,0,0,0,0,0,0,0,0,1,
dg.MD1R/9072967a-6aec-4d09-8978-4c566451a9b6,10008204-QM4pJzQr6U29JFVBVzmwew,CXR,,No,Female,77.0,Black or African American,False,False,0,0,0,0,0,0,0,0,0,0,0,0,0,0,0,0,0,0,0,0,0,0,0,0,0,0,0,1,
dg.MD1R/24e5a708-73c7-4164-a074-5fdf628cab67,10008204-eICRL8AYWkaerm16zj515g,CXR,,No,Male,81.0,White,,,0,0,0,0,0,0,0,0,0,0,0,0,0,0,0,0,0,0,0,0,0,0,0,0,0,0,0,1,
dg.MD1R/d293802f-fe84-4821-9be8-a2ce723328d6,10008204-OK50fnNaESSRRzf0mclJQ,CXR,,No,Female,80.0,White,,,0,0,0,0,0,0,0,0,0,0,0,0,0,0,0,0,0,0,0,0,0,0,0,0,0,0,0,1,
dg.MD1R/79f6a1ae-2581-4301-88de-89372338e138,10008204-bboxdZkY7EOtA2PeZMW6NA,CXR,,No,Male,86.0,White,,,0,0,0,0,0,0,0,0,0,0,0,0,0,0,0,0,0,0,0,0,0,0,0,0,0,0,0,1,
dg.MD1R/6a202f8a-4019-49cc-be2e-e581309a969a,10008204-IZ2Ng56u7UygwarYMtwiYw,CXR,,No,Female,75.0,White,,,0,0,0,0,0,0,0,0,0,0,0,0,0,0,0,0,0,0,0,0,0,0,0,0,0,0,0,1,
dg.MD1R/1c740e13-66e6-4413-96d7-ad069c0fe2ac,10008204-foQtw3TuvUaRnsaSD2xJgA,CXR,,No,Female,59.0,White,,,0,0,0,0,0,0,0,0,0,0,0,0,0,0,0,0,0,0,0,0,0,0,0,0,0,0,0,1,
dg.MD1R/00995819-6640-4f5c-aeec-c1284d9dc760,10008204-yrTcD3uuxkq6QONt6NCszA,CXR,,No,Female,68.0,White,,,0,0,0,0,0,0,0,0,0,0,0,0,0,0,0,0,0,0,0,0,0,0,0,0,0,0,0,1,
dg.MD1R/d13b4c0f-9044-4a28-9154-1ff577e5ece9,10008204-GDg3yEwgqUyKftLEwy5S8Q,CXR,,No,Female,68.0,White,,,0,0,0,0,0,0,0,0,0,0,0,0,0,0,0,0,0,0,0,0,0,0,0,0,0,0,0,1,
dg.MD1R/3779fdf7-6041-45a7-8827-bd69dd5f405c,10008204-DuZEPVdhdEuYjsom0B0tcw,CXR,,No,Male,82.0,Black or African American,,,0,0,0,0,0,0,0,0,0,0,0,0,0,0,0,0,0,0,0,0,0,0,0,0,0,0,0,1,
dg.MD1R/25e6e2a3-f12b-4f53-98ec-7e2054b2eb34,10008204-o0HzwrqnZk6rCroiHCocfw,CXR,,No,Male,79.0,White,,,0,0,0,0,0,0,0,0,0,0,0,0,0,0,0,0,0,0,0,0,0,0,0,0,0,0,0,1,
dg.MD1R/fd184df9-62f2-4b42-8e9e-d56012562260,10003752-mPMZIUv6REycB8HhE027Yg,CXR,,No,Female,66.0,Black or African American,,,0,0,0,0,0,0,0,0,0,0,0,0,0,0,0,0,0,0,0,0,0,0,0,0,0,0,0,1,
dg.MD1R/ad0eacae-2e24-446e-9c95-18a35197b6e6,10041569-5IwdWmtiakeB27eBJNDm4A,CXR,,No,Female,60.0,White,False,False,0,0,0,0,0,0,0,0,0,0,0,0,0,0,0,0,0,0,0,0,0,0,0,0,0,0,0,1,
dg.MD1R/0f2a7082-de5f-4717-9516-3bde48c5dedd,10008204-pTTWsemeyEW9QdvnM0XmA,CXR,,No,Male,64.0,White,,,0,0,0,0,0,0,0,0,0,0,0,0,0,0,0,0,0,0,0,0,0,0,0,0,0,0,0,1,
dg.MD1R/36bf0899-a68e-4229-a6c9-3fcce59e1572,10008204-HSK9uogr4UuC4m3s900KQ,CXR,,No,Male,78.0,Black or African American,False,False,0,0,0,0,0,0,0,0,0,0,0,0,0,0,0,0,0,0,0,0,0,0,0,0,0,0,0,1,
dg.MD1R/1361596c-f795-401c-8ed5-485c4fd87195,10003752-BJQOZADCEaIGRfh2TFMQ,CXR,,No,Male,67.0,Black or African American,,,0,0,0,0,0,0,0,0,0,0,0,0,0,0,0,0,0,0,0,0,0,0,0,0,0,0,0,1,
dg.MD1R/b967fd43-fbe4-4416-8234-3ca4bc894269,10008204-3EBYrN2Zj0y1bmMPsjI9g,CXR,,No,Female,,White,,,0,0,0,0,0,0,0,0,0,0,0,0,0,0,0,0,0,0,0,0,0,0,0,0,0,0,0,1,
dg.MD1R/1d29d4d7-0469-4831-ad01-bb61d0f1b934,10003752-uTeUNOg6AUGKMbSHbXZBfw,CXR,,No,Female,54.0,White,,,0,0,0,0,0,0,0,0,0,0,0,0,0,0,0,0,0,0,0,0,0,0,0,0,0,0,0,1,
dg.MD1R/96a872c7-606a-4e75-ae55-7dce48300ace,10008204-bq69iVQQxkKbzIvpjawphg,CXR,,No,Female,,White,,,0,0,0,0,0,0,0,0,0,0,0,0,0,0,0,0,0,0,0,0,0,0,0,0,0,0,0,1,
dg.MD1R/f544aec5-12cd-4b22-b63f-e8cb04733c77,10008204-GLGcFAFvNEum5aEezwlrRA,CXR,,No,Male,79.0,White,,,0,0,0,0,0,0,0,0,0,0,0,0,0,0,0,0,0,0,0,0,0,0,0,0,0,0,0,1,
dg.MD1R/badbbcaf-a6c3-4305-b80f-db7efb856d2f,10008204-3mYGQkBhsUO9jjaf0SwrqQ,CXR,,No,Female,66.0,White,False,False,0,0,0,0,0,0,0,0,0,0,0,0,0,0,0,0,0,0,0,0,0,0,0,0,0,0,0,1,
dg.MD1R/a140dba2-bb86-4679-824d-386bfb437ab2,10008204-ugqJBU8BmEK1q8U9l5yq3g,CXR,,No,Male,84.0,White,False,False,0,0,0,0,0,0,0,0,0,0,0,0,0,0,0,0,0,0,0,0,0,0,0,0,0,0,0,1,
dg.MD1R/4263cb8f-4e3d-460a-ae88-83dcdca81570,10008204-Akbkn1mll0arCYvzqvy0uA,CXR,,No,Male,74.0,White,,,0,0,0,0,0,0,0,0,0,0,0,0,0,0,0,0,0,0,0,0,0,0,0,0,0,0,0,1,
dg.MD1R/847e629c-a989-4a5a-9fbe-afcbad50d0a5,10041569-zkDeEIQdHEq1iUXY0mucw,CXR,,No,Male,76.0,White,False,True,0,0,0,0,0,0,0,0,0,0,0,0,0,0,0,0,0,0,0,0,0,0,0,0,0,0,0,1,
dg.MD1R/a58c533b-72e4-493e-bb29-46794d088e6d,10008204-irfByemqkUGOXLheFPMsxA,CXR,,No,Male,74.0,White,,,0,0,0,0,0,0,0,0,0,0,0,0,0,0,0,0,0,0,0,0,0,0,0,0,0,0,0,1,
dg.MD1R/8827b556-bcad-456f-adfb-07326997eb77,10008204-ueWVyx90Z0qo0F0jp00PGw,CXR,,No,Male,59.0,White,,,0,0,0,0,0,0,0,0,0,0,0,0,0,0,0,0,0,0,0,0,0,0,0,0,0,0,0,1,
dg.MD1R/b7e851b3-b08b-4ce0-b829-7d18f6ee2ccc,10008204-62tChlBgwkSR5m06HO9ug,CXR,,No,Female,82.0,White,,,0,0,0,0,0,0,0,0,0,0,0,0,0,0,0,0,0,0,0,0,0,0,0,0,0,0,0,1,
dg.MD1R/38b9d8f2-c87b-4793-adf1-b0c15bf86221,10008204-6LDwZfnPEuyay39G1gHIA,CXR,,No,Male,59.0,White,,,0,0,0,0,0,0,0,0,0,0,0,0,0,0,0,0,0,0,0,0,0,0,0,0,0,0,0,1,
dg.MD1R/c9e793b7-3f8a-492b-92e4-100383859096,10008204-2e9Vh1wfo0CqV67TdvODLQ,CXR,,No,Female,,Asian,,,0,0,0,0,0,0,0,0,0,0,0,0,0,0,0,0,0,0,0,0,0,0,0,0,0,0,0,1,
dg.MD1R/ee656cbd-f406-45c3-91a8-743104292e03,10041569-kgUsHrvtz0iVTblopXxV1Q,CXR,,No,Male,21.0,White,False,False,0,0,0,0,0,0,0,0,0,0,0,0,0,0,0,0,0,0,0,0,0,0,0,0,0,0,0,1,
dg.MD1R/f3de0da6-527f-4e8b-bf3a-545884912038,10008204-XGP8RbFfkCHyoO1bvj8Eg,CXR,,No,Male,55.0,White,,,0,0,0,0,0,0,0,0,0,0,0,0,0,0,0,0,0,0,0,0,0,0,0,0,0,0,0,1,
dg.MD1R/b5a85f49-d232-4343-83ff-b34640183083,10008204-k28MHoL0DEumzFYeQyJLBQ,CXR,,No,Male,74.0,White,False,False,0,0,0,0,0,0,0,0,0,0,0,0,0,0,0,0,0,0,0,0,0,0,0,0,0,0,0,1,
dg.MD1R/42753d36-df1e-4a6b-bf0d-8bf8a9cf34f4,10008204-xRogx1vTFklYcYnQn6XA,CXR,,No,Female,64.0,White,,,0,0,0,0,0,0,0,0,0,0,0,0,0,0,0,0,0,0,0,0,0,0,0,0,0,0,0,1,
dg.MD1R/3fa24e42-a0e9-456b-bcd3-fd9d94c45a72,10008204-pqlb7ShcEe4nIHELzuUog,CXR,,No,Male,84.0,White,,,0,0,0,0,0,0,0,0,0,0,0,0,0,0,0,0,0,0,0,0,0,0,0,0,0,0,0,1,
dg.MD1R/3eba7006-da3e-46b8-9c35-d8105cf09b03,10008204-8ClAdUlsw0qg5ibE8KFBvQ,CXR,,No,Female,65.0,White,,,0,0,0,0,0,0,0,0,0,0,0,0,0,0,0,0,0,0,0,0,0,0,0,0,0,0,0,1,
dg.MD1R/5db76e45-3fed-41c6-95a2-719f61ca2e85,10008204-6vY7uuZYiUmbyaziz8m4A,CXR,,No,Male,56.0,White,,,0,0,0,0,0,0,0,0,0,0,0,0,0,0,0,0,0,0,0,0,0,0,0,0,0,0,0,1,
dg.MD1R/74670ed9-204f-47bb-913a-c8fdc0d4320e,10003752-BJQOZADCEaIGRfh2TFMQ,CXR,,No,Male,67.0,Black or African American,,,0,0,0,0,0,0,0,0,0,0,0,0,0,0,0,0,0,0,0,0,0,0,0,0,0,0,0,1,
dg.MD1R/d8c52565-9add-4370-8735-9784a8243952,10008204-yCR7dxUWBkCiF7jQ33cgbw,CXR,,No,Male,89.0,White,,,0,0,0,0,0,0,0,0,0,0,0,0,0,0,0,0,0,0,0,0,0,0,0,0,0,0,0,1,
dg.MD1R/07323a03-d150-4e95-942b-bbcf5f4349e0,10003752-TkuAfG1bUkyvml55s66Feg,CXR,,No,Female,71.0,Black or African American,,,0,0,0,0,0,0,0,0,0,0,0,0,0,0,0,0,0,0,0,0,0,0,0,0,0,0,0,1,
dg.MD1R/475f47aa-e7b8-4410-b7f0-c8c71236f8cb,10008204-vb3Yz5LHUGmgxsmTMgjw,CXR,,No,Female,70.0,White,,,0,0,0,0,0,0,0,0,0,0,0,0,0,0,0,0,0,0,0,0,0,0,0,0,0,0,0,1,
dg.MD1R/b59e76f1-d14c-43d1-9e98-cc54ac9662ff,10008204-KSKtCFGvUWgBHt0JgFWw,CXR,,No,Female,64.0,White,,,0,0,0,0,0,0,0,0,0,0,0,0,0,0,0,0,0,0,0,0,0,0,0,0,0,0,0,1,
dg.MD1R/a9fa488e-7662-408c-8dfa-d5b82ad14f72,10003752-DBTwpnYm0G1s6CEzL6nBg,CXR,,No,Female,67.0,White,,,0,0,0,0,0,0,0,0,0,0,0,0,0,0,0,0,0,0,0,0,0,0,0,0,0,0,0,1,
dg.MD1R/f9171638-ab5e-4384-8d54-65f6485b7fd2,10008204-OlKXFbNF5UWUThCFX3wKQ,CXR,,No,Female,87.0,White,,,0,0,0,0,0,0,0,0,0,0,0,0,0,0,0,0,0,0,0,0,0,0,0,0,0,0,0,1,
dg.MD1R/1969a496-e7e1-40b1-b553-4963e886e4ec,10008204-8B81PojsP0eB6lOeBmfB2Q,CXR,,No,Male,75.0,White,,,0,0,0,0,0,0,0,0,0,0,0,0,0,0,0,0,0,0,0,0,0,0,0,0,0,0,0,1,
dg.MD1R/ebd2feb6-24ce-48d9-b4ad-cf03e7e10ef5,10008204-DWsT0Ke0SSzPZVozi73Q,CXR,,No,Male,62.0,White,False,False,0,0,0,0,0,0,0,0,0,0,0,0,0,0,0,0,0,0,0,0,0,0,0,0,0,0,0,1,
dg.MD1R/d016a7a7-57b9-4719-a972-0c5283186e08,10003752-uhiTJMXnwUV0wTu65VkoA,CXR,,No,Female,64.0,Black or African American,,,0,0,0,0,0,0,0,0,0,0,0,0,0,0,0,0,0,0,0,0,0,0,0,0,0,0,0,1,
dg.MD1R/4547e5f0-6e5d-4adc-812f-fcd4260d5739,10008204-FeAWSKEqHkGlmHAgfOv2Tw,CXR,,No,Female,81.0,White,,,0,0,0,0,0,0,0,0,0,0,0,0,0,0,0,0,0,0,0,0,0,0,0,0,0,0,0,1,
dg.MD1R/1eb5f4bb-ea42-4cb2-8d66-b781b2d727fe,10003752-zO8FtL7xxUyb6i6Nb3Erw,CXR,,No,Male,41.0,Not Reported,,,0,0,0,0,0,0,0,0,0,0,0,0,0,0,0,0,0,0,0,0,0,0,0,0,0,0,0,1,
dg.MD1R/9d6e88a2-4aab-46a9-a97a-90fdfe3058f0,10008204-QnFXFyC6LUGJTnRqeblc2g,CXR,,No,Male,78.0,White,,,0,0,0,0,0,0,0,0,0,0,0,0,0,0,0,0,0,0,0,0,0,0,0,0,0,0,0,1,
dg.MD1R/34ce3585-3cf6-43bc-9567-9ea712a624f8,10008204-cH1yHrJiU6S6iGhq8uNYQ,CXR,,No,Male,48.0,White,,,0,0,0,0,0,0,0,0,0,0,0,0,0,0,0,0,0,0,0,0,0,0,0,0,0,0,0,1,
dg.MD1R/de3cddce-1275-464f-98ba-c376e49d50fc,10003752-DUT5Bezg3kq9HEzmcC0VFA,CXR,,No,Female,28.0,Black or African American,,,0,0,0,0,0,0,0,0,0,0,0,0,0,0,0,0,0,0,0,0,0,0,0,0,0,0,0,1,
dg.MD1R/73bf5b77-39b4-4f45-b775-dd78619322d2,10008204-kxGiaidxkWLzsDKXy0rTA,CXR,,No,Female,30.0,Black or African American,False,False,0,0,0,0,0,0,0,0,0,0,0,0,0,0,0,0,0,0,0,0,0,0,0,0,0,0,0,1,
dg.MD1R/b92b872a-d7f1-4cbb-8628-db1e2a98f585,10008204-DW9vx98uE2mJ7qntWDoYg,CXR,,No,Female,72.0,White,,,0,0,0,0,0,0,0,0,0,0,0,0,0,0,0,0,0,0,0,0,0,0,0,0,0,0,0,1,
dg.MD1R/49b4cb77-72d2-463f-8538-753691db4b47,10041569-gwHDfcZfLEyBg6rU3TCdA,CXR,,No,Female,45.0,Black or African American,False,False,0,0,0,0,0,0,0,0,0,0,0,0,0,0,0,0,0,0,0,0,0,0,0,0,0,0,0,1,
dg.MD1R/9227a27f-b248-4323-8356-cc2a1e27dfb2,10008204-7sBGWBMWnUyPF52I7USmUg,CXR,,No,Female,61.0,Asian,,,0,0,0,0,0,0,0,0,0,0,0,0,0,0,0,0,0,0,0,0,0,0,0,0,0,0,0,1,
dg.MD1R/41615977-b83a-432e-a9f1-69518de186f2,10008204-qI7VaIvExUa0fApENvi8Dw,CXR,,No,Male,58.0,White,False,False,0,0,0,0,0,0,0,0,0,0,0,0,0,0,0,0,0,0,0,0,0,0,0,0,0,0,0,1,
dg.MD1R/77da5b52-c65e-4634-b307-400e15e06175,10008204-ZRJBgLTSEkSvU1UevPhtw,CXR,,No,Male,82.0,White,,,0,0,0,0,0,0,0,0,0,0,0,0,0,0,0,0,0,0,0,0,0,0,0,0,0,0,0,1,
dg.MD1R/32b31159-43f4-41fd-af6c-ae8b2f629ed5,10008204-Rl4CqeLvpkB3r1cJisAw,CXR,,No,Female,89.0,White,False,False,0,0,0,0,0,0,0,0,0,0,0,0,0,0,0,0,0,0,0,0,0,0,0,0,0,0,0,1,
dg.MD1R/feb6ae09-b4c4-411b-a5ed-7832b723d8ec,10008204-7ok62VuaKEim0G3ekqZ72g,CXR,,No,Male,82.0,White,False,False,0,0,0,0,0,0,0,0,0,0,0,0,0,0,0,0,0,0,0,0,0,0,0,0,0,0,0,1,
dg.MD1R/457fa37d-538c-4607-85ce-082044e482f7,10008204-AJlB4r8Ic026UaxfpCfZgg,CXR,,No,Female,16.0,White,,,0,0,0,0,0,0,0,0,0,0,0,0,0,0,0,0,0,0,0,0,0,0,0,0,0,0,0,1,
dg.MD1R/dce9c50c-23c1-4afe-85ed-0e3fcc2335ec,10008204-RE7dTmZYJ0KZcZBdJprA,CXR,,No,Male,67.0,White,,,0,0,0,0,0,0,0,0,0,0,0,0,0,0,0,0,0,0,0,0,0,0,0,0,0,0,0,1,
dg.MD1R/cb2e5cea-bb7a-4b15-b8c5-2f2eb2ca1e14,10008204-AakolOmO0Emb1Ey3e37fYg,CXR,,No,Male,38.0,White,False,False,0,0,0,0,0,0,0,0,0,0,0,0,0,0,0,0,0,0,0,0,0,0,0,0,0,0,0,1,
dg.MD1R/7b102181-957a-4428-97b1-31a0b7a70b49,10008204-AdOvpPPsEu4Ul3y7gCbaw,CXR,,No,Male,78.0,White,,,0,0,0,0,0,0,0,0,0,0,0,0,0,0,0,0,0,0,0,0,0,0,0,0,0,0,0,1,
dg.MD1R/01521bb0-05f9-4d39-ad1f-0099a636f774,10008204-T3V0ySM0cE241lrW8Qlaxg,CXR,,No,Female,78.0,White,False,False,0,0,0,0,0,0,0,0,0,0,0,0,0,0,0,0,0,0,0,0,0,0,0,0,0,0,0,1,
dg.MD1R/bbffff03-f200-4668-8b33-fe025f1929b8,10008204-v2cLAVYqQUeHavWiqfaaA,CXR,,No,Female,86.0,White,False,False,0,0,0,0,0,0,0,0,0,0,0,0,0,0,0,0,0,0,0,0,0,0,0,0,0,0,0,1,
dg.MD1R/3c804667-24f8-4150-b471-a51f16811a83,10008204-jjzIuZFt3Uqor7E79XDtZg,CXR,,No,Female,58.0,White,,,0,0,0,0,0,0,0,0,0,0,0,0,0,0,0,0,0,0,0,0,0,0,0,0,0,0,0,1,
dg.MD1R/101c7ddf-0b14-4bcc-8352-7cf123c51518,10008204-T2d8FvmWkkeo7C8jbnLoDg,CXR,,No,Male,78.0,White,,,0,0,0,0,0,0,0,0,0,0,0,0,0,0,0,0,0,0,0,0,0,0,0,0,0,0,0,1,
dg.MD1R/bcd13b44-20c2-4681-8af1-f235e89ec52f,10008204-1LGrutickaFtOlwwBNvWA,CXR,,No,Female,70.0,White,,,0,0,0,0,0,0,0,0,0,0,0,0,0,0,0,0,0,0,0,0,0,0,0,0,0,0,0,1,
dg.MD1R/74f415e6-8c22-464f-94d3-f6b941a556d0,10003752-TpQRU6impECqZPa3lv3pbQ,CXR,,No,Female,40.0,Black or African American,,,0,0,0,0,0,0,0,0,0,0,0,0,0,0,0,0,0,0,0,0,0,0,0,0,0,0,0,1,
dg.MD1R/1e0fa3b1-8164-4219-a0df-3006f32e8f4d,10008204-kI5RBad5W0KsYg5COADAAQ,CXR,,No,Female,76.0,White,,,0,0,0,0,0,0,0,0,0,0,0,0,0,0,0,0,0,0,0,0,0,0,0,0,0,0,0,1,
dg.MD1R/8974878d-56bf-450f-9cb1-25b3aac7d8d6,10008204-gV5vs6YUeCBRMZvpKw,CXR,,No,Male,55.0,White,False,False,0,0,0,0,0,0,0,0,0,0,0,0,0,0,0,0,0,0,0,0,0,0,0,0,0,0,0,1,
dg.MD1R/610941eb-10dc-4502-810e-5a07873c1480,10008204-1LGrutickaFtOlwwBNvWA,CXR,,No,Female,70.0,White,,,0,0,0,0,0,0,0,0,0,0,0,0,0,0,0,0,0,0,0,0,0,0,0,0,0,0,0,1,
dg.MD1R/69cc9dd1-2c64-449c-a376-a68398f34d25,10008204-jckQQgozECbCoq4AdsCgg,CXR,,No,Male,86.0,Black or African American,False,False,0,0,0,0,0,0,0,0,0,0,0,0,0,0,0,0,0,0,0,0,0,0,0,0,0,0,0,1,
dg.MD1R/03b9e31b-d85b-40af-94ff-b991e6687a73,10008204-bq69iVQQxkKbzIvpjawphg,CXR,,No,Female,,White,,,0,0,0,0,0,0,0,0,0,0,0,0,0,0,0,0,0,0,0,0,0,0,0,0,0,0,0,1,
dg.MD1R/3252cfc3-2a0d-4d8d-91ea-8f96e98f6cd9,10008204-ApbMviCjD0uonifjNP6Bwg,CXR,,No,Female,72.0,Black or African American,False,False,0,0,0,0,0,0,0,0,0,0,0,0,0,0,0,0,0,0,0,0,0,0,0,0,0,0,0,1,
dg.MD1R/39be1c6e-119e-477b-9de2-b42d27d68756,10008204-159uY9v0kU2dVGYBaAGyfw,CXR,,No,Male,47.0,White,,,0,0,0,0,0,0,0,0,0,0,0,0,0,0,0,0,0,0,0,0,0,0,0,0,0,0,0,1,
dg.MD1R/fb5fa29a-b367-401d-8ae1-34d359c8e8d9,10008204-Tuo6XJfMqUWuDTxnYpkYw,CXR,,No,Male,67.0,White,,,0,0,0,0,0,0,0,0,0,0,0,0,0,0,0,0,0,0,0,0,0,0,0,0,0,0,0,1,
dg.MD1R/350fda53-4c04-4e6a-98a3-fa5f906ddf05,10003752-OWAPkfcekaIs7IL3wBwXg,CXR,,No,Male,77.0,Black or African American,,,0,0,0,0,0,0,0,0,0,0,0,0,0,0,0,0,0,0,0,0,0,0,0,0,0,0,0,1,
dg.MD1R/92b8ae1f-e581-4b3a-8a16-c078a4455af5,10003752-BJQOZADCEaIGRfh2TFMQ,CXR,,No,Male,67.0,Black or African American,,,0,0,0,0,0,0,0,0,0,0,0,0,0,0,0,0,0,0,0,0,0,0,0,0,0,0,0,1,
dg.MD1R/49edddb8-9a55-4d90-b983-76ca79df865b,10008204-lyvWVR5RS0qiclLim4j5mA,CXR,,No,Male,86.0,White,False,False,0,0,0,0,0,0,0,0,0,0,0,0,0,0,0,0,0,0,0,0,0,0,0,0,0,0,0,1,
dg.MD1R/51c36ddb-7ed5-4ac7-aa07-b60d72da2ff9,10008204-2ik2QHJ2X0iZeWXYgYxVRw,CXR,,No,Female,89.0,White,False,False,0,0,0,0,0,0,0,0,0,0,0,0,0,0,0,0,0,0,0,0,0,0,0,0,0,0,0,1,
dg.MD1R/035f370a-e213-4cbd-8cf4-6ef777450e21,10003752-GTeWq2W5gU6wsHUF6LoqlA,CXR,,No,Male,78.0,White,,,0,0,0,0,0,0,0,0,0,0,0,0,0,0,0,0,0,0,0,0,0,0,0,0,0,0,0,1,
dg.MD1R/1f91a902-f678-4eac-a9f4-67bd32203824,10008204-tblSTu9bE2Fn5KKppQhbQ,CXR,,No,Female,18.0,White,,,0,0,0,0,0,0,0,0,0,0,0,0,0,0,0,0,0,0,0,0,0,0,0,0,0,0,0,1,
dg.MD1R/5074c41b-e056-422d-9ed0-188efa3f6a54,10003752-GTeWq2W5gU6wsHUF6LoqlA,CXR,,No,Male,78.0,White,,,0,0,0,0,0,0,0,0,0,0,0,0,0,0,0,0,0,0,0,0,0,0,0,0,0,0,0,1,
dg.MD1R/17c1a2d3-0ac2-468d-83ef-2efca066ecf3,10008204-ZLJow4l640S7tVjcE7fCkA,CXR,,No,Male,87.0,White,,,0,0,0,0,0,0,0,0,0,0,0,0,0,0,0,0,0,0,0,0,0,0,0,0,0,0,0,1,
dg.MD1R/aff93581-c865-4ec4-8133-ab5ced8cb142,10008204-Jta4aq94CkmXNunc44w05g,CXR,,No,Female,66.0,White,False,False,0,0,0,0,0,0,0,0,0,0,0,0,0,0,0,0,0,0,0,0,0,0,0,0,0,0,0,1,
dg.MD1R/b0dfca1b-74a1-4034-b7b7-e01fce15892d,10003752-dsjzyGYdLkSWjmbrhnDQqA,CXR,,No,Female,14.0,Black or African American,,,0,0,0,0,0,0,0,0,0,0,0,0,0,0,0,0,0,0,0,0,0,0,0,0,0,0,0,1,
dg.MD1R/d366cdb0-802d-48ae-a2bf-4be72c91f0b8,10008204-LhQNEF37e0GMeMuw6WJNcA,CXR,,No,Female,88.0,Black or African American,,,0,0,0,0,0,0,0,0,0,0,0,0,0,0,0,0,0,0,0,0,0,0,0,0,0,0,0,1,
dg.MD1R/169d4e10-32b7-4a30-aa6d-8034d2c2009f,10008204-yrTcD3uuxkq6QONt6NCszA,CXR,,No,Female,68.0,White,,,0,0,0,0,0,0,0,0,0,0,0,0,0,0,0,0,0,0,0,0,0,0,0,0,0,0,0,1,
dg.MD1R/e31f498f-8f41-41d1-ad47-8e7ac3aac8ff,10008204-hiWgGI8KfEeYWhXVGvgkg,CXR,,No,Female,77.0,White,False,False,0,0,0,0,0,0,0,0,0,0,0,0,0,0,0,0,0,0,0,0,0,0,0,0,0,0,0,1,
dg.MD1R/9c4538df-f3b7-4102-85ff-91f8cb6d9baa,10008204-1hKQNyO77EeuD9zLSQTdeQ,CXR,,No,Male,56.0,White,,,0,0,0,0,0,0,0,0,0,0,0,0,0,0,0,0,0,0,0,0,0,0,0,0,0,0,0,1,
dg.MD1R/0d2842b1-6d57-44a6-b1f9-f75d590c6ee3,10041569-0JZvP6q0c0GXHmKlZjDMDw,CXR,,No,Female,55.0,Black or African American,False,True,0,0,0,0,0,0,0,0,0,0,0,0,0,0,0,0,0,0,0,0,0,0,0,0,0,0,0,1,
dg.MD1R/cef610ad-0273-430e-92a9-458709710039,10008204-05oSQAcz1UC2OTICiDQArQ,CXR,,No,Male,73.0,White,,,0,0,0,0,0,0,0,0,0,0,0,0,0,0,0,0,0,0,0,0,0,0,0,0,0,0,0,1,
dg.MD1R/3048596b-e1ca-45a0-8a71-f3f3d4249a5d,10008204-UIY0kleKkWiYiBWyeYEg,CXR,,No,Female,71.0,White,,,0,0,0,0,0,0,0,0,0,0,0,0,0,0,0,0,0,0,0,0,0,0,0,0,0,0,0,1,
dg.MD1R/4edbd4b3-5b49-4ae6-a810-b475e2854b92,10008204-bboxdZkY7EOtA2PeZMW6NA,CXR,,No,Male,86.0,White,,,0,0,0,0,0,0,0,0,0,0,0,0,0,0,0,0,0,0,0,0,0,0,0,0,0,0,0,1,
dg.MD1R/080dbe0a-5de5-457f-9ed1-3c24a3057a7c,10008204-b7j4sIakUqTB2YI4awZdg,CXR,,No,Male,54.0,White,,,0,0,0,0,0,0,0,0,0,0,0,0,0,0,0,0,0,0,0,0,0,0,0,0,0,0,0,1,
dg.MD1R/76f2d867-42b7-4e6d-9ba7-fddb79e45835,10008204-tmSysTw8iUyBoM0r51oxyQ,CXR,,No,Male,38.0,White,,,0,0,0,0,0,0,0,0,0,0,0,0,0,0,0,0,0,0,0,0,0,0,0,0,0,0,0,1,
dg.MD1R/6428992d-fe51-48fc-acd0-456fd81cf7b9,10008204-9cd0H1oeikywQttTtWNH4w,CXR,,No,Female,,White,,,0,0,0,0,0,0,0,0,0,0,0,0,0,0,0,0,0,0,0,0,0,0,0,0,0,0,0,1,
dg.MD1R/74913f75-8b13-4fae-8d6d-82ce9a9c3632,10008204-AakolOmO0Emb1Ey3e37fYg,CXR,,No,Male,38.0,White,False,False,0,0,0,0,0,0,0,0,0,0,0,0,0,0,0,0,0,0,0,0,0,0,0,0,0,0,0,1,
dg.MD1R/5a30d763-ad3b-47e3-be05-a5820603b204,10008204-Jta4aq94CkmXNunc44w05g,CXR,,No,Female,66.0,White,False,False,0,0,0,0,0,0,0,0,0,0,0,0,0,0,0,0,0,0,0,0,0,0,0,0,0,0,0,1,
dg.MD1R/d4844bd1-63da-4eb1-a5d9-16b060c1537c,10003752-OWAPkfcekaIs7IL3wBwXg,CXR,,No,Male,77.0,Black or African American,,,0,0,0,0,0,0,0,0,0,0,0,0,0,0,0,0,0,0,0,0,0,0,0,0,0,0,0,1,
dg.MD1R/8704fcaf-22ed-4674-9807-42be5ad0bbeb,10003752-RZc9bEBsVkut7DDFhHPdWw,CXR,,No,Male,45.0,Not Reported,,,0,0,0,0,0,0,0,0,0,0,0,0,0,0,0,0,0,0,0,0,0,0,0,0,0,0,0,1,
dg.MD1R/59ddc54b-543c-4df2-8cab-c983e1ffa085,10008204-bboxdZkY7EOtA2PeZMW6NA,CXR,,No,Male,86.0,White,,,0,0,0,0,0,0,0,0,0,0,0,0,0,0,0,0,0,0,0,0,0,0,0,0,0,0,0,1,
dg.MD1R/c988b3e3-6956-4360-b34b-a8d6048835ca,10008204-GFfyHhiRkuwtsibLB9z7A,CXR,,No,Female,69.0,White,,,0,0,0,0,0,0,0,0,0,0,0,0,0,0,0,0,0,0,0,0,0,0,0,0,0,0,0,1,
dg.MD1R/a53c363f-76ec-4184-ba9c-8b2a8e6a8191,10008204-k28MHoL0DEumzFYeQyJLBQ,CXR,,No,Male,74.0,White,False,False,0,0,0,0,0,0,0,0,0,0,0,0,0,0,0,0,0,0,0,0,0,0,0,0,0,0,0,1,
dg.MD1R/e27ff14d-0c6c-4228-87ba-d51d2f0a30f7,10008204-r0pSdLVk5UaNIbDw9eSuQ,CXR,,No,Female,78.0,White,False,False,0,0,0,0,0,0,0,0,0,0,0,0,0,0,0,0,0,0,0,0,0,0,0,0,0,0,0,1,
dg.MD1R/f64a7db8-8c8d-44d1-a3fd-bb05756bd789,10008204-T1Icgu3KB0Qcw6o9us65A,CXR,,No,Male,80.0,White,False,False,0,0,0,0,0,0,0,0,0,0,0,0,0,0,0,0,0,0,0,0,0,0,0,0,0,0,0,1,
dg.MD1R/b2a183cc-ad87-453a-b795-72c417197934,10003752-KPZhLvk43U2JATzfCiVx4w,CXR,,No,Male,31.0,Not Reported,,,0,0,0,0,0,0,0,0,0,0,0,0,0,0,0,0,0,0,0,0,0,0,0,0,0,0,0,1,
dg.MD1R/06083b9e-b95c-44e9-a850-e49412dc9750,10003752-xdwNvdd5k24iW0um7QUrg,CXR,,No,Male,65.0,White,,,0,0,0,0,0,0,0,0,0,0,0,0,0,0,0,0,0,0,0,0,0,0,0,0,0,0,0,1,
dg.MD1R/306ef770-a108-4d10-ba0c-0cb81324e606,10008204-tTgrJRT8TkqnvH1OdRTXdA,CXR,,No,Male,60.0,White,,,0,0,0,0,0,0,0,0,0,0,0,0,0,0,0,0,0,0,0,0,0,0,0,0,0,0,0,1,
dg.MD1R/9771bf51-c6e2-4805-bbb8-95c21fa01ff7,10008204-OlKXFbNF5UWUThCFX3wKQ,CXR,,No,Female,87.0,White,,,0,0,0,0,0,0,0,0,0,0,0,0,0,0,0,0,0,0,0,0,0,0,0,0,0,0,0,1,
dg.MD1R/5634bcdf-17f4-4a8d-a561-f2ff33c34c79,10008204-0jUvhgX88Uu0IDONFmrbzQ,CXR,,No,Male,75.0,White,,,0,0,0,0,0,0,0,0,0,0,0,0,0,0,0,0,0,0,0,0,0,0,0,0,0,0,0,1,
dg.MD1R/744ed049-c322-447f-8912-eeef8b7f0192,10008204-n6cTVGOUckG6vAOEkUjTA,CXR,,No,Male,88.0,White,False,False,0,0,0,0,0,0,0,0,0,0,0,0,0,0,0,0,0,0,0,0,0,0,0,0,0,0,0,1,
dg.MD1R/81fa499b-5d26-4447-826f-12a4acdda71f,10008204-Fj4JjmtxGUSwGqgLa7MBYg,CXR,,No,Female,59.0,White,False,False,0,0,0,0,0,0,0,0,0,0,0,0,0,0,0,0,0,0,0,0,0,0,0,0,0,0,0,1,
dg.MD1R/332306d6-54b4-44f9-899c-cc31a24e5aab,10008204-LanJI8PmsEC6jh890OX06w,CXR,,No,Male,61.0,White,,,0,0,0,0,0,0,0,0,0,0,0,0,0,0,0,0,0,0,0,0,0,0,0,0,0,0,0,1,
dg.MD1R/7629b865-e8f0-4249-858a-60ac38616456,10008204-e6fAX7psgEWkoh3zJukHA,CXR,,No,Male,87.0,White,,,0,0,0,0,0,0,0,0,0,0,0,0,0,0,0,0,0,0,0,0,0,0,0,0,0,0,0,1,
dg.MD1R/a60cda40-6ddd-4306-b970-fa192a5788e1,10008204-Dk83Z3nE7kulwnElBmQVtg,CXR,,No,Male,54.0,White,,,0,0,0,0,0,0,0,0,0,0,0,0,0,0,0,0,0,0,0,0,0,0,0,0,0,0,0,1,
dg.MD1R/de81af22-76a4-4b09-a664-2805bcbe9246,10003752-0tqdyx3rkGSBDEsNuTqA,CXR,,No,Male,67.0,Not Reported,,,0,0,0,0,0,0,0,0,0,0,0,0,0,0,0,0,0,0,0,0,0,0,0,0,0,0,0,1,
dg.MD1R/c69a1132-a164-4040-b326-e7ab363df0dc,10008204-KuMWkNc3J0ie7bNNd2MGQ,CXR,,No,Female,82.0,White,,,0,0,0,0,0,0,0,0,0,0,0,0,0,0,0,0,0,0,0,0,0,0,0,0,0,0,0,1,
dg.MD1R/cba882b3-018d-4f8a-9e5c-e111cd496162,10008204-4yLqyO2rkWVxWaAZawGgA,CXR,,No,Male,81.0,White,False,False,0,0,0,0,0,0,0,0,0,0,0,0,0,0,0,0,0,0,0,0,0,0,0,0,0,0,0,1,
dg.MD1R/36ab8a38-198f-4d6e-ac1c-6a6c945f4136,10003752-KXjQlUtEsUSsNjPFnPQuvA,CXR,,No,Female,32.0,Black or African American,,,0,0,0,0,0,0,0,0,0,0,0,0,0,0,0,0,0,0,0,0,0,0,0,0,0,0,0,1,
dg.MD1R/299eeae8-eb67-423b-94fb-1a44236ab154,10008204-ZG2tU9EAd0aIXbat1hJKxw,CXR,,No,Male,64.0,White,,,0,0,0,0,0,0,0,0,0,0,0,0,0,0,0,0,0,0,0,0,0,0,0,0,0,0,0,1,
dg.MD1R/07931c26-5b6d-4e2f-ba03-d7074dfd0b31,10008204-0wk0xLgx706FQuZTwX5Rvw,CXR,,No,Male,,White,,,0,0,0,0,0,0,0,0,0,0,0,0,0,0,0,0,0,0,0,0,0,0,0,0,0,0,0,1,
dg.MD1R/3812c61d-6077-4b84-84a2-436dc9c6640c,10003752-OWAPkfcekaIs7IL3wBwXg,CXR,,No,Male,77.0,Black or African American,,,0,0,0,0,0,0,0,0,0,0,0,0,0,0,0,0,0,0,0,0,0,0,0,0,0,0,0,1,
dg.MD1R/d5c2c80e-e0ed-49d5-a141-1022b3433863,10008204-DFsBNDVJU6zOvUjCfaM4Q,CXR,,No,Female,79.0,White,False,False,0,0,0,0,0,0,0,0,0,0,0,0,0,0,0,0,0,0,0,0,0,0,0,0,0,0,0,1,
dg.MD1R/0a713ddf-3165-48b4-a98d-81ddcba22b59,10008204-JOBOcUjmI0VptI4v1hZgw,CXR,,No,Male,81.0,White,False,False,0,0,0,0,0,0,0,0,0,0,0,0,0,0,0,0,0,0,0,0,0,0,0,0,0,0,0,1,
dg.MD1R/936d367f-4928-45ac-a43c-a1c8f985a689,10008204-hkpaZgyZb0m5d3oJvsKRGQ,CXR,,No,Male,74.0,White,False,False,0,0,0,0,0,0,0,0,0,0,0,0,0,0,0,0,0,0,0,0,0,0,0,0,0,0,0,1,
dg.MD1R/98964024-e8b7-4cef-884b-8e4f7c4afb77,10003752-PLKBoeDYvUW3JoE03ulsQ,CXR,,No,Female,72.0,Black or African American,,,0,0,0,0,0,0,0,0,0,0,0,0,0,0,0,0,0,0,0,0,0,0,0,0,0,0,0,1,
dg.MD1R/263f8f00-efbe-442b-bb48-bcf06c17bb04,10008204-t7Em8QQ5d0awrlAEg3Uw3g,CXR,,No,Female,68.0,White,,,0,0,0,0,0,0,0,0,0,0,0,0,0,0,0,0,0,0,0,0,0,0,0,0,0,0,0,1,
dg.MD1R/3e0d384c-79d5-435b-9f80-5e0a723239d4,10008204-admGFrj14UAUemkf1oNAA,CXR,,No,Male,71.0,White,,,0,0,0,0,0,0,0,0,0,0,0,0,0,0,0,0,0,0,0,0,0,0,0,0,0,0,0,1,
dg.MD1R/20d65f7e-9578-4a85-b069-7bdc5f0eb281,10003752-Geux5NfkYUS2d765e2ZuAA,CXR,,No,Female,72.0,Black or African American,,,0,0,0,0,0,0,0,0,0,0,0,0,0,0,0,0,0,0,0,0,0,0,0,0,0,0,0,1,
dg.MD1R/d6a56ee8-fddb-45bc-94ff-19b73b5389a5,10008204-BPatqW3knEunewJ3emnNQ,CXR,,No,Female,80.0,White,,,0,0,0,0,0,0,0,0,0,0,0,0,0,0,0,0,0,0,0,0,0,0,0,0,0,0,0,1,
dg.MD1R/b3b43efc-2f15-454e-b8d5-7d2fdd5e0e6a,10003752-RZc9bEBsVkut7DDFhHPdWw,CXR,,No,Male,45.0,Not Reported,,,0,0,0,0,0,0,0,0,0,0,0,0,0,0,0,0,0,0,0,0,0,0,0,0,0,0,0,1,
dg.MD1R/487777e8-527d-4318-99bb-f3ab07a56778,10003752-BJQOZADCEaIGRfh2TFMQ,CXR,,No,Male,67.0,Black or African American,,,0,0,0,0,0,0,0,0,0,0,0,0,0,0,0,0,0,0,0,0,0,0,0,0,0,0,0,1,
dg.MD1R/f6417d7e-a2e3-4cbf-8044-4cd660a50f17,10008204-UIY0kleKkWiYiBWyeYEg,CXR,,No,Female,71.0,White,,,0,0,0,0,0,0,0,0,0,0,0,0,0,0,0,0,0,0,0,0,0,0,0,0,0,0,0,1,
dg.MD1R/0df90842-1892-4a14-af00-a2cea0b37c16,10008204-29pHrUp1XkuVrK733wdeQ,CXR,,No,Female,75.0,White,False,False,0,0,0,0,0,0,0,0,0,0,0,0,0,0,0,0,0,0,0,0,0,0,0,0,0,0,0,1,
dg.MD1R/fc5e4c30-1128-4637-8b02-a0a15a292e32,10008204-0jUvhgX88Uu0IDONFmrbzQ,CXR,,No,Male,75.0,White,,,0,0,0,0,0,0,0,0,0,0,0,0,0,0,0,0,0,0,0,0,0,0,0,0,0,0,0,1,
dg.MD1R/faf1748f-9002-4280-8fb5-7949d7d60008,10008204-wE7jMyC6K0qTBEmUq3aS4w,CXR,,No,Female,55.0,White,,,0,0,0,0,0,0,0,0,0,0,0,0,0,0,0,0,0,0,0,0,0,0,0,0,0,0,0,1,
dg.MD1R/0e99e679-7bb5-4d14-a6a6-4716e208ba8b,10008204-5joi9pUUSWkxUVxhHYsw,CXR,,No,Male,78.0,White,,,0,0,0,0,0,0,0,0,0,0,0,0,0,0,0,0,0,0,0,0,0,0,0,0,0,0,0,1,
dg.MD1R/d400e7e4-215b-47ec-94e4-8ab0a5b92cac,10003752-1thboGaVPE2ReD72mNyQA,CXR,,No,Male,57.0,Black or African American,,,0,0,0,0,0,0,0,0,0,0,0,0,0,0,0,0,0,0,0,0,0,0,0,0,0,0,0,1,
dg.MD1R/968a4ad6-288d-4044-8da6-e437067b6b35,10003752-zO8FtL7xxUyb6i6Nb3Erw,CXR,,No,Male,41.0,Not Reported,,,0,0,0,0,0,0,0,0,0,0,0,0,0,0,0,0,0,0,0,0,0,0,0,0,0,0,0,1,
dg.MD1R/ece59b6d-20ae-417a-aa52-d1e6e294c9d3,10041569-jZdxiNjRf0yDN9hShOM0oQ,CXR,,No,Female,53.0,Black or African American,False,False,0,0,0,0,0,0,0,0,0,0,0,0,0,0,0,0,0,0,0,0,0,0,0,0,0,0,0,1,
dg.MD1R/86aebea3-27c1-4612-8021-491744b8dd7e,10008204-vGROuuJcEulDoUNS3fO4Q,CXR,,No,Female,69.0,White,,,0,0,0,0,0,0,0,0,0,0,0,0,0,0,0,0,0,0,0,0,0,0,0,0,0,0,0,1,
dg.MD1R/4d322ec6-a2d4-4051-8bc8-bfd484bc8063,10008204-n6cTVGOUckG6vAOEkUjTA,CXR,,No,Male,88.0,White,False,False,0,0,0,0,0,0,0,0,0,0,0,0,0,0,0,0,0,0,0,0,0,0,0,0,0,0,0,1,
dg.MD1R/d4c20219-714c-4eaf-a1c6-d30c68fc4ff1,10008204-Lw9ymcEx0ao33oHZ0c7Q,CXR,,No,Female,71.0,Black or African American,,,0,0,0,0,0,0,0,0,0,0,0,0,0,0,0,0,0,0,0,0,0,0,0,0,0,0,0,1,
dg.MD1R/7ae457b3-36a7-4f18-bd0a-e9abcc7562d2,10008204-ixpGWilj3UatVbDB4HQeEQ,CXR,,No,Male,80.0,White,False,False,0,0,0,0,0,0,0,0,0,0,0,0,0,0,0,0,0,0,0,0,0,0,0,0,0,0,0,1,
dg.MD1R/1a33b36e-0297-4016-a5ef-a535ef76468f,10008204-wvA8mH2pFkOT5nOFUwz6Q,CXR,,No,Male,57.0,White,,,0,0,0,0,0,0,0,0,0,0,0,0,0,0,0,0,0,0,0,0,0,0,0,0,0,0,0,1,
dg.MD1R/f88b83d5-4471-4977-b460-b764bbbdb0a7,10008204-9cd0H1oeikywQttTtWNH4w,CXR,,No,Female,,White,,,0,0,0,0,0,0,0,0,0,0,0,0,0,0,0,0,0,0,0,0,0,0,0,0,0,0,0,1,
dg.MD1R/36029867-ab08-4a0e-a059-708bf15ef31e,10003752-v32z2Yno5kGsu868N4l7Cg,CXR,,No,Male,63.0,Black or African American,,,0,0,0,0,0,0,0,0,0,0,0,0,0,0,0,0,0,0,0,0,0,0,0,0,0,0,0,1,
dg.MD1R/98e54849-04be-49ab-89d1-99e6211b280f,10003752-qBHMjsf6MEOYauclCcFsg,CXR,,No,Male,74.0,Black or African American,,,0,0,0,0,0,0,0,0,0,0,0,0,0,0,0,0,0,0,0,0,0,0,0,0,0,0,0,1,
dg.MD1R/dcd24d6a-16fd-4329-ab40-de54782e5f56,10008204-DJCDtuXGF0q9NZSfTeIYmQ,CXR,,No,Female,,White,False,False,0,0,0,0,0,0,0,0,0,0,0,0,0,0,0,0,0,0,0,0,0,0,0,0,0,0,0,1,
dg.MD1R/72ee4d8a-9b36-46c1-adeb-7252aadce804,10003752-uhiTJMXnwUV0wTu65VkoA,CXR,,No,Female,64.0,Black or African American,,,0,0,0,0,0,0,0,0,0,0,0,0,0,0,0,0,0,0,0,0,0,0,0,0,0,0,0,1,
dg.MD1R/c94e6643-ad47-40b1-810e-93ea32a7d397,10008204-QGFum3F4ZUCiamSCF21caQ,CXR,,No,Male,41.0,White,False,False,0,0,0,0,0,0,0,0,0,0,0,0,0,0,0,0,0,0,0,0,0,0,0,0,0,0,0,1,
dg.MD1R/13de38b6-78d5-41c6-9d2f-c2a7123565b8,10008204-x9SrMnOKFUCWmX8JOpQIOw,CXR,,No,Male,88.0,White,False,False,0,0,0,0,0,0,0,0,0,0,0,0,0,0,0,0,0,0,0,0,0,0,0,0,0,0,0,1,
dg.MD1R/90c3cdc2-46d5-4f36-9afb-a92cf8804cf9,10003752-j9BRxvU80UiAy1nZ5y6VQQ,CXR,,No,Male,70.0,Black or African American,,,0,0,0,0,0,0,0,0,0,0,0,0,0,0,0,0,0,0,0,0,0,0,0,0,0,0,0,1,
dg.MD1R/7beda1d7-6a6c-479e-84c6-f0b15ae865f3,10003752-2AZHrcGhW0WFYZ3x1x7vhQ,CXR,,No,Female,37.0,Black or African American,,,0,0,0,0,0,0,0,0,0,0,0,0,0,0,0,0,0,0,0,0,0,0,0,0,0,0,0,1,
dg.MD1R/a2ca5786-2998-4f8e-a914-22f284c564f8,10003752-5aMkJu2Jf0268NDcr43sEQ,CXR,,No,Female,51.0,White,,,0,0,0,0,0,0,0,0,0,0,0,0,0,0,0,0,0,0,0,0,0,0,0,0,0,0,0,1,
dg.MD1R/8ab1d45e-8f5a-4b53-8a5d-f9ac0c8bbc97,10008204-NfEE6c6SUWfEtWgiLLLig,CXR,,No,Male,75.0,White,,,0,0,0,0,0,0,0,0,0,0,0,0,0,0,0,0,0,0,0,0,0,0,0,0,0,0,0,1,
dg.MD1R/db1b142f-49ec-477d-8641-7996cb6e45db,10008204-YwQCjI9v7kakaXjXEmBhg,CXR,,No,Female,,White,False,False,0,0,0,0,0,0,0,0,0,0,0,0,0,0,0,0,0,0,0,0,0,0,0,0,0,0,0,1,
dg.MD1R/3a7fd925-876d-4a62-96d6-8eeb52e82ac7,10008204-k28MHoL0DEumzFYeQyJLBQ,CXR,,No,Male,74.0,White,False,False,0,0,0,0,0,0,0,0,0,0,0,0,0,0,0,0,0,0,0,0,0,0,0,0,0,0,0,1,
dg.MD1R/98a0291b-f3d5-4740-a73d-8f942338d01e,10041569-UXLUTAZTjU6Qa85sb95eg,CXR,,No,Female,36.0,Black or African American,False,False,0,0,0,0,0,0,0,0,0,0,0,0,0,0,0,0,0,0,0,0,0,0,0,0,0,0,0,1,
dg.MD1R/4155623c-bea0-4f4a-a403-53acd68f9a4d,10008204-Ewd6pUfjUOBNxRRCC0kA,CXR,,No,Male,77.0,White,,,0,0,0,0,0,0,0,0,0,0,0,0,0,0,0,0,0,0,0,0,0,0,0,0,0,0,0,1,
dg.MD1R/dcbf8207-787b-4677-93fb-d7ff4edf32bb,10008204-5azPbgRp106t02CKTQP2sw,CXR,,No,Male,60.0,White,,,0,0,0,0,0,0,0,0,0,0,0,0,0,0,0,0,0,0,0,0,0,0,0,0,0,0,0,1,
dg.MD1R/adeb1fe3-2307-40ae-8286-3f801334563c,10003752-OWAPkfcekaIs7IL3wBwXg,CXR,,No,Male,77.0,Black or African American,,,0,0,0,0,0,0,0,0,0,0,0,0,0,0,0,0,0,0,0,0,0,0,0,0,0,0,0,1,
dg.MD1R/2381584e-f444-4373-8ea3-78932ecd6b73,10008204-9AjPcFWno0iaKezE93wdwA,CXR,,No,Female,80.0,White,False,False,0,0,0,0,0,0,0,0,0,0,0,0,0,0,0,0,0,0,0,0,0,0,0,0,0,0,0,1,
dg.MD1R/2f225ae7-fe5f-4185-9ba3-ae3da9166753,10008204-6317gpvAzkiKDxn8liQF3Q,CXR,,No,Male,66.0,White,False,False,0,0,0,0,0,0,0,0,0,0,0,0,0,0,0,0,0,0,0,0,0,0,0,0,0,0,0,1,
dg.MD1R/62ea2834-e3bf-416f-8aff-5604b3a0b252,10008204-3pQGaQ3gokacbD5R3RYVw,CXR,,No,Male,,White,,,0,0,0,0,0,0,0,0,0,0,0,0,0,0,0,0,0,0,0,0,0,0,0,0,0,0,0,1,
dg.MD1R/dcc5f619-1b96-419e-be17-1da20c5c1cac,10008204-ygRtWmF0uUm2zY8B1NPtEg,CXR,,No,Male,75.0,White,False,False,0,0,0,0,0,0,0,0,0,0,0,0,0,0,0,0,0,0,0,0,0,0,0,0,0,0,0,1,
dg.MD1R/753bb07c-e11e-471b-b580-124f1adbef92,10008204-2NJufFJhq0GqiYgarPE9DQ,CXR,,No,Female,75.0,White,False,False,0,0,0,0,0,0,0,0,0,0,0,0,0,0,0,0,0,0,0,0,0,0,0,0,0,0,0,1,
dg.MD1R/6f3af0ba-c5ea-45fc-a74d-352c0305b300,10008204-7IcsWKftJ0eV72VIypXJ1w,CXR,,No,Male,32.0,White,,,0,0,0,0,0,0,0,0,0,0,0,0,0,0,0,0,0,0,0,0,0,0,0,0,0,0,0,1,
dg.MD1R/1eff8920-ba32-49b6-9f94-2dfe2089dba7,10003752-GqI64T2mykqGYd4w0cPnCw,CXR,,No,Female,76.0,White,,,0,0,0,0,0,0,0,0,0,0,0,0,0,0,0,0,0,0,0,0,0,0,0,0,0,0,0,1,
dg.MD1R/1587cd43-369b-433b-ad80-ac24dfe81ddd,10008204-bq69iVQQxkKbzIvpjawphg,CXR,,No,Female,,White,,,0,0,0,0,0,0,0,0,0,0,0,0,0,0,0,0,0,0,0,0,0,0,0,0,0,0,0,1,
dg.MD1R/f0ee55b0-c511-4b8e-a1ee-0da8c44d30b7,10008204-Xbti82bFkmCj5aIGPPYw,CXR,,No,Male,70.0,White,False,False,0,0,0,0,0,0,0,0,0,0,0,0,0,0,0,0,0,0,0,0,0,0,0,0,0,0,0,1,
dg.MD1R/bfe20d4e-efa0-4b0d-9b00-ea511dbe0b23,10008204-jOLwvQnykRST6pda3Tw,CXR,,No,Female,63.0,White,,,0,0,0,0,0,0,0,0,0,0,0,0,0,0,0,0,0,0,0,0,0,0,0,0,0,0,0,1,
dg.MD1R/6b8ca85b-c92e-41f9-8cd9-3319d4eebb5f,10008204-EMMoYmLRUixDRILhTqEPA,CXR,,No,Male,59.0,Asian,,,0,0,0,0,0,0,0,0,0,0,0,0,0,0,0,0,0,0,0,0,0,0,0,0,0,0,0,1,
dg.MD1R/1bb8d6a7-12f7-46fa-8ae1-3b1d8bf02466,10008204-B59HHWu3hkelSKTKUKv5pQ,CXR,,No,Male,82.0,White,,,0,0,0,0,0,0,0,0,0,0,0,0,0,0,0,0,0,0,0,0,0,0,0,0,0,0,0,1,
dg.MD1R/63ef88cf-65f9-4d3e-9663-db4c17e5be5d,10008204-XDepBqTCXEaxf8Wl7Crx0Q,CXR,,No,Male,38.0,Black or African American,,,0,0,0,0,0,0,0,0,0,0,0,0,0,0,0,0,0,0,0,0,0,0,0,0,0,0,0,1,
dg.MD1R/4f423a9c-b0ce-41ce-8bf1-e73b41068132,10008204-Da8aapYRokWkO8aDEiuxSQ,CXR,,No,Female,64.0,White,,,0,0,0,0,0,0,0,0,0,0,0,0,0,0,0,0,0,0,0,0,0,0,0,0,0,0,0,1,
dg.MD1R/cb6fed0c-bbe2-4481-bba2-173bd28278a7,10008204-6Ptn7SjbvEepRQT5jFkr2g,CXR,,No,Female,81.0,White,,,0,0,0,0,0,0,0,0,0,0,0,0,0,0,0,0,0,0,0,0,0,0,0,0,0,0,0,1,
dg.MD1R/aeb5ef22-d84f-487f-89c6-48aca316a0a4,10008204-Aib3ZjjPUa0S7jvA0jcZA,CXR,,No,Female,53.0,White,,,0,0,0,0,0,0,0,0,0,0,0,0,0,0,0,0,0,0,0,0,0,0,0,0,0,0,0,1,
dg.MD1R/152af605-9ece-4ac5-8f3d-ab270605fbd8,10003752-uTeUNOg6AUGKMbSHbXZBfw,CXR,,No,Female,54.0,White,,,0,0,0,0,0,0,0,0,0,0,0,0,0,0,0,0,0,0,0,0,0,0,0,0,0,0,0,1,
dg.MD1R/ae1cea58-502c-495c-a1d3-765780cbf33e,10008204-tRsatA7RXE22CA51VRNTw,CXR,,No,Female,84.0,White,,,0,0,0,0,0,0,0,0,0,0,0,0,0,0,0,0,0,0,0,0,0,0,0,0,0,0,0,1,
dg.MD1R/7959fd50-d2af-4f1b-b985-471e4b181dbb,10008204-TWbMKzvRE2nOWWKcNHA,CXR,,No,Male,71.0,White,,,0,0,0,0,0,0,0,0,0,0,0,0,0,0,0,0,0,0,0,0,0,0,0,0,0,0,0,1,
dg.MD1R/7cc0b7be-be40-4d0e-8e9e-9ba797bf2374,10008204-tyUKxfxkCa5qTPHvRhhg,CXR,,No,Female,58.0,White,False,False,0,0,0,0,0,0,0,0,0,0,0,0,0,0,0,0,0,0,0,0,0,0,0,0,0,0,0,1,
dg.MD1R/a21808b3-47fa-437f-8cd9-16829443dc2b,10008204-L2yCzZKoKUyYU5hZzUqXg,CXR,,No,Female,,White,,,0,0,0,0,0,0,0,0,0,0,0,0,0,0,0,0,0,0,0,0,0,0,0,0,0,0,0,1,
dg.MD1R/5be026e1-eba2-4a76-9e46-4078d0a17b12,10003752-k1YRTD7l0K7ojkyvwV6iA,CXR,,No,Female,69.0,Black or African American,,,0,0,0,0,0,0,0,0,0,0,0,0,0,0,0,0,0,0,0,0,0,0,0,0,0,0,0,1,
dg.MD1R/56c5cef1-6f45-40f3-a977-df9c255f1053,10003752-MbDJWyGnUvhopEawKNg,CXR,,No,Male,65.0,White,,,0,0,0,0,0,0,0,0,0,0,0,0,0,0,0,0,0,0,0,0,0,0,0,0,0,0,0,1,
dg.MD1R/80a03a46-8665-4f70-9c1f-aa8feb366cbc,10003752-BJQOZADCEaIGRfh2TFMQ,CXR,,No,Male,67.0,Black or African American,,,0,0,0,0,0,0,0,0,0,0,0,0,0,0,0,0,0,0,0,0,0,0,0,0,0,0,0,1,
dg.MD1R/beeb760b-2142-4a5f-9636-68d8503974cb,10008204-xnblRr2UkkCQrBLh9sjA,CXR,,No,Male,67.0,White,,,0,0,0,0,0,0,0,0,0,0,0,0,0,0,0,0,0,0,0,0,0,0,0,0,0,0,0,1,
dg.MD1R/1c5c5233-3b43-46f1-847e-831daad747eb,10008204-xRogx1vTFklYcYnQn6XA,CXR,,No,Female,64.0,White,,,0,0,0,0,0,0,0,0,0,0,0,0,0,0,0,0,0,0,0,0,0,0,0,0,0,0,0,1,
dg.MD1R/27d1fb12-eb34-41eb-bdd2-fed8cfc172a9,10008204-yrTcD3uuxkq6QONt6NCszA,CXR,,No,Female,68.0,White,,,0,0,0,0,0,0,0,0,0,0,0,0,0,0,0,0,0,0,0,0,0,0,0,0,0,0,0,1,
dg.MD1R/0f7f0d47-c049-42c3-b1f5-b4c3bbcb03d4,10008204-708Tj78AK0GSMbacbtXUBg,CXR,,No,Male,72.0,White,,,0,0,0,0,0,0,0,0,0,0,0,0,0,0,0,0,0,0,0,0,0,0,0,0,0,0,0,1,
dg.MD1R/dab266f0-615f-452e-9ee1-c869806abe42,10008204-80oY7HMc9EKyK9qPcSXPQ,CXR,,No,Male,81.0,White,False,False,0,0,0,0,0,0,0,0,0,0,0,0,0,0,0,0,0,0,0,0,0,0,0,0,0,0,0,1,
dg.MD1R/a9959b14-004a-42ed-ae8b-b9b30272fb3a,10003752-zzj7zLMNJUaGHaqzsGvFIg,CXR,,No,Male,49.0,Black or African American,,,0,0,0,0,0,0,0,0,0,0,0,0,0,0,0,0,0,0,0,0,0,0,0,0,0,0,0,1,
dg.MD1R/075aad5a-ba5e-4402-a96f-d7de10bd48c3,10008204-WlvGOK3Irk2vCWG8AxxGIw,CXR,,No,Male,80.0,White,False,False,0,0,0,0,0,0,0,0,0,0,0,0,0,0,0,0,0,0,0,0,0,0,0,0,0,0,0,1,
dg.MD1R/a42937f4-42a5-4e6c-a6d6-6ce16988cd54,10003752-GTeWq2W5gU6wsHUF6LoqlA,CXR,,No,Male,78.0,White,,,0,0,0,0,0,0,0,0,0,0,0,0,0,0,0,0,0,0,0,0,0,0,0,0,0,0,0,1,
dg.MD1R/8a8ab5de-bd62-40d2-8167-71445da71550,10003752-69exHnlaekKc10ipNWQ21Q,CXR,,No,Male,63.0,Black or African American,,,0,0,0,0,0,0,0,0,0,0,0,0,0,0,0,0,0,0,0,0,0,0,0,0,0,0,0,1,
dg.MD1R/ab4de4d1-7bba-449b-8121-e98abc60e930,10008204-QifrMwCEic3lUqEkIL5w,CXR,,No,Female,52.0,White,,,0,0,0,0,0,0,0,0,0,0,0,0,0,0,0,0,0,0,0,0,0,0,0,0,0,0,0,1,
dg.MD1R/36232cdf-f4f2-4ccf-aef7-4809beca2f0e,10008204-ibhxCxxgh0eSxEm57eL1IA,CXR,,No,Female,,White,False,False,0,0,0,0,0,0,0,0,0,0,0,0,0,0,0,0,0,0,0,0,0,0,0,0,0,0,0,1,
dg.MD1R/8b04a6ea-998d-45a2-8dd8-18981579e8f1,10008204-wni20VdoMk2CThNDpXwFGA,CXR,,No,Male,73.0,Asian,False,False,0,0,0,0,0,0,0,0,0,0,0,0,0,0,0,0,0,0,0,0,0,0,0,0,0,0,0,1,
dg.MD1R/058309af-dc57-43ef-b50a-4494f51affac,10008204-ptiSXc0cukeKS4veCItZkg,CXR,,No,Male,,White,,,0,0,0,0,0,0,0,0,0,0,0,0,0,0,0,0,0,0,0,0,0,0,0,0,0,0,0,1,
dg.MD1R/87ecfc2f-b24d-4e92-a10b-0ab1359de8d1,10008204-WxeahffgTkyGVqz2vfI6kA,CXR,,No,Male,55.0,White,,,0,0,0,0,0,0,0,0,0,0,0,0,0,0,0,0,0,0,0,0,0,0,0,0,0,0,0,1,
dg.MD1R/6c3c59b1-abc4-4a0e-ad5b-a259dccc8b69,10008204-ixpGWilj3UatVbDB4HQeEQ,CXR,,No,Male,80.0,White,False,False,0,0,0,0,0,0,0,0,0,0,0,0,0,0,0,0,0,0,0,0,0,0,0,0,0,0,0,1,
dg.MD1R/42eff1e6-36a3-44cf-939b-77db8e1ecfac,10008204-lRwoOvYlkqLmdT58O6Dow,CXR,,No,Male,,White,,,0,0,0,0,0,0,0,0,0,0,0,0,0,0,0,0,0,0,0,0,0,0,0,0,0,0,0,1,
dg.MD1R/329110ed-9fcc-4ec4-8a60-27b59f188385,10008204-yrTcD3uuxkq6QONt6NCszA,CXR,,No,Female,68.0,White,,,0,0,0,0,0,0,0,0,0,0,0,0,0,0,0,0,0,0,0,0,0,0,0,0,0,0,0,1,
dg.MD1R/853c2eee-82de-454e-8247-cada1178de29,10008204-hn3p3OMSiEOsTCkHqaF9A,CXR,,No,Male,62.0,White,,,0,0,0,0,0,0,0,0,0,0,0,0,0,0,0,0,0,0,0,0,0,0,0,0,0,0,0,1,
