count,count
COVID-19,25358
Emergency use of U07.1 | COVID-19,9141
Essential (primary) hypertension,7342
"Acute kidney failure, unspecified",5169
Type 2 diabetes mellitus with diabetic chronic kidney disease,4571
Acute respiratory failure with hypoxia,4467
Lung transplant status,4237
Pneumonia due to coronavirus disease 2019,4114
Type 2 diabetes mellitus without complications,3647
"Anemia, unspecified",3429
Unspecified severe protein-calorie malnutrition,3163
"Hyperlipidemia, unspecified",3123
Gastro-esophageal reflux disease without esophagitis,3103
"Post COVID-19 condition, unspecified",2965
"Pleural effusion, not elsewhere classified",2791
Other nonspecific abnormal finding of lung field,2594
Obstructive sleep apnea (adult) (pediatric),2465
Acute respiratory distress syndrome,2442
"Anxiety disorder, unspecified",2388
"Chronic kidney disease, unspecified",2377
Shortness of breath,2324
"Thrombocytopenia, unspecified",2301
Atherosclerotic heart disease of native coronary artery without angina pectoris,2260
Anemia in chronic kidney disease,2167
End stage renal disease,2166
Type 2 diabetes mellitus with hyperglycemia,2163
Unspecified atrial fibrillation,2161
Other pulmonary embolism without acute cor pulmonale,2058
Unspecified systolic (congestive) heart failure,1796
Multiple myeloma not having achieved remission,1746
Other fatigue,1724
"Hypothyroidism, unspecified",1718
Chronic systolic (congestive) heart failure,1714
"Fluid overload, unspecified",1699
"Hypertensive chronic kidney disease with stage 1 through stage 4 chronic kidney disease, or unspecified chronic kidney disease",1661
"Immunodeficiency, unspecified",1643
No matching concept,1616
"Sepsis, unspecified organism",1580
"Unspecified asthma, uncomplicated",1544
Atelectasis,1525
"Tachycardia, unspecified",1520
"Elevated white blood cell count, unspecified",1514
Acute posthemorrhagic anemia,1478
Heart transplant status,1478
Unspecified diastolic (congestive) heart failure,1466
Other cardiomyopathies,1463
Paroxysmal atrial fibrillation,1452
"Pneumonia, unspecified organism",1444
Other chronic pain,1418
"Dyspnea, unspecified",1337
"Chest pain, unspecified",1314
Acute on chronic systolic (congestive) heart failure,1282
Hypomagnesemia,1248
"Chronic obstructive pulmonary disease, unspecified",1234
"Iron deficiency anemia, unspecified",1216
Dependence on respirator [ventilator] status,1210
"Hyperglycemia, unspecified",1179
"Obesity, unspecified",1170
Chronic diastolic (congestive) heart failure,1150
Hypoxemia,1141
"Urinary tract infection, site not specified",1124
"Hypertensive heart and chronic kidney disease with heart failure and stage 1 through stage 4 chronic kidney disease, or unspecified chronic kidney disease",1120
"Diarrhea, unspecified",1111
Other chest pain,1098
Moderate protein-calorie malnutrition,1081
Acute on chronic diastolic (congestive) heart failure,1067
"Chronic kidney disease, stage 3 unspecified",1064
"Heart failure, unspecified",1057
"Chronic kidney disease, stage 4 (severe)",1046
Hypo-osmolality and hyponatremia,1039
Acute and chronic respiratory failure with hypoxia,1031
Hyperkalemia,1023
Mixed hyperlipidemia,1014
"Pulmonary hypertension, unspecified",1007
Acidosis,998
Unspecified abdominal pain,996
Hypertensive heart disease with heart failure,985
Hypokalemia,982
"Cough, unspecified",981
Bacteremia,972
"Hypotension, unspecified",965
"Pneumothorax, unspecified",961
"Interstitial pulmonary disease, unspecified",954
"Dysphagia, unspecified",952
"Insomnia, unspecified",952
Other forms of dyspnea,935
Hyperosmolality and hypernatremia,929
Acute embolism and thrombosis of unspecified deep veins of unspecified lower extremity,900
Other pancytopenia,896
Palpitations,895
"Depression, unspecified",880
Localized edema,847
Other general symptoms and signs,840
Morbid (severe) obesity due to excess calories,822
"Fever, unspecified",820
Other malaise,819
"Altered mental status, unspecified",816
"Headache, unspecified",799
Other specified abnormal findings of blood chemistry,788
Other symptoms and signs involving the nervous system,780
"Gout, unspecified",764
Kidney transplant status,757
Dependence on supplemental oxygen,751
"Major depressive disorder, single episode, unspecified",743
Dizziness and giddiness,732
Chronic lymphocytic leukemia of B-cell type not having achieved remission,729
Unspecified protein-calorie malnutrition,726
"Hb-SS disease with crisis, unspecified",718
"Epilepsy, unspecified, not intractable, without status epilepticus",717
Acute respiratory failure with hypercapnia,707
"Other disorders of electrolyte and fluid balance, not elsewhere classified",704
"Constipation, unspecified",703
Other disorders of phosphorus metabolism,692
Abnormal electrocardiogram [ECG] [EKG],688
Hypertensive chronic kidney disease with stage 5 chronic kidney disease or end stage renal disease,672
Other specified postprocedural states,659
Severe sepsis with septic shock,657
Tracheostomy status,641
"Respiratory failure, unspecified with hypoxia",634
"Respiratory failure, unspecified, unspecified whether with hypoxia or hypercapnia",628
Other viral pneumonia,616
Other interstitial pulmonary diseases with fibrosis in diseases classified elsewhere,612
Unspecified complication of lung transplant,607
Cardiogenic shock,604
"Dorsalgia, unspecified",602
Other disorders of lung,587
Pain in right knee,585
Dependence on other enabling machines and devices,568
"Myelodysplastic syndrome, unspecified",563
Nausea,562
Solitary pulmonary nodule,561
"Retention of urine, unspecified",558
Weakness,555
Chronic pulmonary edema,552
"Pure hypercholesterolemia, unspecified",541
"Acute myeloblastic leukemia, not having achieved remission",539
Unspecified convulsions,537
Acute systolic (congestive) heart failure,534
"Disorientation, unspecified",530
Cough,527
Generalized anxiety disorder,521
"Acute respiratory failure, unspecified whether with hypoxia or hypercapnia",509
Cervicalgia,506
Prediabetes,499
Benign prostatic hyperplasia without lower urinary tract symptoms,498
Other acute kidney failure,497
Chronic respiratory failure with hypoxia,495
"Nausea with vomiting, unspecified",494
"Cerebral infarction, unspecified",491
"Moderate persistent asthma, uncomplicated",490
"Pulmonary fibrosis, unspecified",489
"Hypertensive heart and chronic kidney disease with heart failure and with stage 5 chronic kidney disease, or end stage renal disease",487
Cardiomegaly,485
"Chronic kidney disease, stage 3b",484
Supraventricular tachycardia,476
"Decreased white blood cell count, unspecified",475
Iron deficiency anemia secondary to blood loss (chronic),474
Calculus of kidney,468
Unspecified atrial flutter,467
"Shock, unspecified",456
"Peripheral vascular disease, unspecified",448
"Polyneuropathy, unspecified",447
Nonrheumatic aortic (valve) stenosis,443
Other symptoms and signs involving the musculoskeletal system,442
Dilated cardiomyopathy,440
Other specified anxiety disorders,429
Other symptoms and signs involving cognitive functions and awareness,422
Pain in unspecified joint,414
"Unspecified osteoarthritis, unspecified site",414
"Vitamin D deficiency, unspecified",413
Acquired absence of other specified parts of digestive tract,401
Pain in left knee,399
Acute and chronic respiratory failure with hypercapnia,392
"Gastrointestinal hemorrhage, unspecified",391
Nonfamilial hypogammaglobulinemia,387
Malignant neoplasm of prostate,382
Ventricular tachycardia,380
Rash and other nonspecific skin eruption,377
Severe sepsis without septic shock,371
"Pain, unspecified",369
"Pressure ulcer of sacral region, unspecified stage",369
"Systemic lupus erythematosus, unspecified",368
"Chronic kidney disease, stage 3a",367
"Bipolar disorder, unspecified",363
"Enterocolitis due to Clostridium difficile, not specified as recurrent",361
"Follicular lymphoma, unspecified, lymph nodes of multiple sites",360
Other specified interstitial pulmonary diseases,360
Type 2 diabetes mellitus with unspecified complications,360
"Ileus, unspecified",360
Unspecified Escherichia coli [E. coli] as the cause of diseases classified elsewhere,359
Presence of prosthetic heart valve,356
Acute kidney failure with tubular necrosis,356
Unspecified complication of heart transplant,355
Enterococcus as the cause of diseases classified elsewhere,354
Nonrheumatic mitral (valve) insufficiency,353
Drug or chemical induced diabetes mellitus without complications,352
Chronic venous hypertension (idiopathic) with ulcer and inflammation of right lower extremity,350
Anemia in other chronic diseases classified elsewhere,341
Critical illness myopathy,339
"Diffuse large B-cell lymphoma, extranodal and solid organ sites",336
"Cardiomyopathy, unspecified",336
Other hypotension,336
"Low back pain, unspecified",332
Age-related osteoporosis without current pathological fracture,330
Pneumonia due to Pseudomonas,328
Klebsiella pneumoniae [K. pneumoniae] as the cause of diseases classified elsewhere,326
Single subsegmental pulmonary embolism without acute cor pulmonale,325
Other specified sepsis,324
Syncope and collapse,322
Acute pulmonary edema,322
Pneumonia due to Methicillin susceptible Staphylococcus aureus,322
Dehydration,318
"Neutropenia, unspecified",318
Non-ST elevation (NSTEMI) myocardial infarction,316
Abdominal distension (gaseous),315
Paresthesia of skin,311
"Chronic kidney disease, stage 2 (mild)",310
"Bradycardia, unspecified",308
"Encephalopathy, unspecified",308
Acute on chronic combined systolic (congestive) and diastolic (congestive) heart failure,308
Unspecified cirrhosis of liver,307
Ventilator associated pneumonia,305
"Right heart failure, unspecified",305
Other specified bacterial agents as the cause of diseases classified elsewhere,304
Acute embolism and thrombosis of unspecified deep veins of right lower extremity,304
Chronic cough,304
"Cytomegaloviral disease, unspecified",301
Other specified soft tissue disorders,301
Other diseases of vocal cords,299
"Mild intermittent asthma, uncomplicated",297
"Diffuse large B-cell lymphoma, lymph nodes of multiple sites",297
Delirium due to known physiological condition,295
Pneumonitis due to inhalation of food and vomit,295
"Intracardiac thrombosis, not elsewhere classified",294
Other specified anemias,293
Epigastric pain,291
Post-transplant lymphoproliferative disorder (PTLD),290
Malignant neoplasm of unspecified part of unspecified bronchus or lung,290
"Edema, unspecified",288
Alkalosis,288
"Rheumatoid arthritis, unspecified",287
"Cardiac arrhythmia, unspecified",287
Dysphonia,286
Other pneumothorax,286
Other complications of lung transplant,284
Pericardial effusion (noninflammatory),283
Hemothorax,282
"Atrioventricular block, complete",282
Type 2 diabetes mellitus with other specified complication,281
"Bronchiectasis, uncomplicated",278
Deficiency of other specified B group vitamins,277
Pyothorax without fistula,277
"Hematuria, unspecified",276
"Non-Hodgkin lymphoma, unspecified, intra-abdominal lymph nodes",276
Other iron deficiency anemias,274
Pain in left foot,272
Chronic obstructive pulmonary disease with (acute) exacerbation,272
Other specified disorders of bladder,271
Orthostatic hypotension,270
"Sarcoidosis, unspecified",269
Drug or chemical induced diabetes mellitus with hyperglycemia,268
Pain in right shoulder,268
Hypercalcemia,268
Pain in left shoulder,266
Type 2 diabetes mellitus with diabetic polyneuropathy,265
Other specified symptoms and signs involving the circulatory and respiratory systems,265
"Myalgia, unspecified site",264
Secondary hyperparathyroidism of renal origin,264
"Post-traumatic stress disorder, unspecified",263
Malignant pleural effusion,262
Sequelae of other specified infectious and parasitic diseases,261
"Ulcerative colitis, unspecified, without complications",260
"Abnormal uterine and vaginal bleeding, unspecified",260
"Noninfective gastroenteritis and colitis, unspecified",259
"Nicotine dependence, unspecified, uncomplicated",259
Abnormal results of liver function studies,256
Sick sinus syndrome,254
Other reduced mobility,251
Type 1 diabetes mellitus with hyperglycemia,249
"Type 2 diabetes mellitus with diabetic neuropathy, unspecified",248
Type 2 diabetes mellitus with hypoglycemia without coma,246
Acute postprocedural respiratory failure,246
Methicillin resistant Staphylococcus aureus infection as the cause of diseases classified elsewhere,246
Ischemic cardiomyopathy,245
Methicillin susceptible Staphylococcus aureus infection as the cause of diseases classified elsewhere,243
Allergic rhinitis due to pollen,243
"Diffuse large B-cell lymphoma, unspecified site",242
"Chronic kidney disease, stage 5",242
"Acute upper respiratory infection, unspecified",242
"Endocarditis, valve unspecified",240
"Sleep apnea, unspecified",238
Diaphragmatic hernia without obstruction or gangrene,238
Low back pain,236
"Nicotine dependence, cigarettes, uncomplicated",234
Drug induced constipation,232
Other specified respiratory disorders,232
"Coagulation defect, unspecified",232
Sickle-cell disease without crisis,232
"Chronic kidney disease, stage 3 (moderate)",230
"Migraine, unspecified, not intractable, without status migrainosus",229
Pain in right hip,228
Other secondary thrombocytopenia,228
Change in bowel habit,228
"Sleep disorder, unspecified",227
"Chronic myeloid leukemia, BCR/ABL-positive, not having achieved remission",225
Malignant neoplasm of thyroid gland,224
Antineoplastic chemotherapy induced pancytopenia,223
Pain in right foot,222
Presence of coronary angioplasty implant and graft,222
Other ascites,221
"Acute pancreatitis with infected necrosis, unspecified",220
Other chronic sinusitis,219
Other allergic rhinitis,218
Acute embolism and thrombosis of right femoral vein,216
Gastroparesis,216
Drug or chemical induced diabetes mellitus with diabetic chronic kidney disease,214
Other persistent atrial fibrillation,212
"Follicular lymphoma, unspecified, unspecified site",212
"Radiculopathy, lumbar region",210
Unspecified adrenocortical insufficiency,209
"Tremor, unspecified",209
Acute embolism and thrombosis of right internal jugular vein,208
Gastrostomy status,208
Other acute postprocedural pain,207
Unspecified viral hepatitis B without hepatic coma,206
Other external cause status,206
Pain in left hip,205
"Abdominal aortic aneurysm, without rupture",205
"Graft-versus-host disease, unspecified",204
Frequency of micturition,203
"Other pneumonia, unspecified organism",203
Unspecified glaucoma,202
Restless legs syndrome,202
Dysuria,202
Restlessness and agitation,201
Other specified disorders of nose and nasal sinuses,201
Pulmonary alveolar microlithiasis,200
Long QT syndrome,200
Hypotension due to drugs,199
Idiopathic pulmonary fibrosis,199
Chronic respiratory failure with hypercapnia,198
"Fatty (change of) liver, not elsewhere classified",198
Metabolic encephalopathy,197
Pneumonia due to Klebsiella pneumoniae,196
"Thoracic aortic aneurysm, without rupture",196
"Chronic sinusitis, unspecified",196
Secondary pulmonary arterial hypertension,193
Chronic maxillary sinusitis,193
Other amnesia,192
"Bronchitis, not specified as acute or chronic",190
Other seasonal allergic rhinitis,190
Pulmonary mycobacterial infection,190
"Disorder of kidney and ureter, unspecified",189
Hypocalcemia,187
"Acute pharyngitis, unspecified",187
"Gangrene, not elsewhere classified",186
"Cardiac arrest, cause unspecified",185
Other staphylococcus as the cause of diseases classified elsewhere,184
"Other specified disorders of bone density and structure, unspecified site",183
Pseudomonas (aeruginosa) (mallei) (pseudomallei) as the cause of diseases classified elsewhere,182
Pyuria,182
"Sjogren syndrome, unspecified",182
Old myocardial infarction,180
Malignant neoplasm of unspecified part of left bronchus or lung,180
"Opioid dependence, uncomplicated",179
Sarcoidosis of lung,179
"Allergic rhinitis, unspecified",179
"Chronic atrial fibrillation, unspecified",177
Other specified disorders of kidney and ureter,177
Unspecified mood [affective] disorder,177
Pyothorax with fistula,176
Hemorrhagic disorder due to extrinsic circulating anticoagulants,174
"Arthropathic psoriasis, unspecified",174
"Acute pancreatitis without necrosis or infection, unspecified",173
"Hypoglycemia, unspecified",172
Postnasal drip,171
Other abnormal glucose,170
Liver transplant status,169
Bell's palsy,169
Type 2 diabetes mellitus with diabetic nephropathy,169
Bilateral primary osteoarthritis of knee,168
Multiple myeloma in remission,167
Anesthesia of skin,166
Acute diastolic (congestive) heart failure,166
"Phlebitis and thrombophlebitis of unspecified deep vessels of lower extremities, bilateral",166
"Acute and chronic respiratory failure, unspecified whether with hypoxia or hypercapnia",166
Adjustment disorder with mixed anxiety and depressed mood,165
Other hypertrophic cardiomyopathy,165
Pleural effusion in other conditions classified elsewhere,165
Epistaxis,164
Hemoperitoneum,164
Latent tuberculosis,164
Non-pressure chronic ulcer of unspecified part of right lower leg with unspecified severity,164
"Illness, unspecified",164
"Female infertility, unspecified",163
Other shock,163
Nasal congestion,161
Antiphospholipid syndrome,161
Presence of aortocoronary bypass graft,161
Immunodeficiency due to drugs,160
Acute and subacute hepatic failure without coma,160
"Emphysema, unspecified",159
Pelvic and perineal pain,159
Benign prostatic hyperplasia with lower urinary tract symptoms,159
"Age-related nuclear cataract, bilateral",158
Other forms of acute ischemic heart disease,158
Human immunodeficiency virus [HIV] disease,157
"Pressure ulcer of sacral region, stage 4",157
"Down syndrome, unspecified",157
Anemia in neoplastic disease,156
Portal vein thrombosis,156
Anemia due to antineoplastic chemotherapy,155
Melena,155
"Proteinuria, unspecified",154
Pain in left leg,154
"Candidiasis, unspecified",154
Muscle weakness (generalized),153
"Acute myeloblastic leukemia, in remission",153
"Spondylosis without myelopathy or radiculopathy, cervical region",152
Pleurodynia,152
"Migraine without aura, not intractable, without status migrainosus",152
"Schizophrenia, unspecified",151
"Mantle cell lymphoma, intra-abdominal lymph nodes",150
Neoplasm related pain (acute) (chronic),150
"Unilateral primary osteoarthritis, right knee",149
Fever presenting with conditions classified elsewhere,149
Multiple myeloma in relapse,148
Acute lymphoblastic leukemia not having achieved remission,148
Other specified pleural conditions,148
Other diseases of stomach and duodenum,148
Pain in right hand,147
"Dermatitis, unspecified",147
Chronic ethmoidal sinusitis,146
"Follicular lymphoma grade I, lymph nodes of multiple sites",146
"Pressure ulcer of sacral region, stage 2",146
"Lymphedema, not elsewhere classified",145
Ventricular premature depolarization,145
"Dysphagia, oropharyngeal phase",145
Other visual disturbances,145
Type 2 diabetes mellitus with diabetic peripheral angiopathy with gangrene,144
Other viral infections of unspecified site,144
"Radiculopathy, cervical region",143
Chronic combined systolic (congestive) and diastolic (congestive) heart failure,143
Multiple sclerosis,142
Abnormal findings on diagnostic imaging of other specified body structures,141
Tinea unguium,141
Adjustment disorder with depressed mood,140
Type 2 diabetes mellitus with unspecified diabetic retinopathy without macular edema,140
Lung transplant failure,140
Wegener's granulomatosis without renal involvement,140
Chronic pain syndrome,140
"Difficulty in walking, not elsewhere classified",139
Moderate persistent asthma with (acute) exacerbation,139
Right lower quadrant pain,138
"Hyperparathyroidism, unspecified",138
Fibromyalgia,138
Other specified diseases of intestine,138
"Malignant neoplasm of upper lobe, right bronchus or lung",138
Unspecified mycosis,138
"Respiratory failure, unspecified with hypercapnia",138
"Infection and inflammatory reaction due to other cardiac and vascular devices, implants and grafts, initial encounter",137
"Alcohol abuse, uncomplicated",137
"Left bundle-branch block, unspecified",137
"Nutritional deficiency, unspecified",137
"Unspecified dementia, unspecified severity, without behavioral disturbance, psychotic disturbance, mood disturbance, and anxiety",137
Suicidal ideations,136
"Unspecified maternal hypertension, unspecified trimester",136
Pneumonia due to Methicillin resistant Staphylococcus aureus,136
Other disorders of bilirubin metabolism,135
Hemoptysis,135
Primary pulmonary hypertension,134
Snoring,134
"Non-Hodgkin lymphoma, unspecified, unspecified site",134
Type 1 diabetes mellitus with diabetic chronic kidney disease,133
Unspecified asthma with (acute) exacerbation,132
Abnormal coagulation profile,132
"Malignant neoplasm of brain, unspecified",132
Chronic viral hepatitis C,131
Diverticulosis of large intestine without perforation or abscess without bleeding,131
End stage heart failure,130
Unspecified viral hepatitis C without hepatic coma,130
"Chronic migraine without aura, intractable, with status migrainosus",130
ST elevation (STEMI) myocardial infarction of unspecified site,129
"Other psychoactive substance abuse, uncomplicated",129
"Hepatic failure, unspecified without coma",129
Mixed disorder of acid-base balance,129
Chronic rhinitis,128
Nontoxic single thyroid nodule,127
Other specified noninflammatory disorders of vagina,127
Hereditary motor and sensory neuropathy,127
Generalized abdominal pain,127
Left lower quadrant pain,126
Interstitial emphysema,125
Hypovolemia,124
"Adjustment disorder, unspecified",124
Pain in right leg,123
Anorexia,123
Nonrheumatic tricuspid (valve) insufficiency,122
"Diverticulitis of intestine, part unspecified, without perforation or abscess without bleeding",121
"Heart disease, unspecified",121
Neoplasm of uncertain behavior of skin,121
"Osteomyelitis, unspecified",120
Panic disorder [episodic paroxysmal anxiety],120
Unspecified essential hypertension,119
"Chronic fatigue, unspecified",119
Type 2 diabetes mellitus with diabetic peripheral angiopathy without gangrene,119
Ventricular septal defect,119
"Unspecified hearing loss, unspecified ear",118
"Neuralgia and neuritis, unspecified",118
Bipolar II disorder,118
"Disorder involving the immune mechanism, unspecified",118
Other specified diseases of liver,117
Hepatitis A without hepatic coma,117
Other specified hypothyroidism,116
Pain in right wrist,115
"Gastro-esophageal reflux disease with esophagitis, without bleeding",115
Pneumonia due to other Gram-negative bacteria,115
"Viral infection, unspecified",114
Calculus of gallbladder without cholecystitis without obstruction,114
Irritable bowel syndrome without diarrhea,113
Adult failure to thrive,112
Atherosclerosis of aorta,112
"Lumbago with sciatica, right side",112
"Acute embolism and thrombosis of unspecified deep veins of lower extremity, bilateral",112
Centrilobular emphysema,111
Unspecified cataract,111
Unspecified hemorrhoids,111
Generalized edema,111
"Nontraumatic subdural hemorrhage, unspecified",110
"Cellulitis, unspecified",110
"Arteritis, unspecified",110
"Opioid use, unspecified, uncomplicated",109
Nonrheumatic aortic (valve) insufficiency,109
Gross hematuria,108
Trigeminal neuralgia,108
"Spondylosis without myelopathy or radiculopathy, lumbar region",108
"Acute pancreatitis with uninfected necrosis, unspecified",108
Hypertrophy of breast,107
"Malignant neoplasm of pancreas, unspecified",107
"Other injury of unspecified body region, initial encounter",107
Other abnormal and inconclusive findings on diagnostic imaging of breast,107
Acute embolism and thrombosis of unspecified deep veins of left lower extremity,107
Pain in left hand,107
Pain in left ankle and joints of left foot,107
"Local infection of the skin and subcutaneous tissue, unspecified",107
Acute embolism and thrombosis of deep veins of left upper extremity,107
Nonrheumatic mitral (valve) prolapse,106
Polymyalgia rheumatica,105
Pure hyperglyceridemia,105
Candidal stomatitis,105
"Unilateral inguinal hernia, without obstruction or gangrene, not specified as recurrent",105
Other abnormalities of breathing,105
"Atherosclerosis of native arteries of extremities with rest pain, unspecified extremity",105
Malignant neoplasm of head of pancreas,104
Pneumonia due to other specified infectious organisms,104
Hemorrhage of anus and rectum,104
Asymptomatic menopausal state,104
Chronic frontal sinusitis,104
Car driver injured in collision with two- or three-wheeled motor vehicle in nontraffic accident,103
Lung transplant infection,103
Mastodynia,103
Other specified diabetes mellitus without complications,103
"Chronic respiratory failure, unspecified whether with hypoxia or hypercapnia",102
"Alcohol dependence with withdrawal, unspecified",102
"Unilateral primary osteoarthritis, left knee",102
Localized enlarged lymph nodes,102
Headache,102
"Migraine with aura, not intractable, without status migrainosus",101
Lung transplant rejection,101
Other specified disorders of the skin and subcutaneous tissue,101
Acute embolism and thrombosis of right peroneal vein,100
"Cocaine abuse, uncomplicated",100
"Pruritus, unspecified",100
Unspecified lump in unspecified breast,100
Myasthenia gravis with (acute) exacerbation,100
Pain in unspecified hip,100
"Lobar pneumonia, unspecified organism",99
"Polycystic kidney, unspecified",99
Other specified cough,99
"Gastritis, unspecified, without bleeding",98
Postprocedural hypothyroidism,98
Rheumatoid lung disease with rheumatoid arthritis of unspecified site,98
Other disorder of circulatory system,97
"Unspecified injury of head, initial encounter",97
Unstable angina,97
Unspecified bacterial pneumonia,97
"Lumbago with sciatica, left side",97
Candidiasis of skin and nail,96
Multisystem inflammatory syndrome,96
Mild cognitive impairment of uncertain or unknown etiology,96
"Osteomyelitis of vertebra, sacral and sacrococcygeal region",96
Aphasia following cerebral infarction,96
"Lower abdominal pain, unspecified",96
"Disorder of mineral metabolism, unspecified",96
Occlusion and stenosis of bilateral carotid arteries,95
Transient alteration of awareness,95
Abnormal findings on diagnostic imaging of other parts of digestive tract,95
"Other acute osteomyelitis, other site",95
"Sensorineural hearing loss, bilateral",94
"Gestational diabetes mellitus in pregnancy, unspecified control",94
"Supervision of high risk pregnancy, unspecified, third trimester",94
Other complication of kidney transplant,93
Activated protein C resistance,93
Right upper quadrant pain,93
"Vomiting, unspecified",92
Other hemorrhoids,92
Acute embolism and thrombosis of other specified veins,92
Other specified disorders of teeth and supporting structures,92
Pain in right arm,92
"Psoriasis, unspecified",92
Unspecified right bundle-branch block,91
"Thrombocytosis, unspecified",90
Parageusia,90
Acquired absence of kidney,90
"Nontoxic goiter, unspecified",90
Type 1 diabetes mellitus without complications,90
Overactive bladder,89
"Non-Hodgkin lymphoma, unspecified, extranodal and solid organ sites",89
Cryptogenic organizing pneumonia,89
Pain in right ankle and joints of right foot,88
Chronic pulmonary embolism,88
Malignant neoplasm of unspecified site of unspecified female breast,88
"Cyst of kidney, acquired",88
Atrial fibrillation,87
Rhabdomyolysis,87
"Other specified pregnancy related conditions, unspecified trimester",86
"Esophagitis, unspecified without bleeding",86
Rheumatic disorders of both mitral and tricuspid valves,86
Rheumatic tricuspid insufficiency,86
Deviated nasal septum,86
"Type 2 diabetes mellitus with moderate nonproliferative diabetic retinopathy with macular edema, bilateral",85
"Gestational proteinuria, unspecified trimester",84
"Sickle-cell/Hb-C disease with crisis, unspecified",84
Sickle-cell/Hb-C disease without crisis,84
Hypertensive urgency,84
Elevated prostate specific antigen [PSA],84
"Major depressive disorder, recurrent severe without psychotic features",84
Benign neoplasm of pituitary gland,84
Left upper quadrant pain,84
Pain in thoracic spine,84
Dry eye syndrome of bilateral lacrimal glands,83
Disorders of diaphragm,83
Polyp of colon,83
"Myalgia, other site",83
Pain in left arm,83
Morbid (severe) obesity with alveolar hypoventilation,82
Venous insufficiency (chronic) (peripheral),82
"Supervision of pregnancy with other poor reproductive or obstetric history, unspecified trimester",82
Other constipation,82
Candidal sepsis,82
Actinic keratosis,82
"Migraine without aura, not intractable, with status migrainosus",82
"Major depressive disorder, recurrent, moderate",82
"Pressure ulcer of sacral region, stage 3",82
Hyperuricemia without signs of inflammatory arthritis and tophaceous disease,82
Embolism and thrombosis of arteries of the lower extremities,82
Other specified diseases of pancreas,81
Acute embolism and thrombosis of unspecified axillary vein,81
Pain in left lower leg,81
"Polycystic kidney, adult type",80
"Nutritional anemia, unspecified",80
"Poisoning by beta-adrenoreceptor antagonists, intentional self-harm, initial encounter",80
Heart transplant rejection,80
Raised antibody titer,80
Unspecified iridocyclitis,80
Other pulmonary embolism with acute cor pulmonale,80
Chronic sphenoidal sinusitis,79
"Sciatica, unspecified side",79
Other specified disorders of peritoneum,79
Other chronic pancreatitis,79
Autistic disorder,79
Anuria and oliguria,79
Obstruction of bile duct,79
Unspecified chronic bronchitis,79
"Splenomegaly, not elsewhere classified",79
"Other diseases of bronchus, not elsewhere classified",79
Generalized hyperhidrosis,79
Other specified systemic involvement of connective tissue,78
Type 2 diabetes mellitus with ketoacidosis without coma,78
Other irregular eye movements,78
"Hepatomegaly, not elsewhere classified",78
"Effusion, right knee",78
"Other migraine, not intractable, without status migrainosus",77
Other seborrheic keratosis,77
Hypersensitivity pneumonitis due to unspecified organic dust,77
"Hemiplegia, unspecified affecting right dominant side",77
Abnormal results of pulmonary function studies,77
Pain in unspecified knee,77
"Mild persistent asthma, uncomplicated",76
"Other intervertebral disc degeneration, lumbar region",76
"Mantle cell lymphoma, lymph nodes of multiple sites",76
"Localized swelling, mass and lump, trunk",76
"Thrombosis of atrium, auricular appendage, and ventricle as current complications following acute myocardial infarction",76
"Other viral diseases complicating pregnancy, third trimester",76
"Alcohol dependence, uncomplicated",76
"Chronic ischemic heart disease, unspecified",75
Other specified symptoms and signs involving the digestive system and abdomen,75
Acute and subacute infective endocarditis,75
"Other cervical disc degeneration, unspecified cervical region",75
Helicobacter pylori [H. pylori] as the cause of diseases classified elsewhere,75
Other specified cardiac arrhythmias,75
Primary insomnia,74
Occlusion and stenosis of left carotid artery,74
Monoclonal gammopathy,74
"Localized swelling, mass and lump, left lower limb",74
Pain in left wrist,74
Age-related physical debility,73
Other microscopic hematuria,73
"Transient cerebral ischemic attack, unspecified",73
Autoimmune thyroiditis,73
"Other disorders of plasma-protein metabolism, not elsewhere classified",73
Plantar fascial fibromatosis,73
Von Willebrand disease,73
Other specified diseases of upper respiratory tract,73
Xerosis cutis,72
"Disease of pancreas, unspecified",72
Unspecified visual disturbance,72
Diabetes mellitus due to underlying condition with diabetic nephropathy,72
Diplopia,71
Wheezing,71
"Follicular lymphoma, unspecified, intra-abdominal lymph nodes",71
Abnormal results of thyroid function studies,71
Other ill-defined heart diseases,71
Pleurisy,71
Other specified disorders of brain,71
"Atrioventricular block, first degree",71
"Other intervertebral disc displacement, lumbar region",71
Hypertensive emergency,71
"Male erectile dysfunction, unspecified",71
Acute vaginitis,70
Cutaneous abscess of buttock,70
"Disruption of external operation (surgical) wound, not elsewhere classified, initial encounter",70
Other muscle spasm,70
"Tinnitus, bilateral",70
"Disorder of bilirubin metabolism, unspecified",70
Pain in unspecified shoulder,70
"Anemia complicating pregnancy, third trimester",70
Abnormal findings on diagnostic imaging of heart and coronary circulation,70
"Cardiac murmur, unspecified",70
Opioid dependence with withdrawal,70
Other mental disorders complicating the puerperium,69
"Endometriosis, unspecified",69
Kidney replaced by transplant,69
Narcolepsy without cataplexy,69
Nontoxic multinodular goiter,69
Attention and concentration deficit,69
Other specified diseases of gallbladder,69
Unspecified abnormal findings in urine,69
Stenosis of larynx,69
"Flat foot [pes planus] (acquired), left foot",69
Atrial premature depolarization,68
Other toxic encephalopathy,68
Generalized enlarged lymph nodes,68
Waldenstrom macroglobulinemia,68
Acute cholecystitis,68
Critical illness polyneuropathy,68
"Nasal polyp, unspecified",68
Liver cell carcinoma,68
Nonalcoholic steatohepatitis (NASH),68
Malignant neoplasm of right main bronchus,67
Excessive and frequent menstruation with regular cycle,67
Other complications of heart transplant,66
Acute cystitis without hematuria,66
Other specified viral infection,66
Agranulocytosis secondary to cancer chemotherapy,66
"Filamentary keratitis, bilateral",66
"Supervision of high risk pregnancy, unspecified, second trimester",66
Multiple subsegmental pulmonary emboli without acute cor pulmonale,66
"Unspecified tear of unspecified meniscus, current injury, unspecified knee, initial encounter",66
"Infection and inflammatory reaction due to internal left hip prosthesis, initial encounter",66
"Congenital malformation of heart, unspecified",66
Sepsis due to Enterococcus,65
"Spinal stenosis, cervical region",65
"Tinnitus, unspecified ear",65
"Traumatic subdural hemorrhage with loss of consciousness of unspecified duration, initial encounter",65
"Secondary hyperparathyroidism, not elsewhere classified",65
Coronary atherosclerosis due to calcified coronary lesion,65
Intraductal carcinoma in situ of left breast,65
Parkinson's disease,65
Lung involvement in systemic lupus erythematosus,64
"Enterocolitis due to Clostridium difficile, recurrent",64
Pressure-induced deep tissue damage of sacral region,64
Unspecified chronic gastritis without bleeding,64
Other viral agents as the cause of diseases classified elsewhere,64
"Malignant melanoma of unspecified lower limb, including hip",64
"Localized swelling, mass and lump, right upper limb",64
Unsteadiness on feet,64
Solitary cyst of unspecified breast,64
"Gastric ulcer, unspecified as acute or chronic, without hemorrhage or perforation",64
"Rheumatoid arthritis with rheumatoid factor, unspecified",63
"Dental caries, unspecified",63
"Other specified neoplasms of uncertain behavior of lymphoid, hematopoietic and related tissue",63
Hypoplastic left heart syndrome,63
Precordial pain,63
"Localized swelling, mass and lump, left upper limb",63
"Erythematous condition, unspecified",63
"Malignant (primary) neoplasm, unspecified",62
Longstanding persistent atrial fibrillation,62
"Paralysis of vocal cords and larynx, unilateral",62
"Disruption of wound, unspecified, initial encounter",62
Other streptococcus as the cause of diseases classified elsewhere,62
Raynaud's syndrome without gangrene,61
"Melanocytic nevi, unspecified",61
Somnolence,61
Acute respiratory distress,61
"Unilateral primary osteoarthritis, right hip",60
Umbilical hernia without obstruction or gangrene,60
"Flat foot [pes planus] (acquired), right foot",60
Type 2 diabetes mellitus with foot ulcer,60
"Mantle cell lymphoma, unspecified site",60
Gangrene of gallbladder in cholecystitis,60
Congenital hypothyroidism without goiter,60
Urgency of urination,60
"Localized swelling, mass and lump, head",60
Zoster without complications,59
"Malignant neoplasm of unspecified kidney, except renal pelvis",59
Other postherpetic nervous system involvement,59
Occlusion and stenosis of unspecified carotid artery,59
"Disorder of phosphorus metabolism, unspecified",59
"Localized swelling, mass and lump, neck",59
Pain in right lower leg,59
Unspecified disturbances of smell and taste,59
Other fecal abnormalities,59
Acquired absence of lung [part of],59
"Other specified types of non-Hodgkin lymphoma, extranodal and solid organ sites",59
Unspecified conjunctivitis,59
"Squamous cell carcinoma of skin, unspecified",59
Essential (hemorrhagic) thrombocythemia,58
"Localized swelling, mass and lump, right lower limb",58
Other specified diseases of anus and rectum,58
Postmenopausal bleeding,58
"Late effects of cerebrovascular disease, aphasia",58
"Chronic migraine without aura, intractable, without status migrainosus",58
Immune thrombocytopenic purpura,58
"Spinal stenosis, lumbar region with neurogenic claudication",58
"Systemic involvement of connective tissue, unspecified",58
Other specified depressive episodes,58
Secondary malignant neoplasm of unspecified site,58
Hypertension secondary to other renal disorders,58
Abnormal findings on diagnostic imaging of liver and biliary tract,58
"Primary osteoarthritis, left shoulder",57
Other seizures,57
Diverticulitis of large intestine without perforation or abscess without bleeding,57
"Primary osteoarthritis, left ankle and foot",57
Chronic pansinusitis,57
"Follicular disorder, unspecified",57
"Left ventricular failure, unspecified",57
"Adenovirus infection, unspecified",57
Repeated falls,57
Malignant neoplasm of endometrium,56
"Follicular lymphoma grade I, intra-abdominal lymph nodes",56
Abnormal level of blood mineral,56
"Aspergillosis, unspecified",56
Myasthenia gravis without (acute) exacerbation,56
Malignant neoplasm of left main bronchus,56
"Disorder of urea cycle metabolism, unspecified",56
Presbyopia,56
"Obesity complicating pregnancy, unspecified trimester",55
"Seborrheic dermatitis, unspecified",55
Pain in throat,55
"Osteonecrosis, unspecified",55
"Oral mucositis (ulcerative), unspecified",54
Celiac disease,54
"Benign neoplasm of connective and other soft tissue, unspecified",54
"Contusion of abdominal wall, initial encounter",54
"Other fracture of right lower leg, subsequent encounter for closed fracture with delayed healing",54
Type 1 diabetes mellitus with ketoacidosis without coma,54
Malignant neoplasm of unspecified part of right bronchus or lung,54
Hereditary deficiency of other clotting factors,54
Perforation of intestine (nontraumatic),54
"Open angle with borderline findings, low risk, bilateral",54
Gastrostomy malfunction,53
Drug-induced nonautoimmune hemolytic anemia,53
Nonspecific elevation of levels of transaminase and lactic acid dehydrogenase [LDH],53
"Unspecified fracture of shaft of humerus, left arm, initial encounter for closed fracture",53
"Major depressive disorder, single episode, moderate",53
Unspecified strabismus,53
"Unspecified scleritis, left eye",53
"Type 2 diabetes mellitus with proliferative diabetic retinopathy without macular edema, unspecified eye",53
"Obsessive-compulsive disorder, unspecified",53
"Myositis, unspecified",52
Other acne,52
Ventral hernia without obstruction or gangrene,52
Diabetes mellitus due to underlying condition with unspecified complications,52
Polycythemia vera,52
"Sedative, hypnotic or anxiolytic dependence with withdrawal, unspecified",52
"Unspecified blepharitis right eye, upper and lower eyelids",52
"Follicular lymphoma grade II, intra-abdominal lymph nodes",52
"Ataxia, unspecified",52
"Pain due to internal orthopedic prosthetic devices, implants and grafts, initial encounter",52
"Disorder of the skin and subcutaneous tissue, unspecified",52
"Gestational diabetes mellitus in pregnancy, diet controlled",52
"Acute bronchitis, unspecified",52
"Malignant neoplasm of upper lobe, left bronchus or lung",51
Unspecified psychosis not due to a substance or known physiological condition,51
Other specified bacterial intestinal infections,51
Pain in left elbow,51
Malignant neoplasm of upper-outer quadrant of right female breast,51
Unspecified infectious disease,51
"Rheumatic mitral valve disease, unspecified",51
"Acute myocardial infarction, unspecified",51
Nonspecific reaction to cell mediated immunity measurement of gamma interferon antigen response without active tuberculosis,51
"Other specified disorders of synovium and tendon, other site",51
"Unspecified blepharitis left eye, upper and lower eyelids",51
"Dysphagia, pharyngeal phase",51
"Primary osteoarthritis, right ankle and foot",51
Other specified diseases of biliary tract,51
Incisional hernia without obstruction or gangrene,50
Hereditary factor VIII deficiency,50
Other primary thrombophilia,50
Calculus of ureter,50
Residual hemorrhoidal skin tags,50
"Drusen (degenerative) of macula, bilateral",50
"Scoliosis, unspecified",50
Nontraumatic hematoma of soft tissue,50
"Other specified pregnancy related conditions, third trimester",50
"Thyrotoxicosis, unspecified without thyrotoxic crisis or storm",50
Recurrent and persistent hematuria with other morphologic changes,50
Cyst of pancreas,50
Acute kidney failure with medullary necrosis,50
Cellulitis of right upper limb,50
Heartburn,50
"Acute maxillary sinusitis, unspecified",50
Other thrombophilia,50
"Unspecified open wound, left foot, initial encounter",49
Other specified disorders of adrenal gland,49
Acquired absence of left leg above knee,49
"Dry mouth, unspecified",49
"Attention-deficit hyperactivity disorder, unspecified type",49
Testicular hypofunction,49
"Allergy, unspecified, initial encounter",49
"Unspecified B-cell lymphoma, unspecified site",49
Biventricular heart failure,49
Chronic cholecystitis,49
"Other benign neoplasm of skin, unspecified",49
"Hypersomnia, unspecified",49
"Follicular lymphoma grade II, unspecified site",49
"Dementia in other diseases classified elsewhere, unspecified severity, without behavioral disturbance, psychotic disturbance, mood disturbance, and anxiety",49
Radial styloid tenosynovitis [de Quervain],48
Acute post-thoracotomy pain,48
"Cutaneous abscess, unspecified",48
"Nonscarring hair loss, unspecified",48
Other polyuria,48
"Unspecified intestinal obstruction, unspecified as to partial versus complete obstruction",48
"Idiopathic gout, unspecified site",48
Other hypersomnia,48
"Carpal tunnel syndrome, left upper limb",48
"Coronavirus infection, unspecified",48
Acute embolism and thrombosis of left axillary vein,48
"Myopathy, unspecified",48
Idiopathic urticaria,48
Other vitamin B12 deficiency anemias,48
Unspecified symptoms and signs involving the nervous system,48
Hypovolemic shock,48
Tinea pedis,48
Acute embolism and thrombosis of deep veins of right upper extremity,48
Mixed incontinence,47
"Sacrococcygeal disorders, not elsewhere classified",47
Chronic lymphocytic leukemia of B-cell type in remission,47
"Traumatic subdural hemorrhage without loss of consciousness, initial encounter",47
"Chronic gout, unspecified, with tophus (tophi)",47
Anosmia,47
Malignant neoplasm of unspecified site of right female breast,47
Impaired fasting glucose,47
Postprocedural pneumothorax,47
Unspecified sexually transmitted disease,47
Chronic atrophic gastritis without bleeding,47
Myocardial infarction type 2,47
"Severe persistent asthma, uncomplicated",47
Acute embolism and thrombosis of deep veins of unspecified upper extremity,47
Chondrocostal junction syndrome [Tietze],46
Type 2 diabetes mellitus with hyperosmolarity without nonketotic hyperglycemic-hyperosmolar coma (NKHHC),46
Hypopituitarism,46
"Acute sinusitis, unspecified",46
Occipital neuralgia,46
"Common variable immunodeficiency, unspecified",46
Hemophagocytic lymphohistiocytosis,46
"Unspecified injury of left lower leg, initial encounter",46
Stricture of artery,46
"Cholecystitis, unspecified",46
"Other specified disorders involving the immune mechanism, not elsewhere classified",46
Hypertrophy of nasal turbinates,46
Acute embolism and thrombosis of right popliteal vein,46
Unspecified pneumoconiosis,46
"Follicular lymphoma grade I, lymph nodes of head, face, and neck",46
Chronic viral hepatitis B without delta-agent,46
"Unspecified lump in the left breast, unspecified quadrant",46
"Dermatopolymyositis, unspecified, organ involvement unspecified",45
Cramp and spasm,45
Hydronephrosis with renal and ureteral calculous obstruction,45
Aneurysm of unspecified site,45
Polycystic ovarian syndrome,45
Acute embolism and thrombosis of unspecified vein,45
Behcet's disease,45
"Nonrheumatic aortic valve disorder, unspecified",45
Polyp of stomach and duodenum,45
Acute embolism and thrombosis of superficial veins of left upper extremity,45
Lack of physical exercise,45
Sebaceous cyst,45
"Supervision of other high risk pregnancies, unspecified trimester",44
Resistance to vancomycin,44
"Localization-related (focal) (partial) symptomatic epilepsy and epileptic syndromes with complex partial seizures, intractable, without status epilepticus",44
"Pressure ulcer of sacral region, unstageable",44
Crossing vessel and stricture of ureter without hydronephrosis,44
"Arthritis due to other bacteria, right knee",44
Sclerosing mesenteritis,44
"Pain in leg, unspecified",44
Postprocedural seroma of skin and subcutaneous tissue following other procedure,44
Chronic embolism and thrombosis of right femoral vein,44
"Supervision of elderly multigravida, first trimester",44
Thyrotoxicosis with diffuse goiter without thyrotoxic crisis or storm,44
"Complex regional pain syndrome I of lower limb, bilateral",44
"Gestational [pregnancy-induced] hypertension without significant proteinuria, third trimester",44
Acute pulmonary manifestations due to radiation,44
Other disorders of urea cycle metabolism,44
"Opioid abuse, uncomplicated",44
Secondary malignant neoplasm of bone,44
Inflamed seborrheic keratosis,44
Other specified abnormal uterine and vaginal bleeding,44
Candidal esophagitis,44
Kidney transplant failure,43
"Thrombotic microangiopathy, unspecified",43
Hematemesis,43
"Disorder of bone, unspecified",43
"Herpesviral infection, unspecified",43
Unspecified symptoms and signs involving the genitourinary system,43
Other specified problems related to psychosocial circumstances,43
Dry eye syndrome of unspecified lacrimal gland,43
Eosinophilic esophagitis,43
Typical atrial flutter,43
"Strain of muscle, fascia and tendon at neck level, initial encounter",43
Ingrowing nail,43
Unspecified ectopic pregnancy without intrauterine pregnancy,43
Calculus of bile duct without cholangitis or cholecystitis without obstruction,43
Pain in unspecified ankle and joints of unspecified foot,43
"Liver disease, unspecified",43
"Unspecified injury of right lower leg, initial encounter",43
Unspecified disturbances of skin sensation,43
Autoimmune hepatitis,42
Borderline personality disorder,42
"Unspecified ovarian cyst, unspecified side",42
"Supervision of high risk pregnancy, unspecified, unspecified trimester",42
"Paralysis of vocal cords and larynx, unspecified",42
Pain in unspecified foot,42
Psychophysiologic insomnia,42
Other diseases of larynx,42
Other specified congenital malformations of skin,42
Colostomy status,42
Asymptomatic human immunodeficiency virus [HIV] infection status,42
"Acute embolism and thrombosis of deep veins of upper extremity, bilateral",42
Cardiac arrest due to underlying cardiac condition,42
"Localized swelling, mass and lump, lower limb, bilateral",42
Benign intracranial hypertension,42
Wegener's granulomatosis with renal involvement,41
"Tubulo-interstitial nephritis, not specified as acute or chronic",41
Chills (without fever),41
Cerebral atherosclerosis,41
"Localization-related (focal) (partial) symptomatic epilepsy and epileptic syndromes with simple partial seizures, not intractable, without status epilepticus",41
"Myopia, bilateral",41
Menopausal and female climacteric states,41
Vitamin B12 deficiency anemia due to intrinsic factor deficiency,41
Adjustment disorder with anxiety,41
"Disorder of bone density and structure, unspecified",41
Pain in right elbow,41
Mild protein-calorie malnutrition,41
"Other psychoactive substance dependence, uncomplicated",41
"Cocaine use, unspecified, uncomplicated",41
Sepsis due to Methicillin susceptible Staphylococcus aureus,41
Unspecified kidney failure,40
Generalized skin eruption due to drugs and medicaments taken internally,40
"Supervision of elderly multigravida, third trimester",40
"Polyarthritis, unspecified",40
"Unspecified blood type, Rh negative",40
"Other shoulder lesions, right shoulder",40
"Supervision of high risk pregnancy, unspecified, first trimester",40
Other adrenocortical insufficiency,40
"Age-related nuclear cataract, right eye",40
Other specified disorders of pigmentation,40
Malignant neoplasm of bilateral ovaries,40
Abnormal results of kidney function studies,40
Unspecified hydronephrosis,40
Lumbago,40
Pressure-induced deep tissue damage of left heel,40
"Meibomian gland dysfunction of unspecified eye, unspecified eyelid",40
Other disturbances of skin sensation,39
"Myositis ossificans traumatica, unspecified site",39
Other specified disorders of the male genital organs,39
Cachexia,39
"Posterior tibial tendinitis, left leg",39
"Schizoaffective disorder, unspecified",39
Cutaneous abscess of chest wall,39
"Other surgical procedures as the cause of abnormal reaction of the patient, or of later complication, without mention of misadventure at the time of the procedure",39
Myoclonus,39
"Unspecified maternal hypertension, complicating the puerperium",39
Thoracic aortic ectasia,39
Other dysphagia,39
Complex regional pain syndrome I of left lower limb,39
Glomerular disease in systemic lupus erythematosus,39
Other thrombotic microangiopathy,39
"Tension-type headache, unspecified, not intractable",39
Nonrheumatic mitral (valve) stenosis,39
"Unilateral primary osteoarthritis, unspecified knee",39
"Endocrine disorder, unspecified",39
"Primary osteoarthritis, right shoulder",39
"Inflammatory disease of uterus, unspecified",38
"Unspecified open wound, right lower leg, subsequent encounter",38
Obstructive hypertrophic cardiomyopathy,38
Influenza due to other identified influenza virus with other respiratory manifestations,38
Unspecified intellectual disabilities,38
Primary hyperparathyroidism,38
Hypertensive heart disease without heart failure,38
Other obstructive and reflux uropathy,38
"Diffuse large B-cell lymphoma, intra-abdominal lymph nodes",38
"Surgical operation with transplant of whole organ as the cause of abnormal reaction of the patient, or of later complication, without mention of misadventure at the time of the procedure",38
Other obesity due to excess calories,38
Dysarthria and anarthria,38
"Other postprocedural complications and disorders of the circulatory system, not elsewhere classified",38
"Other viral diseases complicating pregnancy, unspecified trimester",38
Bilateral primary osteoarthritis of hip,38
Other symptoms and signs involving the genitourinary system,38
"Other shoulder lesions, left shoulder",38
"Acute appendicitis with perforation, localized peritonitis, and gangrene, without abscess",38
"Carbuncle, unspecified",38
"Herpesviral infection of urogenital system, unspecified",37
Nosocomial condition,37
"Irregular menstruation, unspecified",37
"Leiomyoma of uterus, unspecified",37
Acquired absence of left leg below knee,37
"Disorder of pituitary gland, unspecified",37
"Hypothermia, initial encounter",37
"Cocaine dependence, uncomplicated",37
Mild intermittent asthma with (acute) exacerbation,37
"Vitreous degeneration, bilateral",37
"Chronic kidney disease, Stage III (moderate)",37
Cellulitis of left upper limb,37
"Other psychoactive substance use, unspecified, uncomplicated",37
Telogen effluvium,37
Acquired coagulation factor deficiency,37
Adult hypertrophic pyloric stenosis,37
"Primary osteoarthritis, unspecified shoulder",36
"Malignant neoplasm of bladder, unspecified",36
"Malignant neoplasm of colon, unspecified",36
Diabetes mellitus due to underlying condition without complications,36
Herpesviral gingivostomatitis and pharyngotonsillitis,36
"Sedative, hypnotic or anxiolytic dependence, uncomplicated",36
"Diabetes mellitus without mention of complication, type II or unspecified type, not stated as uncontrolled",36
Benign neoplasm of unspecified adrenal gland,36
Alpha-1-antitrypsin deficiency,36
Takotsubo syndrome,36
"Idiopathic aseptic necrosis of bone, other site",36
Rheumatoid arthritis with rheumatoid factor of multiple sites without organ or systems involvement,36
Chest pain on breathing,36
Other specified disorders of muscle,36
Primary sclerosing cholangitis,36
Acute embolism and thrombosis of left femoral vein,36
Unspecified acute lower respiratory infection,36
Urge incontinence,36
Abnormal findings on diagnostic imaging of other parts of musculoskeletal system,36
Peritoneal abscess,35
Metabolic syndrome,35
Nocturia,35
"Pressure ulcer of head, unspecified stage",35
Other specified conditions influencing health status,35
"Disorder of arteries and arterioles, unspecified",35
"Disruption of internal operation (surgical) wound, not elsewhere classified, initial encounter",35
Other specified behavioral and emotional disorders with onset usually occurring in childhood and adolescence,35
Aneurysm of artery of upper extremity,35
"Disorder of brain, unspecified",35
"Urticaria, unspecified",35
"Tachypnea, not elsewhere classified",35
"Benign neoplasm of meninges, unspecified",35
Extended spectrum beta lactamase (ESBL) resistance,35
Infarction of spleen,35
"Spinal stenosis, lumbar region without neurogenic claudication",35
Cardiac tamponade,35
"Vascular dementia, unspecified severity, without behavioral disturbance, psychotic disturbance, mood disturbance, and anxiety",34
Malignant neoplasm of unspecified site of left female breast,34
"Peptic ulcer, site unspecified, unspecified as acute or chronic, without hemorrhage or perforation",34
"Hereditary and idiopathic neuropathy, unspecified",34
Type 1 diabetes mellitus with diabetic nephropathy,34
"Localization-related (focal) (partial) idiopathic epilepsy and epileptic syndromes with seizures of localized onset, intractable, without status epilepticus",34
"Tinnitus, right ear",34
Unspecified urinary incontinence,34
Familial dysautonomia [Riley-Day],34
"Other intervertebral disc degeneration, lumbosacral region",34
"Primary osteoarthritis, unspecified ankle and foot",34
Other skin changes,34
Acute embolism and thrombosis of left peroneal vein,34
"Preglaucoma, unspecified, bilateral",34
"Acute atopic conjunctivitis, bilateral",34
Moyamoya disease,34
Aphasia,34
"Alcohol use, unspecified with unspecified alcohol-induced disorder",34
"Paroxysmal tachycardia, unspecified",34
Single live birth,34
"Contracture, left ankle",34
Alcoholic cirrhosis of liver without ascites,34
"Short Achilles tendon (acquired), left ankle",34
"Cystoid macular degeneration, left eye",34
Dermatitis due to ingested food,34
Atherosclerotic heart disease of native coronary artery with other forms of angina pectoris,34
Other retention of urine,34
Muscle spasm of back,33
"Thrombosis due to vascular prosthetic devices, implants and grafts, initial encounter",33
"Unspecified fracture of upper end of left humerus, initial encounter for closed fracture",33
Slow transit constipation,33
Toxic encephalopathy,33
"Collapsed vertebra, not elsewhere classified, thoracic region, initial encounter for fracture",33
Other osteoporosis without current pathological fracture,33
Acute embolism and thrombosis of inferior vena cava,33
"Spondylolisthesis, lumbar region",33
Other idiopathic peripheral autonomic neuropathy,33
"Leakage of aortic (bifurcation) graft (replacement), initial encounter",33
"Diverticulosis of intestine, part unspecified, without perforation or abscess without bleeding",33
Embolism and thrombosis of unspecified artery,33
Other cytomegaloviral diseases,33
Pseudocyst of pancreas,33
Iron deficiency,33
Chronic post-thoracotomy pain,33
Atherosclerotic heart disease of native coronary artery with unstable angina pectoris,33
Diseases of the respiratory system complicating the puerperium,33
Unspecified visual loss,33
Other specified diseases and conditions complicating pregnancy,33
Papillomavirus as the cause of diseases classified elsewhere,33
"Cerebral aneurysm, nonruptured",33
SARS-associated coronavirus as the cause of diseases classified elsewhere,32
Pneumonia due to other specified bacteria,32
Neutropenia due to infection,32
Other psoriasis,32
Other specified noninflammatory disorders of vulva and perineum,32
Malignant neoplasm of upper-outer quadrant of left female breast,32
Volvulus,32
Other melanin hyperpigmentation,32
"Unspecified open wound of unspecified front wall of thorax without penetration into thoracic cavity, initial encounter",32
"Aortic aneurysm of unspecified site, without rupture",32
Acute bronchitis due to other specified organisms,32
"Nicotine dependence, unspecified, in remission",32
Acquired deformity of nose,32
Pneumonia due to Escherichia coli,32
Chronic enlargement of right lacrimal gland,32
"Acute embolism and thrombosis of other specified deep vein of lower extremity, bilateral",32
"Unspecified injury of right wrist, hand and finger(s), initial encounter",32
Corns and callosities,32
Acquired absence of stomach [part of],32
Inflammatory polyarthropathy,32
"Short Achilles tendon (acquired), right ankle",32
"Unilateral primary osteoarthritis, left hip",32
Unspecified exotropia,32
"Other hammer toe(s) (acquired), left foot",32
"Epilepsy, unspecified, not intractable, with status epilepticus",32
Angiodysplasia of stomach and duodenum without bleeding,32
Alcohol abuse with unspecified alcohol-induced disorder,32
"Lyme disease, unspecified",32
Solitary plasmacytoma not having achieved remission,32
Unspecified disorder of immune mechanism,32
"Sacroiliitis, not elsewhere classified",31
Other nonrheumatic aortic valve disorders,31
"Chronic migraine without aura, not intractable, without status migrainosus",31
Tumor lysis syndrome,31
Other bacterial infections of unspecified site,31
"Ehlers-Danlos syndrome, unspecified",31
"Unspecified injury of neck, initial encounter",31
"Unspecified dacryoadenitis, unspecified lacrimal gland",31
"Other specified disorders of bone, unspecified site",31
Hemiplegia and hemiparesis following cerebral infarction affecting right dominant side,31
Postviral and related fatigue syndromes,31
Infective myocarditis,31
Renal osteodystrophy,31
Disseminated zoster,31
"Carpal tunnel syndrome, bilateral upper limbs",31
Acne vulgaris,31
"Lumbago with sciatica, unspecified side",31
"Cystitis, unspecified without hematuria",31
Diseases of lips,31
"Radiculopathy, lumbosacral region",31
"Other allergy status, other than to drugs and biological substances",31
Barrett's esophagus without dysplasia,31
"Charcot's joint, left ankle and foot",31
Bifascicular block,31
"Hemorrhage in early pregnancy, unspecified",30
"Otalgia, bilateral",30
"Epilepsy, unspecified, intractable, without status epilepticus",30
Other postprocedural complications of skin and subcutaneous tissue,30
Herpesviral vesicular dermatitis,30
27 weeks gestation of pregnancy,30
Other skin changes due to chronic exposure to nonionizing radiation,30
Other and unspecified hyperlipidemia,30
Other neutropenia,30
"Unilateral inguinal hernia, without obstruction or gangrene, recurrent",30
"Atrioventricular block, second degree",30
"Localized swelling, mass and lump, unspecified",30
"Major depressive disorder, recurrent, in partial remission",30
"Other hammer toe(s) (acquired), right foot",30
Intracranial abscess and granuloma,30
"Malignant melanoma of skin, unspecified",30
"Effusion, left knee",30
Other cirrhosis of liver,30
"Neurosyphilis, unspecified",30
"Foot drop, right foot",30
Frontal lobe and executive function deficit following cerebral infarction,30
Nonrheumatic aortic (valve) stenosis with insufficiency,30
Systemic inflammatory response syndrome (SIRS) of non-infectious origin without acute organ dysfunction,30
ST elevation (STEMI) myocardial infarction involving left anterior descending coronary artery,30
Other specified congenital malformations of skull and face bones,29
Cough variant asthma,29
"Hallux valgus (acquired), left foot",29
Jaw pain,29
Allergic rhinitis due to animal (cat) (dog) hair and dander,29
"Diabetes with renal manifestations, type II or unspecified type, not stated as uncontrolled",29
Unspecified jaundice,29
Nephrotic syndrome with unspecified morphologic changes,29
Unspecified toxic encephalopathy,29
Presence of other heart-valve replacement,29
"Arthropathy, unspecified",29
Other specified coagulation defects,29
Alcoholic hepatitis without ascites,29
Genetic susceptibility to other malignant neoplasm,29
Streptococcal pharyngitis,29
Brief psychotic disorder,29
Acquired absence of other organs,29
Ascorbic acid deficiency,29
"Gram-negative sepsis, unspecified",29
"Rosacea, unspecified",29
Other diseases of pulmonary vessels,29
"Meibomian gland dysfunction of right eye, unspecified eyelid",29
"Priapism, unspecified",29
"Unspecified fracture of right lower leg, initial encounter for closed fracture",28
"Gestational [pregnancy-induced] hypertension without significant proteinuria, unspecified trimester",28
"Other complications of procedures, not elsewhere classified, initial encounter",28
Non-pressure chronic ulcer of other part of unspecified foot with unspecified severity,28
"Otalgia, unspecified ear",28
"Strain of muscle, fascia and tendon of lower back, initial encounter",28
Other cholangitis,28
"Unspecified open wound of lower back and pelvis without penetration into retroperitoneum, initial encounter",28
"Impacted cerumen, left ear",28
"Myocarditis, unspecified",28
Pemphigus vulgaris,28
"Malignant neoplasm of cervix uteri, unspecified",28
Nonspecific reaction to tuberculin skin test without active tuberculosis,28
"Anorexia nervosa, unspecified",28
Chylous effusion,28
"Unilateral primary osteoarthritis of first carpometacarpal joint, right hand",28
Human metapneumovirus as the cause of diseases classified elsewhere,28
Systemic inflammatory response syndrome (SIRS) of non-infectious origin with acute organ dysfunction,28
Pulmonary hypertension due to lung diseases and hypoxia,28
"Angina pectoris, unspecified",28
"Other viral diseases complicating pregnancy, second trimester",28
"Streptococcal infection, unspecified site",28
"Unspecified ovarian cyst, right side",28
Acute embolism and thrombosis of left popliteal vein,28
"Unspecified pre-eclampsia, unspecified trimester",28
Other headache syndrome,28
"Gestational [pregnancy-induced] hypertension without significant proteinuria, complicating childbirth",27
"Meibomian gland dysfunction of left eye, unspecified eyelid",27
"Acute bronchiolitis, unspecified",27
"Sedative, hypnotic or anxiolytic dependence with withdrawal delirium",27
Chronic hepatic failure without coma,27
"Alcohol dependence, in remission",27
"Sprain of other ligament of left ankle, initial encounter",27
"Postprocedural septic shock, initial encounter",27
"Hodgkin lymphoma, unspecified, unspecified site",27
Atherosclerosis of renal artery,27
"Carpal tunnel syndrome, right upper limb",27
Brachial plexus disorders,27
"Enlarged lymph nodes, unspecified",27
"Unspecified open wound of unspecified part of neck, initial encounter",27
"Other enthesopathies, not elsewhere classified",27
Functional dyspepsia,27
Eosinophilic gastritis or gastroenteritis,27
Bacteroides fragilis [B. fragilis] as the cause of diseases classified elsewhere,27
Other abnormal findings on diagnostic imaging of central nervous system,27
Postprocedural hemorrhage of a genitourinary system organ or structure following a genitourinary system procedure,27
Cellulitis of left lower limb,27
"Disorder of the autonomic nervous system, unspecified",27
Other drug-induced agranulocytosis,27
Other specified noninfective disorders of lymphatic vessels and lymph nodes,27
"Localization-related (focal) (partial) symptomatic epilepsy and epileptic syndromes with complex partial seizures, not intractable, without status epilepticus",27
"Other intra-abdominal and pelvic swelling, mass and lump",27
"Dysmenorrhea, unspecified",27
Acute stress reaction,27
"Strain of muscle, fascia and tendon of other parts of biceps, right arm, subsequent encounter",27
Dissection of thoracoabdominal aorta,27
Other hyperlipidemia,26
"Intra-abdominal and pelvic swelling, mass and lump, unspecified site",26
"Displaced fracture of shaft of fifth metacarpal bone, left hand, subsequent encounter for fracture with routine healing",26
"Other specified disorders of bone, lower leg",26
"Disorder of central nervous system, unspecified",26
"Unspecified injury of thorax, initial encounter",26
Posterior reversible encephalopathy syndrome,26
Spasmodic torticollis,26
"Upper abdominal pain, unspecified",26
"Puckering of macula, right eye",26
Sepsis due to other specified staphylococcus,26
"Paralysis of vocal cords and larynx, bilateral",26
Disturbances of salivary secretion,26
"Poisoning by selective serotonin reuptake inhibitors, accidental (unintentional), initial encounter",26
"Diseases of the respiratory system complicating pregnancy, third trimester",26
Other fluid overload,26
Acute embolism and thrombosis of unspecified deep veins of right proximal lower extremity,26
Other encephalopathy,26
"Lactose intolerance, unspecified",26
Other malaise and fatigue,26
"Acute embolism and thrombosis of calf muscular vein, bilateral",26
"Strongyloidiasis, unspecified",26
Other drug induced movement disorders,26
Disorders of magnesium metabolism,26
"Abdominal aortic aneurysm, ruptured",26
Chronic embolism and thrombosis of inferior vena cava,26
"Atherosclerosis of native arteries of extremities with gangrene, left leg",26
"Dysphagia, pharyngoesophageal phase",26
"Cystoid macular degeneration, right eye",25
Adhesive capsulitis of left shoulder,25
"Vitamin B12 deficiency anemia, unspecified",25
Other forms of angina pectoris,25
"Major depressive disorder, recurrent, unspecified",25
Ventricular fibrillation,25
"Gender identity disorder, unspecified",25
"Strain of muscle(s) and tendon(s) of the rotator cuff of left shoulder, subsequent encounter",25
"Hypergammaglobulinemia, unspecified",25
Stridor,25
Other specified disease of esophagus,25
Genetic susceptibility to other disease,25
Idiopathic sleep related nonobstructive alveolar hypoventilation,25
Paraphimosis,25
"Vitreous hemorrhage, left eye",25
"Malignant melanoma of right upper limb, including shoulder",25
Cerebral infarction due to unspecified occlusion or stenosis of left middle cerebral artery,25
"Myoneural disorder, unspecified",25
Edema of larynx,25
Other specified conditions associated with female genital organs and menstrual cycle,25
"Posterior tibial tendinitis, right leg",25
Other emphysema,25
Benign neoplasm of ascending colon,25
"Type 2 diabetes mellitus with mild nonproliferative diabetic retinopathy without macular edema, bilateral",25
Idiopathic aseptic necrosis of right femur,25
"Streptococcus, group A, as the cause of diseases classified elsewhere",25
Other lesions of oral mucosa,25
Lymphocytopenia,25
Acute embolism and thrombosis of unspecified femoral vein,25
"Unspecified ovarian cyst, left side",25
"Basal cell carcinoma of skin, unspecified",25
"Unspecified astigmatism, bilateral",25
Human herpesvirus 6 infection,24
Postconcussional syndrome,24
"Poisoning by other antihypertensive drugs, intentional self-harm, initial encounter",24
Acute embolism and thrombosis of unspecified deep veins of right distal lower extremity,24
"Cannabis abuse, uncomplicated",24
"Displaced avulsion fracture (chip fracture) of right talus, initial encounter for closed fracture",24
"Migraine with aura, intractable, with status migrainosus",24
"Enterovirus infection, unspecified",24
Left testicular pain,24
Cutaneous abscess of right upper limb,24
Peritoneal adhesions (postprocedural) (postinfection),24
"Infection following a procedure, other surgical site, initial encounter",24
Fistula of stomach and duodenum,24
"Tinnitus, left ear",24
Endometriosis of uterus,24
Other urogenital candidiasis,24
"Deep phlebothrombosis in pregnancy, unspecified trimester",24
Rectal abscess,24
Acquired absence of spleen,24
"Anemia complicating pregnancy, unspecified trimester",24
Postprocedural heart failure following cardiac surgery,24
Other complication of respirator [ventilator],24
Pain in unspecified hand,24
Non-pressure chronic ulcer of other part of left foot with unspecified severity,24
"Infection of other part of genital tract in pregnancy, second trimester",24
Emotional lability,24
"Otalgia, right ear",24
Hemiplegia and hemiparesis following cerebral infarction affecting left non-dominant side,24
"Viral pneumonia, unspecified",24
"Cannabis use, unspecified, uncomplicated",24
"Pyogenic arthritis, unspecified",24
Other problems related to lifestyle,24
Genetic susceptibility to malignant neoplasm of breast,24
Personality change due to known physiological condition,24
"Diabetes mellitus due to underlying condition with severe nonproliferative diabetic retinopathy without macular edema, bilateral",24
"Benign paroxysmal vertigo, unspecified ear",24
"Methicillin resistant Staphylococcus aureus infection, unspecified site",24
"Acute embolism and thrombosis of peroneal vein, bilateral",24
Type 1 diabetes mellitus with unspecified complications,24
"Bursopathy, unspecified",24
Dyskinesia of esophagus,24
Secondary malignant neoplasm of pleura,23
"Cutaneous abscess of trunk, unspecified",23
Pain in joints of unspecified hand,23
"Impacted cerumen, bilateral",23
Sarcoidosis,23
Erythema intertrigo,23
Sjogren syndrome with keratoconjunctivitis,23
Acute on chronic right heart failure,23
"Otalgia, left ear",23
Hemorrhage from other sites in respiratory passages,23
"Unspecified open wound, unspecified lower leg, initial encounter",23
Unspecified mental disorder due to known physiological condition,23
Flushing,23
"Adverse effect of glucocorticoids and synthetic analogues, sequela",23
"Cervical disc disorder, unspecified, unspecified cervical region",23
Endomyocardial (eosinophilic) disease,23
"Unspecified temporomandibular joint disorder, unspecified side",23
"Follicular lymphoma grade I, unspecified site",23
Acquired absence of right leg above knee,23
Rheumatic disorders of both mitral and aortic valves,23
"Diabetes with ophthalmic manifestations, type II or unspecified type, not stated as uncontrolled",23
"Malignant neoplasm of cervix uteri, unspecified site",23
Chronic graft-versus-host disease,23
Other disorders of calcium metabolism,23
"Disorder of thyroid, unspecified",23
Sepsis due to Methicillin resistant Staphylococcus aureus,23
Stress incontinence (female) (male),23
"Disease of pericardium, unspecified",23
Decreased libido,23
Compression of vein,23
"Arteriovenous fistula, acquired",23
Periorbital cellulitis,23
"Pressure ulcer of unspecified site, unspecified stage",23
Orthopnea,23
Auditory hallucinations,23
Respiratory syncytial virus as the cause of diseases classified elsewhere,22
Psoriatic arthritis mutilans,22
Rectal polyp,22
"Dystonia, unspecified",22
Pain in right finger(s),22
"Tear of articular cartilage of right knee, current, initial encounter",22
"Attention-deficit hyperactivity disorder, predominantly inattentive type",22
Acute recurrent maxillary sinusitis,22
Ulcerative (chronic) pancolitis without complications,22
Other Gram-negative sepsis,22
"Lesion of ulnar nerve, right upper limb",22
Spontaneous tension pneumothorax,22
"Anal fissure, unspecified",22
Driver of bus injured in collision with pedestrian or animal in nontraffic accident,22
Alzheimer's disease,22
"Vasculitis limited to the skin, unspecified",22
Complications of stem cell transplant,22
Anxiety disorder due to known physiological condition,22
"Strain of other muscle(s) and tendon(s) at lower leg level, left leg, initial encounter",22
"Listeriosis, unspecified",22
"Encephalitis and encephalomyelitis, unspecified",22
Abscess of lung with pneumonia,22
Other specified diseases of esophagus,22
"Type 1 diabetes mellitus with proliferative diabetic retinopathy without macular edema, left eye",22
Acquired absence of other right toe(s),22
"Supervision of pregnancy with other poor reproductive or obstetric history, third trimester",22
"Other specified complication of cardiac prosthetic devices, implants and grafts, initial encounter",22
"Mental disorder, not otherwise specified",22
"Car passenger injured in collision with car, pick-up truck or van in nontraffic accident",22
Idiopathic aseptic necrosis of left femur,22
"Other osteomyelitis, other site",22
"Persistent postprocedural fistula, initial encounter",22
First degree perineal laceration during delivery,22
Other abnormal findings in specimens from female genital organs,22
Carcinoma in situ of skin of other parts of face,22
Acquired absence of other left toe(s),22
"Spotting complicating pregnancy, first trimester",22
Acute right heart failure,22
"Unspecified lump in the right breast, unspecified quadrant",22
"Meibomian gland dysfunction left eye, upper and lower eyelids",22
Hypermagnesemia,22
"Unspecified open wound, unspecified foot, initial encounter",22
"Meibomian gland dysfunction right eye, upper and lower eyelids",22
Unspecified lack of expected normal physiological development in childhood,22
Candidiasis of vulva and vagina,22
"Factitious disorder imposed on self, unspecified",21
"Hepatic failure, unspecified with coma",21
"Wedge compression fracture of first lumbar vertebra, initial encounter for closed fracture",21
"Retinal hemorrhage, unspecified eye",21
"Foot drop, left foot",21
Sepsis due to Escherichia coli [E. coli],21
31 weeks gestation of pregnancy,21
Syndrome of inappropriate secretion of antidiuretic hormone,21
"Other spondylosis with myelopathy, cervical region",21
Mixed irritable bowel syndrome,21
"Unspecified open wound, right foot, initial encounter",21
"Hydrocele, unspecified",21
"Mixed conductive and sensorineural hearing loss, unilateral, left ear with restricted hearing on the contralateral side",21
Rheumatic mitral insufficiency,21
Other cerebral infarction,21
Altered mental status,21
Bacteriuria,21
"Cellulitis of trunk, unspecified",21
"Poisoning by unspecified drugs, medicaments and biological substances, intentional self-harm, initial encounter",21
"Polyosteoarthritis, unspecified",21
Dissection of vertebral artery,21
Other premature depolarization,21
Benign lipomatous neoplasm of skin and subcutaneous tissue of left arm,21
Pneumocystosis,21
"Nevus, non-neoplastic",21
"Basal cell carcinoma of skin of left upper limb, including shoulder",21
Lymphocytic colitis,21
Postinflammatory hyperpigmentation,21
Other enthesopathy of right foot and ankle,21
Pain in joints of left hand,21
Other sleep disorders,21
"Infection and inflammatory reaction due to other cardiac and vascular devices, implants and grafts, sequela",21
Chronic embolism and thrombosis of deep veins of right upper extremity,21
Postmenopausal atrophic vaginitis,21
37 weeks gestation of pregnancy,21
"Malignant neoplasm of bronchus and lung, unspecified",21
Disseminated intravascular coagulation [defibrination syndrome],21
Hiccough,21
"Disorder of adrenal gland, unspecified",21
Unspecified papilledema,21
"Pneumonia, organism unspecified",21
Pain in left upper arm,21
Coronary atherosclerosis of native coronary artery,21
Conversion disorder with seizures or convulsions,21
Pain in unspecified limb,21
"Displacement of bile duct prosthesis, initial encounter",21
Other specified noninflammatory disorders of uterus,20
"Osteoarthrosis, localized, primary, lower leg",20
Periumbilical pain,20
"Malignant neoplasm of corpus uteri, except isthmus",20
Other pulmonary collapse,20
"Hypothermia, not associated with low environmental temperature",20
Unspecified abnormal cytological findings in specimens from cervix uteri,20
Other tracheostomy complication,20
"Cicatricial alopecia, unspecified",20
"Hepatomegaly with splenomegaly, not elsewhere classified",20
Irritable bowel syndrome with diarrhea,20
Other specified heart block,20
Pain in right toe(s),20
Other air leak,20
"Low-tension glaucoma, bilateral, severe stage",20
"Unspecified open wound, right lower leg, initial encounter",20
Other specified nonpsychotic mental disorders,20
"Complication of other artery following a procedure, not elsewhere classified, initial encounter",20
Encounter for therapeutic drug level monitoring,20
Fistula of intestine,20
Proteus (mirabilis) (morganii) as the cause of diseases classified elsewhere,20
"Periprosthetic fracture around internal prosthetic right knee joint, initial encounter",20
Hemangioma of skin and subcutaneous tissue,20
Secondary malignant neoplasm of unspecified lung,20
Atrophy of thyroid (acquired),20
Other symptoms and signs involving emotional state,20
"Gestational diabetes mellitus in pregnancy, controlled by oral hypoglycemic drugs",20
"Unspecified open wound of abdominal wall, unspecified quadrant without penetration into peritoneal cavity, initial encounter",20
"Unspecified thoracic, thoracolumbar and lumbosacral intervertebral disc disorder",20
"Unspecified open wound of right upper arm, initial encounter",20
"Vomiting of pregnancy, unspecified",20
Abnormal reflex,20
Pneumonia due to Hemophilus influenzae,20
Postprocedural hemorrhage of skin and subcutaneous tissue following other procedure,20
"Methicillin susceptible Staphylococcus aureus infection, unspecified site",20
"Abnormal finding of blood chemistry, unspecified",20
Impingement syndrome of right shoulder,20
"Diseases of the respiratory system complicating pregnancy, second trimester",20
"Other specified disorders of bone, forearm",20
Cervical high risk human papillomavirus (HPV) DNA test positive,20
Gangrene and necrosis of lung,20
"Other specified disorders of ear, bilateral",20
Esophageal obstruction,20
"Wedge compression fracture of unspecified thoracic vertebra, initial encounter for closed fracture",20
"Olecranon bursitis, right elbow",20
Unspecified complication of intestine transplant,20
Pain in joints of right hand,20
Prothrombin gene mutation,20
"Type 1 diabetes mellitus with proliferative diabetic retinopathy without macular edema, right eye",20
Acute embolism and thrombosis of right calf muscular vein,20
Acute embolism and thrombosis of right axillary vein,20
Abscess of lung without pneumonia,20
Excessive and frequent menstruation with irregular cycle,19
Secondary malignant neoplasm of brain,19
"Other deformities of toe(s) (acquired), left foot",19
"Chronic kidney disease, Stage IV (severe)",19
Acute embolism and thrombosis of other specified deep vein of left lower extremity,19
Other acute recurrent sinusitis,19
Compression of brain,19
"Unspecified multiple injuries, initial encounter",19
Occlusion and stenosis of left vertebral artery,19
Scar conditions and fibrosis of skin,19
Facial weakness,19
"Sprain of unspecified ligament of left ankle, initial encounter",19
"Tic disorder, unspecified",19
Abnormal sputum,19
"Complication of other artery following a procedure, not elsewhere classified, sequela",19
"State of emotional shock and stress, unspecified",19
"Disease of stomach and duodenum, unspecified",19
"Pathological fracture in neoplastic disease, left humerus, initial encounter for fracture",19
"Hemorrhage, not elsewhere classified",19
Bandemia,19
"Pregnancy with inconclusive fetal viability, not applicable or unspecified",19
Anogenital (venereal) warts,19
Other abnormal findings in urine,19
Embolism and thrombosis of arteries of the upper extremities,19
Esophageal varices without bleeding,19
"Infection and inflammatory reaction due to internal left hip prosthesis, sequela",19
"Abnormal findings on diagnostic imaging of other abdominal regions, including retroperitoneum",19
Idiopathic aseptic necrosis of unspecified bone,19
Benign neoplasm of transverse colon,19
"Acute frontal sinusitis, unspecified",19
Resistance to multiple antibiotics,19
"Unspecified displaced fracture of first cervical vertebra, initial encounter for closed fracture",19
Non-pressure chronic ulcer of skin of other sites with fat layer exposed,19
"Subluxation of lens, right eye",19
Esophageal reflux,19
"Apnea, not elsewhere classified",18
"Regular astigmatism, bilateral",18
Pulmonary hypertension due to left heart disease,18
"Unspecified rotator cuff tear or rupture of right shoulder, not specified as traumatic",18
"Atherosclerosis of native arteries of extremities with rest pain, left leg",18
"Enthesopathy, unspecified",18
Other decreased white blood cell count,18
Benign neoplasm of sigmoid colon,18
Hemophilus influenzae [H. influenzae] as the cause of diseases classified elsewhere,18
Endocarditis and heart valve disorders in diseases classified elsewhere,18
Carcinoma in situ of anus and anal canal,18
"Other specified joint disorders, left ankle and foot",18
"Crohn's disease, unspecified, with unspecified complications",18
"Manic episode, unspecified",18
Priapism due to disease classified elsewhere,18
Pain in right upper arm,18
"Other specified disorders of bone density and structure, other site",18
"Other specific arthropathies, not elsewhere classified, right shoulder",18
Other specified mycoses,18
"Other specified complication of vascular prosthetic devices, implants and grafts, initial encounter",18
Calcinosis cutis,18
"Epidermal thickening, unspecified",18
"Disease of spinal cord, unspecified",18
"Effusion, right ankle",18
Postprocedural hematoma of a musculoskeletal structure following a musculoskeletal system procedure,18
"Malignant neoplasm of right kidney, except renal pelvis",18
Exercise induced bronchospasm,18
"Supervision of other high risk pregnancies, third trimester",18
Saddle embolus of pulmonary artery without acute cor pulmonale,18
Influenza due to unidentified influenza virus with other respiratory manifestations,18
Unspecified nystagmus,18
Other complications of unspecified transplanted organ and tissue,18
Diseases of the respiratory system complicating childbirth,18
"Abnormal findings on diagnostic imaging of skull and head, not elsewhere classified",18
"Circadian rhythm sleep disorder, delayed sleep phase type",18
"Stiffness of unspecified joint, not elsewhere classified",18
"Synovial cyst of popliteal space [Baker], left knee",18
Other specified complications of labor and delivery,18
"Unspecified rotator cuff tear or rupture of left shoulder, not specified as traumatic",18
"Generalized intra-abdominal and pelvic swelling, mass and lump",18
"Atherosclerosis of native arteries of extremities with gangrene, unspecified extremity",18
Other specified dermatitis,18
"Pain due to vascular prosthetic devices, implants and grafts, initial encounter",18
Nail dystrophy,18
Memory loss,18
Rheumatic mitral stenosis,18
Pain in left thigh,18
Acute bronchospasm,18
Other cerebral infarction due to occlusion or stenosis of small artery,18
"Other specified pregnancy related conditions, second trimester",18
Neoplasm of uncertain behavior of aortic body and other paraganglia,18
Viral myocarditis,18
"Other specified types of non-Hodgkin lymphoma, lymph nodes of head, face, and neck",18
Squamous cell carcinoma of skin of scalp and neck,18
Type 2 diabetes mellitus with diabetic autonomic (poly)neuropathy,18
"Vitamin B deficiency, unspecified",18
Permanent atrial fibrillation,18
Cholesterolosis of gallbladder,18
"Hallucinations, unspecified",18
"Folate deficiency anemia, unspecified",18
Drug-induced polyneuropathy,18
"4-part fracture of surgical neck of left humerus, initial encounter for closed fracture",18
Syringomyelia and syringobulbia,18
Angiodysplasia of colon with hemorrhage,18
Abnormal result of other cardiovascular function study,17
Other symptoms and signs involving appearance and behavior,17
Other complications of bone marrow transplant,17
"Malignant neoplasm of mediastinum, part unspecified",17
"Encephalocele, unspecified",17
"Major depressive disorder, single episode, in full remission",17
Chronic obstructive pulmonary disease with (acute) lower respiratory infection,17
Localized scleroderma [morphea],17
Dysphagia following cerebral infarction,17
"Sprain of tarsometatarsal ligament of left foot, subsequent encounter",17
Other complications of enterostomy,17
"Unspecified injury of lower back, initial encounter",17
Vertigo of central origin,17
Other malignant neuroendocrine tumors,17
"Infection and inflammatory reaction due to cardiac valve prosthesis, initial encounter",17
Other disorders of purine and pyrimidine metabolism,17
Cardiac allograft vasculopathy,17
Other nontraumatic intracerebral hemorrhage,17
Other enthesopathy of left foot and ankle,17
"Ulcerative colitis, unspecified with unspecified complications",17
Biliary acute pancreatitis without necrosis or infection,17
"Testicular pain, unspecified",17
"Chronic airway obstruction, not elsewhere classified",17
Acute pulmonary insufficiency following nonthoracic surgery,17
"Fracture of unspecified part of neck of right femur, initial encounter for closed fracture",17
"Spondylolisthesis, site unspecified",17
Pleural plaque without asbestos,17
Hesitancy of micturition,17
Pain in left toe(s),17
"White matter disease, unspecified",17
"Eosinophilia, unspecified",17
"Crohn's disease, unspecified, without complications",17
Unspecified symptoms and signs involving cognitive functions and awareness,17
Spontaneous ecchymoses,17
"Nontraumatic intracranial hemorrhage, unspecified",17
"Hypertensive heart and chronic kidney disease without heart failure, with stage 1 through stage 4 chronic kidney disease, or unspecified chronic kidney disease",17
Palmar fascial fibromatosis [Dupuytren],17
Obstructive sleep apnea (adult)(pediatric),17
Other benign neuroendocrine tumors,17
Sepsis due to Pseudomonas,17
"Alzheimer's disease, unspecified",17
Other nonthrombocytopenic purpura,17
"Acne, unspecified",17
Cerebral infarction due to unspecified occlusion or stenosis of unspecified cerebral artery,17
Unspecified acquired hypothyroidism,17
Vulvar vestibulitis,17
"Exudative age-related macular degeneration, bilateral, with active choroidal neovascularization",17
"Secondary and unspecified malignant neoplasm of lymph nodes of head, face and neck",17
"Nocardiosis, unspecified",17
"Supervision of elderly multigravida, unspecified trimester",17
Pain in left finger(s),17
"Hallux valgus (acquired), right foot",17
"Incomplete rotator cuff tear or rupture of left shoulder, not specified as traumatic",17
Polyp of corpus uteri,17
Benign neoplasm of cranial nerves,17
"Unspecified atherosclerosis of native arteries of extremities, left leg",17
Ileostomy status,17
Full incontinence of feces,17
Encounter for other screening for genetic and chromosomal anomalies,17
Influenza due to identified novel influenza A virus with other respiratory manifestations,17
Atypical squamous cells of undetermined significance on cytologic smear of cervix (ASC-US),17
Asymptomatic microscopic hematuria,17
"Unspecified scleritis, unspecified eye",17
Other specified conduction disorders,17
"Achilles tendinitis, right leg",17
Familial hypophosphatemia,17
Other speech disturbances,17
Acute pyelonephritis,17
"Radiculopathy, site unspecified",17
"Contusion of left shoulder, initial encounter",17
Discoid lupus erythematosus,16
Malignant ascites,16
"Nontraumatic ischemic infarction of muscle, left lower leg",16
Human metapneumovirus pneumonia,16
Postprocedural hematoma of skin and subcutaneous tissue following other procedure,16
Mechanical complication of respirator,16
Other musculoskeletal symptoms referable to limbs,16
Other viral diseases complicating childbirth,16
"Acute lymphoblastic leukemia, in remission",16
"Achilles tendinitis, left leg",16
"Microscopic colitis, unspecified",16
"Unspecified pre-existing hypertension complicating pregnancy, second trimester",16
Acute embolism and thrombosis of left calf muscular vein,16
Slurred speech,16
"Synovial cyst of popliteal space [Baker], right knee",16
"Lesion of lateral popliteal nerve, right lower limb",16
Occlusion and stenosis of left middle cerebral artery,16
(Idiopathic) normal pressure hydrocephalus,16
"Other specified disorders of bone, shoulder",16
First degree hemorrhoids,16
Cerebral infarction due to unspecified occlusion or stenosis of left posterior cerebral artery,16
Pain in limb,16
Unspecified mononeuropathy of bilateral lower limbs,16
"Wedge compression fracture of third lumbar vertebra, initial encounter for closed fracture",16
"Trochanteric bursitis, right hip",16
"Calcaneal spur, right foot",16
"Complex tear of medial meniscus, current injury, left knee, initial encounter",16
Tracheo-esophageal fistula following tracheostomy,16
"Sciatica, left side",16
Pseudarthrosis after fusion or arthrodesis,16
Mastitis without abscess,16
Other specified diabetes mellitus with other specified complication,16
Hemorrhage from tracheostomy stoma,16
Chronic enlargement of left lacrimal gland,16
"Displaced fracture of lateral malleolus of right fibula, subsequent encounter for closed fracture with routine healing",16
"Poisoning by unspecified drugs, medicaments and biological substances, accidental (unintentional), initial encounter",16
Diverticulosis of large intestine without perforation or abscess with bleeding,16
"Contusion of scalp, initial encounter",16
"Neoplasm of unspecified behavior of bone, soft tissue, and skin",16
"Laceration without foreign body of other part of head, initial encounter",16
Left anterior fascicular block,16
"Spondylosis without myelopathy or radiculopathy, lumbosacral region",16
"Phakomatosis, unspecified",16
"Toxic effect of other tobacco and nicotine, accidental (unintentional), subsequent encounter",16
"Strain of muscle and tendon of front wall of thorax, initial encounter",16
"Persistent migraine aura without cerebral infarction, intractable, without status migrainosus",16
Dependence on wheelchair,16
Idiopathic non-specific interstitial pneumonitis,16
"Effusion, unspecified joint",16
Hb-SS disease with acute chest syndrome,16
"Obstructive and reflux uropathy, unspecified",16
Chronic pneumothorax,16
Acute embolism and thrombosis of right subclavian vein,16
Cutaneous abscess of abdominal wall,16
"Supervision of pregnancy with history of infertility, first trimester",16
Benign neoplasm of left adrenal gland,16
Acute embolism and thrombosis of unspecified veins of unspecified upper extremity,16
Anemia of the puerperium,16
"Unspecified injury of right ankle, initial encounter",16
"Infectious mononucleosis, unspecified without complication",16
New daily persistent headache (NDPH),16
Postprocedural hemorrhage of a respiratory system organ or structure following a respiratory system procedure,16
"Fracture of unspecified part of neck of right femur, subsequent encounter for closed fracture with delayed healing",16
Unspecified condition associated with female genital organs and menstrual cycle,16
"Nodular lymphocyte predominant Hodgkin lymphoma, unspecified site",16
Excoriation (skin-picking) disorder,16
Unspecified lesions of oral mucosa,15
"Unspecified open wound of left upper arm, initial encounter",15
"Unspecified injury of left shoulder and upper arm, initial encounter",15
"Infection and inflammatory reaction due to indwelling urethral catheter, initial encounter",15
Pain in right forearm,15
"Unspecified sprain of left wrist, subsequent encounter",15
Non-pressure chronic ulcer of skin of other sites with unspecified severity,15
Glossodynia,15
Angiodysplasia of stomach and duodenum with bleeding,15
Hyposmolality and/or hyponatremia,15
"Diabetes mellitus without mention of complication, type II or unspecified type, uncontrolled",15
Sciatica,15
Arthralgia of right temporomandibular joint,15
Elevated erythrocyte sedimentation rate,15
Other diseases of tongue,15
Other specified chromosome abnormalities,15
Retinal neovascularization NOS,15
Unspecified voice and resonance disorder,15
"Primary osteoarthritis, right hand",15
Bronchiectasis with (acute) exacerbation,15
"Complex regional pain syndrome I, unspecified",15
Other chronic allergic conjunctivitis,15
Other organ or system involvement in systemic lupus erythematosus,15
Pneumonia due to Streptococcus pneumoniae,15
Benign essential hypertension,15
"Nicotine dependence, other tobacco product, uncomplicated",15
Recurrent and persistent hematuria with diffuse mesangial proliferative glomerulonephritis,15
Atrophy of kidney (terminal),15
"Vestibular neuronitis, unspecified ear",15
"Bilateral inguinal hernia, without obstruction or gangrene, not specified as recurrent",15
"Other mechanical complication of surgically created arteriovenous fistula, initial encounter",15
"Poisoning by unspecified drug or medicinal substance, undetermined whether accidentally or purposely inflicted",15
Severe pre-eclampsia complicating childbirth,15
Other disorders of pituitary gland,15
Unspecified disorder of circulatory system,15
Asthma,15
Other Escherichia coli [E. coli] as the cause of diseases classified elsewhere,15
"Surgical operation with anastomosis, bypass or graft as the cause of abnormal reaction of the patient, or of later complication, without mention of misadventure at the time of the procedure",15
"Benign neoplasm of colon, unspecified",15
"Esophagitis, unspecified",15
Atrial septal defect,15
Other specified disorders of veins,15
Other specified disorders of left ear,15
"Major depressive disorder, recurrent, mild",15
"Diabetes with neurological manifestations, type II or unspecified type, not stated as uncontrolled",15
"Other phakomatoses, not elsewhere classified",15
Primary adrenocortical insufficiency,15
Sarcoidosis of lung with sarcoidosis of lymph nodes,15
"Chronic kidney disease, stage 1",15
"Stenosis of other vascular prosthetic devices, implants and grafts, initial encounter",15
Phlebitis and thrombophlebitis of other sites,15
Functional quadriplegia,15
"Unspecified open wound, left lower leg, initial encounter",15
Other obesity,15
Acute laryngitis,15
Other disturbances of smell and taste,15
Inadequate sleep hygiene,15
"Bloodstream infection due to central venous catheter, initial encounter",15
"Endocrine, nutritional and metabolic diseases complicating childbirth",15
"Patellofemoral disorders, left knee",15
"Systemic sclerosis, unspecified",15
Pneumonitis due to inhalation of food or vomitus,15
Calculus of kidney with calculus of ureter,15
"Infection following a procedure, superficial incisional surgical site, initial encounter",15
Other pulmonary embolism and infarction,15
Hidradenitis suppurativa,15
Precipitous drop in hematocrit,15
"Ocular pain, unspecified eye",15
"Unspecified contact dermatitis, unspecified cause",14
Pain in unspecified wrist,14
Chronic diastolic heart failure,14
"Hydrocephalus, unspecified",14
"Otitis media, unspecified, right ear",14
Subacute cough,14
Acute embolism and thrombosis of unspecified deep veins of unspecified distal lower extremity,14
"Uterovaginal prolapse, unspecified",14
"Generalized idiopathic epilepsy and epileptic syndromes, not intractable, without status epilepticus",14
"Histoplasmosis capsulati, unspecified",14
Giant cell arteritis with polymyalgia rheumatica,14
"Hallux rigidus, left foot",14
"Personality disorder, unspecified",14
Benign neoplasm of descending colon,14
"Other specific arthropathies, not elsewhere classified, left shoulder",14
"Abnormal radiologic findings on diagnostic imaging of renal pelvis, ureter, or bladder",14
Delusional disorders,14
"Unspecified sprain of left wrist, initial encounter",14
"Idiopathic gout, right knee",14
Enterostomy malfunction,14
"Transplanted organ and tissue status, unspecified",14
Complex regional pain syndrome I of right upper limb,14
Malignant neoplasm of spinal cord,14
"Alcohol abuse with intoxication, unspecified",14
Pyonephrosis,14
"Schizoaffective disorder, depressive type",14
Tinea corporis,14
Other specified disorders of right ear,14
"Cervical shortening, third trimester",14
Cystic fibrosis carrier,14
"Menstrual migraine, intractable, with status migrainosus",14
Other specified inflammatory liver diseases,14
"Opioid use, unspecified with withdrawal",14
Angioid streaks of macula,14
"Other noninflammatory disorders of ovary, fallopian tube and broad ligament",14
Abnormal findings in other body fluids and substances,14
"Sedative, hypnotic or anxiolytic dependence with unspecified sedative, hypnotic or anxiolytic-induced disorder",14
Unspecified macular degeneration,14
Other intestinal malabsorption,14
Non-pressure chronic ulcer of back with unspecified severity,14
Toxic gastroenteritis and colitis,14
Polymyositis with other organ involvement,14
"Degenerative disease of nervous system, unspecified",14
"Strain of unspecified muscle and tendon at ankle and foot level, unspecified foot, initial encounter",14
Other proteinuria,14
Abnormality in fetal heart rate and rhythm complicating labor and delivery,14
"Vitreous degeneration, left eye",14
"Post-traumatic stress disorder, chronic",14
Other dorsalgia,14
Toxic liver disease with cholestasis,14
Pneumonia due to other virus not elsewhere classified,14
"Pressure ulcer of other site, stage 2",14
"Pregnancy related conditions, unspecified, third trimester",14
Dysplasia of anus,14
"Gestational diabetes mellitus in childbirth, unspecified control",14
"Cerebral artery occlusion, unspecified with cerebral infarction",14
"Unspecified blepharitis unspecified eye, unspecified eyelid",14
Cutaneous abscess of left lower limb,14
Duodenitis without bleeding,14
Amaurosis fugax,14
Unspecified esotropia,14
Second degree perineal laceration during delivery,14
"Urinary obstruction, not elsewhere classified",14
"Atherosclerosis of native arteries of extremities with intermittent claudication, bilateral legs",14
"Unqualified visual loss, both eyes",14
"Acute tonsillitis, unspecified",14
Thrombotic microangiopathy,14
Polydipsia,14
"Other disorders of optic disc, bilateral",14
"Hypoparathyroidism, unspecified",14
Other giant cell arteritis,14
Idiopathic aseptic necrosis of right shoulder,14
Cystic disease of liver,14
Basal cell carcinoma of skin of other parts of face,14
"Streptococcal sepsis, unspecified",14
"Unspecified injury of left foot, initial encounter",13
Postprocedural hypotension,13
Alcohol-induced chronic pancreatitis,13
"Thoracic or lumbosacral neuritis or radiculitis, unspecified",13
Varicose veins of bilateral lower extremities with other complications,13
Edema,13
Pulmonary candidiasis,13
Genetic susceptibility to malignant neoplasm of ovary,13
Atherosclerosis of coronary artery bypass graft(s) without angina pectoris,13
Non-pressure chronic ulcer of unspecified part of unspecified lower leg with unspecified severity,13
Other abnormal findings on microbiological examination of urine,13
"Other acute osteomyelitis, unspecified radius and ulna",13
Nodules of vocal cords,13
Malignant neoplasm of occipital lobe,13
"Valgus deformity, not elsewhere classified, right knee",13
Irritable bowel syndrome with constipation,13
"Other megaloblastic anemias, not elsewhere classified",13
Pallor,13
Pain in right thigh,13
Sarcoidosis of other sites,13
"Sprain of unspecified ligament of right ankle, initial encounter",13
Cerebral ischemia,13
Other cholelithiasis without obstruction,13
Pneumonia due to other streptococci,13
"Sedative, hypnotic, or anxiolytic use, unspecified, uncomplicated",13
"Circadian rhythm sleep disorder, shift work type",13
Abnormal posture,13
"Mucormycosis, unspecified",13
Disseminated mycobacterium avium-intracellulare complex (DMAC),13
Exudative senile macular degeneration,13
"Fracture of unspecified part of neck of unspecified femur, initial encounter for closed fracture",13
"Unspecified fracture of the lower end of left radius, initial encounter for closed fracture",13
Atherosclerotic heart disease of native coronary artery with unspecified angina pectoris,13
Extramedullary plasmacytoma not having achieved remission,13
Anisocoria,13
Other sites of candidiasis,13
Hypertrophic scar,13
"Unspecified injury of left wrist, hand and finger(s), initial encounter",13
Pain in unspecified lower leg,13
"Unspecified abnormal finding in specimens from other organs, systems and tissues",13
Acute interstitial pneumonitis,13
Interstitial cystitis (chronic) without hematuria,13
Elevation of levels of liver transaminase levels,13
"Reaction to severe stress, unspecified",13
Invasive pulmonary aspergillosis,13
"Other specified disorders of Eustachian tube, bilateral",13
"Traction detachment of retina, left eye",13
Vitiligo,13
Type 2 diabetes mellitus with other skin ulcer,13
Less than 8 weeks gestation of pregnancy,13
Acute on chronic combined systolic and diastolic heart failure,13
Other specified abnormalities of plasma proteins,13
Diffuse cystic mastopathy of unspecified breast,13
Aneurysm of heart,13
"Acute myeloid leukemia with multilineage dysplasia, not having achieved remission",13
Dissection of unspecified site of aorta,13
"Local infection due to central venous catheter, initial encounter",13
Wernicke's encephalopathy,13
Cerebral edema,13
"Synovitis and tenosynovitis, unspecified",13
Idiopathic aseptic necrosis of unspecified femur,13
Periapical abscess without sinus,13
"Lesion of plantar nerve, left lower limb",13
"Acquired deformities of toe(s), unspecified, right foot",13
Bed confinement status,13
"Myositis ossificans progressiva, unspecified site",13
"Other osteomyelitis, forearm",13
Unspecified ptosis of right eyelid,13
"Unspecified otitis externa, right ear",13
"Other sprain of left hip, initial encounter",13
"Posterior subcapsular polar age-related cataract, bilateral",13
"Acute embolism and thrombosis of axillary vein, bilateral",13
"Motor neuron disease, unspecified",13
"Major depressive disorder, single episode, mild",13
"Age-related nuclear cataract, left eye",13
"Unspecified injury of right shoulder and upper arm, initial encounter",13
Abnormal levels of other serum enzymes,13
Chronic right heart failure,12
Other alveolar and parieto-alveolar conditions,12
Chronic embolism and thrombosis of left femoral vein,12
Cellulitis of right lower limb,12
Other mental disorders complicating childbirth,12
"Alcohol dependence with intoxication, uncomplicated",12
"Unspecified injury of face, initial encounter",12
"Drug or chemical induced diabetes mellitus with neurological complications with diabetic neuropathy, unspecified",12
"Sedative, hypnotic or anxiolytic abuse, uncomplicated",12
"Effusion, right wrist",12
"Primary focal hyperhidrosis, unspecified",12
Post-void dribbling,12
"Unspecified malignant neoplasm of skin, unspecified",12
"Supervision of elderly primigravida, third trimester",12
Atherosclerosis of other arteries,12
Postprocedural fever,12
Saddle embolus of pulmonary artery with acute cor pulmonale,12
"Otitis media, unspecified, unspecified ear",12
"Effusion, left wrist",12
Unspecified acute appendicitis,12
"Infection following a procedure, unspecified, initial encounter",12
Subsequent non-ST elevation (NSTEMI) myocardial infarction,12
"Acute embolism and thrombosis of unspecified deep veins of distal lower extremity, bilateral",12
Budd-Chiari syndrome,12
"Primary osteoarthritis, right wrist",12
"Impacted cerumen, right ear",12
Hyperkeratosis of yaws,12
"Posterior tibial tendinitis, unspecified leg",12
Chronic thromboembolic pulmonary hypertension,12
Other specified abnormal immunological findings in serum,12
"Chronic tension-type headache, not intractable",12
Other B-complex deficiencies,12
Chronic passive congestion of liver,12
Postprocedural hemorrhage of a circulatory system organ or structure following other procedure,12
"Conduction disorder, unspecified",12
Streptococcus B carrier state complicating childbirth,12
Changes in skin texture,12
"3-part fracture of surgical neck of right humerus, subsequent encounter for fracture with delayed healing",12
"Infection and inflammatory reaction due to other internal prosthetic devices, implants and grafts, initial encounter",12
"Drug-induced cataract, bilateral",12
Type 2 diabetes mellitus with unspecified diabetic retinopathy with macular edema,12
"Relapsing fever, unspecified",12
"Contusion of other intra-abdominal organs, initial encounter",12
Adenovirus as the cause of diseases classified elsewhere,12
"Diseases of the circulatory system complicating pregnancy, third trimester",12
"Amenorrhea, unspecified",12
"Disease of blood and blood-forming organs, unspecified",12
Other overlap syndromes,12
Senile nuclear sclerosis,12
Unspecified corneal scar and opacity,12
Crohn's disease of both small and large intestine without complications,12
"Alcohol abuse, in remission",12
Nodular prostate without lower urinary tract symptoms,12
Cellulitis of unspecified part of limb,12
"Mixed conductive and sensorineural hearing loss, bilateral",12
Person on outside of car injured in collision with sport utility vehicle in nontraffic accident,12
Acute embolism and thrombosis of superficial veins of right upper extremity,12
Unspecified abnormal involuntary movements,12
Solitary cyst of left breast,12
"Disorder of pigmentation, unspecified",12
"Staphylococcal arthritis, left shoulder",12
"Unspecified hearing loss, right ear",12
"Primary osteoarthritis, unspecified hand",12
"Obstetric trauma, unspecified",12
"Unspecified intracranial injury with loss of consciousness of unspecified duration, sequela",12
Unspecified complication of kidney transplant,12
Flatulence,12
"Postprocedural cardiogenic shock, initial encounter",12
Hypocitraturia,12
"Small cell B-cell lymphoma, lymph nodes of multiple sites",12
"Respiratory disorder, unspecified",12
Achalasia of cardia,12
"Legal blindness, as defined in USA",12
"Spondylosis without myelopathy or radiculopathy, thoracic region",12
"Unspecified intracranial injury without loss of consciousness, sequela",12
"Superficial mycosis, unspecified",12
Septic pulmonary embolism without acute cor pulmonale,12
Diabetes mellitus due to underlying condition with hyperosmolarity without nonketotic hyperglycemic-hyperosmolar coma (NKHHC),12
"Vitreous hemorrhage, unspecified eye",12
Low grade squamous intraepithelial lesion on cytologic smear of cervix (LGSIL),12
"Contusion of right lower leg, subsequent encounter",12
Hemangioma unspecified site,12
"Post-traumatic osteoarthritis, right wrist",12
Opioid dependence with unspecified opioid-induced disorder,12
Carrier or suspected carrier of Methicillin resistant Staphylococcus aureus,12
"Cryptococcosis, unspecified",12
Varicose veins of unspecified lower extremity with ulcer of unspecified site,12
Pressure-induced deep tissue damage of right heel,12
"Ocular pain, right eye",12
Diabetic macular edema,12
"Migraine with aura, intractable, without status migrainosus",12
"Other intraarticular fracture of lower end of left radius, initial encounter for closed fracture",12
Essential tremor,12
Diarrhea,12
Exocrine pancreatic insufficiency,12
Acute nasopharyngitis [common cold],12
"Migraine without aura, intractable, without status migrainosus",12
Familial hypercholesterolemia,12
"Diseases of the respiratory system complicating pregnancy, unspecified trimester",12
"Poisoning by other antipsychotics and neuroleptics, intentional self-harm, initial encounter",12
Other congenital malformations of nose,12
"Unspecified retinal detachment with retinal break, right eye",12
Other sequelae of cerebral infarction,12
33 weeks gestation of pregnancy,12
"Type 2 diabetes mellitus with mild nonproliferative diabetic retinopathy without macular edema, unspecified eye",11
Lupus anticoagulant syndrome,11
"Vascular disorder of intestine, unspecified",11
Aneurysm of iliac artery,11
Ulcerative (chronic) rectosigmoiditis without complications,11
"Disruption of external operation (surgical) wound, not elsewhere classified, subsequent encounter",11
Other primary cardiomyopathies,11
"Hypermetropia, bilateral",11
Streptococcus pneumoniae as the cause of diseases classified elsewhere,11
Occlusion and stenosis of right carotid artery,11
"Sialoadenitis, unspecified",11
"Pain in joint, lower leg",11
Hyperprolactinemia,11
"Patellar tendinitis, right knee",11
Carcinoma in situ of skin of scalp and neck,11
"Other specified enthesopathies of unspecified lower limb, excluding foot",11
"Pain in joint, shoulder region",11
Cyclical vomiting syndrome unrelated to migraine,11
"Osteophyte, vertebrae",11
Gastro-esophageal reflux disease with esophagitis,11
Resistance to penicillins,11
"Cranial cerebrospinal fluid leak, spontaneous",11
Non-pressure chronic ulcer of buttock with unspecified severity,11
Paranoid schizophrenia,11
"Effusion, left shoulder",11
"Stiffness of right wrist, not elsewhere classified",11
"Concussion without loss of consciousness, initial encounter",11
"Other spondylosis with radiculopathy, lumbar region",11
"Unspecified open wound of right great toe without damage to nail, subsequent encounter",11
"Anoxic brain damage, not elsewhere classified",11
Atrial flutter,11
Unspecified mononeuropathy of left lower limb,11
Bronchiectasis with acute lower respiratory infection,11
Laryngeal spasm,11
Dementia in conditions classified elsewhere without behavioral disturbance,11
Avoidant/restrictive food intake disorder,11
Secondary malignant neoplasm of bone marrow,11
"Acute recurrent sinusitis, unspecified",11
"Unspecified injury of left ankle, initial encounter",11
Unspecified streptococcus as the cause of diseases classified elsewhere,11
Other forms of systemic lupus erythematosus,11
Obstruction of duodenum,11
"Acute embolism and thrombosis of femoral vein, bilateral",11
"Strain of muscle, fascia and tendon of triceps, right arm, subsequent encounter",11
Other respiratory abnormalities,11
Immune reconstitution syndrome,11
Coronary atherosclerosis due to lipid rich plaque,11
Retinal disorders in diseases classified elsewhere,11
Cellulitis of right toe,11
"Cytokine release syndrome, grade unspecified",11
"Localized connective tissue disorder, unspecified",11
Heart transplant infection,11
"Sedative, hypnotic or anxiolytic use, unspecified with withdrawal, unspecified",11
Periodic limb movement disorder,11
"Other cervical disc displacement, unspecified cervical region",11
Secondary malignant neoplasm of other specified sites,11
"Other dermatomyositis, organ involvement unspecified",11
Hemorrhage from throat,11
"Unspecified injury of pelvis, initial encounter",11
Pure hypercholesterolemia,11
Chronic embolism and thrombosis of unspecified deep veins of unspecified lower extremity,11
Acute graft-versus-host disease,11
"Cortical age-related cataract, bilateral",11
Acute gastric ulcer with hemorrhage,11
Acute respiratory failure,11
Dysthymic disorder,11
Sepsis due to anaerobes,11
"Acute ischemic heart disease, unspecified",11
"Other ovarian cyst, right side",11
Epidermal cyst,11
"Displaced intertrochanteric fracture of right femur, initial encounter for closed fracture",11
Acute cystitis with hematuria,11
"Disease of anus and rectum, unspecified",11
Visual hallucinations,11
"Unspecified scleritis, bilateral",11
"Postprocedural membranous urethral stricture, male",10
"Other acute osteomyelitis, left radius and ulna",10
Unspecified disorder of kidney and ureter,10
Type 1 diabetes mellitus with unspecified diabetic retinopathy without macular edema,10
Other specified type of carcinoma in situ of unspecified breast,10
Other specified acute skin changes due to ultraviolet radiation,10
Pneumonia due to SARS-associated coronavirus,10
"Allergy, unspecified, sequela",10
"Displaced fracture of lateral malleolus of right fibula, initial encounter for closed fracture",10
"Circadian rhythm sleep disorder, unspecified type",10
"Hepatic fibrosis, unspecified",10
"Sensorineural hearing loss, unilateral, left ear, with restricted hearing on the contralateral side",10
Chalazion right upper eyelid,10
"Post-traumatic osteoarthritis, right ankle and foot",10
Cyanosis,10
Right testicular pain,10
Other low back pain,10
Unspecified dyspareunia,10
"Mycobacterial infection, unspecified",10
Other disorders affecting eyelid function,10
"Streptococcus, group B, as the cause of diseases classified elsewhere",10
Other postprocedural status,10
Chronic nephritic syndrome with unspecified morphologic changes,10
"Paralytic syndrome, unspecified",10
"Strain of muscle, fascia and tendon of other parts of biceps, right arm, initial encounter",10
"Other specified disorders of bone, thigh",10
"Type 2 diabetes mellitus with moderate nonproliferative diabetic retinopathy with macular edema, left eye",10
"Malignant otitis externa, left ear",10
Unspecified disorder of refraction,10
Hypopotassemia,10
Neoplastic (malignant) related fatigue,10
Unspecified combined systolic (congestive) and diastolic (congestive) heart failure,10
Relapsing polychondritis,10
"Other specified disorders of bone density and structure, unspecified thigh",10
"Low-tension glaucoma, right eye, mild stage",10
"Effusion, left ankle",10
"Decreased fetal movements, unspecified trimester, not applicable or unspecified",10
Portal hypertension,10
Other specified disorders of choroid,10
Congenital insufficiency of aortic valve,10
Other voice and resonance disorders,10
"Other complications of the puerperium, not elsewhere classified",10
"Other mental disorders complicating pregnancy, third trimester",10
Unspecified skin changes,10
"Syphilis, unspecified",10
"Migraine with aura, not intractable, with status migrainosus",10
40 weeks gestation of pregnancy,10
Abscess of salivary gland,10
"Bacterial infection, unspecified",10
Non-pressure chronic ulcer of left heel and midfoot with unspecified severity,10
"Gestational diabetes mellitus in pregnancy, insulin controlled",10
Glossitis,10
"Pressure ulcer of other site, stage 3",10
Infection of tracheostomy stoma,10
Other infectious disease,10
"Toxic effect of other tobacco and nicotine, accidental (unintentional), initial encounter",10
Other restrictive cardiomyopathy,10
"Osteophyte, unspecified elbow",10
Scrotal varices,10
Alzheimer's disease with late onset,10
"Intracranial hypotension, unspecified",10
Other specified mental disorders due to known physiological condition,10
Vasomotor rhinitis,10
Other diseases of pharynx,10
Nontraumatic intracerebral hemorrhage in cerebellum,10
Ankylosing spondylitis of unspecified sites in spine,10
Retropharyngeal and parapharyngeal abscess,10
"Benign neoplasm of connective and other soft tissue of right lower limb, including hip",10
"Epileptic seizures related to external causes, not intractable, without status epilepticus",10
"Glaucomatous optic atrophy, bilateral",10
Nontraumatic compartment syndrome of right upper extremity,10
"Other acute osteomyelitis, right radius and ulna",10
Other specified viral diseases,10
Herpesviral infection of perianal skin and rectum,10
Chronic inflammatory demyelinating polyneuritis,10
Other psychoactive substance abuse with withdrawal delirium,10
Postprocedural (acute) (chronic) kidney failure,10
"Displaced fracture of fifth metatarsal bone, left foot, initial encounter for closed fracture",10
"Contusion of left thigh, initial encounter",10
"Mycosis fungoides, extranodal and solid organ sites",10
Type 2 diabetes mellitus with diabetic neuropathic arthropathy,10
"Other diseases of respiratory system, not elsewhere classified",10
Zoster with other complications,10
"Infection and inflammatory reaction due to other cardiac and vascular devices, implants and grafts, subsequent encounter",10
"Other mechanical complication of bile duct prosthesis, initial encounter",10
Cardiac arrest due to other underlying condition,10
Epigastric abdominal tenderness,10
"Other hypertrophic osteoarthropathy, multiple sites",10
"Unspecified open wound of right hand, initial encounter",10
"Chronic embolism and thrombosis of deep veins of upper extremity, bilateral",10
ST elevation (STEMI) myocardial infarction involving other coronary artery of inferior wall,10
Functional urinary incontinence,10
Chronic embolism and thrombosis of left calf muscular vein,10
"Endocrine, nutritional and metabolic diseases complicating pregnancy, third trimester",10
Type 2 diabetes mellitus with other diabetic kidney complication,10
Acute recurrent frontal sinusitis,10
Moderate cervical dysplasia,10
Other specified disorders of eye and adnexa,10
Type 2 diabetes mellitus with diabetic mononeuropathy,10
Cutaneous abscess of right lower limb,10
Achalasia and cardiospasm,10
Other gastritis without bleeding,10
Other alteration of consciousness,10
"Labor and delivery complicated by other cord complications, not applicable or unspecified",10
"Metatarsalgia, left foot",10
Chronic drug-induced interstitial lung disorders,10
"Unspecified open wound of unspecified toe(s) without damage to nail, initial encounter",10
"Atopic dermatitis, unspecified",10
Other malformations of cerebral vessels,10
Alcohol dependence with withdrawal delirium,10
"Schizoaffective disorder, bipolar type",10
Left lower quadrant abdominal tenderness,10
"Sprain of ligaments of cervical spine, initial encounter",10
Non-pressure chronic ulcer of other part of left lower leg with fat layer exposed,10
Other specified diabetes mellitus with diabetic chronic kidney disease,10
Pain in left forearm,10
"Unspecified injury of abdomen, initial encounter",10
Idiopathic normal pressure hydrocephalus (INPH),10
Localized skin eruption due to drugs and medicaments taken internally,10
"Metatarsalgia, right foot",10
Estrogen receptor positive status [ER+],10
Ulcerative (chronic) proctitis without complications,10
"Other specified pregnancy related conditions, first trimester",10
"Major depressive disorder, single episode, severe without psychotic features",10
"Sciatica, right side",10
Crohn's disease of large intestine without complications,10
Atypical atrial flutter,10
Other specified mononeuropathies,10
Other chronic postprocedural pain,10
"Unspecified open wound of right forearm, initial encounter",10
"Demyelinating disease of central nervous system, unspecified",10
Postprocedural hemorrhage of a respiratory system organ or structure following other procedure,10
Other immunodeficiencies with predominantly antibody defects,10
Degeneration of nervous system due to alcohol,10
"Nondisplaced avulsion fracture (chip fracture) of right talus, initial encounter for closed fracture",10
Other specified disorders of penis,10
Acute prostatitis,9
"Displaced fracture of fifth metatarsal bone, left foot, subsequent encounter for fracture with routine healing",9
"Chlamydial infection, unspecified",9
"Other osteonecrosis, left shoulder",9
"Endocrine, nutritional and metabolic diseases complicating the puerperium",9
Other hypertrophic disorders of the skin,9
Unspecified sequelae of cerebral infarction,9
Dysarthria following cerebral infarction,9
Cellulitis of face,9
"Disorder of bile acid and cholesterol metabolism, unspecified",9
Other specified mononeuropathies of right upper limb,9
"Amyloidosis, unspecified",9
Postprocedural hypoinsulinemia,9
"Sedative, hypnotic or anxiolytic use, unspecified with sedative, hypnotic or anxiolytic-induced anxiety disorder",9
Other specified disorders of breast,9
Lumbosacral spondylosis without myelopathy,9
Acute embolism and thrombosis of left tibial vein,9
"Infectious gastroenteritis and colitis, unspecified",9
Impaired glucose tolerance (oral),9
Unspecified transplanted organ and tissue rejection,9
"Acute lymphadenitis of face, head and neck",9
Other forms of stomatitis,9
"Multiple fractures of ribs, left side, initial encounter for closed fracture",9
"Acute myelomonocytic leukemia, not having achieved remission",9
"Maternal care for fetal problem, unspecified, first trimester, other fetus",9
Benign neoplasm of rectum,9
"Regular astigmatism, left eye",9
Anal fistula,9
"Nontraumatic subarachnoid hemorrhage, unspecified",9
Bursitis of left shoulder,9
Other specified diseases of jaws,9
"Other idiopathic scoliosis, site unspecified",9
Diseases of the digestive system complicating the puerperium,9
"Bronchopneumonia, unspecified organism",9
"Follicular lymphoma, unspecified, extranodal and solid organ sites",9
"Trigger finger, unspecified finger",9
Bilateral primary osteoarthritis of first carpometacarpal joints,9
"Combined rheumatic disorders of mitral, aortic and tricuspid valves",9
"Congestive heart failure, unspecified",9
Periodic breathing,9
"Meralgia paresthetica, unspecified lower limb",9
Elevated C-reactive protein (CRP),9
"Driver injured in collision with unspecified motor vehicles in traffic accident, initial encounter",9
Other right bundle-branch block,9
Mild persistent asthma with (acute) exacerbation,9
Adhesive capsulitis of right shoulder,9
"Open bite of right upper arm, initial encounter",9
Nausea alone,9
Benign neoplasm of parathyroid gland,9
Malignant neoplasm of right ovary,9
"Arteriovenous malformation, site unspecified",9
Unspecified septicemia,9
"Other instability, right knee",9
Weeks of gestation of pregnancy not specified,9
Trichiasis of eyelid without entropion,9
Hypothyroidism due to medicaments and other exogenous substances,9
"Spinal stenosis, site unspecified",9
"Other intervertebral disc degeneration, thoracic region",9
"Rheumatic tricuspid valve disease, unspecified",9
Severe persistent asthma with (acute) exacerbation,9
Postprocedural cardiac insufficiency following cardiac surgery,9
Intercostal neuropathy,9
"Contusion of left upper arm, initial encounter",9
Unspecified speech disturbances,9
Postgastric surgery syndromes,9
"Mood disorder due to known physiological condition, unspecified",9
Chronic embolism and thrombosis of superficial veins of left upper extremity,9
Other somatoform disorders,9
"Foreign body in stomach, initial encounter",9
Mammographic calcification found on diagnostic imaging of breast,9
"Exposure keratoconjunctivitis, right eye",9
Acute hepatitis C without hepatic coma,9
"Unspecified injury of liver, initial encounter",9
"Nontraumatic intracerebral hemorrhage, unspecified",9
Varicella without complication,9
"Displacement of internal fixation device of other bones, initial encounter",9
"Unspecified open wound, left hip, initial encounter",9
Cerebral infarction due to thrombosis of other cerebral artery,9
Other viral enteritis,9
"Viral intestinal infection, unspecified",9
Chronic obstructive pyelonephritis,9
Refractory cytopenia with multilineage dysplasia,9
"Malignant neoplasm of larynx, unspecified",9
"Acute embolism and thrombosis of tibial vein, bilateral",9
Melanocytic nevi of trunk,9
Heart transplant failure,9
"Lymphangioma, any site",9
Cerebral infarction due to embolism of right middle cerebral artery,9
"Painful micturition, unspecified",9
Dissociative identity disorder,9
Moderate nonproliferative diabetic retinopathy,9
Other acquired deformities of left foot,9
"Trochanteric bursitis, left hip",9
Benign lipomatous neoplasm of spermatic cord,9
Rectocele,9
Ulcer of anus and rectum,9
"Chronic gingivitis, plaque induced",9
Other specified nutritional anemias,9
"Complete rotator cuff tear or rupture of right shoulder, not specified as traumatic",9
"Meniere's disease, right ear",9
Polyneuropathy in diabetes,9
Localized osteoporosis [Lequesne],9
"Abdominal tenderness, unspecified site",9
Hypermobility syndrome,9
"Mycoplasma infection, unspecified site",9
"Granulomatous disorder of the skin and subcutaneous tissue, unspecified",9
Other postprocedural complications and disorders of digestive system,9
"Acute sphenoidal sinusitis, unspecified",9
"Unspecified corneal ulcer, bilateral",9
"Chondromalacia patellae, right knee",9
Simple chronic bronchitis,9
"Bladder disorder, unspecified",9
"Displaced fracture of proximal phalanx of left lesser toe(s), initial encounter for closed fracture",9
Unspecified chronic inflammatory disorders of orbit,9
"Tarsal tunnel syndrome, right lower limb",9
"Alopecia areata, unspecified",9
Cervicogenic headache,9
"Pain in arm, unspecified",9
"Arthralgia of temporomandibular joint, unspecified side",9
Type 2 diabetes mellitus with other circulatory complications,9
Non-pressure chronic ulcer of other part of left foot with fat layer exposed,9
Lichen sclerosus et atrophicus,9
"Other disorders of patella, right knee",9
Herpes simplex myelitis,8
"Squamous blepharitis right eye, upper and lower eyelids",8
Acute embolism and thrombosis of unspecified calf muscular vein,8
"Trichomoniasis, unspecified",8
"Poisoning by selective serotonin reuptake inhibitors, intentional self-harm, initial encounter",8
Other intraoperative and postprocedural complications and disorders of the musculoskeletal system,8
"Otorrhea, left ear",8
"Vascular complications following infusion, transfusion and therapeutic injection, initial encounter",8
Hirsutism,8
Premenstrual dysphoric disorder,8
Anal abscess,8
"Malignant neoplasm of head, face and neck",8
Primary central sleep apnea,8
Clostridium perfringens [C. perfringens] as the cause of diseases classified elsewhere,8
"Unspecified injury of left hip, initial encounter",8
"Poisoning by insulin and oral hypoglycemic [antidiabetic] drugs, accidental (unintentional), initial encounter",8
Endometriosis of ovary,8
Hordeolum externum left upper eyelid,8
Abscess of the breast and nipple,8
Cellulitis of abdominal wall,8
Angiodysplasia of colon without hemorrhage,8
Benign carcinoid tumor of the stomach,8
Hyperesthesia,8
"Contusion of left front wall of thorax, initial encounter",8
"Paraplegia, unspecified",8
"Methemoglobinemia, unspecified",8
"Sprain of other ligament of right ankle, initial encounter",8
Other specified diseases of blood and blood-forming organs,8
"Xanthelasma of left eye, unspecified eyelid",8
"Dysphagia, oral phase",8
Central pain syndrome,8
Gas pain,8
Secondary malignant neoplasm of liver and intrahepatic bile duct,8
"Unspecified fracture of navicular [scaphoid] bone of left wrist, initial encounter for closed fracture",8
"Polymyositis, organ involvement unspecified",8
"Glaucoma secondary to other eye disorders, left eye, indeterminate stage",8
"Hydronephrosis with ureteral stricture, not elsewhere classified",8
Congenital heart block,8
"Calcaneal spur, left foot",8
"Persistent mood [affective] disorder, unspecified",8
Hb-SS disease with crisis with other specified complication,8
"Other postprocedural shock, initial encounter",8
Embolism and thrombosis of superficial veins of unspecified lower extremity,8
Diabetes mellitus due to underlying condition with hyperglycemia,8
"Unspecified foreign body in respiratory tract, part unspecified causing other injury, subsequent encounter",8
Other complications of colostomy,8
Other cervical disc degeneration at C5-C6 level,8
Trichiasis without entropion right upper eyelid,8
Other specified diabetes mellitus with hyperglycemia,8
Catatonic disorder due to known physiological condition,8
Sjogren syndrome with inflammatory arthritis,8
Other malignant neoplasm without specification of site,8
"Obesity complicating pregnancy, third trimester",8
Mallet finger of right finger(s),8
"Esophagitis, unspecified with bleeding",8
"Congenital pes cavus, left foot",8
"Malignant neoplasm of left kidney, except renal pelvis",8
Carrier of other specified bacterial diseases,8
"Abdominal pain, other specified site",8
"Unspecified fracture of navicular [scaphoid] bone of right wrist, subsequent encounter for fracture with nonunion",8
"Cannabis dependence, uncomplicated",8
Acute bronchiolitis due to respiratory syncytial virus,8
"Unspecified injury of lung, unspecified, initial encounter",8
Cutaneous abscess of neck,8
"Furuncle, unspecified",8
Maternal care for unspecified type scar from previous cesarean delivery,8
Hydronephrosis with ureteropelvic junction obstruction,8
"Strain of muscle and tendon of back wall of thorax, initial encounter",8
"Atherosclerosis of native arteries of extremities with intermittent claudication, unspecified extremity",8
"Other specified diseases and conditions complicating pregnancy, childbirth and the puerperium",8
Acute embolism and thrombosis of right iliac vein,8
"Pregnant state, incidental",8
"Unspecified sprain of left elbow, initial encounter",8
"Other age-related incipient cataract, bilateral",8
"Osteophyte, right ankle",8
Non-pressure chronic ulcer of unspecified part of left lower leg with unspecified severity,8
"Third degree perineal laceration during delivery, IIIb",8
"Arthropathy, unspecified, site unspecified",8
"Strain of muscle, fascia and tendon of the posterior muscle group at thigh level, left thigh, sequela",8
Acquired absence of right great toe,8
Acute embolism and thrombosis of other specified deep vein of right lower extremity,8
Labor and delivery complicated by meconium in amniotic fluid,8
"Menstrual migraine, not intractable, without status migrainosus",8
"Chronic tension-type headache, intractable",8
"Spondylolisthesis, cervical region",8
Unspecified cord compression,8
Aneurysm of pulmonary artery,8
Unspecified vitamin D deficiency,8
"Pressure ulcer of right heel, unstageable",8
Acute recurrent pansinusitis,8
"Squamous cell carcinoma of skin of left upper limb, including shoulder",8
"Opioid use, unspecified with unspecified opioid-induced disorder",8
Neoplasm of uncertain behavior of carotid body,8
"Peripheral tear of medial meniscus, current injury, right knee, initial encounter",8
"Trigger thumb, left thumb",8
"Idiopathic gout, left ankle and foot",8
Unspecified atherosclerosis,8
"Unspecified injury of lung, unilateral, initial encounter",8
"Secondary osteoarthritis, left ankle and foot",8
Chronic systolic heart failure,8
"Peripheral tear of lateral meniscus, current injury, right knee, initial encounter",8
Calculus of gallbladder with acute cholecystitis without obstruction,8
Acute embolism and thrombosis of other thoracic veins,8
"Urinary obstruction, unspecified",8
"Primary osteoarthritis, unspecified site",8
"Polyhydramnios, third trimester, not applicable or unspecified",8
"Rheumatoid arthritis without rheumatoid factor, unspecified site",8
"Atherosclerosis of coronary artery bypass graft(s), unspecified, with other forms of angina pectoris",8
"Unspecified atherosclerosis of native arteries of extremities, other extremity",8
"Compartment syndrome, unspecified, initial encounter",8
Other intestinal obstruction unspecified as to partial versus complete obstruction,8
"Xanthelasma of right eye, unspecified eyelid",8
"Flatback syndrome, site unspecified",8
"Unspecified injury of heart, unspecified with or without hemopericardium, initial encounter",8
Secondary polycythemia,8
"Abrasion of right hand, initial encounter",8
Other difficulties with micturition,8
Sickle-cell trait,8
"Unilateral primary osteoarthritis of first carpometacarpal joint, left hand",8
Idiopathic aseptic necrosis of unspecified toe(s),8
Unspecified ptosis of left eyelid,8
"Disease of spleen, unspecified",8
Intramural leiomyoma of uterus,8
Cerebral cysts,8
"Supervision of elderly multigravida, second trimester",8
"Abdominal migraine, not intractable",8
"Peritonitis, unspecified",8
"Atherosclerosis of native arteries of extremities with intermittent claudication, left leg",8
Female infertility of tubal origin,8
Maternal care for low transverse scar from previous cesarean delivery,8
"Squamous blepharitis left eye, upper and lower eyelids",8
"Chronic migraine without aura, not intractable, with status migrainosus",8
Septic pulmonary embolism with acute cor pulmonale,8
"Injury, unspecified, initial encounter",8
"Trigger finger, left middle finger",8
"Asthma, unspecified type, unspecified",8
"Disease of intestine, unspecified",8
"Toxoplasmosis, unspecified",8
Sjogren syndrome with central nervous system involvement,8
Acute recurrent ethmoidal sinusitis,8
Other lipoprotein metabolism disorders,8
Benign lipomatous neoplasm of skin and subcutaneous tissue of trunk,8
"Hyperaldosteronism, unspecified",8
Rheumatic fever without heart involvement,8
Other infectious mononucleosis with other complication,8
"Cystocele, lateral",8
"Unspecified dementia, unspecified severity, with behavioral disturbance",8
Acute embolism and thrombosis of unspecified peroneal vein,8
Respiratory syncytial virus pneumonia,8
Degeneration of lumbar or lumbosacral intervertebral disc,8
"Idiopathic chronic gout, left ankle and foot, without tophus (tophi)",8
"Severe pre-eclampsia, unspecified trimester",8
"Unspecified fracture of navicular [scaphoid] bone of left wrist, subsequent encounter for fracture with nonunion",8
Resistance to multiple antimicrobial drugs,8
"Other postprocedural complications and disorders of respiratory system, not elsewhere classified",8
"Pre-existing essential hypertension complicating pregnancy, unspecified trimester",8
Other complications of gastrostomy,8
"Duodenal ulcer, unspecified as acute or chronic, without hemorrhage or perforation",8
"Unspecified injury of muscle(s) and tendon(s) of the rotator cuff of left shoulder, initial encounter",8
"Fracture of tooth (traumatic), initial encounter for closed fracture",8
"Vitreous degeneration, right eye",8
Chronic embolism and thrombosis of unspecified deep veins of left lower extremity,8
Arthralgia of bilateral temporomandibular joint,8
Acetonuria,8
"Posterior synechiae (iris), bilateral",8
"Aspiration pneumonitis due to anesthesia during pregnancy, unspecified trimester",8
"Mixed conductive and sensorineural hearing loss, unilateral, right ear with restricted hearing on the contralateral side",8
Secondary malignant neoplasm of retroperitoneum and peritoneum,8
"Patellofemoral disorders, right knee",8
Interstitial lung disease with progressive fibrotic phenotype in diseases classified elsewhere,8
"Foreign body granuloma of soft tissue, not elsewhere classified, unspecified site",8
"Benign neoplasm, unspecified site",8
Acute gastritis without bleeding,8
"Arthritis due to other bacteria, right hand",8
Other feeding difficulties,8
"Sedative, hypnotic or anxiolytic abuse with withdrawal, uncomplicated",8
23 weeks gestation of pregnancy,8
Other specified epidermal thickening,8
"Injury of ulnar nerve at forearm level, right arm, sequela",8
"Conjunctival hyperemia, bilateral",8
Chalazion left lower eyelid,8
"Benign lipomatous neoplasm, unspecified",7
Other abnormal blood chemistry,7
Unspecified abdominal hernia without obstruction or gangrene,7
"Complex tear of medial meniscus, current injury, right knee, initial encounter",7
"Displaced fracture of distal phalanx of right index finger, initial encounter for closed fracture",7
10 weeks gestation of pregnancy,7
"Vitamin deficiency, unspecified",7
"Idiopathic interstitial pneumonia, not otherwise specified",7
Unspecified sensorineural hearing loss,7
"Lipid storage disorder, unspecified",7
Threatened abortion,7
"Other deformities of toe(s) (acquired), right foot",7
"Acute pericarditis, unspecified",7
"Nonrheumatic tricuspid valve disorder, unspecified",7
Guillain-Barre syndrome,7
Autoimmune lymphoproliferative syndrome [ALPS],7
Malignant neoplasm of ascending colon,7
"Drug-induced gout, left knee",7
"Impacted cerumen, unspecified ear",7
"Pressure ulcer of right buttock, stage 2",7
"Unspecified hearing loss, left ear",7
"Intestinal malabsorption, unspecified",7
Benign neoplasm of other specified sites,7
Sexually transmitted chlamydial infection of other sites,7
Other chronic diseases of tonsils and adenoids,7
Monkeypox,7
"Maxillary fracture, left side, initial encounter for closed fracture",7
"Cocaine use, unspecified with unspecified cocaine-induced disorder",7
Hypertrophy (benign) of prostate with urinary obstruction and other lower urinary tract symptoms (LUTS),7
Continuous leakage,7
Carcinoma in situ of other specified digestive organs,7
"Unspecified blepharitis left eye, unspecified eyelid",7
"Adverse effect of unspecified drugs, medicaments and biological substances, sequela",7
"Other ovarian cyst, left side",7
Resistance to antifungal drug(s),7
Phantom limb syndrome with pain,7
Asymptomatic postprocedural ovarian failure,7
"Secondary hypertension, unspecified",7
Other pulmonary aspergillosis,7
Benign lipomatous neoplasm of other sites,7
"Cystocele, unspecified",7
Paralytic ileus,7
"Other stimulant abuse, uncomplicated",7
"Gonococcal infection, unspecified",7
"Unspecified subluxation of unspecified hip, initial encounter",7
"Infection following a procedure, deep incisional surgical site, initial encounter",7
"Other specified disorders of bone, ankle and foot",7
"Unspecified otitis externa, left ear",7
"Major depressive disorder, single episode, severe with psychotic features",7
Fasciculation,7
Rumination disorder of infancy,7
"Laceration without foreign body of scalp, initial encounter",7
Unspecified acquired deformity of left lower leg,7
Person with feared health complaint in whom no diagnosis is made,7
Arteriovenous malformation of digestive system vessel,7
"Cerebrovascular disease, unspecified",7
"Keratoconjunctivitis sicca, not specified as Sjogren's, bilateral",7
Carcinoma in situ of skin of left ear and external auricular canal,7
"Eating disorder, unspecified",7
Malignant melanoma of other part of trunk,7
Cytomegaloviral disease,7
"Vascular dementia, unspecified severity, with behavioral disturbance",7
"Cerebrospinal fluid leak, unspecified",7
Panlobular emphysema,7
Renovascular hypertension,7
"Collapsed vertebra, not elsewhere classified, thoracolumbar region, initial encounter for fracture",7
Demoralization and apathy,7
"Stiffness of joint, not elsewhere classified, site unspecified",7
"Cerebral palsy, unspecified",7
"Feeding difficulties, unspecified",7
"Exudative age-related macular degeneration, bilateral, stage unspecified",7
Hemangioma of intra-abdominal structures,7
Embolism and thrombosis of superficial veins of right lower extremity,7
"Noninflammatory disorder of ovary, fallopian tube and broad ligament, unspecified",7
Calculus of gallbladder and bile duct with acute and chronic cholecystitis without obstruction,7
"Other vitreous opacities, bilateral",7
"Type 2 diabetes mellitus with proliferative diabetic retinopathy without macular edema, bilateral",7
Herpesviral keratitis,7
"Bicipital tendinitis, left shoulder",7
Unspecified complication of bone marrow transplant,7
"Hypostatic pneumonia, unspecified organism",7
"Laceration without foreign body of scalp, subsequent encounter",7
"Paralytic lagophthalmos right eye, upper and lower eyelids",7
Other specified noninflammatory disorders of cervix uteri,7
Pain in unspecified toe(s),7
"Malignant neoplasm of lower lobe, right bronchus or lung",7
"Other bursitis of hip, right hip",7
Secondary and unspecified malignant neoplasm of intra-abdominal lymph nodes,7
"Unspecified blepharitis right eye, unspecified eyelid",7
Chronic salpingitis,7
Cor pulmonale (chronic),7
Aneurysm of other specified arteries,7
"Other shoulder lesions, unspecified shoulder",7
"Volume depletion, unspecified",7
Cortical senile cataract,7
"Displaced fracture of shaft of fifth metacarpal bone, left hand, initial encounter for closed fracture",7
Post traumatic seizures,7
"Alcohol use, unspecified with withdrawal, unspecified",7
"Unspecified atherosclerosis of native arteries of extremities, unspecified extremity",7
"Unspecified complication of procedure, initial encounter",7
"Pathological fracture, left humerus, initial encounter for fracture",7
"Intestinal adhesions [bands], unspecified as to partial versus complete obstruction",7
Acute bronchitis due to streptococcus,7
Occlusion and stenosis of carotid artery without mention of cerebral infarction,7
Type 2 diabetes mellitus with diabetic cataract,7
"Infection and inflammatory reaction due to nephrostomy catheter, initial encounter",7
"Lateral epicondylitis, left elbow",7
Conversion disorder with motor symptom or deficit,7
"Other tear of medial meniscus, current injury, right knee, initial encounter",7
Other complication of incontinent external stoma of urinary tract,7
"Other instability, left knee",7
"Unequal limb length (acquired), right femur",7
Diffuse cystic mastopathy of left breast,7
"Carpal tunnel syndrome, unspecified upper limb",7
Trichomonal vulvovaginitis,7
"Sympathetic uveitis, right eye",7
"Short lasting unilateral neuralgiform headache with conjunctival injection and tearing (SUNCT), not intractable",7
Squamous cell carcinoma of skin of other parts of face,7
"Dysplasia of cervix uteri, unspecified",7
Congenital occlusion of ureteropelvic junction,7
"Unspecified intracranial injury with loss of consciousness of unspecified duration, initial encounter",7
"Disease of gallbladder, unspecified",7
Pain in unspecified upper arm,7
"Infection and inflammatory reaction due to internal left hip prosthesis, subsequent encounter",7
"Breakdown (mechanical) of vascular dialysis catheter, initial encounter",7
Unspecified renovascular hypertension,7
Solitary cyst of right breast,7
"Other specified disorders of bone, other site",7
Non-pressure chronic ulcer of right ankle with fat layer exposed,7
"Reiter's disease, unspecified site",7
"Blister (nonthermal), left foot, initial encounter",7
Type 2 diabetes mellitus with other diabetic neurological complication,7
Bilious vomiting,7
Bladder-neck obstruction,7
Above knee amputation status,7
Idiopathic aseptic necrosis of left toe(s),7
"Other tear of lateral meniscus, current injury, right knee, initial encounter",7
Type 2 diabetes mellitus with other diabetic ophthalmic complication,7
Cellulitis and abscess of mouth,7
"Drusen (degenerative) of macula, right eye",7
"Lesion of ulnar nerve, unspecified upper limb",7
"Other spondylosis with radiculopathy, cervical region",7
Other urticaria,7
Monoplegia of upper limb affecting right dominant side,7
"Meralgia paresthetica, right lower limb",7
Crohn's disease of small intestine without complications,7
"Endometrial hyperplasia, unspecified",7
Calculus of gallbladder and bile duct without cholecystitis without obstruction,7
"Maternal care for cervical incompetence, third trimester",6
Sjogren syndrome with lung involvement,6
"Age-related osteoporosis with current pathological fracture, unspecified site, subsequent encounter for fracture with routine healing",6
Person on outside of heavy transport vehicle injured in collision with other nonmotor vehicle in traffic accident,6
"Other specified disorders of bone density and structure, multiple sites",6
"Other benign neoplasm of skin of unspecified eyelid, including canthus",6
Acute gouty arthropathy,6
"Labor and delivery complicated by cord around neck, without compression, not applicable or unspecified",6
"Other mechanical complication of other urinary catheter, initial encounter",6
"Anorexia nervosa, restricting type",6
Claustrophobia,6
Other viral diseases complicating the puerperium,6
Other cardiac sounds,6
Neoplasm of unspecified behavior of endocrine glands and other parts of nervous system,6
"Open angle with borderline findings, low risk, left eye",6
"Benign neoplasm of connective and other soft tissue of left lower limb, including hip",6
"Cervical disc disorder with myelopathy, unspecified cervical region",6
"Housing instability, housed, with risk of homelessness",6
Cardiomyopathy due to drug and external agent,6
"Aortic ectasia, unspecified site",6
Other immunodeficiencies,6
Polyp of cervix uteri,6
Functional disorders of polymorphonuclear neutrophils,6
"Person injured in unspecified motor-vehicle accident, traffic, sequela",6
"Other chorioretinal inflammations, unspecified eye",6
"Unspecified perforation of tympanic membrane, unspecified ear",6
Asymptomatic varicose veins of unspecified lower extremity,6
"Mixed hearing loss, bilateral",6
"Sepsis following a procedure, initial encounter",6
"Abrasion, left lower leg, initial encounter",6
"Unspecified complication of cardiac and vascular prosthetic device, implant and graft, subsequent encounter",6
Enteropathy-type (intestinal) T-cell lymphoma,6
"Pervasive developmental disorder, unspecified",6
Postprocedural hemorrhage of a circulatory system organ or structure following other circulatory system procedure,6
"Unspecified injury of right hip, initial encounter",6
Rheumatoid arthritis with rheumatoid factor of right shoulder without organ or systems involvement,6
"Disorder of lipoprotein metabolism, unspecified",6
Other specified disorders of urinary system,6
Viral cardiomyopathy,6
"Unspecified open wound of scalp, initial encounter",6
Late effect of complications of surgical and medical care,6
"Unspecified open wound, left foot, subsequent encounter",6
"Nephritis and nephropathy, not specified as acute or chronic, in diseases classified elsewhere",6
"Other fracture of right lower leg, subsequent encounter for closed fracture with routine healing",6
Acute embolism and thrombosis of superior vena cava,6
"Multiple fractures of ribs, unspecified side, initial encounter for closed fracture",6
Secondary esophageal varices without bleeding,6
Drug-induced systemic lupus erythematosus,6
Streptococcus B carrier state complicating pregnancy,6
"Full-term premature rupture of membranes, onset of labor within 24 hours of rupture",6
Other congenital malformations of pulmonary valve,6
Vulvar cyst,6
12 weeks gestation of pregnancy,6
"Chronic embolism and thrombosis of unspecified deep veins of lower extremity, bilateral",6
Teething syndrome,6
"Extravasation of other vesicant agent, initial encounter",6
"Unspecified injury of right foot, initial encounter",6
Intercostal pain,6
"Other and unspecified alcohol dependence, unspecified",6
"Other displaced fracture of upper end of right humerus, initial encounter for closed fracture",6
Zoster encephalitis,6
Other complications following an ectopic and molar pregnancy,6
"Unspecified fracture of the lower end of right radius, initial encounter for closed fracture",6
"Unspecified otitis externa, unspecified ear",6
"Acute embolism and thrombosis of superficial veins of upper extremity, bilateral",6
Drug or chemical induced diabetes mellitus with hypoglycemia without coma,6
Carotid artery syndrome (hemispheric),6
"Congenital malformation, unspecified",6
"Meniere's disease, unspecified ear",6
"Other mental disorders complicating pregnancy, unspecified trimester",6
"Abdominal pain, left lower quadrant",6
Idiopathic acute pancreatitis with infected necrosis,6
"Age-related osteoporosis with current pathological fracture, unspecified site, subsequent encounter for fracture with nonunion",6
Varicose veins of left lower extremity with inflammation,6
"Osteoarthritis of knee, unspecified",6
"Lesion of ulnar nerve, bilateral upper limbs",6
Other general symptoms,6
"Acute appendicitis with perforation, localized peritonitis, and gangrene, with abscess",6
Chronic embolism and thrombosis of unspecified vein,6
"Other fracture of right lower leg, initial encounter for closed fracture",6
Other interstitial lung diseases of childhood,6
High risk heterosexual behavior,6
"Other articular cartilage disorders, unspecified site",6
Acute embolism and thrombosis of right tibial vein,6
Chronic total occlusion of artery of the extremities,6
"Multiple fractures of ribs, bilateral, initial encounter for closed fracture",6
"Malignant neoplasm of connective and soft tissue of head, face and neck",6
"Hallux rigidus, right foot",6
"Filamentary keratitis, unspecified eye",6
Anemia complicating childbirth,6
"Unspecified acute noninfective otitis externa, left ear",6
"Idiopathic chronic gout, right ankle and foot, with tophus (tophi)",6
Other acquired deformities of right foot,6
"Poisoning by cocaine, accidental (unintentional), initial encounter",6
Embolism and thrombosis of other arteries,6
"Blister (nonthermal), right foot, initial encounter",6
Hemangioma of intracranial structures,6
Non-ischemic myocardial injury (non-traumatic),6
Diabetes mellitus due to underlying condition with diabetic chronic kidney disease,6
Below knee amputation status,6
"Primary open-angle glaucoma, bilateral, moderate stage",6
"Horseshoe tear of retina without detachment, right eye",6
"Sensorineural hearing loss, unilateral, right ear, with restricted hearing on the contralateral side",6
Feeling of incomplete bladder emptying,6
Encounter for examination of eyes and vision without abnormal findings,6
Other specified forms of chronic ischemic heart disease,6
Narcolepsy in conditions classified elsewhere without cataplexy,6
"Stiffness of other specified joint, not elsewhere classified",6
"Small cell B-cell lymphoma, unspecified site",6
"Ocular hypertension, left eye",6
"Chronic gout due to renal impairment, multiple sites, without tophus (tophi)",6
Granuloma annulare,6
Drug or chemical induced diabetes mellitus with unspecified complications,6
"Follicular lymphoma grade I, intrathoracic lymph nodes",6
"Other diseases of mediastinum, not elsewhere classified",6
Psoriasis vulgaris,6
"Iliotibial band syndrome, unspecified leg",6
"Unspecified fracture of upper end of right tibia, initial encounter for closed fracture",6
"Other trigeminal autonomic cephalgias (TAC), not intractable",6
Trichiasis without entropion left upper eyelid,6
"Idiopathic gout, right ankle and foot",6
Heparin induced thrombocytopenia (HIT),6
"Injury, poisoning and certain other consequences of external causes complicating pregnancy, unspecified trimester",6
"Unspecified amblyopia, left eye",6
Other infections with a predominantly sexual mode of transmission complicating childbirth,6
"Allergic contact dermatitis, unspecified cause",6
"Other mental disorders complicating pregnancy, second trimester",6
"Contusion of left lower leg, initial encounter",6
Primary spontaneous pneumothorax,6
"Pressure ulcer of unspecified buttock, stage 2",6
"Abdominal pain, generalized",6
"Other specific arthropathies, not elsewhere classified, unspecified site",6
"Chronic kidney disease, Stage II (mild)",6
"Unspecified injury of right wrist, hand and finger(s), subsequent encounter",6
Miosis,6
"Dementia, unspecified, without behavioral disturbance",6
"Uterine size-date discrepancy, third trimester",6
Mediastinitis,6
Dissection of thoracic aorta,6
Chronic embolism and thrombosis of unspecified deep veins of left distal lower extremity,6
"Supervision of pregnancy with other poor reproductive or obstetric history, first trimester",6
"Pre-existing hypertension with pre-eclampsia, complicating childbirth",6
"Infective myositis, unspecified site",6
Extrarenal uremia,6
Irritability and anger,6
"Functional intestinal disorder, unspecified",6
Other symptoms and signs involving general sensations and perceptions,6
Postcoital and contact bleeding,6
Adjustment insomnia,6
"Radiculopathy, cervicothoracic region",6
"Disorders of magnesium metabolism, unspecified",6
Late effect of intracranial injury without mention of skull fracture,6
Alternating exotropia,6
"Trigger finger, right ring finger",6
"Unspecified hearing loss, bilateral",6
"Osteophyte, right knee",6
"Wedge compression fracture of T11-T12 vertebra, subsequent encounter for fracture with delayed healing",6
Idiopathic hypotension,6
"Wedge compression fracture of first lumbar vertebra, subsequent encounter for fracture with delayed healing",6
Postprocedural retroperitoneal abscess,6
"Malignant neoplasm of lymphoid, hematopoietic and related tissue, unspecified",6
"Other pulmonary eosinophilia, not elsewhere classified",6
"Displaced subtrochanteric fracture of right femur, initial encounter for closed fracture",6
"Thoracic aortic aneurysm, ruptured",6
Lipoprotein deficiency,6
"Unspecified chorioretinal inflammation, unspecified eye",6
39 weeks gestation of pregnancy,6
"Concussion without loss of consciousness, subsequent encounter",6
"Renal sclerosis, unspecified",6
"Displaced avulsion fracture (chip fracture) of left talus, initial encounter for closed fracture",6
"Other psychoactive substance abuse, in remission",6
"Maternal care for other abnormalities of cervix, first trimester",6
Other hypereosinophilic syndrome,6
"Unspecified pre-eclampsia, complicating childbirth",6
"Abnormal microbiological findings in specimens from other organs, systems and tissues",6
"Acute angle-closure glaucoma, unspecified eye",6
"Strain of unspecified muscle, fascia and tendon at shoulder and upper arm level, left arm, initial encounter",6
Secondary amenorrhea,6
"Irritant contact dermatitis, unspecified cause",6
"Toxic liver disease, unspecified",6
Alcoholic cirrhosis of liver with ascites,6
Poor urinary stream,6
Aftercare following surgery for neoplasm,6
Other ill-defined conditions,6
Malnutrition in the puerperium,6
"Supervision of pregnancy with history of pre-term labor, third trimester",6
"Poisoning by beta-adrenoreceptor antagonists, accidental (unintentional), initial encounter",6
Other insomnia,6
"Tarsal tunnel syndrome, left lower limb",6
22 weeks gestation of pregnancy,6
Posterior subcapsular polar senile cataract,6
Transient tic disorder,6
"Cystitis, unspecified with hematuria",6
"Alcohol use, unspecified with intoxication, unspecified",6
Acquired absence of right finger(s),6
"Stiffness of right shoulder, not elsewhere classified",6
Unspecified nephritic syndrome with focal and segmental glomerular lesions,6
"Trigger finger, left ring finger",6
Diffuse cystic mastopathy of right breast,6
"Localization-related (focal) (partial) symptomatic epilepsy and epileptic syndromes with simple partial seizures, intractable, without status epilepticus",6
Mixed obsessional thoughts and acts,6
"Articular disc disorder of temporomandibular joint, unspecified side",6
Varicose veins of right lower extremity with inflammation,6
"Juvenile myoclonic epilepsy, not intractable, without status epilepticus",6
"Toxic effect of contact with unspecified venomous animal, accidental (unintentional), initial encounter",6
"Cytokine release syndrome, grade 2",6
"Strain of unspecified muscle and tendon at ankle and foot level, right foot, initial encounter",6
"Cytokine release syndrome, grade 1",6
Brachial neuritis or radiculitis NOS,6
Other specified disorders of central nervous system,6
"Age-related osteoporosis with current pathological fracture, unspecified site, initial encounter for fracture",6
"Idiopathic chronic gout, left ankle and foot, with tophus (tophi)",6
Pigmented purpuric dermatosis,6
"Osteoarthritis of hip, unspecified",6
"Exposure of other implanted mesh into organ or tissue, initial encounter",6
"Unspecified dacryoadenitis, bilateral lacrimal glands",6
Generalized pain,6
"Hallucinogen abuse, uncomplicated",6
"Contusion of left knee, initial encounter",6
Chronic embolism and thrombosis of left popliteal vein,6
"Episodic cluster headache, not intractable",6
Phlebitis and thrombophlebitis of unspecified site,6
"Schistosomiasis, unspecified",6
Recurrent pregnancy loss,6
"Papilledema, unspecified",6
"Unspecified open wound of unspecified buttock, initial encounter",6
Acquired absence of left finger(s),6
"Unspecified open wound of scalp, subsequent encounter",6
"Pressure ulcer of sacral region, stage 1",6
"Unspecified acute conjunctivitis, left eye",6
"Unspecified foreign body in respiratory tract, part unspecified causing other injury, initial encounter",6
Type 1 diabetes mellitus with diabetic autonomic (poly)neuropathy,6
Acute embolism and thrombosis of left subclavian vein,6
"Acute infarction of intestine, part and extent unspecified",6
"Disorder of breast, unspecified",6
Cognitive communication deficit,6
Erectile dysfunction due to diseases classified elsewhere,6
"Hereditary hemolytic anemia, unspecified",6
"Pedestrian injured in collision with railway train or railway vehicle, unspecified whether traffic or nontraffic accident",6
"Malabsorption due to intolerance, not elsewhere classified",6
Other arterial embolism and thrombosis of abdominal aorta,6
Striae atrophicae,6
"Laceration without foreign body of lower back and pelvis without penetration into retroperitoneum, initial encounter",6
Idiopathic progressive neuropathy,6
"Maternal care for intrauterine death, not applicable or unspecified",6
Unspecified acute and subacute iridocyclitis,6
Other and unspecified angina pectoris,6
Other atopic dermatitis,6
"Infective otitis externa, unspecified",6
"Wear of articular bearing surface of unspecified internal prosthetic joint, sequela",6
Chronic venous hypertension (idiopathic) with ulcer of right lower extremity,6
"Osteophyte, right elbow",6
"Migraine, unspecified, intractable, with status migrainosus",6
Segmental and somatic dysfunction of thoracic region,6
Erythrasma,6
"Stiffness of left shoulder, not elsewhere classified",6
"Minor contusion of unspecified kidney, initial encounter",6
"Granulomatous hepatitis, not elsewhere classified",6
ST elevation (STEMI) myocardial infarction involving other coronary artery of anterior wall,6
"Superior glenoid labrum lesion of left shoulder, initial encounter",6
"Cocaine abuse, unspecified",6
Other peritonitis,5
"Other spondylosis, lumbar region",5
Basal cell carcinoma of skin of scalp and neck,5
"Unspecified lump in left breast, subareolar",5
"Pressure ulcer of right heel, unspecified stage",5
"Tarsal tunnel syndrome, bilateral lower limbs",5
Acute cystitis,5
"Unspecified intracapsular fracture of right femur, initial encounter for closed fracture",5
Rapidly progressive nephritic syndrome with unspecified morphologic changes,5
Propionic acidemia,5
"Unspecified rotator cuff tear or rupture of unspecified shoulder, not specified as traumatic",5
Magnesium deficiency,5
"Stress fracture, left femur, initial encounter for fracture",5
"Localized swelling, mass and lump, unspecified lower limb",5
"Retinal hemorrhage, right eye",5
"Cytokine release syndrome, grade 3",5
"Other chorioretinal inflammations, right eye",5
Pruritus vulvae,5
Pyogenic granuloma,5
Varicose veins of lower extremities with inflammation,5
Unspecified abnormalities of breathing,5
Other coronavirus as the cause of diseases classified elsewhere,5
"Acute serous otitis media, unspecified ear",5
"Unspecified open wound of left forearm, initial encounter",5
Ulcer of intestine,5
Basophilia,5
"Otitis media, unspecified, left ear",5
Nonrheumatic pulmonary valve insufficiency,5
Other specified disorders of thyroid,5
"Bilateral inguinal hernia, without obstruction or gangrene, recurrent",5
Hepatorenal syndrome,5
Chronic respiratory failure,5
"Refractory anemia without ring sideroblasts, so stated",5
"Unspecified displaced fracture of surgical neck of left humerus, initial encounter for closed fracture",5
Other uterine inertia,5
Acute parametritis and pelvic cellulitis,5
"Unilateral primary osteoarthritis, unspecified hip",5
"Combined forms of age-related cataract, bilateral",5
Unspecified psychosis,5
"Other injuries of right eye and orbit, initial encounter",5
"Lesion of ulnar nerve, left upper limb",5
"Spinal stenosis, thoracic region",5
Glaucoma in diseases classified elsewhere,5
"Thyrotoxicosis without mention of goiter or other cause, and without mention of thyrotoxic crisis or storm",5
Other specified forms of tremor,5
Other esophagitis without bleeding,5
Acute on chronic systolic heart failure,5
Onycholysis,5
Unspecified age-related cataract,5
"Other psychoactive substance use, unspecified with psychoactive substance-induced sleep disorder",5
Atypical squamous cells cannot exclude high grade squamous intraepithelial lesion on cytologic smear of cervix (ASC-H),5
Sepsis,5
"Effusion, unspecified hip",5
Postvaccination fever,5
"Other foreign object in respiratory tract, part unspecified in causing asphyxiation, initial encounter",5
Other postprocedural cardiac functional disturbances following cardiac surgery,5
"Noninflammatory disorder of uterus, unspecified",5
"Carcinoma in situ, unspecified",5
Unspecified transplanted organ and tissue infection,5
Hyperpotassemia,5
"Unspecified injury of unspecified foot, initial encounter",5
"Effusion, unspecified ankle",5
Other thrombocytosis,5
15 weeks gestation of pregnancy,5
Nipple discharge,5
Sepsis due to Serratia,5
"Wedge compression fracture of T11-T12 vertebra, subsequent encounter for fracture with routine healing",5
"Intervertebral disc disorders with radiculopathy, lumbosacral region",5
"Acquired clubfoot, right foot",5
"Other acute osteomyelitis, unspecified site",5
Antiphospholipid antibody with hemorrhagic disorder,5
Other congenital myopathy,5
Alcohol dependence with unspecified alcohol-induced disorder,5
Other complications of amputation stump,5
Tinea cruris,5
"Ocular hypertension, bilateral",5
Idiopathic aseptic necrosis of unspecified finger(s),5
Transient global amnesia,5
"Acute atopic conjunctivitis, unspecified eye",5
"Posterior subcapsular polar age-related cataract, right eye",5
"Displacement of other specified internal prosthetic devices, implants and grafts, initial encounter",5
Glycosuria,5
Hypertrophy of tonsils,5
Induration of breast,5
"Disruption of wound, unspecified, subsequent encounter",5
"Stress fracture, left foot, initial encounter for fracture",5
Acute obstructive laryngitis [croup],5
Bunion of left foot,5
"Foot drop, unspecified foot",5
"Unspecified injury of unspecified blood vessel at shoulder and upper arm level, right arm, initial encounter",5
Other specified congenital malformations of intestine,5
"Sprain of unspecified ligament of left ankle, subsequent encounter",5
38 weeks gestation of pregnancy,5
"Cushing's syndrome, unspecified",5
"Laceration without foreign body of lip, initial encounter",5
Nonspecific intraventricular block,5
Cutaneous abscess of left upper limb,5
"Major depressive disorder, recurrent, in remission, unspecified",5
"Acquired hemolytic anemia, unspecified",5
"Stiffness of right hand, not elsewhere classified",5
Malignant neoplasm of overlapping sites of pancreas,5
Acute embolism and thrombosis of unspecified veins of left upper extremity,5
"Osteomyelitis of vertebra, lumbar region",5
Nutritional marasmus,5
Sleep related leg cramps,5
Other immediate postpartum hemorrhage,5
"Other specified disorders of Eustachian tube, unspecified ear",5
"Allergic contact dermatitis due to plants, except food",5
"Diffuse otitis externa, left ear",5
"Pressure ulcer of other site, stage 1",5
Other specified acute viral hepatitis,5
Junctional premature depolarization,5
"Other epilepsy, not intractable, without status epilepticus",5
Intraductal carcinoma in situ of unspecified breast,5
Late effect of injury to peripheral nerve of shoulder girdle and upper limb,5
Phantom limb (syndrome),5
"Other diseases of lung, not elsewhere classified",5
"Mechanical complication of other vascular device, implant, and graft",5
Other chronic nonalcoholic liver disease,5
"Abnormal mammogram, unspecified",5
"Unspecified fracture of unspecified patella, initial encounter for closed fracture",5
"Cellulitis and abscess of leg, except foot",5
Developmental odontogenic cysts,5
"Viral wart, unspecified",5
"Effusion, right elbow",5
"Infection and inflammatory reaction due to other urinary catheter, initial encounter",5
"Abrasion, right lower leg, initial encounter",5
"Spinal stenosis, lumbar region, with neurogenic claudication",5
Other pruritus,5
Other ectopic pregnancy without intrauterine pregnancy,5
"Trigger finger, right middle finger",5
"Laceration without foreign body of nose, initial encounter",5
"Other chronic osteomyelitis, right radius and ulna",5
"Contusion of lower back and pelvis, initial encounter",5
"Other chronic osteomyelitis, left radius and ulna",5
Hypoesthesia of skin,5
Unspecified nephritic syndrome with unspecified morphologic changes,5
"Generalized idiopathic epilepsy and epileptic syndromes, intractable, without status epilepticus",5
"Unspecified disorder of synovium and tendon, right shoulder",5
Respiratory tuberculosis unspecified,5
Chronic laryngitis,5
"Arteriovenous malformation, other site",5
Pleural plaque with presence of asbestos,5
Other urethritis,5
Plasma cell leukemia not having achieved remission,5
Other transient cerebral ischemic attacks and related syndromes,5
Crohn's disease of large intestine with unspecified complications,5
Homicidal ideations,5
Idiopathic acute pancreatitis with uninfected necrosis,5
"Stress fracture, unspecified site, initial encounter for fracture",5
"Contusion of right lower leg, initial encounter",5
Cellulitis of left finger,5
"Bullous disorder, unspecified",5
Unspecified symptoms and signs involving the musculoskeletal system,5
Encounter for full-term uncomplicated delivery,5
Erythema nodosum,5
"Other tear of lateral meniscus, current injury, left knee, initial encounter",5
Pain in unspecified elbow,5
"Contusion of other part of head, initial encounter",5
Dissection of carotid artery,5
Ischemia and infarction of kidney,5
"Bitten or stung by nonvenomous insect and other nonvenomous arthropods, sequela",5
Restless legs syndrome (RLS),5
"Cluster headache syndrome, unspecified, not intractable",5
"Postsurgical malabsorption, not elsewhere classified",5
Calcific tendinitis of right shoulder,5
"Unspecified fracture of right femur, initial encounter for closed fracture",5
Hemangioma of other sites,5
"Other mechanical complication of internal fixation device of vertebrae, initial encounter",5
Cellulitis of other sites,5
"Stiffness of joint, not elsewhere classified, forearm",5
Benign neoplasm of rectosigmoid junction,5
"Complete traumatic metacarpophalangeal amputation of left index finger, initial encounter",5
"Alcohol abuse, continuous",5
"Periprosthetic fracture around internal prosthetic left hip joint, initial encounter",5
Other acute pain,5
Congenital agranulocytosis,5
Epididymitis,5
"Separation of muscle (nontraumatic), other site",5
Pain in unspecified finger(s),5
Adhesive capsulitis of unspecified shoulder,5
"Iliotibial band syndrome, left leg",5
Other diseases of salivary glands,5
"Strain of other muscle(s) and tendon(s) at lower leg level, right leg, initial encounter",5
Other specified disorders of arteries and arterioles,5
"Other disorders of meninges, not elsewhere classified",5
Glucose transporter protein type 1 deficiency,5
"Localized swelling, mass and lump, upper limb, bilateral",5
"Hemorrhage due to vascular prosthetic devices, implants and grafts, initial encounter",5
Skin transplant status,5
"Acute myeloblastic leukemia, in relapse",5
"Thoracoabdominal aortic aneurysm, without rupture",5
"Unspecified complication following infusion and therapeutic injection, initial encounter",5
Unspecified menopausal and perimenopausal disorder,5
"Congenital malformation of lung, unspecified",5
Enlargement of lymph nodes,5
"Infection and inflammatory reaction due to other internal joint prosthesis, initial encounter",5
"Neuromuscular dysfunction of bladder, unspecified",5
"Discitis, unspecified, lumbar region",5
Periodic fever syndromes,5
Other specified erythematous conditions,5
Other diseases of spleen,5
"Maternal care for other (suspected) fetal abnormality and damage, not applicable or unspecified",5
"Nicotine dependence, cigarettes, in remission",5
Other primary ovarian failure,5
"African trypanosomiasis, unspecified",5
"Infection and inflammatory reaction due to unspecified internal joint prosthesis, initial encounter",5
Inflammatory conditions of jaws,5
Proliferative diabetic retinopathy,5
"Diverticulitis of intestine, part unspecified, with perforation and abscess without bleeding",5
Varicose veins of other specified sites,5
Other mycobacterial infections,5
Respiratory disorders in diseases classified elsewhere,5
"Acquired clubfoot, left foot",5
"Emphysema (subcutaneous) resulting from a procedure, initial encounter",5
Chronic ulcer of other specified sites,5
"Unspecified open wound, left thigh, subsequent encounter",5
"Other mechanical complication of other specified internal prosthetic devices, implants and grafts, initial encounter",5
"Osteoarthrosis, localized, primary, ankle and foot",5
"Insect bite (nonvenomous) of right shoulder, initial encounter",5
Unsatisfactory cytologic smear of cervix,5
Pseudofolliculitis barbae,5
"Fracture of one rib, left side, initial encounter for closed fracture",5
"Unspecified fracture of upper end of unspecified humerus, initial encounter for closed fracture",5
"Other sickle-cell disorders with crisis, unspecified",5
Submucous leiomyoma of uterus,5
Other polyosteoarthritis,5
Selective deficiency of immunoglobulin A [IgA],5
"Valgus deformity, not elsewhere classified, left knee",4
"Dislocation of jaw, unspecified side, initial encounter",4
Rheumatoid arthritis with rheumatoid factor of right hand without organ or systems involvement,4
Heart valve replaced by transplant,4
Other secondary hypertension,4
Flat foot,4
Cerebral infarction due to embolism of left middle cerebral artery,4
Other dermatomyositis with respiratory involvement,4
Chronic adenoiditis,4
"Dissociative and conversion disorder, unspecified",4
"Nondisplaced fracture of lunate [semilunar], right wrist, initial encounter for closed fracture",4
"Unspecified epiphora, unspecified side",4
"Displaced fracture of distal phalanx of unspecified finger, initial encounter for closed fracture",4
"Laceration without foreign body of left index finger without damage to nail, initial encounter",4
Morbid obesity,4
Other specified peripheral vascular diseases,4
Abnormal radiologic findings on diagnostic imaging of unspecified kidney,4
"Contusion of left great toe with damage to nail, subsequent encounter",4
"Hemorrhage due to cardiac prosthetic devices, implants and grafts, initial encounter",4
Chronic gastric ulcer without hemorrhage or perforation,4
"Pedal cyclist (driver) (passenger) injured in unspecified traffic accident, initial encounter",4
Secondary hyperparathyroidism (of renal origin),4
"Chronic serous otitis media, left ear",4
"Stenosis of other vascular prosthetic devices, implants and grafts, subsequent encounter",4
"Primary iridocyclitis, left eye",4
"Unspecified malignant neoplasm of skin of right upper limb, including shoulder",4
"Keratoconjunctivitis sicca, not specified as Sjogren's",4
"Effusion, left elbow",4
"Metabolic disorder, unspecified",4
Other specified pulmonary heart diseases,4
Other thyrotoxicosis without thyrotoxic crisis or storm,4
"Rheumatoid arthritis without rheumatoid factor, other specified site",4
Acute bronchiolitis due to other specified organisms,4
Functional diarrhea,4
"Urethral syndrome, unspecified",4
"Strain of muscle(s) and tendon(s) of anterior muscle group at lower leg level, left leg, initial encounter",4
Non-pressure chronic ulcer of other part of left lower leg limited to breakdown of skin,4
"Open bite of other finger without damage to nail, initial encounter",4
Premenstrual tension syndrome,4
Other signs and symptoms in breast,4
"Olecranon bursitis, unspecified elbow",4
"Conjunctival hemorrhage, right eye",4
"Other non-follicular lymphoma, intra-abdominal lymph nodes",4
"Contact with contaminated hypodermic needle, initial encounter",4
"Androgenic alopecia, unspecified",4
"Supervision of other high risk pregnancies, second trimester",4
"Hemiplegia, unspecified affecting left nondominant side",4
"Sprain of lateral collateral ligament of right knee, initial encounter",4
Other specified cardiac dysrhythmias,4
"Chronic kidney disease, Stage V",4
Drug or chemical induced diabetes mellitus with neurological complications with diabetic autonomic (poly)neuropathy,4
"Supervision of pregnancy resulting from assisted reproductive technology, second trimester",4
"Other specified disorders of amniotic fluid and membranes, first trimester, not applicable or unspecified",4
"Unspecified lump in the right breast, upper inner quadrant",4
"Collapsed vertebra, not elsewhere classified, lumbar region, initial encounter for fracture",4
Other dermatomyositis with myopathy,4
"Unspecified foreign body in larynx causing asphyxiation, initial encounter",4
Rheumatoid arthritis with rheumatoid factor of left hand without organ or systems involvement,4
Occlusion and stenosis of right posterior cerebral artery,4
Cerebral amyloid angiopathy,4
"Anogenital herpesviral infection, unspecified",4
"Other specified disorders of bone, upper arm",4
"Laceration of blood vessel of right index finger, subsequent encounter",4
"Fracture of unspecified parts of lumbosacral spine and pelvis, initial encounter for closed fracture",4
Hematopoietic stem cell transplantation-associated thrombotic microangiopathy [HSCT-TMA],4
Unspecified blepharitis left lower eyelid,4
"Strain of other muscles, fascia and tendons at shoulder and upper arm level, right arm, initial encounter",4
"Hemiplegia, unspecified affecting unspecified side",4
"Other infective otitis externa, right ear",4
Dietary zinc deficiency,4
"Displaced bicondylar fracture of right tibia, initial encounter for closed fracture",4
Paraneoplastic neuromyopathy and neuropathy,4
"Other streptococcal arthritis, left knee",4
Chronic embolism and thrombosis of right popliteal vein,4
Cyst and mucocele of nose and nasal sinus,4
"Type 2 diabetes mellitus with proliferative diabetic retinopathy without macular edema, right eye",4
Other specified visual disturbances,4
"Homonymous bilateral field defects, unspecified side",4
Acute on chronic diastolic heart failure,4
Monoplegia of upper limb following cerebral infarction affecting left non-dominant side,4
Dyspepsia and other specified disorders of function of stomach,4
Dermatochalasis of left upper eyelid,4
Malignant neoplasm of upper-inner quadrant of left female breast,4
"Strain of muscle(s) and tendon(s) of the rotator cuff of right shoulder, initial encounter",4
Herpes zoster without mention of complication,4
Irritant contact dermatitis due to other agents,4
Other specified disorders of white blood cells,4
"Polyhydramnios, unspecified trimester, not applicable or unspecified",4
"Other non-follicular lymphoma, unspecified site",4
Eosinophilia,4
Hemiplegia and hemiparesis following unspecified cerebrovascular disease affecting right dominant side,4
"Poisoning by other antiepileptic and sedative-hypnotic drugs, intentional self-harm, initial encounter",4
"Displacement of intrauterine contraceptive device, initial encounter",4
"Gastro-esophageal reflux disease with esophagitis, with bleeding",4
Complete or unspecified spontaneous abortion without complication,4
"Puncture wound without foreign body, left ankle, initial encounter",4
Endometriosis,4
Post-term pregnancy,4
"Infection following a procedure, organ and space surgical site, initial encounter",4
Congenital pulmonary valve stenosis,4
"Unspecified fracture of T5-T6 vertebra, initial encounter for closed fracture",4
Conversion disorder with mixed symptom presentation,4
"Other maternal infectious and parasitic diseases complicating pregnancy, third trimester",4
Hemochromatosis due to repeated red blood cell transfusions,4
Organ-limited amyloidosis,4
Abdominal actinomycosis,4
"Other vitreous opacities, left eye",4
"Unspecified perforation of tympanic membrane, bilateral",4
"Localization-related (focal) (partial) symptomatic epilepsy and epileptic syndromes with complex partial seizures, not intractable, with status epilepticus",4
"Abnormal cytological findings in specimens from other organs, systems and tissues",4
"Monoarthritis, not elsewhere classified, right knee",4
"Puncture wound with foreign body of unspecified eyelid and periocular area, initial encounter",4
Non-pressure chronic ulcer of right ankle with unspecified severity,4
Unspecified dislocation of lens,4
"Unspecified pre-existing hypertension complicating pregnancy, first trimester",4
"Gout due to renal impairment, unspecified site",4
"Multiple fractures of ribs, right side, initial encounter for closed fracture",4
"Pressure ulcer of left heel, stage 2",4
"Unspecified intracranial injury without loss of consciousness, initial encounter",4
"Other specified disorders of bone density and structure, right thigh",4
Other polyp of sinus,4
Acute embolism and thrombosis of unspecified deep veins of unspecified proximal lower extremity,4
Hypertrophy of kidney,4
"Absence epileptic syndrome, not intractable, without status epilepticus",4
Segmental and somatic dysfunction of cervical region,4
"Idiopathic chronic gout, right elbow, with tophus (tophi)",4
Other specified polyneuropathies,4
"Poisoning by predominantly beta-adrenoreceptor agonists, intentional self-harm, initial encounter",4
Acquired absence of right foot,4
Nummular dermatitis,4
Diverticulum of bladder,4
"Collapsed vertebra, not elsewhere classified, site unspecified, initial encounter for fracture",4
Rheumatic aortic insufficiency,4
"Aplastic anemia, unspecified",4
Chronic enlargement of unspecified lacrimal gland,4
"Major depressive disorder, recurrent, in full remission",4
"Unspecified fracture of fourth thoracic vertebra, initial encounter for closed fracture",4
"False labor, unspecified",4
"Parasomnia, unspecified",4
Sjogren syndrome with peripheral nervous system involvement,4
Psychological and behavioral factors associated with disorders or diseases classified elsewhere,4
Allergic contact dermatitis due to dyes,4
Interstitial myositis of unspecified site,4
"Other specified injuries of left wrist, hand and finger(s), initial encounter",4
Colostomy malfunction,4
Localized adiposity,4
"Osteonecrosis in diseases classified elsewhere, right thigh",4
"Other specified intracranial injury with loss of consciousness of 30 minutes or less, initial encounter",4
Drug-induced myopathy,4
"Poisoning by beta-adrenoreceptor antagonists, intentional self-harm, subsequent encounter",4
Middle cerebral artery syndrome,4
Other postprocedural complications and disorders of nervous system,4
"Non-Hodgkin lymphoma, unspecified, lymph nodes of head, face, and neck",4
"Other specified arthritis, multiple sites",4
"Radiculopathy, thoracic region",4
Mucopurulent chronic bronchitis,4
"Leukoplakia of oral mucosa, including tongue",4
"Unspecified injury of adductor muscle, fascia and tendon of right thigh, initial encounter",4
Idiopathic aseptic necrosis of left finger(s),4
Unspecified disorder of eye and adnexa,4
"Rheumatoid arthritis without rheumatoid factor, multiple sites",4
Benign neoplasm of right ovary,4
Obstruction of gallbladder,4
"Hemopericardium, not elsewhere classified",4
"Localization-related (focal) (partial) symptomatic epilepsy and epileptic syndromes with simple partial seizures, not intractable, with status epilepticus",4
Gout,4
Basal cell carcinoma of skin of other part of trunk,4
Blepharospasm,4
Persistent hyperplasia of thymus,4
"Effusion, right foot",4
Other reaction to spinal and lumbar puncture,4
Idiopathic aseptic necrosis of right finger(s),4
30 weeks gestation of pregnancy,4
Liver transplant rejection,4
Abnormal glucose complicating pregnancy,4
Other specified degenerative diseases of nervous system,4
"Inflammatory disease of prostate, unspecified",4
Recurrent oral aphthae,4
"Episodic cluster headache, intractable",4
Cyst of epididymis,4
Epididymo-orchitis,4
"Maternal care for breech presentation, not applicable or unspecified",4
"Unspecified sprain of right wrist, sequela",4
Unspecified alcohol-induced mental disorders,4
Ulcer of penis,4
Unspecified keratitis,4
"Fracture of other specified skull and facial bones, left side, initial encounter for closed fracture",4
Erythromelalgia,4
"Type 2 diabetes mellitus with proliferative diabetic retinopathy with macular edema, bilateral",4
Generalized abdominal tenderness,4
"Pathological fracture, other site, initial encounter for fracture",4
"Other secondary cataract, right eye",4
Diverticulitis of large intestine with perforation and abscess without bleeding,4
Fear of flying,4
"Fracture of orbital floor, left side, initial encounter for closed fracture",4
"Traumatic subarachnoid hemorrhage with loss of consciousness of 30 minutes or less, initial encounter",4
"Fracture of unspecified part of neck of left femur, initial encounter for closed fracture",4
Ulcerative (chronic) pancolitis with other complication,4
"Unspecified injury of adductor muscle, fascia and tendon of left thigh, initial encounter",4
Other nonspecific findings on examination of urine,4
Other specified diabetes mellitus with ketoacidosis without coma,4
"Impetigo, unspecified",4
"Type 1 diabetes mellitus with mild nonproliferative diabetic retinopathy with macular edema, right eye",4
"Other fracture of upper and lower end of right fibula, initial encounter for closed fracture",4
Other specified acquired deformities of right lower leg,4
Chronic embolism and thrombosis of right internal jugular vein,4
"Laceration of unspecified muscle, fascia and tendon at wrist and hand level, right hand, subsequent encounter",4
"Disorder of teeth and supporting structures, unspecified",4
"Conductive hearing loss, bilateral",4
"Extrapyramidal and movement disorder, unspecified",4
"Transient visual loss, unspecified eye",4
"Joint derangement, unspecified",4
"Other specified injuries of right wrist, hand and finger(s), initial encounter",4
Lichen planopilaris,4
Other congenital malformations of cardiac chambers and connections,4
"Open bite of other finger without damage to nail, subsequent encounter",4
"Labyrinthitis, right ear",4
"2-part displaced fracture of surgical neck of left humerus, initial encounter for closed fracture",4
Chronic embolism and thrombosis of unspecified deep veins of right distal lower extremity,4
Gammaherpesviral mononucleosis without complication,4
Other symptoms referable to back,4
Alcohol induced acute pancreatitis without necrosis or infection,4
Resistance to other specified beta lactam antibiotics,4
"Fracture of unspecified carpal bone, right wrist, initial encounter for closed fracture",4
Unspecified blepharitis right lower eyelid,4
Pulmonary cryptococcosis,4
"Complete loss of teeth, unspecified cause, unspecified class",4
Atherosclerotic heart disease of native coronary artery with angina pectoris with documented spasm,4
"Unspecified pre-eclampsia, third trimester",4
"Sprain of tarsometatarsal ligament of right foot, subsequent encounter",4
"Osteochondritis dissecans, left ankle and joints of left foot",4
"Endocrine, nutritional and metabolic diseases complicating pregnancy, unspecified trimester",4
"Erythema multiforme, unspecified",4
Other nonrheumatic mitral valve disorders,4
"Follicular lymphoma grade II, intrathoracic lymph nodes",4
Pulmonary nocardiosis,4
"Osteophyte, left shoulder",4
"Supervision of pregnancy resulting from assisted reproductive technology, third trimester",4
"Burn of first degree of left foot, initial encounter",4
"Toxic effect of venom of bees, accidental (unintentional), initial encounter",4
"Unspecified injury of muscle(s) and tendon(s) of the rotator cuff of right shoulder, initial encounter",4
"Unspecified open wound of unspecified upper arm, initial encounter",4
"Other diseases of the blood and blood-forming organs and certain disorders involving the immune mechanism complicating pregnancy, unspecified trimester",4
"Cutaneous abscess of back [any part, except buttock]",4
Mixed receptive-expressive language disorder,4
"Unspecified adhesions of iris, bilateral",4
"Unstable burst fracture of first cervical vertebra, initial encounter for closed fracture",4
"Hemiplegia, unspecified, affecting unspecified side",4
"Pressure ulcer of right ankle, stage 3",4
Lump or mass in breast,4
"Strain of other muscles, fascia and tendons at shoulder and upper arm level, left arm, initial encounter",4
Drug-induced adrenocortical insufficiency,4
"Maxillary fracture, right side, initial encounter for closed fracture",4
"Acquired absence of limb, unspecified",4
"Pain due to other internal prosthetic devices, implants and grafts, initial encounter",4
"Supervision of pregnancy with history of pre-term labor, first trimester",4
Other specified congenital deformities of hip,4
"Other osteonecrosis, left humerus",4
Pre-existing essential hypertension complicating childbirth,4
"Tear of articular cartilage of left knee, current, initial encounter",4
Nonpurulent mastitis associated with lactation,4
"Osteonecrosis in diseases classified elsewhere, left thigh",4
"Type 1 diabetes mellitus with proliferative diabetic retinopathy without macular edema, bilateral",4
"Gout due to renal impairment, left knee",4
"Irregular astigmatism, unspecified eye",4
Chronic venous hypertension (idiopathic) with ulcer of unspecified lower extremity,4
Unspecified atrioventricular block,4
Acute embolism and thrombosis of other specified deep vein of unspecified lower extremity,4
Unspecified parasitic disease,4
Congenital cerebral cysts,4
Inflammatory disease of cervix uteri,4
Acute dacryocystitis of left lacrimal passage,4
"Poisoning by other antidepressants, intentional self-harm, initial encounter",4
"Other antepartum hemorrhage, first trimester",4
Other congenital malformations of larynx,4
"Idiopathic chronic gout, left elbow, with tophus (tophi)",4
17 weeks gestation of pregnancy,4
Mitral valve disorders,4
"Visual discomfort, unspecified",4
"Maternal care for cervical incompetence, first trimester",4
Hypertrophy of salivary gland,4
"Poisoning by other antiepileptic and sedative-hypnotic drugs, accidental (unintentional), initial encounter",4
Abnormal electromyogram [EMG],4
Vertebrogenic low back pain,4
"Endocrine, nutritional and metabolic diseases complicating pregnancy, second trimester",4
"Laceration without foreign body of left forearm, initial encounter",4
"Fracture of other specified skull and facial bones, right side, initial encounter for closed fracture",4
Mucocutaneous lymph node syndrome [Kawasaki],4
"Follicular lymphoma grade II, lymph nodes of multiple sites",4
"Drusen (degenerative) of macula, unspecified eye",4
"Mediastinal (thymic) large B-cell lymphoma, lymph nodes of multiple sites",4
"Contusion of unspecified upper arm, sequela",4
"Contusion of unspecified upper arm, initial encounter",4
Elevated Lipoprotein(a),4
"Fracture of one rib, unspecified side, initial encounter for closed fracture",4
"Cardiovascular disease, unspecified",4
"Malignant neoplasm of liver, primary, unspecified as to type",4
Acute abdomen,4
Other specified acquired deformities of musculoskeletal system,4
Other conditions of brain,4
Disorders of phosphorus metabolism,4
"Contusion of unspecified part of neck, initial encounter",4
Other elevated white blood cell count,4
"Velamentous insertion of umbilical cord, third trimester",4
Aneurysm of carotid artery,4
Thalassemia minor,4
"Partial loss of teeth, unspecified cause, unspecified class",4
"Insect bite (nonvenomous), unspecified ankle, initial encounter",4
"Migraine, unspecified, not intractable, with status migrainosus",4
Urinary frequency,4
Other hemorrhage in early pregnancy,4
"Other specified complications of surgical and medical care, not elsewhere classified, initial encounter",4
Other nonrheumatic tricuspid valve disorders,4
"Injury of conjunctiva and corneal abrasion without foreign body, left eye, initial encounter",4
"Other intervertebral disc displacement, lumbosacral region",4
Lobular carcinoma in situ of unspecified breast,4
"Other specified rheumatoid arthritis, unspecified site",4
"Stiffness of right knee, not elsewhere classified",4
"Alopecia, unspecified",4
Other prurigo,4
"Contusion of right thigh, initial encounter",4
"Localization-related (focal) (partial) idiopathic epilepsy and epileptic syndromes with seizures of localized onset, not intractable, without status epilepticus",4
Neoplasm of unspecified behavior of digestive system,4
Other postprocedural complications and disorders of genitourinary system,4
Other cranial cerebrospinal fluid leak,4
"Other serum reaction due to other serum, initial encounter",4
"Other bursitis of knee, left knee",4
Nausea with vomiting,4
"Contracture, right ankle",4
"Leakage of cystostomy catheter, initial encounter",4
Unspecified disorder of nose and nasal sinuses,4
"Type 1 diabetes mellitus with moderate nonproliferative diabetic retinopathy with macular edema, right eye",4
Unspecified staphylococcus as the cause of diseases classified elsewhere,4
Unspecified benign mammary dysplasia of unspecified breast,4
"Gestational diabetes mellitus in childbirth, controlled by oral hypoglycemic drugs",4
"Unspecified trochanteric fracture of unspecified femur, initial encounter for closed fracture",4
Allergic contact dermatitis due to drugs in contact with skin,4
"Contusion of left lesser toe(s) without damage to nail, initial encounter",4
"Sprain of tarsometatarsal ligament of right foot, initial encounter",4
"Metatarsalgia, unspecified foot",4
"Unspecified injury of left elbow, initial encounter",4
Postprocedural subglottic stenosis,4
Postprocedural air leak,4
"Strain of right Achilles tendon, sequela",4
"Chondromalacia, unspecified knee",4
"Stable burst fracture of T11-T12 vertebra, subsequent encounter for fracture with routine healing",4
Cicatricial ectropion of left lower eyelid,4
Other specified diseases and conditions complicating childbirth,4
"Epilepsy, unspecified, intractable, with status epilepticus",4
"Insect bite (nonvenomous) of left elbow, initial encounter",4
Carcinoma in situ of skin of lip,4
"Unspecified infection of urinary tract in pregnancy, first trimester",4
Chronic embolism and thrombosis of right subclavian vein,4
"Unspecified disorder of synovium and tendon, left thigh",4
Other acquired deformity of head,4
Cocaine dependence with other cocaine-induced disorder,4
Postprocedural hemorrhage of a digestive system organ or structure following a digestive system procedure,4
Subclinical iodine-deficiency hypothyroidism,4
"Unilateral inguinal hernia, with obstruction, without gangrene, recurrent",4
Dermatochalasis of right upper eyelid,4
"Wedge compression fracture of T11-T12 vertebra, initial encounter for closed fracture",4
Benign neoplasm of cecum,4
Cirrhosis of liver without mention of alcohol,4
"Unspecified superficial injury of left hand, initial encounter",4
Dysphasia,4
Disruption of cesarean delivery wound,4
"Vitreous degeneration, unspecified eye",4
Acute cough,4
"Anterior tibial syndrome, right leg",4
Third degree hemorrhoids,4
Chronic or unspecified gastric ulcer with hemorrhage,4
Acne varioliformis,4
"Pressure ulcer of other site, unspecified stage",4
"Breakdown (mechanical) of bile duct prosthesis, initial encounter",4
Myocardial degeneration,4
"Chronic instability of knee, right knee",4
"Other psychoactive substance dependence with withdrawal, unspecified",4
"Maternal care for cervical incompetence, unspecified trimester",4
"Stiffness of unspecified shoulder, not elsewhere classified",4
"Laceration without foreign body of left thumb without damage to nail, initial encounter",4
"Somatoform disorder, unspecified",4
Accidental puncture and laceration of a digestive system organ or structure during a digestive system procedure,4
"Unspecified pre-existing hypertension complicating pregnancy, unspecified trimester",4
"Sprain of unspecified ligament of unspecified ankle, initial encounter",4
Infection and inflammatory reaction due to indwelling urinary catheter,4
"Insect bite (nonvenomous) of left eyelid and periocular area, initial encounter",4
"Unspecified perforation of tympanic membrane, left ear",4
Anhedonia,4
Postpartum depression,4
"Brow ptosis, bilateral",4
"Idiopathic gout, left knee",4
Diverticulosis of small intestine without perforation or abscess without bleeding,4
Kidney transplant rejection,4
Other acute pancreatitis with uninfected necrosis,4
Other secondary pulmonary hypertension,4
Other specified acquired deformities of left lower leg,4
"Conductive hearing loss, unilateral, left ear, with unrestricted hearing on the contralateral side",4
Lichen simplex chronicus,4
Floppy iris syndrome,4
"Pressure ulcer of left buttock, stage 2",4
Polymorphous light eruption,4
Opioid abuse with other opioid-induced disorder,4
"Maternal care for cervical incompetence, second trimester",4
Frontal lobe and executive function deficit,4
Irritant contact dermatitis due friction or contact with other specified body fluids,4
"Polyhydramnios, third trimester, fetus 1",4
"Disorder of male genital organs, unspecified",4
"Recurrent subluxation of patella, right knee",3
Unspecified pterygium of left eye,3
Abnormal blood-gas level,3
"Webbed toes, left foot",3
"Strain of muscle(s) and tendon(s) of the rotator cuff of left shoulder, initial encounter",3
Other disorders of autonomic nervous system,3
"Peripheral tear of medial meniscus, current injury, right knee, subsequent encounter",3
"Other types of follicular lymphoma, unspecified site",3
Rhodesiense trypanosomiasis,3
"Medial epicondylitis, right elbow",3
"Thrombosis due to cardiac prosthetic devices, implants and grafts, initial encounter",3
Hematospermia,3
"Malignant neoplasm of nipple and areola, left female breast",3
Skin graft (allograft) (autograft) failure,3
Aneurysm of artery of lower extremity,3
Sepsis due to Streptococcus pneumoniae,3
Diseases of the nervous system complicating the puerperium,3
"Traumatic ischemia of muscle, initial encounter",3
Giardiasis [lambliasis],3
Other specified diseases of spinal cord,3
"Contusion of other urinary and pelvic organ, initial encounter",3
"Breakdown (mechanical) of aortic (bifurcation) graft (replacement), initial encounter",3
"Stenosis of peripheral vascular stent, initial encounter",3
Occlusion and stenosis of vertebral artery without mention of cerebral infarction,3
"Recurrent subluxation of patella, left knee",3
Nontraumatic subacute subdural hemorrhage,3
Asbestosis,3
"Pregnancy related renal disease, third trimester",3
"Major depressive affective disorder, recurrent episode, in partial or unspecified remission",3
Bunion of right foot,3
"Injury of brachial plexus, initial encounter",3
Tuberculosis of lung,3
"Other fracture of T11-T12 vertebra, subsequent encounter for fracture with routine healing",3
Rheumatic mitral stenosis with insufficiency,3
"Localized swelling, mass and lump, unspecified upper limb",3
Other hydronephrosis,3
"Pressure ulcer of right upper back, stage 3",3
"Severe pre-eclampsia, complicating the puerperium",3
"Cysts of unspecified eye, unspecified eyelid",3
"Neuroma of amputation stump, left lower extremity",3
Adjustment disorder with other symptoms,3
Embolism and thrombosis of unspecified parts of aorta,3
Coronary atherosclerosis of bypass graft (artery) (vein) of transplanted heart,3
Slowness and poor responsiveness,3
"Melanoma in situ of left upper limb, including shoulder",3
Tobacco use disorder,3
"Acute embolism and thrombosis of popliteal vein, bilateral",3
"Contusion of left great toe with damage to nail, initial encounter",3
Outlet dysfunction constipation,3
"Other chondrocalcinosis, unspecified site",3
"Unspecified disorder of vestibular function, unspecified ear",3
"Unspecified abdominal hernia with obstruction, without gangrene",3
Allergic urticaria,3
Cellulitis of buttock,3
"Pressure ulcer of right heel, stage 1",3
Neurocognitive disorder with Lewy bodies,3
"Neoplasm of uncertain behavior, unspecified",3
Septic shock,3
"Chronic angle-closure glaucoma, bilateral, severe stage",3
"Other displaced fracture of upper end of left humerus, initial encounter for closed fracture",3
"Other and unspecified ventral hernia with obstruction, without gangrene",3
"Hemorrhagic condition, unspecified",3
"Acute dacryoadenitis, left lacrimal gland",3
"Other infective otitis externa, bilateral",3
"Toxic effect of ethanol, intentional self-harm, initial encounter",3
Unspecified complication of skin graft (allograft) (autograft),3
"Food in trachea causing asphyxiation, initial encounter",3
Congenital malformations of other endocrine glands,3
Chronic embolism and thrombosis of other specified veins,3
Other specified diseases of appendix,3
Calculus of gallbladder with chronic cholecystitis without obstruction,3
"Meningitis, unspecified",3
Unspecified occupant of heavy transport vehicle injured in collision with fixed or stationary object in traffic accident,3
Defects in the complement system,3
Pain in unspecified thigh,3
"Other acute osteomyelitis, multiple sites",3
Septic arterial embolism,3
"Alcohol use, unspecified with withdrawal delirium",3
"Hallucinogen dependence, uncomplicated",3
Other specified congenital malformations of heart,3
Unspecified transient cerebral ischemia,3
"Depressive disorder, not elsewhere classified",3
Diseases of the circulatory system complicating childbirth,3
"Other osteonecrosis, right shoulder",3
Facial weakness following cerebral infarction,3
"Displacement of other cardiac and vascular devices and implants, initial encounter",3
"Disease of digestive system, unspecified",3
Immunodeficiency due to conditions classified elsewhere,3
"Pressure ulcer of right buttock, stage 4",3
"Hypertensive heart and chronic kidney disease without heart failure, with stage 5 chronic kidney disease, or end stage renal disease",3
"Attention-deficit hyperactivity disorder, combined type",3
"Patellar tendinitis, left knee",3
Other mixed anxiety disorders,3
"Fracture of unspecified part of neck of right femur, sequela",3
Asymptomatic postmenopausal status (age-related) (natural),3
Acute pain due to trauma,3
"Strain of unspecified muscle, fascia and tendon at shoulder and upper arm level, left arm, subsequent encounter",3
Intraspinal abscess and granuloma,3
"Oligomenorrhea, unspecified",3
"Major depressive disorder, single episode, in partial remission",3
Miliaria crystallina,3
"Disease of pulmonary vessels, unspecified",3
"Pressure ulcer of left heel, unstageable",3
"Hallux varus (acquired), left foot",3
"Nonpsychotic mental disorder, unspecified",3
Pneumoconiosis due to asbestos and other mineral fibers,3
Myopia,3
"Bronchitis and pneumonitis due to chemicals, gases, fumes and vapors",3
Idiopathic nonfamilial dystonia,3
High output heart failure,3
Female pelvic peritoneal adhesions (postinfective),3
Other cervical disc degeneration at C4-C5 level,3
Impulsiveness,3
Pneumonia in diseases classified elsewhere,3
"Osteoarthrosis, localized, primary, pelvic region and thigh",3
"Wedge compression fracture of unspecified lumbar vertebra, initial encounter for closed fracture",3
Other hypoglycemia,3
Nontraumatic compartment syndrome of abdomen,3
"Acute serous otitis media, left ear",3
"Corneal opacity, unspecified",3
Cutaneous abscess of left axilla,3
Anemia of other chronic disease,3
"Contusion of eyeball and orbital tissues, left eye, initial encounter",3
"Bicipital tendinitis, right shoulder",3
"Laceration without foreign body of unspecified part of head, initial encounter",3
"Diabetes with other specified manifestations, type II or unspecified type, not stated as uncontrolled",3
"Other mechanical complication of other gastrointestinal prosthetic devices, implants and grafts, initial encounter",3
Tortuous aortic arch,3
"Presbycusis, unspecified ear",3
"Secondary diabetes mellitus with other specified manifestations, not stated as uncontrolled, or unspecified",3
"Other injury of uterus, initial encounter",3
"Postprocedural shock unspecified, initial encounter",3
"Other foreign object in other parts of respiratory tract causing asphyxiation, initial encounter",3
"Unspecified injury of right elbow, initial encounter",3
"Chronic gout, unspecified, without tophus (tophi)",3
"Osteoarthrosis, unspecified whether generalized or localized, other specified sites",3
"Contusion of right knee, initial encounter",3
"Laceration without foreign body of right lesser toe(s) without damage to nail, initial encounter",3
"Myalgia and myositis, unspecified",3
Unilateral pulmonary emphysema [MacLeod's syndrome],3
"Other migraine, not intractable, with status migrainosus",3
Heart-lung transplant failure,3
Cellulitis of groin,3
Temporal sclerosis,3
"Developmental disorder of speech and language, unspecified",3
Raynaud's syndrome with gangrene,3
Emergency use of U07.0 | Vaping-related disorder,3
32 weeks gestation of pregnancy,3
"Disorder of left external ear, unspecified",3
"Unspecified fracture of ankle, closed",3
"Localization-related (focal) (partial) symptomatic epilepsy and epileptic syndromes with simple partial seizures, intractable, with status epilepticus",3
Acute kidney failure with acute cortical necrosis,3
"Displacement of nephrostomy catheter, initial encounter",3
Postprocedural hematoma of a musculoskeletal structure following other procedure,3
"Unspecified acute noninfective otitis externa, right ear",3
Alcoholic cardiomyopathy,3
"Breakdown (mechanical) of other cardiac and vascular devices and implants, initial encounter",3
Cellulitis of back [any part except buttock],3
"Gout due to renal impairment, unspecified ankle and foot",3
"Disease of esophagus, unspecified",3
"Salmonella infection, unspecified",3
Other atrioventricular block,3
Intermediate coronary syndrome,3
Rubella without complication,3
Aphonia,3
"Spondylopathy, unspecified",3
"Other psychoactive substance use, unspecified with withdrawal, unspecified",3
Neoplasm of uncertain behavior of left kidney,3
"Unspecified fracture of left foot, initial encounter for closed fracture",3
"Unspecified dacryoadenitis, left lacrimal gland",3
"Age-related osteoporosis with current pathological fracture, vertebra(e), initial encounter for fracture",3
"Unspecified disorder of ear, bilateral",3
Other motor neuron disease,3
Fecal urgency,3
"Glaucoma secondary to eye inflammation, right eye, indeterminate stage",3
Malignant neoplasm of overlapping sites of bladder,3
Other specified follicular disorders,3
Mydriasis,3
"Chronic embolism and thrombosis of axillary vein, bilateral",3
"Unspecified lagophthalmos right eye, unspecified eyelid",3
Oral mucositis (ulcerative) due to antineoplastic therapy,3
Cysticercosis of central nervous system,3
"Low-tension glaucoma, bilateral, indeterminate stage",3
Other disorders of sclera,3
Other acquired deformities of unspecified foot,3
"Other bursitis of knee, right knee",3
Other specified disorders of prostate,3
"Other specified complication of other internal prosthetic devices, implants and grafts, initial encounter",3
Unspecified asthma with status asthmaticus,3
"Other hammer toe(s) (acquired), unspecified foot",3
"Contusion of unspecified front wall of thorax, initial encounter",3
"Wedge compression fracture of third lumbar vertebra, sequela",3
"Puncture wound without foreign body of right hand, initial encounter",3
Other lack of coordination,3
"Persistent proteinuria, unspecified",3
Allergic rhinitis,3
"Displaced fracture of shaft of right clavicle, initial encounter for closed fracture",3
Glomerular disorders in diseases classified elsewhere,3
"Supervision of elderly primigravida, second trimester",3
Other rheumatic mitral valve diseases,3
Diseases of the circulatory system complicating the puerperium,3
"Allergy, unspecified, not elsewhere classified",3
"Other specified hearing loss, bilateral",3
Left sided colitis without complications,3
Unspecified disorder of calcium metabolism,3
Person on outside of car injured in collision with two- or three-wheeled motor vehicle in nontraffic accident,3
"Contracture, unspecified ankle",3
"Pneumonia due to staphylococcus, unspecified",3
"Squamous cell carcinoma of skin of right lower limb, including hip",3
"Venous (peripheral) insufficiency, unspecified",3
"Conjunctival edema, bilateral",3
"Unspecified fracture of shaft of humerus, left arm, subsequent encounter for fracture with routine healing",3
"Hordeolum externum unspecified eye, unspecified eyelid",3
"Outcome of delivery, unspecified",3
"Other specified disorders of tendon, left shoulder",3
Infective pericarditis,3
"Maternal care for abnormalities of the fetal heart rate or rhythm, third trimester, not applicable or unspecified",3
Idiopathic aseptic necrosis of left shoulder,3
Fat necrosis of breast,3
"Heat exhaustion, unspecified, initial encounter",3
"Nodular episcleritis, bilateral",3
"Unspecified open wound, right thigh, initial encounter",3
"Unspecified fracture of the lower end of unspecified radius, initial encounter for closed fracture",3
"Leakage of heart valve prosthesis, initial encounter",3
"Neoplasm of uncertain behavior of trachea, bronchus and lung",3
Abnormal findings on diagnostic imaging of limbs,3
Other specified disorders of gingiva and edentulous alveolar ridge,3
Unspecified tracheostomy complication,3
Other specified retinal disorders,3
Other bipolar disorder,3
Other chronic viral hepatitis,3
"Displaced transverse fracture of right patella, initial encounter for closed fracture",3
"Wedge compression fracture of T5-T6 vertebra, initial encounter for closed fracture",3
Cocaine abuse with unspecified cocaine-induced disorder,3
"Lymphoid leukemia, unspecified not having achieved remission",3
"Other vitreous opacities, unspecified eye",3
Benign lipomatous neoplasm of skin and subcutaneous tissue of unspecified limb,3
"Bacterial meningoencephalitis and meningomyelitis, not elsewhere classified",3
"Poisoning by other drugs, medicaments and biological substances, intentional self-harm, initial encounter",3
"Effusion of joint, lower leg",3
"Follicular cyst of the skin and subcutaneous tissue, unspecified",3
"Colles' fracture of left radius, initial encounter for closed fracture",3
Severe sepsis,3
"Exposure to other specified factors, sequela",3
"Nail disorder, unspecified",3
Insomnia due to other mental disorder,3
"Primary osteoarthritis, left wrist",3
"Rheumatic heart disease, unspecified",3
Other complications of other bariatric procedure,3
"Other synovitis and tenosynovitis, right lower leg",3
Vitreous hemorrhage,3
Other cord compression,3
Other specified persistent mood disorders,3
Benign neoplasm of right breast,3
Unspecified site injury,3
Left posterior fascicular block,3
"Subendocardial infarction, initial episode of care",3
Genetic anomalies of leukocytes,3
"Other mechanical complication of other gastrointestinal prosthetic devices, implants and grafts, subsequent encounter",3
"Vitamin A deficiency, unspecified",3
Acute embolism and thrombosis of left iliac vein,3
Encounter for cesarean delivery without indication,3
"Maternal care for other abnormalities of cervix, third trimester",3
Neoplasm of uncertain behavior of prostate,3
Light chain (AL) amyloidosis,3
"Infection of amputation stump, left lower extremity",3
"Other complications following infusion, transfusion and therapeutic injection, initial encounter",3
Beta thalassemia,3
"Other specified joint disorders, right ankle and foot",3
Perineural cyst,3
Other specified acquired hypothyroidism,3
"Other specified sprain of left wrist, subsequent encounter",3
Unspecified disorder of cornea,3
"Acute embolism and thrombosis of unspecified veins of upper extremity, bilateral",3
Recurrent and persistent hematuria with unspecified morphologic changes,3
"Cortical age-related cataract, right eye",3
Subdural hemorrhage,3
"Displaced fracture of lateral end of right clavicle, initial encounter for closed fracture",3
Unspecified juvenile rheumatoid arthritis of unspecified site,3
"Other otitis externa, left ear",3
"Anxiety state, unspecified",3
Antineoplastic chemotherapy induced anemia,3
Pityriasis versicolor,3
"Benign paroxysmal vertigo, bilateral",3
Other heart failure,3
"Pemphigus, unspecified",3
Nonspecific (abnormal) findings on radiological and other examination of skull and head,3
Glaucomatocyclitic crises,3
Finding of steroid agent in blood,3
"Lateral dislocation of left patella, initial encounter",3
"Contusion of right wrist, subsequent encounter",3
Benign essential microscopic hematuria,3
Lack of coordination,3
Somatization disorder,3
"Carcinoma in situ of skin, unspecified",3
"Ocular pain, left eye",3
Immunodeficiency due to external causes,3
"Pressure ulcer of left buttock, stage 4",3
Excessive and redundant skin and subcutaneous tissue,3
Other internal derangements of right knee,3
"Other stimulant use, unspecified, uncomplicated",3
Other sickle-cell disorders without crisis,3
Diabetes mellitus,3
Sick-euthyroid syndrome,3
Reversible pulpitis,3
"Unspecified open wound, right lower leg, sequela",3
Other reactions to severe stress,3
"Other osteomyelitis, upper arm",3
"Unspecified sprain of right foot, initial encounter",3
"Contusion of unspecified thigh, initial encounter",3
"Zygomatic fracture, left side, initial encounter for closed fracture",3
"Contact dermatitis and other eczema, unspecified cause",3
Drug-induced hypoglycemia without coma,3
Acne keloid,3
Nonrheumatic tricuspid (valve) stenosis,3
Acute on chronic graft-versus-host disease,3
Other streptococcal sepsis,3
Other symptoms involving abdomen and pelvis,3
"Sprain of ankle, unspecified site",3
Dry eye syndrome of right lacrimal gland,3
Atherosclerosis of native coronary artery of transplanted heart without angina pectoris,3
Other appendicitis,3
"Unspecified injury to sacral spinal cord, initial encounter",3
"X-linked adrenoleukodystrophy, unspecified type",3
"Other cyst of bone, unspecified site",3
"Valgus deformity, not elsewhere classified, unspecified knee",3
"Anatomical narrow angle, bilateral",3
Squamous cell carcinoma of skin of other part of trunk,3
"Unspecified fall, sequela",3
Other benign neoplasm of skin of left ear and external auricular canal,3
"Breakdown (mechanical) of vascular dialysis catheter, subsequent encounter",3
Impingement syndrome of left shoulder,3
"Pressure ulcer of unspecified buttock, unspecified stage",3
"Fracture of nasal bones, initial encounter for closed fracture",3
Other amyloidosis,3
Hordeolum externum right lower eyelid,3
Malignant neoplasm of posterior wall of bladder,3
"Other disorders of vestibular function, left ear",3
"Unspecified mastoiditis, unspecified ear",3
"Displaced fracture of greater tuberosity of right humerus, initial encounter for closed fracture",3
Other chronic thyroiditis,3
Right upper quadrant abdominal tenderness,3
Postprocedural cardiac insufficiency following other surgery,3
"Fibrous dysplasia (monostotic), right thigh",3
Other specified eating disorder,3
"Complete rotator cuff tear or rupture of left shoulder, not specified as traumatic",3
"Squamous cell carcinoma of skin of left lower limb, including hip",3
Anorectal abscess,3
Chronic embolism and thrombosis of superficial veins of right upper extremity,3
Severe nonproliferative diabetic retinopathy,3
Thromboembolism in the puerperium,3
"Maternal hypotension syndrome, unspecified trimester",3
Ulcer of esophagus without bleeding,3
Acculturation difficulty,3
Benign neoplasm of liver,3
Neoplasm of uncertain behavior of bladder,3
"Zygomatic fracture, right side, initial encounter for closed fracture",3
Other specified disorders of temporomandibular joint,3
"Idiopathic chronic gout, unspecified site, without tophus (tophi)",3
Cerebral infarction due to unspecified occlusion or stenosis of unspecified cerebellar artery,3
"Nontraumatic intracerebral hemorrhage, intraventricular",3
"Idiopathic chronic gout, right elbow, without tophus (tophi)",3
"Other synovitis and tenosynovitis, other site",2
Chronic embolism and thrombosis of right calf muscular vein,2
"Abrasion of vagina and vulva, initial encounter",2
"Poisoning by androgens and anabolic congeners, accidental (unintentional), initial encounter",2
Chronic embolism and thrombosis of right axillary vein,2
"Supervision of other high risk pregnancies, first trimester",2
"Osteonecrosis in diseases classified elsewhere, left lower leg",2
Malfunction of tracheostomy stoma,2
"Sudden idiopathic hearing loss, bilateral",2
Other nonspecific lymphadenitis,2
Glucocorticoid deficiency,2
Alcohol dependence with withdrawal with perceptual disturbance,2
Disproportion of reconstructed breast,2
"Unspecified pre-existing diabetes mellitus in pregnancy, unspecified trimester",2
Other abnormal cytological findings on specimens from cervix uteri,2
Corpus luteum cyst of right ovary,2
Esophageal web,2
Hereditary persistence of fetal hemoglobin [HPFH],2
"Complex tear of lateral meniscus, current injury, right knee, initial encounter",2
"Other acute osteomyelitis, left ankle and foot",2
"Displaced fracture of unspecified ulna styloid process, subsequent encounter for closed fracture with nonunion",2
Other insomnia not due to a substance or known physiological condition,2
Chronic and other pulmonary manifestations due to radiation,2
"Type 1 diabetes mellitus with mild nonproliferative diabetic retinopathy without macular edema, unspecified eye",2
"Laceration without foreign body of right ear, initial encounter",2
"Other bursitis of knee, unspecified knee",2
"Hallux valgus (acquired), unspecified foot",2
"Pressure ulcer, lower back",2
Bariatric surgery status complicating childbirth,2
Postprocedural hematoma of a genitourinary system organ or structure following other procedure,2
"Spinal stenosis, lumbar region, without neurogenic claudication",2
"Congenital malformation of spinal cord, unspecified",2
"Osteophyte, left knee",2
Deficiency of multiple nutrient elements,2
"Diseases of the nervous system complicating pregnancy, second trimester",2
"Other epilepsy, not intractable, with status epilepticus",2
Other and unspecified mitral valve diseases,2
"Unspecified B-cell lymphoma, intrathoracic lymph nodes",2
"Passenger injured in collision with unspecified motor vehicles in traffic accident, initial encounter",2
"Atherosclerosis of native arteries of extremities with rest pain, bilateral legs",2
"Other bursitis of elbow, right elbow",2
"Blister (nonthermal) of other part of head, initial encounter",2
Hypertrophy of uterus,2
"Other abnormal auditory perceptions, unspecified ear",2
"Diffuse large B-cell lymphoma, lymph nodes of head, face, and neck",2
"Derangement of unspecified medial meniscus due to old tear or injury, right knee",2
"Spondylolysis, lumbar region",2
Other complicated headache syndrome,2
Trichiasis without entropion right lower eyelid,2
"Malignant neoplasm of uterus, part unspecified",2
Hallux rigidus,2
"Maternal care for (suspected) hereditary disease in fetus, not applicable or unspecified",2
"Other osteonecrosis, left femur",2
Migraine,2
Sequelae of unspecified nutritional deficiency,2
Unspecified retinal disorder,2
"Immune effector cell-associated neurotoxicity syndrome, grade 1",2
Other late effects of cerebrovascular disease,2
"Melanocytic nevi of unspecified upper limb, including shoulder",2
"Acute myocarditis, unspecified",2
Chronic total occlusion of coronary artery,2
Furuncle left hand,2
Non-pressure chronic ulcer of right calf with fat layer exposed,2
"Sprain of tibiofibular ligament of left ankle, initial encounter",2
"Sprain of deltoid ligament of right ankle, initial encounter",2
"Hypertensive retinopathy, bilateral",2
Cellulitis and abscess of unspecified sites,2
Campylobacter enteritis,2
"Posterior synechiae (iris), right eye",2
Accessory nipple,2
Swan-neck deformity of right finger(s),2
Leukoplakia of vulva,2
Hyperventilation,2
Acute upper respiratory infections of unspecified site,2
Chronic venous hypertension (idiopathic) with ulcer of left lower extremity,2
"Multiple myeloma, without mention of having achieved remission",2
"Laceration without foreign body of left eyelid and periocular area, subsequent encounter",2
Narcolepsy in conditions classified elsewhere with cataplexy,2
Cystic fibrosis with pulmonary manifestations,2
"Other specified disorders of bone, hand",2
"Anemia complicating pregnancy, second trimester",2
Arthralgia of left temporomandibular joint,2
Secondary malignant neoplasm of other parts of nervous system,2
"Stress fracture, left foot, subsequent encounter for fracture with routine healing",2
"Single liveborn infant, delivered vaginally",2
"Unspecified superficial injury of unspecified lesser toe(s), initial encounter",2
Benign neoplasm of left breast,2
"Abrasion, right knee, initial encounter",2
Bunion of unspecified foot,2
Non-pressure chronic ulcer of right heel and midfoot limited to breakdown of skin,2
Other cervical disc displacement at C4-C5 level,2
"Mild cognitive impairment, so stated",2
Abnormal results of function studies of other organs and systems,2
"Unspecified dislocation of left hip, initial encounter",2
Neoplasm of uncertain behavior of unspecified ureter,2
Obesity complicating childbirth,2
"Displaced fracture of proximal phalanx of left lesser toe(s), subsequent encounter for fracture with routine healing",2
Acute embolism and thrombosis of unspecified subclavian vein,2
Acquired absence of right thumb,2
"Fracture of nasal bones, initial encounter for open fracture",2
"Systemic inflammatory response syndrome, unspecified",2
"Recurrent dislocation of joint, lower leg",2
Chronic motor or vocal tic disorder,2
"Sprain of other specified parts of left knee, initial encounter",2
Pityriasis rosea,2
"Sprain of jaw, unspecified side, initial encounter",2
"Deep phlebothrombosis in pregnancy, third trimester",2
"Calculus of bile duct with cholecystitis, unspecified, without obstruction",2
Intrinsic (allergic) eczema,2
Other acariasis,2
"Radiculopathy, sacral and sacrococcygeal region",2
Unspecified malignant neoplasm of skin of right ear and external auricular canal,2
Chronic sinusitis,2
"Malignant neoplasm of upper lobe, bronchus or lung",2
"Type 2 diabetes mellitus with proliferative diabetic retinopathy with traction retinal detachment not involving the macula, left eye",2
"Other osteonecrosis, right femur",2
Benign neoplasm of parotid gland,2
"Displaced fracture of third metatarsal bone, left foot, initial encounter for closed fracture",2
Stricture and stenosis of cervix uteri,2
Type 1 diabetes mellitus with foot ulcer,2
"Ocular laceration without prolapse or loss of intraocular tissue, right eye, sequela",2
Other disorders of iron metabolism,2
"Sedative, hypnotic or anxiolytic abuse with withdrawal, unspecified",2
"Priapism, drug-induced",2
Actinomycotic infection of unspecified site,2
Balanitis,2
Other specified local infections of the skin and subcutaneous tissue,2
Lymphoid interstitial pneumonia,2
36 weeks gestation of pregnancy,2
Atheroembolism of left lower extremity,2
Nontraumatic chronic subdural hemorrhage,2
"Right temporomandibular joint disorder, unspecified",2
35 weeks gestation of pregnancy,2
"Laceration without foreign body of right hand, initial encounter",2
Missed abortion,2
"Acute hematogenous osteomyelitis, right radius and ulna",2
"Pressure ulcer of left elbow, stage 3",2
Other circadian rhythm sleep disorder,2
Unspecified subjective visual disturbances,2
Projectile vomiting,2
Polymyositis with respiratory involvement,2
"Unspecified lump in the left breast, upper outer quadrant",2
Other disorders of peripheral nervous system,2
"Open bite of right forearm, subsequent encounter",2
"Transient visual loss, right eye",2
Phimosis,2
"Multiple fractures of ribs, bilateral, subsequent encounter for fracture with routine healing",2
Respiratory bronchiolitis interstitial lung disease,2
"Cellulitis of head [any part, except face]",2
"Debility, unspecified",2
Failed medical induction of labor,2
"Iliotibial band syndrome, right leg",2
"Fracture of unspecified part of neck of right femur, initial encounter for open fracture type I or II",2
Non-pressure chronic ulcer of right heel and midfoot with unspecified severity,2
"Other tear of medial meniscus, current injury, left knee, initial encounter",2
"Unspecified disorder of synovium and tendon, unspecified site",2
"Unspecified lump in the right breast, lower outer quadrant",2
"Diabetes with other specified manifestations, type II or unspecified type, uncontrolled",2
"Major depressive disorder, recurrent, severe with psychotic symptoms",2
"Acute serous otitis media, right ear",2
"Injury of ulnar nerve at upper arm level, right arm, subsequent encounter",2
Vomiting alone,2
Pain in unspecified forearm,2
"Joint disorder, unspecified",2
"Alcohol dependence with withdrawal, uncomplicated",2
Other manic episodes,2
"Torsion of testis, unspecified",2
Unspecified internal derangement of left knee,2
"Unspecified open wound of abdominal wall, unspecified quadrant without penetration into peritoneal cavity, subsequent encounter",2
Acute pharyngitis,2
Paralysis agitans,2
Pneumonia due to other specified organism,2
"Hemorrhoids in pregnancy, second trimester",2
"Unspecified episcleritis, left eye",2
"Neoplasm of uncertain behavior of lymphoid, hematopoietic and related tissue, unspecified",2
Meningitis due to other specified causes,2
"Unspecified open wound of left elbow, initial encounter",2
"Leakage of other specified internal prosthetic devices, implants and grafts, initial encounter",2
"Unspecified injury of right foot, sequela",2
"Abrasion, left hip, initial encounter",2
"Pressure ulcer of other site, unstageable",2
"Lesion of radial nerve, left upper limb",2
"Hyperacusis, left ear",2
"Arthropathy, unspecified, shoulder region",2
Abnormal head movements,2
Unspecified disorder of visual pathways,2
"Contracture, left knee",2
Abdominal aortic ectasia,2
"Other specified joint disorders, right hip",2
Alcoholic hepatic failure without coma,2
Chronic myeloproliferative disease,2
Secondary oligomenorrhea,2
"Presbycusis, bilateral",2
"Melanocytic nevi of unspecified lower limb, including hip",2
"Laceration without foreign body of left eyelid and periocular area, initial encounter",2
"Other ossification of muscle, other site",2
"False labor before 37 completed weeks of gestation, third trimester",2
"Antepartum hemorrhage, unspecified, third trimester",2
"Viral meningitis, unspecified",2
"Adverse effect of diagnostic agents, sequela",2
Acute gastric ulcer with perforation,2
Acute gastroenteropathy due to Norwalk agent,2
"Sprain of calcaneofibular ligament of right ankle, initial encounter",2
"Follicular lymphoma grade III, unspecified, unspecified site",2
Other acute pancreatitis without necrosis or infection,2
Neoplasm of unspecified behavior of other specified sites,2
Convergence insufficiency,2
Other specified disorders of adult personality and behavior,2
Unspecified blepharitis right upper eyelid,2
Unspecified optic neuritis,2
"Zoster ocular disease, unspecified",2
Unspecified pleural effusion,2
Elevation of levels of lactic acid dehydrogenase [LDH],2
Other irritable bowel syndrome,2
"Nondisplaced fracture of distal phalanx of left ring finger, initial encounter for closed fracture",2
"Traumatic subcutaneous emphysema, initial encounter",2
Other benign neoplasm of skin of trunk,2
"Unspecified injury of shoulder and upper arm, unspecified arm, initial encounter",2
Background diabetic retinopathy,2
"Other mechanical complication of other cardiac and vascular devices and implants, initial encounter",2
"Major contusion of unspecified kidney, initial encounter",2
Neoplasm of unspecified behavior of unspecified site,2
"Other specified crystal arthropathies, vertebrae",2
"Cysts of left eye, unspecified eyelid",2
Occlusion and stenosis of multiple and bilateral precerebral arteries without mention of cerebral infarction,2
"Post-traumatic headache, unspecified, not intractable",2
Hemorrhage or hematoma complicating a procedure,2
"Spotting complicating pregnancy, unspecified trimester",2
Monoplegia of lower limb following cerebral infarction affecting right dominant side,2
"Abrasion of other part of head, subsequent encounter",2
Blighted ovum and nonhydatidiform mole,2
"Strain of muscle, fascia and tendon of triceps, right arm, initial encounter",2
"Strain of other muscles, fascia and tendons at shoulder and upper arm level, unspecified arm, initial encounter",2
"Vascular headache, not elsewhere classified",2
"Angioneurotic edema, sequela",2
"Other otitis externa, bilateral",2
"Acute embolism and thrombosis of subclavian vein, bilateral",2
"Other specified complication of internal orthopedic prosthetic devices, implants and grafts, initial encounter",2
Malnutrition in childbirth,2
Methylenetetrahydrofolate reductase deficiency,2
"Unspecified fracture of shaft of right tibia, initial encounter for closed fracture",2
"Cardiac dysrhythmia, unspecified",2
"Other specified disorders of cartilage, lower leg",2
"Systemic lupus erythematosus, organ or system involvement unspecified",2
"Other intervertebral disc degeneration, thoracolumbar region",2
"Poisoning by other drugs, medicaments and biological substances, accidental (unintentional), initial encounter",2
Other hereditary and idiopathic neuropathies,2
"Periodic headache syndromes in child or adult, not intractable",2
"Vitreous hemorrhage, bilateral",2
"Displaced intertrochanteric fracture of left femur, initial encounter for closed fracture",2
Bilateral post-traumatic osteoarthritis of knee,2
Recurrent isolated sleep paralysis,2
"Nicotine dependence, unspecified, with unspecified nicotine-induced disorders",2
Congenital hydronephrosis,2
Intracranial and intraspinal phlebitis and thrombophlebitis,2
Other transplanted organ and tissue status,2
Hypermobility of urethra,2
Other specified disorders of urethra,2
"Contusion of right foot, initial encounter",2
"Osteoporosis, unspecified",2
"Glaucomatous optic atrophy, right eye",2
Hydronephrosis,2
Other ovarian dysfunction,2
Subsequent ST elevation (STEMI) myocardial infarction of anterior wall,2
"Preterm labor with preterm delivery, unspecified trimester, not applicable or unspecified",2
"Diseases of the digestive system complicating pregnancy, second trimester",2
"Pressure ulcer of left elbow, stage 2",2
Wound myiasis,2
"Abrasion, right hip, initial encounter",2
Agnosia,2
Non-pressure chronic ulcer of unspecified part of left lower leg limited to breakdown of skin,2
Umbilical hernia without mention of obstruction or gangrene,2
"Diffuse large B-cell lymphoma, lymph nodes of inguinal region and lower limb",2
Calculus of bile duct without cholangitis or cholecystitis with obstruction,2
"Other specified disorders of middle ear and mastoid, bilateral",2
"Contracture, left foot",2
"Acute hematogenous osteomyelitis, right ankle and foot",2
"Arenaviral hemorrhagic fever, unspecified",2
Disturbance of skin sensation,2
"Unspecified injury of adductor muscle, fascia and tendon of right thigh, subsequent encounter",2
"Osteonecrosis in diseases classified elsewhere, right shoulder",2
"Inflammatory liver disease, unspecified",2
"Gastrojejunal ulcer, unspecified as acute or chronic, without hemorrhage or perforation",2
"Bacterial meningitis, unspecified",2
Cervical disc disorder at C5-C6 level with radiculopathy,2
Non-pressure chronic ulcer of skin of other sites with necrosis of bone,2
"Cocaine abuse with intoxication, unspecified",2
"Retinal hemorrhage, bilateral",2
"Unspecified fracture of left foot, subsequent encounter for fracture with nonunion",2
Vitreous degeneration,2
"Sprain of tibiofibular ligament of right ankle, initial encounter",2
Retained placenta without hemorrhage,2
Congenital multiple renal cysts,2
"Other specified disorders of bone density and structure, left thigh",2
Cryoglobulinemia,2
"Hemophagocytic syndrome, infection-associated",2
"Persistent migraine aura without cerebral infarction, not intractable, with status migrainosus",2
"Wedge compression fracture of second lumbar vertebra, initial encounter for closed fracture",2
"Unspecified episcleritis, unspecified eye",2
Paralytic lagophthalmos right upper eyelid,2
Halitosis,2
"Mononeuropathy, unspecified",2
Problem related to unspecified psychosocial circumstances,2
"Abrasion, right thigh, initial encounter",2
Acute embolism and thrombosis of unspecified deep veins of left proximal lower extremity,2
"Vertical strabismus, right eye",2
"Aortic aneurysm of unspecified site, ruptured",2
"Unspecified injury of right Achilles tendon, initial encounter",2
"Puncture wound without foreign body, left lower leg, initial encounter",2
"Breakdown (mechanical) of heart valve prosthesis, initial encounter",2
Other priapism,2
Other disorders of copper metabolism,2
Isolated proteinuria with minor glomerular abnormality,2
"Nephropathy induced by other drugs, medicaments and biological substances",2
Gastro-esophageal laceration-hemorrhage syndrome,2
Alcohol dependence with other alcohol-induced disorder,2
"Viral conjunctivitis, unspecified",2
Diabetes mellitus due to underlying condition with ketoacidosis without coma,2
"Fracture of nasal bones, sequela",2
"Lateral epicondylitis, right elbow",2
Homocystinuria,2
Cellulitis of left axilla,2
"Concussion with loss of consciousness of unspecified duration, initial encounter",2
"Chronic paroxysmal hemicrania, intractable",2
"Traumatic subarachnoid hemorrhage with loss of consciousness of unspecified duration, initial encounter",2
Other systemic sclerosis,2
"Unspecified open wound of unspecified external genital organs, female, initial encounter",2
"Adverse effect of antineoplastic and immunosuppressive drugs, sequela",2
"Atherosclerosis of nonautologous biological bypass graft(s) of the extremities with gangrene, bilateral legs",2
Marasmic kwashiorkor,2
Noise effects on right inner ear,2
"Injury of conjunctiva and corneal abrasion without foreign body, unspecified eye, initial encounter",2
Secondary and unspecified malignant neoplasm of intrathoracic lymph nodes,2
"Sensorineural hearing loss, unilateral, left ear, with unrestricted hearing on the contralateral side",2
"Puncture wound without foreign body of right index finger without damage to nail, initial encounter",2
"Unspecified fracture of left femur, initial encounter for closed fracture",2
"Juvenile osteochondrosis of tarsus, unspecified ankle",2
Myelofibrosis,2
"Strain of unspecified muscle(s) and tendon(s) at lower leg level, right leg, subsequent encounter",2
"Anterior displaced Type II dens fracture, initial encounter for closed fracture",2
Acanthosis nigricans,2
"Leukocytosis, unspecified",2
"Lateral epicondylitis, unspecified elbow",2
Acute gastric ulcer without hemorrhage or perforation,2
"Trigger finger, left index finger",2
"Unspecified adult maltreatment, confirmed, sequela",2
Scrotal pain,2
"Other specified bacterial infections in conditions classified elsewhere and of unspecified site, other gram-negative organisms",2
"Open bite of left hand, subsequent encounter",2
Parastomal hernia without obstruction or gangrene,2
Malignant neoplasm of unspecified main bronchus,2
"Laceration without foreign body of right eyelid and periocular area, initial encounter",2
Cholinergic urticaria,2
"Bipolar I disorder, most recent episode (or current) depressed, unspecified",2
"Chondromalacia patellae, left knee",2
"Preterm premature rupture of membranes, onset of labor more than 24 hours following rupture, third trimester",2
Primary cough headache,2
"Foreign body granuloma of soft tissue, not elsewhere classified, right ankle and foot",2
"Strain of adductor muscle, fascia and tendon of unspecified thigh, initial encounter",2
"Poisoning by antihyperlipidemic and antiarteriosclerotic drugs, intentional self-harm, initial encounter",2
"Pathological fracture in neoplastic disease, left humerus, subsequent encounter for fracture with routine healing",2
"Preterm premature rupture of membranes, onset of labor within 24 hours of rupture, third trimester",2
"Abnormal result of cardiovascular function study, unspecified",2
"Unspecified diabetes mellitus in pregnancy, third trimester",2
Mild intellectual disabilities,2
Cervical disc disorder at C5-C6 level with myelopathy,2
"Poisoning by calcium-channel blockers, accidental (unintentional), initial encounter",2
Other nail disorders,2
Stenosis of pulmonary artery,2
"Other specified complication of vascular prosthetic devices, implants and grafts, sequela",2
"Insect bite (nonvenomous) of right upper arm, initial encounter",2
"Acute mastoiditis without complications, left ear",2
"Supervision of pregnancy with history of pre-term labor, unspecified trimester",2
"Neoplasm of uncertain behavior of respiratory organ, unspecified",2
"Other complication of vascular dialysis catheter, initial encounter",2
41 weeks gestation of pregnancy,2
Unspecified nonpsychotic mental disorder,2
Pustulosis palmaris et plantaris,2
Cutaneous abscess of groin,2
Other diseases of the blood and blood-forming organs and certain disorders involving the immune mechanism complicating childbirth,2
Idiopathic aseptic necrosis of right toe(s),2
"Other diseases of the blood and blood-forming organs and certain disorders involving the immune mechanism complicating pregnancy, third trimester",2
Toxic epidermal necrolysis [Lyell],2
Abscess of vulva,2
Polyarteritis nodosa,2
Prurigo nodularis,2
"Other generalized epilepsy and epileptic syndromes, intractable, without status epilepticus",2
"Contusion of unspecified lesser toe(s) with damage to nail, initial encounter",2
"Arthritis due to other bacteria, unspecified knee",2
Simple febrile convulsions,2
"Osteonecrosis in diseases classified elsewhere, left shoulder",2
Other specified hypotension,2
"Displacement of intrauterine contraceptive device, subsequent encounter",2
Hydroureter,2
Iodine-deficiency related diffuse (endemic) goiter,2
"Unspecified inflammatory spondylopathy, cervical region",2
Psychotic disorder with delusions due to known physiological condition,2
"Chronic periodontitis, unspecified",2
"Other epilepsy, intractable, without status epilepticus",2
"Alcohol abuse, unspecified",2
"Maternal care for anti-D [Rh] antibodies, third trimester, not applicable or unspecified",2
"Necrotizing vasculopathy, unspecified",2
"Cocaine abuse, in remission",2
"Puncture wound without foreign body of left forearm, subsequent encounter",2
Atherosclerosis of native arteries of right leg with ulceration of other part of foot,2
"Preglaucoma, unspecified, unspecified eye",2
"Fracture of unspecified part of neck of left femur, subsequent encounter for closed fracture with routine healing",2
"Contusion of left hip, initial encounter",2
"Other specified disorders of external ear, unspecified ear",2
"Maxillary fracture, unspecified side, initial encounter for closed fracture",2
"Osteonecrosis in diseases classified elsewhere, left upper arm",2
Other specified cataract,2
"Unspecified injury of left ankle, subsequent encounter",2
Chronic embolism and thrombosis of unspecified deep veins of unspecified distal lower extremity,2
"Other specified arthritis, unspecified site",2
"Chorioamnionitis, third trimester, not applicable or unspecified",2
"Pain due to cardiac prosthetic devices, implants and grafts, initial encounter",2
"Wedge compression fracture of fourth lumbar vertebra, subsequent encounter for fracture with routine healing",2
Calculus of gallbladder with acute and chronic cholecystitis without obstruction,2
"Angioneurotic edema, initial encounter",2
"Unspecified cholesteatoma, left ear",2
"Osteonecrosis in diseases classified elsewhere, right lower leg",2
Benign neoplasm of ill-defined sites within the digestive system,2
Nonspecific abnormal electrocardiogram [ECG] [EKG],2
"Lesion of lateral popliteal nerve, bilateral lower limbs",2
Chalazion right lower eyelid,2
Progressive systemic sclerosis,2
Alcohol induced acute pancreatitis with infected necrosis,2
"Hypermetropia, right eye",2
Fecal smearing,2
"Displaced midcervical fracture of right femur, initial encounter for closed fracture",2
Other specified functional intestinal disorders,2
"Laceration without foreign body of unspecified finger without damage to nail, initial encounter",2
Disorders of glossopharyngeal nerve,2
"Acute suppurative otitis media without spontaneous rupture of ear drum, right ear",2
Type 2 diabetes mellitus with diabetic amyotrophy,2
"Disruption of traumatic injury wound repair, initial encounter",2
Postprocedural seroma of a circulatory system organ or structure following a cardiac catheterization,2
"Myositis ossificans traumatica, right upper arm",2
"Abrasion of scalp, initial encounter",2
Vertebro-basilar artery syndrome,2
Unspecified hereditary and idiopathic peripheral neuropathy,2
"Strain of unspecified Achilles tendon, initial encounter",2
"Alcoholic liver disease, unspecified",2
"Punctate keratitis, bilateral",2
Perianal venous thrombosis,2
Chronic embolism and thrombosis of other thoracic veins,2
"Cystocele, midline",2
"Unspecified fracture of shaft of humerus, right arm, initial encounter for closed fracture",2
Irradiation cystitis without hematuria,2
"Fall (on)(from) sidewalk curb, sequela",2
"Pain in joint, pelvic region and thigh",2
"Unspecified open wound of unspecified finger without damage to nail, subsequent encounter",2
"Other cervical disc displacement, high cervical region",2
"Displaced fracture of middle third of navicular [scaphoid] bone of left wrist, initial encounter for closed fracture",2
Cocaine abuse with cocaine-induced mood disorder,2
"Loose body in knee, right knee",2
"Acute embolism and thrombosis of internal jugular vein, bilateral",2
Dermatographic urticaria,2
Chronic acquired pure red cell aplasia,2
Other specified congenital malformations of brain,2
"Other stimulant use, unspecified with unspecified stimulant-induced disorder",2
"Unspecified sprain of left shoulder joint, initial encounter",2
"Fracture of unspecified metatarsal bone(s), right foot, subsequent encounter for fracture with routine healing",2
Infection of incontinent external stoma of urinary tract,2
"Gastric contents in respiratory tract, part unspecified causing other injury, initial encounter",2
"Cortical age-related cataract, left eye",2
Other psychoactive substance abuse with psychoactive substance-induced anxiety disorder,2
Allergic purpura,2
"Displaced fracture of body of scapula, right shoulder, initial encounter for closed fracture",2
Endometriosis of pelvic peritoneum,2
"Fracture of unspecified parts of lumbosacral spine and pelvis, subsequent encounter for fracture with routine healing",2
Other methemoglobinemias,2
"Unspecified fracture of unspecified thoracic vertebra, initial encounter for closed fracture",2
"Other specified joint disorders, left elbow",2
Idiopathic hypersomnia with long sleep time,2
"Concussion without loss of consciousness, sequela",2
"Blister (nonthermal) of unspecified part of neck, initial encounter",2
"Wedge compression fracture of fourth lumbar vertebra, initial encounter for closed fracture",2
"Reiter's disease, left knee",2
"Diverticulum of esophagus, acquired",2
"Unspecified sprain of left little finger, initial encounter",2
"Unspecified fracture of head of right femur, subsequent encounter for closed fracture with routine healing",2
Hypermobile Ehlers-Danlos syndrome,2
"Nondisplaced unspecified fracture of right great toe, sequela",2
"Open bite of right hand, initial encounter",2
Other problems related to care provider dependency,2
Other specified dyspareunia,2
"Other psychoactive substance use, unspecified with psychoactive substance-induced mood disorder",2
"Unspecified diabetes mellitus in pregnancy, unspecified trimester",2
"Other deformities of toe(s) (acquired), unspecified foot",2
"Pregnancy care for patient with recurrent pregnancy loss, third trimester",2
"Strain of other muscles, fascia and tendons at shoulder and upper arm level, left arm, sequela",2
"Abrasion, left knee, initial encounter",2
Other specified disorders of binocular movement,2
"Cocaine abuse with intoxication, uncomplicated",2
"Unspecified fracture of facial bones, initial encounter for closed fracture",2
"Fracture of other parts of pelvis, initial encounter for closed fracture",2
"Unspecified open wound of unspecified external genital organs, male, initial encounter",2
"Fracture of other specified skull and facial bones, unspecified side, initial encounter for closed fracture",2
Maternal care for other type scar from previous cesarean delivery,2
"Tributary (branch) retinal vein occlusion, right eye, stable",2
"Unqualified visual loss, left eye, normal vision right eye",2
"Pressure ulcer of head, stage 3",2
Ulcerative (chronic) pancolitis with unspecified complications,2
"Acute hematogenous osteomyelitis, left ankle and foot",2
Trichiasis without entropion left lower eyelid,2
"Pressure ulcer, unstageable",2
"Disorder of parathyroid gland, unspecified",2
"Pregnancy related exhaustion and fatigue, third trimester",2
Bromhidrosis,2
"Gastric intestinal metaplasia, unspecified",2
"Puncture wound without foreign body of penis, initial encounter",2
"Unspecified displaced fracture of surgical neck of left humerus, subsequent encounter for fracture with routine healing",2
"Laceration without foreign body of unspecified lesser toe(s) without damage to nail, initial encounter",2
"Pressure ulcer of left heel, unspecified stage",2
"Gastroduodenitis, unspecified, without bleeding",2
"Unspecified fracture of shaft of unspecified tibia, initial encounter for closed fracture",2
Unspecified malaria,2
"Nontraumatic ischemic infarction of muscle, unspecified lower leg",2
"Leukemia, unspecified not having achieved remission",2
"Stenosis of other cardiac prosthetic devices, implants and grafts, initial encounter",2
Postprocedural seroma of a musculoskeletal structure following a musculoskeletal system procedure,2
"Schmorl's nodes, thoracic region",2
"Pre-existing hypertension with pre-eclampsia, unspecified trimester",2
"Congenital malformation of kidney, unspecified",2
"Unspecified atherosclerosis of native arteries of extremities, right leg",2
Maternal care for scar from previous cesarean delivery,2
Trigger finger (acquired),2
Obstructive hydrocephalus,2
Other speech and language deficits following cerebral infarction,2
Other speech disturbance,2
Single stillbirth,2
Chronic embolism and thrombosis of left tibial vein,2
Abuse of other non-psychoactive substances,2
Benign lipomatous neoplasm of kidney,2
"Unspecified injury of left thigh, initial encounter",2
"Unspecified injury of unspecified hip, initial encounter",2
"Other paralytic syndrome following cerebral infarction, bilateral",2
"Shigellosis, unspecified",2
Qualitative platelet defects,2
Acquired absence of unspecified leg below knee,2
"Nondisplaced intertrochanteric fracture of right femur, initial encounter for closed fracture",2
"Plica syndrome, left knee",2
Postprocedural heart failure following other surgery,2
"Alcohol dependence with intoxication, unspecified",2
Ulceration of vagina,2
Acute embolism and thrombosis of unspecified veins of right upper extremity,2
"Unspecified injury of adductor muscle, fascia and tendon of left thigh, subsequent encounter",2
"Infection and inflammatory reaction due to other urinary stents, initial encounter",2
"Full-term premature rupture of membranes, unspecified as to length of time between rupture and onset of labor",2
Sleep terrors [night terrors],2
Accidental puncture and laceration of a circulatory system organ or structure during a circulatory system procedure,2
Neoplasm of uncertain behavior of unspecified kidney,2
"Crystalline deposits in vitreous body, right eye",2
"Chronic instability of knee, left knee",2
Carrier of Group B streptococcus,2
"Sunburn, unspecified",2
Unspecified appendicitis,2
"Generalized idiopathic epilepsy and epileptic syndromes, intractable, with status epilepticus",2
"Crystal arthropathy, unspecified",2
"Unspecified open wound, right knee, initial encounter",2
Pilonidal cyst without abscess,2
"Drug-induced chronic gout, left knee, with tophus (tophi)",2
Painful respiration,2
Complex regional pain syndrome I of right lower limb,2
Varicose veins of left lower extremity with pain,2
"Allergic rhinitis, cause unspecified",2
Unspecified persistent mental disorders due to conditions classified elsewhere,2
Benign paroxysmal positional vertigo,2
"Pressure ulcer of left buttock, stage 3",2
Cardiomyopathy in diseases classified elsewhere,2
Flaccid hemiplegia affecting right dominant side,2
Hyposplenism,2
Postcardiotomy syndrome,2
"Effect of reduced temperature, unspecified, initial encounter",2
"Mantle cell lymphoma, intrapelvic lymph nodes",2
Diseases of tricuspid valve,2
"Trigger finger, right index finger",2
Person on outside of heavy transport vehicle injured in collision with heavy transport vehicle or bus in nontraffic accident,2
"Lacrimal cyst, unspecified lacrimal gland",2
"Infection and inflammatory reaction due to indwelling urethral catheter, subsequent encounter",2
Arrested dental caries,2
"Other psychoactive substance use, unspecified with unspecified psychoactive substance-induced disorder",2
"Carcinoma in situ of anus, unspecified",2
"Fracture of unspecified part of unspecified clavicle, initial encounter for closed fracture",2
Acute serous otitis media,2
Chronic embolism and thrombosis of left iliac vein,2
Cerebellar ataxia in diseases classified elsewhere,2
"Unspecified amblyopia, unspecified eye",2
Accidental puncture and laceration of a respiratory system organ or structure during other procedure,2
Chest pain,2
"Other joint derangement, not elsewhere classified, ankle and foot",2
"Other fracture of unspecified patella, sequela",2
"Pathological fracture in neoplastic disease, other specified site, initial encounter for fracture",2
Acute bronchitis due to rhinovirus,2
West Nile virus infection with other complications,2
"Unspecified injury of face, subsequent encounter",2
Postsurgical hypothyroidism,2
"Sprain of unspecified ligament of right ankle, subsequent encounter",2
Other specified psychophysiological malfunction,2
Neoplasm of unspecified behavior of brain,2
"Pulsatile tinnitus, left ear",2
Other specified disorders of liver,2
Congenital malformation of choroid,2
"Maternal care for other isoimmunization, third trimester, not applicable or unspecified",2
"Dermatophytosis, unspecified",2
"Osteomyelitis of vertebra, cervical region",2
"Complex tear of lateral meniscus, current injury, left knee, initial encounter",2
Other specified noninfective gastroenteritis and colitis,2
"Pressure ulcer of right heel, stage 3",2
"Wedge compression fracture of fourth thoracic vertebra, initial encounter for closed fracture",2
Other and combined forms of senile cataract,2
"Unspecified injury of unspecified kidney, initial encounter",2
"Opioid dependence, in remission",2
"Displaced fracture of navicular [scaphoid] of right foot, initial encounter for closed fracture",2
"Other osteonecrosis, other site",2
"Osteophyte, right shoulder",2
Hyperoxaluria,2
Gastrointestinal mucositis (ulcerative),2
"Unspecified fracture of left talus, subsequent encounter for fracture with nonunion",2
"Unspecified injury of right forearm, initial encounter",2
Resistance to other single specified antibiotic,2
"Nicotine dependence, chewing tobacco, uncomplicated",2
"Maternal care for abnormalities of the fetal heart rate or rhythm, unspecified trimester, not applicable or unspecified",2
"Female pelvic inflammatory disease, unspecified",2
"Breakdown (mechanical) of intraperitoneal dialysis catheter, initial encounter",2
Acute maxillary sinusitis,2
Pruritic urticarial papules and plaques of pregnancy (PUPPP),2
Drug-induced tremor,2
Other specified viral encephalitis,2
"Carcinoma in situ of skin of right upper limb, including shoulder",2
Cocaine dependence with unspecified cocaine-induced disorder,2
"Sprain of metacarpophalangeal joint of right thumb, initial encounter",2
Acute embolism and thrombosis of left internal jugular vein,2
"Osteonecrosis in diseases classified elsewhere, right upper arm",2
"Follicular lymphoma grade I, lymph nodes of inguinal region and lower limb",2
Sleep related bruxism,2
"Other forms of scoliosis, thoracolumbar region",2
Unspecified pruritic disorder,2
Cauda equina syndrome,2
Autonomic dysreflexia,2
Pre-existing hypertensive heart disease complicating the puerperium,2
Abscess of prostate,2
Renal and perinephric abscess,2
"3-part fracture of surgical neck of right humerus, initial encounter for closed fracture",2
"Unspecified dislocation of left patella, subsequent encounter",2
"Hemophilus influenzae infection, unspecified site",2
Fecal impaction,2
"Localization-related (focal) (partial) idiopathic epilepsy and epileptic syndromes with seizures of localized onset, not intractable, with status epilepticus",2
Pneumonia due to other staphylococcus,2
"Spondylosis, unspecified",2
Mood disorder in conditions classified elsewhere,2
"Sprain of ribs, initial encounter",2
"Abnormal immunological findings in specimens from other organs, systems and tissues",2
"Displaced fracture of fourth metatarsal bone, left foot, initial encounter for closed fracture",2
Allergy status to other anti-infective agents,2
Varicose veins of left lower extremity with ulcer other part of lower leg,2
"Puncture wound without foreign body of right thumb without damage to nail, initial encounter",2
Other and unspecified diseases of the oral soft tissues,2
Other benign neoplasm of corpus uteri,2
"Abrasion, right lower leg, sequela",2
Other specified congenital musculoskeletal deformities,2
"Other instability, right ankle",2
Abscess of intestine,2
"Unspecified injury of unspecified ankle, initial encounter",2
Shock during or following labor and delivery,2
"Drug-induced gout, right ankle and foot",2
Other subjective visual disturbances,2
Allergic contact dermatitis due to metals,2
"Male infertility, unspecified",2
Visuospatial deficit,2
"Nontraumatic intracerebral hemorrhage in hemisphere, cortical",2
"Unspecified astigmatism, right eye",2
Acute appendicitis without mention of peritonitis,2
"Diseases of the digestive system complicating pregnancy, third trimester",2
Nasal mucositis (ulcerative),2
"Eclampsia complicating pregnancy, third trimester",2
Cardiomyopathy,2
Other benign neoplasm of skin of scalp and neck,2
Erosive (osteo)arthritis,2
"Displacement of intraocular lens, initial encounter",2
Ulcerative colitis,2
"Displaced fracture of lateral condyle of left tibia, sequela",2
"Other inflammatory and immune myopathies, not elsewhere classified",2
"Laceration without foreign body of right ear, sequela",2
"Unilateral femoral hernia, without obstruction or gangrene, not specified as recurrent",2
"Dislocation of tooth, initial encounter",2
"Right lower quadrant abdominal swelling, mass and lump",2
"Unspecified open wound of left hand, initial encounter",2
"Contusion of right front wall of thorax, initial encounter",2
"Disease of upper respiratory tract, unspecified",2
"Contusion of right shoulder, initial encounter",2
"Circadian rhythm sleep disorder, irregular sleep wake type",2
Secondary and unspecified malignant neoplasm of axilla and upper limb lymph nodes,2
Chronic embolism and thrombosis of left peroneal vein,2
Megavitamin-B6 syndrome,2
Acute embolism and thrombosis of unspecified iliac vein,2
"Other specified disorders of bone density and structure, right forearm",2
Hypertrophy of tonsils with hypertrophy of adenoids,2
"Disorder of muscle, unspecified",2
"Poisoning by cannabis, accidental (unintentional), initial encounter",2
"Cutaneous abscess of head [any part, except face]",2
Neoplasm of uncertain behavior of right kidney,2
Postprocedural hemorrhage of a digestive system organ or structure following other procedure,2
"Non-Hodgkin lymphoma, unspecified, lymph nodes of axilla and upper limb",2
"Pain in joint, ankle and foot",2
"Unspecified B-cell lymphoma, intra-abdominal lymph nodes",2
"Retinal artery branch occlusion, right eye",2
"Flexion deformity, unspecified ankle and toes",2
Bone graft infection,2
"Puncture wound without foreign body of left hand, initial encounter",2
Other drug-induced pancytopenia,2
"Hypertensive retinopathy, unspecified eye",2
"Laceration without foreign body of unspecified buttock, initial encounter",2
"Contusion of other part of head, sequela",2
"Laceration without foreign body, left knee, initial encounter",2
"Unspecified otitis externa, bilateral",2
Adult T-cell lymphoma/leukemia (HTLV-1-associated) not having achieved remission,2
"Chalazion right eye, unspecified eyelid",2
"Alcohol abuse with withdrawal, unspecified",2
"Pathological fracture in other disease, other site, initial encounter for fracture",2
Basal cell carcinoma of skin of unspecified parts of face,2
"Insect bite (nonvenomous), left lower leg, sequela",2
Undifferentiated somatoform disorder,2
Malignant neoplasm of overlapping sites of urinary organs,2
"Other chronic osteomyelitis, left ankle and foot",2
"Carcinoma in situ of skin of right lower limb, including hip",2
"Unspecified injury of muscle(s) and tendon(s) of the rotator cuff of unspecified shoulder, initial encounter",2
"Cannabis use, unspecified with unspecified cannabis-induced disorder",2
Rupture of uterus during labor,2
Anisometropia,2
"Atherosclerosis of native arteries of extremities with gangrene, other extremity",2
Precipitate labor,2
Microscopic polyangiitis,2
"Effusion, right hip",2
Cellulitis of right finger,2
"Spina bifida, unspecified",2
"Opioid abuse with intoxication, unspecified",2
"Laceration without foreign body of other part of head, subsequent encounter",2
"Other mechanical complication of other urinary stent, initial encounter",2
"Acute edema of lung, unspecified",2
"Gastritis, unspecified, with bleeding",2
"Central serous chorioretinopathy, unspecified eye",2
Polyneuropathy in diseases classified elsewhere,2
Other herpesviral infection,2
"Pressure ulcer of head, stage 2",2
"Other peripheral vertigo, unspecified ear",2
"Other streptococcal arthritis, left shoulder",2
Dehiscence of amputation stump,2
Hemolytic-uremic syndrome,2
Right upper quadrant rebound abdominal tenderness,2
ST elevation (STEMI) myocardial infarction involving right coronary artery,2
Acute coronary thrombosis not resulting in myocardial infarction,2
Mycoplasma pneumoniae [M. pneumoniae] as the cause of diseases classified elsewhere,2
"Flail joint, right knee",2
"Sprain of left rotator cuff capsule, initial encounter",2
Gilbert syndrome,2
Pneumonitis due to inhalation of other solids and liquids,2
Impacted cerumen,2
"Unspecified open wound of lower back and pelvis without penetration into retroperitoneum, subsequent encounter",2
"Abrasion of left elbow, initial encounter",2
"Wedge compression fracture of unspecified thoracic vertebra, sequela",2
"Puncture wound without foreign body, left foot, initial encounter",2
"Contusion of unspecified knee, initial encounter",2
Pyridoxine deficiency,2
"Unspecified open wound of left great toe with damage to nail, initial encounter",2
"Infection and inflammatory reaction due to other internal joint prosthesis, subsequent encounter",2
"Juvenile dermatomyositis, organ involvement unspecified",2
Diverticulitis of large intestine without perforation or abscess with bleeding,2
"Laceration without foreign body of right hand, subsequent encounter",2
"Conjunctival hemorrhage, left eye",2
Chronic kidney disease (CKD),2
Sleep related hypoventilation in conditions classified elsewhere,2
Other specified disorders of bursae and tendons in shoulder region,2
Unspecified car occupant injured in collision with two- or three-wheeled motor vehicle in traffic accident,2
Other lactose intolerance,2
"Angioneurotic edema, subsequent encounter",2
"Strain of other muscle(s) and tendon(s) of posterior muscle group at lower leg level, unspecified leg, initial encounter",2
"Wedge compression fracture of T7-T8 vertebra, initial encounter for closed fracture",2
"Contusion of right ear, initial encounter",2
"Myopia, right eye",2
Rheumatic disorders of both aortic and tricuspid valves,2
"Trigger finger, left little finger",2
Acute and subacute hepatic failure with coma,2
Mood disorder due to known physiological condition with mixed features,2
Refractory anemia with excess of blasts 2,2
Other granulomatous disorders of the skin and subcutaneous tissue,2
Difficulty in walking,2
"Unspecified dislocation of unspecified shoulder joint, initial encounter",2
"Labyrinthine dysfunction, unspecified ear",2
"Pressure ulcer of right heel, stage 2",2
Other psychoactive substance abuse with psychoactive substance-induced mood disorder,2
"Fibrosis due to vascular prosthetic devices, implants and grafts, initial encounter",2
"Pressure ulcer of left heel, stage 1",2
"Labor and delivery complicated by prolapse of cord, not applicable or unspecified",2
Retinal edema,2
"Retained foreign body fragments, unspecified material",2
"Laceration with foreign body of right hand, initial encounter",2
"Contusion of unspecified finger with damage to nail, initial encounter",2
"Idiopathic chronic gout, right wrist, with tophus (tophi)",2
"Thiamine deficiency, unspecified",2
"Unspecified infection due to central venous catheter, initial encounter",2
"Unspecified otosclerosis, bilateral",2
"Allergy, unspecified, subsequent encounter",2
Sepsis due to unspecified staphylococcus,2
"Supervision of pregnancy with history of pre-term labor, second trimester",2
"Effect of heat and light, unspecified, initial encounter",2
"Strain of unspecified muscle, fascia and tendon at shoulder and upper arm level, right arm, initial encounter",2
Respiratory arrest,2
"Displaced fracture of shaft of left clavicle, initial encounter for closed fracture",2
Other myelodysplastic syndromes,2
Failure to thrive (child),2
"Blister (nonthermal) of scalp, initial encounter",2
"Toxic effect of venom of other arthropod, accidental (unintentional), initial encounter",2
"Labyrinthine dysfunction, right ear",2
"Displaced fracture of middle phalanx of unspecified finger, subsequent encounter for fracture with routine healing",2
"Agoraphobia, unspecified",2
Genetic carrier of other disease,2
"Persistent migraine aura without cerebral infarction, not intractable, without status migrainosus",2
Other disease of nasal cavity and sinuses,2
"Malignant neoplasm of pharynx, unspecified",2
Occlusion and stenosis of right vertebral artery,2
"Other specified joint disorders, left wrist",2
"Bacterial foodborne intoxication, unspecified",2
"Unspecified open wound of right front wall of thorax without penetration into thoracic cavity, initial encounter",2
Cerebral infarction due to unspecified occlusion or stenosis of left carotid arteries,2
"Late syphilis, unspecified",2
"Unspecified fracture of unspecified lumbar vertebra, initial encounter for closed fracture",2
"Acute atopic conjunctivitis, right eye",2
"Other peripheral vertigo, right ear",2
Sequelae of poliomyelitis,2
"Pressure ulcer of left buttock, unstageable",2
Retrograde ejaculation,2
"Other mechanical complication of nephrostomy catheter, initial encounter",2
Celiac artery compression syndrome,2
Non-pressure chronic ulcer of other part of right foot with unspecified severity,2
"Displaced fracture of middle phalanx of left index finger, initial encounter for closed fracture",2
Insomnia due to medical condition,2
"Laceration without foreign body of left ring finger without damage to nail, subsequent encounter",2
Abscess of mediastinum,2
"Osteophyte, left foot",2
Sunburn of second degree,2
Accidental puncture and laceration of a digestive system organ or structure during other procedure,2
Hereditary hypogammaglobulinemia,2
"Multiple fractures of ribs, right side, sequela",2
"Other infective otitis externa, left ear",2
Other female genital prolapse,2
Acute laryngopharyngitis,2
Car occupant (driver) (passenger) injured in transport accident with military vehicle,2
Nonspecific low blood-pressure reading,2
"Gestational diabetes mellitus in childbirth, diet controlled",2
Paradoxical insomnia,2
Chloasma,2
Other congenital malformations of pulmonary artery,2
"Mixed conductive and sensorineural hearing loss, unspecified",2
"Pressure ulcer, stage IV",2
Influenza due to other identified influenza virus with other specified pneumonia,2
"Contusion of unspecified back wall of thorax, initial encounter",2
Hypersomnia due to medical condition,2
"Contusion of unspecified part of head, initial encounter",2
Acute rheumatic endocarditis,2
Chronic embolism and thrombosis of unspecified deep veins of right lower extremity,2
"Abrasion of other part of head, initial encounter",2
"Strain of unspecified muscles, fascia and tendons at forearm level, right arm, initial encounter",2
Acute infarction of spinal cord (embolic) (nonembolic),2
"Generalized idiopathic epilepsy and epileptic syndromes, not intractable, with status epilepticus",2
Secondary malignant neoplasm of mediastinum,2
"Strain of muscle, fascia and tendon of the posterior muscle group at thigh level, left thigh, initial encounter",2
"Hemorrhage due to other internal prosthetic devices, implants and grafts, initial encounter",2
Other infection during labor,2
Pilonidal cyst with abscess,2
"Person injured in collision between other specified motor vehicles (traffic), sequela",2
Other acute sinusitis,2
"Other specified disorders of Eustachian tube, left ear",2
"Carcinoma in situ of skin of left upper limb, including shoulder",2
Unspecified behavioral and emotional disorders with onset usually occurring in childhood and adolescence,2
"Periodontal disease, unspecified",2
Other rheumatic multiple valve diseases,2
Geographic tongue,2
"Maternal care for intrauterine death, fetus 1",2
"Idiopathic chronic gout, right knee, without tophus (tophi)",2
"Displaced fracture of lateral malleolus of left fibula, subsequent encounter for closed fracture with routine healing",2
"Other mechanical complication of implanted electronic neurostimulator of spinal cord electrode (lead), initial encounter",2
Follicular cyst of right ovary,2
"Other lesions of median nerve, left upper limb",2
Unspecified lump in axillary tail of the right breast,2
"Unspecified disorder of synovium and tendon, left upper arm",2
Nontraumatic compartment syndrome of unspecified lower extremity,2
Unspecified visual field defects,2
"Age-related nuclear cataract, unspecified eye",2
"Fracture of unspecified metatarsal bone(s), right foot, initial encounter for closed fracture",2
Senile osteoporosis,2
Allergic contact dermatitis due to other agents,2
"Puncture wound with foreign body of left forearm, initial encounter",2
"Drug-induced interstitial lung disorders, unspecified",2
Other acute appendicitis without perforation or gangrene,2
Other specified forms of hearing loss,2
"Unspecified nonsuppurative otitis media, left ear",2
"Corrosion of left eye and adnexa, part unspecified, sequela",2
Non-pressure chronic ulcer of left thigh with unspecified severity,2
Neoplasm of uncertain behavior of larynx,2
"Chronic disease of tonsils and adenoids, unspecified",2
Hemorrhage of bilateral orbit,2
"Unspecified injury of esophagus (thoracic part), sequela",2
"Other chronic osteomyelitis, other site",2
Resistance to quinolones and fluoroquinolones,2
"Premature separation of placenta, unspecified, second trimester",2
Opioid abuse with withdrawal,2
"Localized gingival recession, unspecified",2
"Follicular lymphoma, unspecified, intrapelvic lymph nodes",2
Idiopathic aseptic necrosis of left foot,2
Non-pressure chronic ulcer of left ankle with unspecified severity,2
"Migraine without aura, without mention of intractable migraine without mention of status migrainosus",2
Other disorders of mineral metabolism,2
Congenital non-neoplastic nevus,2
"Acute hematogenous osteomyelitis, left radius and ulna",2
Non-pressure chronic ulcer of other part of unspecified foot limited to breakdown of skin,2
"Unspecified injury of liver, subsequent encounter",2
"Disruption of wound, unspecified",2
20 weeks gestation of pregnancy,2
"Contusion of eyeball and orbital tissues, left eye, subsequent encounter",2
"Laceration without foreign body of pharynx and cervical esophagus, subsequent encounter",2
Superficial thrombophlebitis in the puerperium,2
Segmental and somatic dysfunction of pelvic region,2
Other abnormal findings on cytological and histological examination of urine,2
"Nondisplaced unspecified condyle fracture of lower end of left femur, subsequent encounter for closed fracture with routine healing",2
"Labor and delivery complicated by other cord complications, fetus 1",2
Immunodeficiency following hereditary defective response to Epstein-Barr virus,2
"Unspecified infection of urinary tract in pregnancy, third trimester",2
"Astigmatism, unspecified",2
"Pressure ulcer, upper back",2
"Malignant neoplasm of breast (female), unspecified",2
"Fracture of one rib, right side, initial encounter for closed fracture",2
Other sideroblastic anemias,2
"Malignant neoplasm of peritoneum, unspecified",2
Age-related cognitive decline,2
Facial myokymia,2
"Abrasion, right ankle, initial encounter",2
"Sedative, hypnotic or anxiolytic use, unspecified with withdrawal, uncomplicated",2
"Other benign neoplasm of skin of right lower limb, including hip",2
Moderate persistent asthma with status asthmaticus,2
"Burkitt lymphoma, unspecified site",2
Other hallucinations,2
"Other fracture of head and neck of right femur, initial encounter for closed fracture",2
"Other specified complications of surgical and medical care, not elsewhere classified, sequela",2
Hemorrhage of left orbit,2
"Displaced oblique fracture of shaft of humerus, left arm, initial encounter for closed fracture",2
"Epilepsy, unspecified, without mention of intractable epilepsy",2
"Ankylosis, left hip",2
"Arthropathy, unspecified, lower leg",1
"Unspecified superficial injury of right great toe, initial encounter",1
"Corneal disorder due to contact lens, unspecified eye",1
"Malignant neoplasm of urinary organ, unspecified",1
"Other complications of anesthesia, initial encounter",1
Nightmare disorder,1
Dyshidrosis [pompholyx],1
"Malignant neoplasm of lower lobe, left bronchus or lung",1
"Supervision of pregnancy with history of molar pregnancy, unspecified trimester",1
"Derangement of unspecified medial meniscus due to old tear or injury, left knee",1
Cerebral infarction due to thrombosis of left middle cerebral artery,1
Hemiplegia and hemiparesis following cerebral infarction affecting unspecified side,1
"Laceration without foreign body of unspecified toe without damage to nail, initial encounter",1
Deformity of unspecified orbit due to trauma or surgery,1
"Unspecified fracture of shaft of left fibula, initial encounter for closed fracture",1
"Other osteomyelitis, ankle and foot",1
Hypertension secondary to endocrine disorders,1
"Blister (nonthermal), right lower leg, initial encounter",1
"Unspecified complication of cardiac and vascular prosthetic device, implant and graft, initial encounter",1
Benign neoplasm of right adrenal gland,1
Other specific personality disorders,1
Intervertebral disc stenosis of neural canal of lumbar region,1
Other internal derangements of left knee,1
"Loose body in knee, left knee",1
Abnormal level of enzymes in specimens from female genital organs,1
Person boarding or alighting a car injured in collision with railway train or railway vehicle,1
Aphasia following unspecified cerebrovascular disease,1
Olecranon bursitis,1
"Cystic fibrosis, unspecified",1
"Other injuries of lung, bilateral, initial encounter",1
Atresia and stenosis of urethra and bladder neck,1
"Other specified joint disorders, left shoulder",1
"Contusion of unspecified knee, subsequent encounter",1
"Mycosis fungoides, unspecified site",1
"Coronary atherosclerosis of unspecified type of vessel, native or graft",1
Cervical spondylosis without myelopathy,1
"Avulsion of left eye, initial encounter",1
"Hemoptysis, unspecified",1
"Bipolar disorder, in partial remission, most recent episode mixed",1
"Contusion of left hand, initial encounter",1
Pre-excitation syndrome,1
Dermatophytosis of foot,1
"Nondisplaced fracture of middle third of navicular [scaphoid] bone of right wrist, initial encounter for closed fracture",1
"Cocaine use, unspecified with withdrawal",1
"Idiopathic gout, multiple sites",1
Conductive hearing loss,1
Nontraumatic acute subdural hemorrhage,1
Scabies,1
"Other specified sprain of left wrist, initial encounter",1
"Other specified deforming dorsopathies, lumbar region",1
"Medial epicondylitis, unspecified elbow",1
Juvenile rheumatoid polyarthritis (seronegative),1
Mild stage glaucoma,1
Other specified disorders of right middle ear and mastoid,1
"Melanocytic nevi of left lower limb, including hip",1
"Unspecified injury of esophagus (thoracic part), initial encounter",1
"Trichiasis without entropion unspecified eye, unspecified eyelid",1
"Unspecified lump in the left breast, lower outer quadrant",1
"Other secondary kyphosis, site unspecified",1
"Other osteonecrosis, left toe(s)",1
Venous tributary (branch) occlusion,1
Other constitutional aplastic anemia,1
"Disorder resulting from impaired renal tubular function, unspecified",1
"Nicotine dependence, cigarettes, with withdrawal",1
Ocular hypertension,1
"Other ossification of muscle, right thigh",1
"Other specified congenital malformation syndromes, not elsewhere classified",1
Closed fracture of midcervical section of neck of femur,1
"Pleural condition, unspecified",1
Transfusion associated circulatory overload,1
"Sebaceous cell carcinoma of skin of unspecified eyelid, including canthus",1
Crohn's disease of small intestine with unspecified complications,1
Malignant neoplasm of extrahepatic bile duct,1
"Type 2 diabetes mellitus with moderate nonproliferative diabetic retinopathy with macular edema, unspecified eye",1
"Abnormal level of substances chiefly nonmedicinal as to source in specimens from other organs, systems and tissues",1
"Other chondrocalcinosis, right wrist",1
"Laceration without foreign body of left wrist, initial encounter",1
"Unspecified fracture of lower end of right femur, initial encounter for closed fracture",1
Malignant neoplasm of parietal lobe,1
Driver of heavy transport vehicle injured in collision with pedestrian or animal in nontraffic accident,1
"Other benign neoplasm of skin of left lower limb, including hip",1
Nontraumatic subarachnoid hemorrhage from anterior communicating artery,1
"Open wound of foot except toe(s) alone, without mention of complication",1
"Unspecified injury of right thigh, initial encounter",1
Non-pressure chronic ulcer of other part of left foot with necrosis of bone,1
Non-pressure chronic ulcer of unspecified part of right lower leg with fat layer exposed,1
Paroxysmal supraventricular tachycardia,1
"Unspecified chorioretinal inflammation, right eye",1
Other sequelae following unspecified cerebrovascular disease,1
Hydrocephalus in diseases classified elsewhere,1
Other sequelae of other nontraumatic intracranial hemorrhage,1
Unspecified deformity of left finger(s),1
Paranoid personality disorder,1
"Benign neoplasm of brain, unspecified",1
"Other specified injuries of right foot, initial encounter",1
Closed fracture of unspecified part of neck of femur,1
Cramp of limb,1
"Calcification and ossification of muscle, unspecified",1
Other myocardial infarction type,1
Senile corneal changes,1
Transient paralysis,1
Postinfectious acute disseminated encephalitis and encephalomyelitis (postinfectious ADEM),1
"Other specified injuries of right lower leg, initial encounter",1
Chronic embolism and thrombosis of superficial veins of unspecified upper extremity,1
Unspecified disorder of middle ear and mastoid,1
"Open wound of elbow, without mention of complication",1
Other symptoms involving urinary system,1
"Pain in joint, forearm",1
"Contracture of muscle, left lower leg",1
"Cranial nerve disorder, unspecified",1
Other tenosynovitis of hand and wrist,1
Abnormal Papanicolaou smear of cervix and cervical HPV,1
Other dermatomyositis without myopathy,1
"Fracture of alveolus of maxilla, initial encounter for closed fracture",1
Pleurisy without mention of effusion or current tuberculosis,1
"Superficial foreign body of unspecified front wall of thorax, initial encounter",1
"Peroneal tendinitis, left leg",1
"Traumatic arthropathy, ankle and foot",1
Hypothermia,1
"Periprosthetic fracture around unspecified internal prosthetic joint, initial encounter",1
Nasofrontal encephalocele,1
"Pathological fracture, other site, subsequent encounter for fracture with routine healing",1
"Other chronic osteomyelitis, unspecified radius and ulna",1
Indeterminate stage glaucoma,1
"Variants of migraine, not elsewhere classified, without mention of intractable migraine without mention of status migrainosus",1
Closed fracture of intertrochanteric section of neck of femur,1
Gas gangrene,1
Carcinoma in situ of skin of right ear and external auricular canal,1
"Other fracture of right lower leg, sequela",1
Atresia and stenosis of aorta,1
"Other tear of lateral meniscus, current injury, unspecified knee, initial encounter",1
"Other secondary gout, unspecified site",1
"Dorsopathy, unspecified",1
"Type 2 diabetes mellitus with mild nonproliferative diabetic retinopathy with macular edema, right eye",1
"Open wound of face, unspecified site, without mention of complication",1
"Unequal limb length (acquired), unspecified site",1
"Palindromic rheumatism, unspecified site",1
Non-pressure chronic ulcer of unspecified thigh with unspecified severity,1
"Arthropathy, unspecified, multiple sites",1
Hepatitis A with hepatic coma,1
"Other specific arthropathies, not elsewhere classified, other specified site",1
"Acute disseminated encephalitis and encephalomyelitis, unspecified",1
"Unspecified kyphosis, thoracic region",1
Malignant neoplasm of overlapping sites of brain,1
"Other specified injuries of right shoulder and upper arm, initial encounter",1
Cerebral infarction due to embolism of unspecified precerebral artery,1
"Fracture of one rib, right side, subsequent encounter for fracture with routine healing",1
Staphylococcal scalded skin syndrome,1
Dengue fever [classical dengue],1
Calculus of bile duct with acute cholecystitis with obstruction,1
"Necrosis of amputation stump, unspecified extremity",1
Congenital cataract,1
"Otorrhea, unspecified",1
Ovulation bleeding,1
Polyuria,1
"Unspecified injury at unspecified level of cervical spinal cord, initial encounter",1
"Pedal cycle driver injured in noncollision transport accident in nontraffic accident, initial encounter",1
Carrier or suspected carrier of Methicillin susceptible Staphylococcus aureus,1
"Unspecified fracture of T11-T12 vertebra, subsequent encounter for fracture with routine healing",1
"Unspecified open wound, right ankle, initial encounter",1
Congenital cystic lung,1
"Other spondylosis with radiculopathy, thoracolumbar region",1
Stage 3 necrotizing enterocolitis in newborn,1
"Abrasion of left hand, initial encounter",1
"Abrasion of penis, initial encounter",1
"Horseshoe tear of retina without detachment, left eye",1
Secondary spontaneous pneumothorax,1
"Sprain of other ligament of left ankle, subsequent encounter",1
Other viral conjunctivitis,1
"Other fracture of left talus, initial encounter for open fracture",1
"Other chronic osteomyelitis, left humerus",1
"Partially resolved traumatic cataract, unspecified eye",1
"Anaphylactic reaction due to peanuts, initial encounter",1
Chalazion left upper eyelid,1
Pulmonary collapse,1
Acute cerebrovascular insufficiency,1
"Central cord syndrome at C3 level of cervical spinal cord, initial encounter",1
"Unspecified complication of internal prosthetic device, implant and graft, initial encounter",1
"Pathological fracture, left tibia, initial encounter for fracture",1
Bacterial meningitis,1
"Monocular exotropia, right eye",1
"Vesicoureteral-reflux, unspecified",1
Selective deficiency of immunoglobulin G [IgG] subclasses,1
"Sprain of calcaneofibular ligament of unspecified ankle, initial encounter",1
False labor at or after 37 completed weeks of gestation,1
"Ankylosing hyperostosis [Forestier], site unspecified",1
"Trichiasis without entropion right eye, unspecified eyelid",1
"Collapsed vertebra, not elsewhere classified, cervical region, subsequent encounter for fracture with routine healing",1
"Other chronic osteomyelitis, unspecified ankle and foot",1
Congenital malformations of spleen,1
"Unspecified fracture of right calcaneus, initial encounter for closed fracture",1
"Other specified disorders of ear, unspecified ear",1
"Other secondary cataract, left eye",1
"Disruption of internal operation (surgical) wound, not elsewhere classified, subsequent encounter",1
Closed dislocation of ankle,1
Primary generalized (osteo)arthritis,1
"Other idiopathic scoliosis, lumbar region",1
Lobular carcinoma in situ of right breast,1
Cerebral infarction due to embolism of right cerebellar artery,1
Cerebrospinal fluid leak,1
"Stable burst fracture of first cervical vertebra, initial encounter for closed fracture",1
Resistance to vancomycin related antibiotics,1
Encounter for screening for COVID-19,1
Radicular cyst,1
Acute bronchitis due to respiratory syncytial virus,1
"Open wound of finger(s), complicated",1
"Pressure ulcer of right hip, unspecified stage",1
"Carcinoma in situ of skin of left lower limb, including hip",1
"Other meniscus derangements, unspecified meniscus, left knee",1
"Other osteonecrosis, right finger(s)",1
Varicose veins of unspecified lower extremity with ulcer other part of lower leg,1
"Pulmonary heart disease, unspecified",1
Volkmann's ischemic contracture,1
"Intervertebral disc disorders with radiculopathy, lumbar region",1
"Abrasion of unspecified hand, initial encounter",1
Hemorrhoids,1
"Pedal cycle passenger injured in collision with railway train or railway vehicle in nontraffic accident, initial encounter",1
Monoplegia of upper limb affecting unspecified side,1
"Benign neoplasm of peripheral nerves and autonomic nervous system, unspecified",1
Essential fructosuria,1
Hallucinations,1
Unspecified chlamydial infection,1
Hypertonicity of bladder,1
Plasmacytosis,1
"Unspecified fracture of first lumbar vertebra, subsequent encounter for fracture with routine healing",1
Other nonspecific findings on examination of blood,1
"Unspecified transfusion reaction, initial encounter",1
"Other and unspecified alcohol dependence, in remission",1
"Other specified joint disorders, unspecified joint",1
Cataract,1
Other nonspecific (abnormal) findings on radiological and other examinations of body structure,1
"Hereditary nephropathy, not elsewhere classified with unspecified morphologic lesions",1
Radiation proctitis,1
Congenital posterior urethral valves,1
Alcoholic hepatitis with ascites,1
"Pressure ulcer of right upper back, stage 2",1
"Vulvodynia, unspecified",1
"Contusion of eyeball and orbital tissues, unspecified eye, initial encounter",1
Other closed transcervical fracture of neck of femur,1
Low tension open-angle glaucoma,1
Other specified diseases of nail,1
Obsessive-compulsive behavior,1
"Displaced comminuted fracture of right patella, initial encounter for closed fracture",1
"Chronic osteomyelitis with draining sinus, left radius and ulna",1
Other specified myopathies,1
Other disorders of nervous system,1
Benign neoplasm of unspecified kidney,1
"Complication of unspecified artery following a procedure, not elsewhere classified, initial encounter",1
Benign lipomatous neoplasm of skin and subcutaneous tissue of right leg,1
"After-cataract, unspecified",1
"Streptococcus infection in conditions classified elsewhere and of unspecified site, streptococcus, unspecified",1
"Other fracture of left lower leg, subsequent encounter for closed fracture with routine healing",1
"Zygomycosis, unspecified",1
Other disorders resulting from impaired renal tubular function,1
Acute dilatation of stomach,1
Osseous and subluxation stenosis of intervertebral foramina of lumbar region,1
Non-pressure chronic ulcer of left heel and midfoot with bone involvement without evidence of necrosis,1
"Spondylosis without myelopathy or radiculopathy, site unspecified",1
Congenital renal artery stenosis,1
Neoplasm of uncertain behavior of thyroid gland,1
"Other myositis, other site",1
Crohn's disease of small intestine with intestinal obstruction,1
"Other specified enthesopathies of right lower limb, excluding foot",1
Benign hypertensive heart disease,1
"Dislocation of internal left hip prosthesis, initial encounter",1
"Failed induction of labor, unspecified",1
"Unspecified kyphosis, thoracolumbar region",1
Postprocedural hypoparathyroidism,1
"Displacement of other gastrointestinal prosthetic devices, implants and grafts, initial encounter",1
Overflow incontinence,1
"Unspecified kyphosis, site unspecified",1
Cutaneous mycobacterial infection,1
Other vascular disorders of intestine,1
Cutaneous abscess of unspecified foot,1
Acquired keratosis follicularis,1
"Noninflammatory disorder of vagina, unspecified",1
"Regular astigmatism, unspecified eye",1
Anomalous origin of subclavian artery,1
Chronic congestive splenomegaly,1
"Open bite of right upper arm, subsequent encounter",1
Other cervical disc displacement at C6-C7 level,1
"Other synovitis and tenosynovitis, right hand",1
"Other synovitis and tenosynovitis, right thigh",1
"Maxillary fracture, right side, sequela",1
Abnormal radiologic findings on diagnostic imaging of right kidney,1
Malignant neoplasm of ovary,1
Acute epiglottitis without obstruction,1
"Unspecified occupant of heavy transport vehicle injured in collision with car, pick-up truck or van in traffic accident",1
"Displaced fracture of middle phalanx of right ring finger, subsequent encounter for fracture with routine healing",1
"Other specified disorders of tendon, left hand",1
"Laceration without foreign body of pharynx and cervical esophagus, initial encounter",1
"Otitis externa in other diseases classified elsewhere, unspecified ear",1
"Traumatic hemorrhage of cerebrum, unspecified, without loss of consciousness, initial encounter",1
"Unspecified fracture of the lower end of left radius, subsequent encounter for closed fracture with routine healing",1
"Late effects of cerebrovascular disease, cognitive deficits",1
"Twin pregnancy, dichorionic/diamniotic, unspecified trimester",1
Hb-SS disease with splenic sequestration,1
"Unspecified sprain of unspecified foot, initial encounter",1
Monoplegia of upper limb following cerebral infarction affecting right dominant side,1
Rheumatoid vasculitis with rheumatoid arthritis of unspecified site,1
Right heart failure due to left heart failure,1
Malignant neoplasm of overlapping sites of female genital organs,1
"Unqualified visual loss, right eye, normal vision left eye",1
Acute leukemia of unspecified cell type not having achieved remission,1
"Meralgia paresthetica, left lower limb",1
"Chronic obstructive asthma, unspecified",1
Congenital malformation of aorta unspecified,1
"Unspecified fracture of shaft of unspecified fibula, initial encounter for closed fracture",1
"Maternal care for benign tumor of corpus uteri, unspecified trimester",1
Endocardial fibroelastosis,1
"Other psychoactive substance use, unspecified with withdrawal, uncomplicated",1
Unspecified otitis media,1
Cracked tooth,1
"Passenger on bus injured in collision with car, pick-up truck or van in traffic accident, initial encounter",1
"Infection and inflammatory reaction due to other urinary catheter, sequela",1
Excessive menstruation at puberty,1
Atherosclerosis,1
"Breakdown (mechanical) of infusion catheter, initial encounter",1
"Other specified hearing loss, right ear",1
"Unspecified injury of femoral artery, left leg, initial encounter",1
"Other secondary kyphosis, thoracolumbar region",1
Secondary malignant neoplasm of brain and spinal cord,1
Diabetes mellitus due to underlying condition with other skin ulcer,1
Congenital malformations of intestinal fixation,1
Mammographic microcalcification found on diagnostic imaging of breast,1
"Asthma, unspecified",1
"Trichiasis without entropion left eye, unspecified eyelid",1
Cerebral infarction due to unspecified occlusion or stenosis of right posterior cerebral artery,1
"Cyst of oral region, unspecified",1
Prurigo,1
"Gastric intestinal metaplasia without dysplasia, involving the antrum",1
"Stiffness of joint, not elsewhere classified, lower leg",1
"Unspecified lump in the right breast, upper outer quadrant",1
Dermatophytosis of groin and perianal area,1
"Abdominal or pelvic swelling, mass, or lump, unspecified site",1
Unspecified local infection of skin and subcutaneous tissue,1
Encephalocele,1
Tinnitus,1
"Retinal hemorrhage, left eye",1
ST elevation (STEMI) myocardial infarction involving other sites,1
"Cannabis use, unspecified with anxiety disorder",1
Acute embolism and thrombosis of unspecified deep veins of left distal lower extremity,1
Disruption of external operation (surgical) wound,1
Varicose veins of lower extremities with other complications,1
"Open angle with borderline findings, low risk",1
"Sprain of anterior cruciate ligament of unspecified knee, initial encounter",1
"Unilateral inguinal hernia, with obstruction, without gangrene, not specified as recurrent",1
Monoplegia of lower limb affecting left nondominant side,1
"Unspecified sprain of unspecified finger, initial encounter",1
"Mast cell activation, unspecified",1
Malignant neoplasm of vertebral column,1
Embolism and thrombosis of superficial veins of left lower extremity,1
"Other displaced fracture of first cervical vertebra, initial encounter for closed fracture",1
Incompetence of cervix uteri,1
"Primary osteoarthritis, right elbow",1
Other sequelae of nontraumatic intracerebral hemorrhage,1
Endocarditis in systemic lupus erythematosus,1
"Fatigue fracture of vertebra, thoracic region, subsequent encounter for fracture with routine healing",1
Lymphocytosis (symptomatic),1
"Retinal detachment with multiple breaks, left eye",1
"Migraine with aura, without mention of intractable migraine without mention of status migrainosus",1
Other acute myocarditis,1
"Idiopathic gout, right elbow",1
Other unspecified secondary hypertension,1
Occlusion and stenosis of basilar artery,1
"Abrasion of right middle finger, initial encounter",1
"Unspecified slipped upper femoral epiphysis (nontraumatic), right hip",1
"Ganglion, left wrist",1
Late effect of fracture of upper extremities,1
Other chronic disease of tonsils and adenoids,1
Non-pressure chronic ulcer of other part of left foot limited to breakdown of skin,1
"Benign neoplasm of brain, infratentorial",1
"Other instability, unspecified ankle",1
Secondary malignant neoplasm of breast,1
Acute apical periodontitis of pulpal origin,1
Embolism and thrombosis of abdominal aorta,1
Other specified localized connective tissue disorders,1
"Pressure ulcer of unspecified part of back, unstageable",1
Other intraoperative complications of digestive system,1
"Type O blood, Rh positive",1
"Nodular lymphoma, lymph nodes of head, face, and neck",1
"Follicular lymphoma grade II, extranodal and solid organ sites",1
Hyperosmolality and/or hypernatremia,1
Mild cervical dysplasia,1
Other specified bullous disorders,1
Postprocedural pelvic peritoneal adhesions,1
"Unspecified dislocation of left hip, subsequent encounter",1
"Diabetes with peripheral circulatory disorders, type II or unspecified type, not stated as uncontrolled",1
"Abnormality of forces of labor, unspecified",1
Psychomotor deficit,1
Other disorders of facial nerve,1
Melanocytic nevi of other parts of face,1
Other motor vehicle traffic accident involving collision with motor vehicle injuring unspecified person,1
"Other pulmonary insufficiency, not elsewhere classified",1
Non-pressure chronic ulcer of other part of right lower leg with fat layer exposed,1
"Other osteonecrosis, right humerus",1
Foreign body accidentally entering other orifice,1
Other specified diseases of the digestive system,1
Hallux valgus (acquired),1
"Poisoning by unspecified narcotics, undetermined, initial encounter",1
Varicose veins of lower extremities with ulcer,1
Chronic adhesive pericarditis,1
Cerebral embolism with cerebral infarction,1
Other abnormalities of heart beat,1
"Low-tension glaucoma, bilateral, mild stage",1
"Complete traumatic metacarpophalangeal amputation of unspecified finger, initial encounter",1
Secondary malignant neoplasm of left adrenal gland,1
"Unspecified fracture of head of right femur, initial encounter for closed fracture",1
Hemiplegia and hemiparesis following nontraumatic intracerebral hemorrhage affecting right dominant side,1
Other specified metabolic disorders,1
Other congenital malformations of trachea,1
"Melanocytic nevi of right upper limb, including shoulder",1
"Other ovarian cyst, unspecified side",1
Cysticercosis,1
Malignant neoplasm of nasal cavity,1
Chronic venous hypertension (idiopathic) without complications of unspecified lower extremity,1
"Osteitis condensans, other site",1
Closed fracture of lumbar vertebra without mention of spinal cord injury,1
Bursitis of right shoulder,1
"Hemorrhage due to genitourinary prosthetic devices, implants and grafts, initial encounter",1
"Effusion, unspecified knee",1
Torsion of testis,1
Unspecified nephritic syndrome with other morphologic changes,1
Abnormal findings of blood amino-acid level,1
"Abrasion of right ring finger, initial encounter",1
"Neoplasm of uncertain behavior, site unspecified",1
"Malignant neoplasm of unspecified testis, unspecified whether descended or undescended",1
"Osteolysis, unspecified site",1
Other cerebrovascular disease,1
Neoplasm of unspecified behavior of unspecified kidney,1
"Food in larynx causing asphyxiation, initial encounter",1
"Contracture, unspecified hand",1
"Displaced fracture of anterior process of right calcaneus, initial encounter for closed fracture",1
"Malignant melanoma of skin of upper limb, including shoulder",1
Polyneuropathy due to other toxic agents,1
"Fracture of unspecified part of right clavicle, initial encounter for closed fracture",1
Other acute otitis externa,1
Interstitial cystitis (chronic) with hematuria,1
"Aspiration of fluid as the cause of abnormal reaction of the patient, or of later complication, without mention of misadventure at the time of the procedure",1
"Diabetes with other specified manifestations, type I [juvenile type], not stated as uncontrolled",1
Carcinoma in situ of other specified sites,1
"Unspecified sprain of unspecified wrist, initial encounter",1
Complications of transplanted lung,1
Non-pressure chronic ulcer of unspecified part of right lower leg limited to breakdown of skin,1
Large cell lymphoma,1
Sickle-cell disease,1
Hypertrophy of tongue papillae,1
"Short Achilles tendon (acquired), unspecified ankle",1
"Cervical disc disorder with radiculopathy, unspecified cervical region",1
"Ulcerative colitis, unspecified with other complication",1
Unspecified exophthalmos,1
Dependence on other enabling machines,1
"Other articular cartilage disorders, other specified site",1
"Embolism due to vascular prosthetic devices, implants and grafts, initial encounter",1
Acute and chronic respiratory failure,1
Deformity of unspecified orbit due to bone disease,1
"Thrombosis due to other internal prosthetic devices, implants and grafts, initial encounter",1
Unspecified endocrine disorder,1
Other chlamydial genitourinary infection,1
Embolism and thrombosis of thoracic aorta,1
Other specified osteochondrodysplasias,1
"Unspecified injury of unspecified Achilles tendon, initial encounter",1
Meningococcal encephalitis,1
"Primary osteoarthritis, left hand",1
"Leukocytopenia, unspecified",1
"Other chronic osteomyelitis, right humerus",1
"Other mechanical complication of permanent sutures, initial encounter",1
"Reactive arthropathy, unspecified",1
"Abrasion of left forearm, initial encounter",1
"Disorder of white blood cells, unspecified",1
Diarrhea of presumed infectious origin,1
Essential hypertension,1
"Insect bite (nonvenomous) of other part of head, initial encounter",1
Chronic vascular disorders of intestine,1
Persistent vomiting,1
Atherosclerosis of native arteries of the extremities with intermittent claudication,1
Sporotrichosis arthritis,1
"Nondisplaced fracture of distal phalanx of left great toe, initial encounter for closed fracture",1
Vitamin D deficiency,1
Sarcopenia,1
Subserosal leiomyoma of uterus,1
Visible peristalsis,1
"Laceration without foreign body of lip, subsequent encounter",1
"Flatulence, eructation, and gas pain",1
Contracture of palmar fascia,1
"Chronic embolism and thrombosis of superficial veins of upper extremity, bilateral",1
"Disorders of bursae and tendons in shoulder region, unspecified",1
"Other spondylosis, thoracolumbar region",1
Unspecified symptom associated with female genital organs,1
Abnormal echoencephalogram,1
"Displaced fracture of lateral end of left clavicle, initial encounter for closed fracture",1
Other seborrheic dermatitis,1
"Contusion of thorax, unspecified, initial encounter",1
"Other specified arthritis, left hand",1
"Generalized gingival recession, severe",1
Pigmentary retinal dystrophy,1
"Unspecified open wound of unspecified hand, initial encounter",1
"Unspecified fracture of the lower end of left radius, initial encounter for open fracture type I or II",1
Indeterminate colitis,1
"Other chondrocalcinosis, multiple sites",1
Sinoatrial node dysfunction,1
"Displaced fracture of proximal phalanx of right ring finger, initial encounter for closed fracture",1
Mononeuritis of unspecified site,1
Benign neoplasm of endocrine pancreas,1
Congenital stenosis and stricture of bile ducts,1
"Cervical disc disorder with myelopathy, high cervical region",1
"Car driver injured in collision with car, pick-up truck or van in nontraffic accident",1
Hypertrophic obstructive cardiomyopathy,1
Staphylococcus infection in conditions classified elsewhere and of unspecified site,1
"Other acute osteomyelitis, right hand",1
"Fracture of unspecified part of body of left mandible, initial encounter for closed fracture",1
Anxiety states,1
"Other injury of esophagus (thoracic part), initial encounter",1
Phlebitis and thrombophlebitis of superficial vessels of unspecified lower extremity,1
"Other synovitis and tenosynovitis, left shoulder",1
"Systolic heart failure, unspecified",1
"Unspecified fracture of navicular [scaphoid] bone of unspecified wrist, initial encounter for closed fracture",1
Malignant neoplasm of thymus,1
Person on outside of heavy transport vehicle injured in collision with railway train or railway vehicle in nontraffic accident,1
Enthesopathy of unspecified site,1
"Other cysts of oral region, not elsewhere classified",1
"Benign neoplasm of peripheral nerves and autonomic nervous system of face, head, and neck",1
Obstructive chronic bronchitis with (acute) exacerbation,1
"Colles' fracture of right radius, initial encounter for closed fracture",1
"Benign neoplasm of major salivary gland, unspecified",1
Melanoma in situ of other part of trunk,1
"Other disturbances of oral epithelium, including tongue",1
Non-pressure chronic ulcer of left heel and midfoot with fat layer exposed,1
Other specified nonscarring hair loss,1
"Laceration of esophagus (thoracic part), initial encounter",1
Carcinoma in situ of prostate,1
"Nondisplaced fracture of triquetrum [cuneiform] bone, right wrist, initial encounter for closed fracture",1
Acute embolism and thrombosis of unspecified internal jugular vein,1
Unspecified sleep apnea,1
"Myopia, unspecified eye",1
Unspecified viral encephalitis,1
"Unspecified intracranial injury without loss of consciousness, subsequent encounter",1
Androgen excess,1
"Subluxation of tarsal joint of right foot, subsequent encounter",1
Inflammatory disorders of scrotum,1
"Panniculitis, unspecified",1
"Unspecified fracture of T11-T12 vertebra, initial encounter for closed fracture",1
"Incisional hernia with obstruction, without gangrene",1
"Stiffness of left knee, not elsewhere classified",1
"Laceration of liver, unspecified degree, initial encounter",1
"Unspecified fracture of navicular [scaphoid] bone of left wrist, subsequent encounter for fracture with routine healing",1
"Strain of unspecified muscle, fascia and tendon at shoulder and upper arm level, unspecified arm, initial encounter",1
Other venous embolism and thrombosis of unspecified site,1
"Traumatic hemothorax, initial encounter",1
Non-pressure chronic ulcer of other part of right foot limited to breakdown of skin,1
"Scarlet fever, uncomplicated",1
"Other fracture of right patella, initial encounter for closed fracture",1
Panic disorder without agoraphobia,1
Seborrhea capitis,1
Peritonsillar abscess,1
"Otalgia, unspecified",1
"Displaced fracture of medial malleolus of right tibia, initial encounter for closed fracture",1
Laryngocele,1
"Amphetamine and other psychostimulant dependence, episodic",1
"Other foreign object in bronchus causing asphyxiation, initial encounter",1
"Other specified joint disorders, right shoulder",1
"Arthropathy, unspecified, hand",1
Male orgasmic disorder,1
Dyshidrosis,1
Benign neoplasm of lower jaw bone,1
Other left bundle branch block,1
Eosinophilic asthma,1
"Complete traumatic transphalangeal amputation of unspecified finger, initial encounter",1
"Wedge compression fracture of T7-T8 vertebra, subsequent encounter for fracture with routine healing",1
"Lesion of lateral popliteal nerve, unspecified lower limb",1
Pes anserinus tendinitis or bursitis,1
"Unspecified fracture of shaft of humerus, unspecified arm, initial encounter for closed fracture",1
"Unspecified open wound, right foot, subsequent encounter",1
"Gastric intestinal metaplasia without dysplasia, involving the body (corpus)",1
"Unspecified open wound of other specified part of neck, initial encounter",1
"Unspecified fracture of unspecified toe(s), initial encounter for closed fracture",1
"Fusion of spine, lumbar region",1
"Subarachnoid hemorrhage following injury without mention of open intracranial wound, with brief [less than one hour] loss of consciousness",1
Unspecified parametritis and pelvic cellulitis,1
Hematuria,1
"Major depressive affective disorder, recurrent episode, severe, specified as with psychotic behavior",1
"Other generalized epilepsy and epileptic syndromes, not intractable, without status epilepticus",1
Orchitis,1
Irreversible pulpitis,1
"Cocaine dependence, in remission",1
"Primary osteoarthritis, other specified site",1
"Traumatic compartment syndrome of right upper extremity, initial encounter",1
Other specified mononeuropathies of left lower limb,1
"Intestinal parasitism, unspecified",1
"Unspecified open wound of abdominal wall, left lower quadrant without penetration into peritoneal cavity, initial encounter",1
Malignant neoplasm of unspecified ovary,1
"Pyelonephritis, unspecified",1
"Foreign body granuloma of soft tissue, not elsewhere classified, right lower leg",1
Unspecified lump in axillary tail of the left breast,1
"Diabetes with ketoacidosis, type I [juvenile type], uncontrolled",1
"Other tear of medial meniscus, current injury, unspecified knee, initial encounter",1
"Type 1 diabetes mellitus with diabetic neuropathy, unspecified",1
Unspecified symptoms and signs involving general sensations and perceptions,1
Rheumatic aortic stenosis with insufficiency,1
"Other specified injuries of left foot, initial encounter",1
"Abrasion of unspecified part of head, initial encounter",1
Other and unspecified noninfectious gastroenteritis and colitis,1
Diverticulosis of colon (without mention of hemorrhage),1
"Immunodeficiency with predominantly antibody defects, unspecified",1
"Open wound of buttock, without mention of complication",1
24 weeks gestation of pregnancy,1
Sequelae of viral encephalitis,1
"Contusion of face, scalp, and neck except eye(s)",1
"Other ossification of muscle, unspecified site",1
"Intestinal infection due to other organism, not elsewhere classified",1
"Maternal care for (suspected) fetal abnormality and damage, unspecified, not applicable or unspecified",1
Tuberculosis of spine,1
Other dermatomyositis with other organ involvement,1
"Unspecified fracture of first lumbar vertebra, initial encounter for closed fracture",1
"Other chondrocalcinosis, vertebrae",1
Other pemphigus,1
Rising PSA following treatment for malignant neoplasm of prostate,1
"Complication of immune effector cellular therapy, initial encounter",1
Postpartum coagulation defects,1
Sialoadenitis,1
"Chronic leukemia of unspecified cell type, in remission",1
"Other ossification of muscle, left thigh",1
"Nondisplaced fracture of proximal phalanx of right great toe, initial encounter for closed fracture",1
Acute embolism and thrombosis of superficial veins of unspecified upper extremity,1
Other neonatal hypocalcemia,1
"Opioid type dependence, episodic",1
26 weeks gestation of pregnancy,1
"Disorder of ligament, unspecified site",1
"Unequal limb length (acquired), unspecified humerus",1
"Adolescent idiopathic scoliosis, site unspecified",1
"Unspecified retinal break, left eye",1
Excessive bleeding in the premenopausal period,1
Delayed or excessive hemorrhage following failed attempted termination of pregnancy,1
Chronic tonsillitis and adenoiditis,1
"Dermatopolymyositis, unspecified with other organ involvement",1
Malignant neoplasm of cecum,1
Retarded development following protein-calorie malnutrition,1
"Unspecified adult maltreatment, confirmed, initial encounter",1
"Chronic osteomyelitis with draining sinus, right radius and ulna",1
"Displaced avulsion fracture (chip fracture) of right talus, subsequent encounter for fracture with routine healing",1
"Exposure of other implanted mesh into organ or tissue, subsequent encounter",1
"Single liveborn infant, unspecified as to place of birth",1
Poisoning by other opiates and related narcotics,1
Dementia in conditions classified elsewhere with behavioral disturbance,1
"Pressure ulcer of head, unstageable",1
Benign neoplasm of duodenum,1
Dissection of iliac artery,1
"Unspecified open wound of right great toe without damage to nail, initial encounter",1
"Complication of other artery following a procedure, not elsewhere classified, subsequent encounter",1
"Displaced unspecified fracture of left lesser toe(s), initial encounter for closed fracture",1
Other symptoms involving skin and integumentary tissues,1
Chronic or unspecified duodenal ulcer with hemorrhage,1
"Drug use complicating pregnancy, unspecified trimester",1
"Other specified types of non-Hodgkin lymphoma, unspecified site",1
"Anaphylactic shock, unspecified, initial encounter",1
Amyotrophic lateral sclerosis,1
"Migraine, unspecified, intractable, without status migrainosus",1
Hypertrophy (benign) of prostate without urinary obstruction and other lower urinary tract symptom (LUTS),1
"Sprain of ligaments of lumbar spine, initial encounter",1
Other specified menopausal and perimenopausal disorders,1
"Other specified sprain of unspecified wrist, initial encounter",1
Gingival enlargement,1
Herpesviral infection of other urogenital tract,1
"Other myositis, left ankle and foot",1
Secondary malignant neoplasm of genital organs,1
Pulmonary mucormycosis,1
Postprocedural cardiac arrest following other surgery,1
"Laceration without foreign body of right cheek and temporomandibular area, initial encounter",1
"Unspecified open wound of scalp, sequela",1
Other congenital malformations of breast,1
Melanocytic nevi of left ear and external auricular canal,1
"Fracture of unspecified carpal bone, right wrist, subsequent encounter for fracture with routine healing",1
"Acute poliomyelitis, unspecified",1
Benign neoplasm of pituitary gland and craniopharyngeal duct,1
"Injury to kidney without mention of open wound into cavity, unspecified injury",1
"Other benign neoplasm of skin of right upper eyelid, including canthus",1
Chronic embolism and thrombosis of other specified deep vein of left lower extremity,1
Other symptoms involving nervous and musculoskeletal systems,1
"Hypermetropia, unspecified eye",1
Other encephalitis and encephalomyelitis,1
"Other specified arthritis, right hand",1
Hemicrania continua,1
"Sternal manubrial dissociation, initial encounter for closed fracture",1
"Displaced bimalleolar fracture of right lower leg, initial encounter for closed fracture",1
Other specified superficial mycoses,1
Other premature beats,1
"Driver injured in collision with unspecified motor vehicles in traffic accident, subsequent encounter",1
"Pressure ulcer of unspecified buttock, unstageable",1
Disorders of left acoustic nerve,1
"Other complications due to genitourinary device, implant, and graft",1
Unspecified cyst of jaw,1
Fistula of salivary gland,1
Other complications of skin graft (allograft) (autograft),1
Progressive multifocal leukoencephalopathy,1
Occlusion and stenosis of right anterior cerebral artery,1
Other symptoms involving cardiovascular system,1
Congenital hypertrophic pyloric stenosis,1
Spina bifida,1
Rheumatic aortic stenosis,1
Other cervical disc displacement at C5-C6 level,1
"Complication of vein following a procedure, not elsewhere classified, sequela",1
"Other spondylosis, lumbosacral region",1
"Chilblains, initial encounter",1
"Other specified hearing loss, unspecified ear",1
"Multiple fractures of ribs, right side, subsequent encounter for fracture with routine healing",1
"Nonexudative age-related macular degeneration, bilateral, intermediate dry stage",1
"Contusion of unspecified lower leg, initial encounter",1
Papilledema associated with increased intracranial pressure,1
Supraventricular premature beats,1
Malignant neoplasm of overlapping sites of left bronchus and lung,1
Reflux esophagitis,1
"Idiopathic aseptic necrosis of bone, multiple sites",1
Ulcerative (chronic) rectosigmoiditis with rectal bleeding,1
Primary amenorrhea,1
Chronic embolism and thrombosis of deep veins of unspecified upper extremity,1
"Strain of other muscle(s) and tendon(s) at lower leg level, left leg, sequela",1
"Other specified dorsopathies, site unspecified",1
Gottron's papules,1
"Exposure to excessive natural heat, initial encounter",1
Cellulitis of unspecified toe,1
Malignant neoplasm of overlapping sites of right bronchus and lung,1
Encounter for respirator [ventilator] dependence during power failure,1
"Opioid abuse, in remission",1
"Hemorrhage of gastrointestinal tract, unspecified",1
"Esophageal varices in diseases classified elsewhere, without mention of bleeding",1
Malignant neoplasm of specified parts of peritoneum,1
"Other, mixed, or unspecified drug abuse, unspecified",1
Disseminated candidiasis,1
Other insect allergy status,1
"Unspecified fracture of left forearm, initial encounter for closed fracture",1
Aortic valve disorders,1
Ankylosing vertebral hyperostosis,1
"Open wound of other and multiple sites of face, without mention of complication",1
"Other injury of unspecified body region, subsequent encounter",1
"Chronic myeloid leukemia, BCR/ABL-positive, in remission",1
"Osteoarthrosis, unspecified whether generalized or localized, hand",1
"Senile cataract, unspecified",1
Other vasculitis limited to the skin,1
Other dystonia,1
Other forms of nystagmus,1
Perforation of esophagus,1
Unspecified perichondritis of right external ear,1
Torticollis,1
Other inflammatory diseases of prostate,1
Other specified phobia,1
Blood in stool,1
Occlusion and stenosis of basilar artery without mention of cerebral infarction,1
"Fracture of unspecified part of body of right mandible, initial encounter for closed fracture",1
"Other specified injuries of left lower leg, initial encounter",1
High grade squamous intraepithelial lesion on cytologic smear of cervix (HGSIL),1
Unspecified contact dermatitis due to other agents,1
Other syndromes affecting cervical region,1
Bursitis of unspecified shoulder,1
"Intervertebral disc disorders with myelopathy, lumbar region",1
Secondary malignant neoplasm of other respiratory organs,1
"Hyperfunction of pituitary gland, unspecified",1
"Pressure ulcer, elbow",1
"Noninfective disorder of lymphatic vessels and lymph nodes, unspecified",1
Other asthma,1
"Intervertebral disc disorders with myelopathy, thoracolumbar region",1
Other isolated or specific phobias,1
Unspecified complication of other transplanted tissue,1
"Swelling, mass, or lump in chest",1
"Unspecified superficial injury of left knee, initial encounter",1
"Ulcerative colitis, unspecified with rectal bleeding",1
"Intestinal adhesions [bands], with partial obstruction",1
Salmonella enteritis,1
"Enteropathic arthropathies, unspecified site",1
"Legal blindness, as defined in U.S.A.",1
Stricture and stenosis of esophagus,1
"Twin pregnancy, unspecified number of placenta and unspecified number of amniotic sacs, unspecified trimester",1
28 weeks gestation of pregnancy,1
"Unilateral post-traumatic osteoarthritis, right knee",1
Pelvic varices,1
"Primary osteoarthritis, left elbow",1
"Sudden visual loss, left eye",1
"Person boarding or alighting a car injured in noncollision transport accident, initial encounter",1
Other unilateral secondary osteoarthritis of knee,1
Postinflammatory pulmonary fibrosis,1
"Infection and inflammatory reaction due to indwelling ureteral stent, initial encounter",1
Basal cell carcinoma of skin of nose,1
Gastric ulcer,1
"Ganglion, unspecified wrist",1
"Lobulated, fused and horseshoe kidney",1
Malignant neoplasm of endocrine pancreas,1
"Congenital malformation of uterus and cervix, unspecified",1
"Laceration without foreign body of nose, subsequent encounter",1
"Backache, unspecified",1
"Attention-deficit hyperactivity disorder, predominantly hyperactive type",1
"Urinary incontinence, unspecified",1
"Chronic gout due to renal impairment, left ankle and foot, without tophus (tophi)",1
Benign neoplasm of spinal cord,1
"Peroneal tendinitis, right leg",1
"Insect bite, nonvenomous, of other, multiple, and unspecified sites, without mention of infection",1
Other specified endocrine disorders,1
Carpal tunnel syndrome,1
"Other benign neoplasm of skin of unspecified lower limb, including hip",1
"Newborn affected by slow intrauterine growth, unspecified",1
Malignant neoplasm of lower-outer quadrant of left female breast,1
"Atrophic gastritis, without mention of hemorrhage",1
Other sleep apnea,1
"Other intervertebral disc disorders, lumbar region",1
Retrograde amnesia,1
"Unspecified retinal detachment with retinal break, unspecified eye",1
"Posterior subcapsular polar age-related cataract, left eye",1
"Unspecified dislocation of left foot, initial encounter",1
"Anorexia nervosa, binge eating/purging type",1
"Other urethral bulbous stricture, male",1
Hepatic encephalopathy,1
"Lateral subluxation of proximal end of tibia, left knee, initial encounter",1
Cellulitis of unspecified orbit,1
"Disorder of cartilage, unspecified",1
Nontraumatic subarachnoid hemorrhage from unspecified carotid siphon and bifurcation,1
Aortocoronary bypass status,1
"Myiasis, unspecified",1
Non-pressure chronic ulcer of other part of left foot with other specified severity,1
"Madarosis of right eye, unspecified eyelid and periocular area",1
Intestinal strongyloidiasis,1
Niacin deficiency [pellagra],1
"Unspecified foreign body in bronchus causing asphyxiation, initial encounter",1
Other persistent mental disorders due to conditions classified elsewhere,1
"Chronic Eustachian salpingitis, unspecified ear",1
"Mechanical loosening of other internal prosthetic joint, initial encounter",1
Malaria,1
"Unspecified injury of lung, bilateral, initial encounter",1
Congenital bladder neck obstruction,1
"Unspecified fracture of second metacarpal bone, left hand, initial encounter for closed fracture",1
"Acute myeloid leukemia with multilineage dysplasia, in remission",1
"Other acute osteomyelitis, left hand",1
Influenza due to identified novel influenza A virus with pneumonia,1
Other viral warts,1
"Unspecified intracapsular fracture of left femur, initial encounter for closed fracture",1
"Other osteoporosis with current pathological fracture, vertebra(e), initial encounter for fracture",1
"Unspecified complication of foreign body accidentally left in body following unspecified procedure, initial encounter",1
Presbyacusis,1
"Tear film insufficiency, unspecified",1
Squamous cell carcinoma of overlapping sites of skin,1
"Other mechanical complication of infusion catheter, initial encounter",1
"Renal agenesis, unilateral",1
"Disorder of peritoneum, unspecified",1
Hemiplegia and hemiparesis following other cerebrovascular disease affecting right dominant side,1
Complications of transplanted kidney,1
Occupant of railway train or railway vehicle injured in collision with or hit by rolling stock,1
"Poisoning by fentanyl or fentanyl analogs, accidental (unintentional), initial encounter",1
"Unspecified open wound of right buttock, initial encounter",1
Left heart failure,1
Varicose veins of left lower extremity with ulcer of unspecified site,1
"Stress fracture, right foot, initial encounter for fracture",1
Septicemia due to pseudomonas,1
Swelling of limb,1
Urinary incontinence,1
"Blister of foot and toe(s), without mention of infection",1
"Osteoarthrosis involving, or with mention of more than one site, but not specified as generalized, multiple sites",1
Allergic bronchopulmonary aspergillosis,1
Calculus of gallbladder with acute cholecystitis with obstruction,1
Squamous cell carcinoma of skin of unspecified parts of face,1
Malignant neoplasm of female breast,1
Other disorders of middle ear and mastoid,1
"Displaced fracture of greater trochanter of left femur, subsequent encounter for closed fracture with routine healing",1
"Other articular cartilage disorders, left shoulder",1
Nonspecific mesenteric lymphadenitis,1
Idiopathic aseptic necrosis of right humerus,1
"Open wound of toe(s), without mention of complication",1
"Ganglion, right wrist",1
"Congenital malformation of musculoskeletal system, unspecified",1
Unspecified viral infection,1
"Other specified disorders of synovium, right shoulder",1
Embolism and thrombosis of iliac artery,1
"Blister (nonthermal), right lesser toe(s), initial encounter",1
Unspecified sinusitis (chronic),1
Rupture of popliteal cyst,1
"Maxillary fracture, left side, sequela",1
Resistance to other specified antimicrobial drug,1
Other specified diseases and conditions complicating puerperium,1
"Other fracture of right femur, initial encounter for closed fracture",1
Benign neoplasm of mesothelial tissue of other sites,1
Other cerebral degeneration,1
"Acute gingivitis, plaque induced",1
"Otitis media, unspecified, bilateral",1
Vitamin B12 deficiency anemia due to selective vitamin B12 malabsorption with proteinuria,1
"Pathological fracture, right tibia, initial encounter for fracture",1
Volume depletion,1
"Other acute osteomyelitis, right humerus",1
Unifocal Langerhans-cell histiocytosis,1
Arteriovenous malformation of cerebral vessels,1
Mitral stenosis,1
"Unspecified injury of unspecified lower leg, initial encounter",1
Calcific tendinitis of left shoulder,1
"Complete traumatic amputation at level between knee and ankle, unspecified lower leg, initial encounter",1
Nephrotic syndrome with focal and segmental glomerular lesions,1
"Puncture wound without foreign body of unspecified finger without damage to nail, initial encounter",1
"Urinary calculus, unspecified",1
Alcoholic fatty liver,1
Unspecified sequelae of unspecified cerebrovascular disease,1
Chronic prostatitis,1
"Disease of biliary tract, unspecified",1
Other periodontal diseases,1
Encounter for elective termination of pregnancy,1
"Other and unspecified malignant neoplasm of skin of trunk, except scrotum",1
"Otorrhea, right ear",1
Horizontal alveolar bone loss,1
"Laceration without foreign body, right lower leg, initial encounter",1
"Contact with hypodermic needle, initial encounter",1
"Complete traumatic transphalangeal amputation of left index finger, initial encounter",1
Secondary malignant neoplasm of right lung,1
"Laceration without foreign body, right thigh, initial encounter",1
Asplenia (congenital),1
"Deficiency of nutrient element, unspecified",1
"Contusion of lung, unspecified, initial encounter",1
Other pneumothorax and air leak,1
Constitutional aplastic anemia,1
Unspecified malignant neoplasm of skin of scalp and neck,1
Other specified nutritional deficiencies,1
Other congenital malformations of diaphragm,1
"Displaced fracture of right ulna styloid process, initial encounter for closed fracture",1
Malignant neoplasm of dome of bladder,1
"Madarosis of left eye, unspecified eyelid and periocular area",1
"Olecranon bursitis, left elbow",1
Carcinoma in situ of skin of unspecified part of face,1
Passenger on bus injured in collision with heavy transport vehicle or bus in nontraffic accident,1
"Mechanical loosening of internal left hip prosthetic joint, initial encounter",1
Other specified symptoms associated with female genital organs,1
"Achilles tendinitis, unspecified leg",1
Influenza due to other identified influenza virus with unspecified type of pneumonia,1
"Fistula, other specified site",1
"Unspecified dislocation of unspecified foot, initial encounter",1
Other specified disorders of parathyroid gland,1
"Burn of unspecified body region, unspecified degree",1
"Other synovitis and tenosynovitis, multiple sites",1
Herpes simplex,1
Dermatochalasis,1
Person on outside of heavy transport vehicle injured in collision with pedestrian or animal in nontraffic accident,1
"Periprosthetic fracture around other internal prosthetic joint, initial encounter",1
"Subendocardial infarction, episode of care unspecified",1
"Complete traumatic amputation of left lower leg, level unspecified, initial encounter",1
Melanocytic nevi of scalp and neck,1
"Abrasion, unspecified knee, initial encounter",1
"Open wound of lip, without mention of complication",1
Non-pressure chronic ulcer of other part of left lower leg with unspecified severity,1
"Sedative, hypnotic or anxiolytic abuse with unspecified sedative, hypnotic or anxiolytic-induced disorder",1
Malignant otitis externa,1
Other female urinary-genital tract fistulae,1
"Other fracture of unspecified lower leg, initial encounter for closed fracture",1
"Major depressive affective disorder, recurrent episode, moderate",1
"Unspecified focal traumatic brain injury without loss of consciousness, initial encounter",1
"Zygomatic fracture, unspecified side, initial encounter for closed fracture",1
"Open bite of right upper arm, sequela",1
"Other osteomyelitis, hand",1
"Kissing spine, lumbar region",1
Unspecified complications of amputation stump,1
"Other intervertebral disc displacement, thoracic region",1
Hematosalpinx,1
Ogilvie syndrome,1
Mild nonproliferative diabetic retinopathy,1
Unspecified malignant neoplasm of skin of lip,1
"Other specified abdominal hernia with obstruction, without gangrene",1
Renal tubulo-interstitial disorders in diseases classified elsewhere,1
Other forms of aspergillosis,1
Other disorders of intestinal carbohydrate absorption,1
Microscopic hematuria,1
"Displaced fracture of cuboid bone of unspecified foot, subsequent encounter for fracture with routine healing",1
Neurogenic bladder NOS,1
Acquired night blindness,1
Measles without complication,1
"Other specified disorders of tendon, right shoulder",1
Other ischiorectal abscess,1
"Other specified arthritis, unspecified knee",1
"Displaced fracture of first metatarsal bone, right foot, initial encounter for closed fracture",1
Cerebral infarction due to unspecified occlusion or stenosis of unspecified posterior cerebral artery,1
"Other acute osteomyelitis, right ankle and foot",1
"Unspecified fracture of lower end of left ulna, initial encounter for open fracture type I or II",1
Acute pharyngitis due to other specified organisms,1
"Traumatic subdural hemorrhage without loss of consciousness, subsequent encounter",1
"Malignant neoplasm of corpus uteri, unspecified",1
Abnormal chest sounds,1
Malignant neoplasm of temporal lobe,1
Pyoderma,1
Other nonrheumatic pulmonary valve disorders,1
"Burn of first degree of lower back, initial encounter",1
"Unspecified atherosclerosis of native arteries of extremities, bilateral legs",1
"Sprain of deltoid ligament of unspecified ankle, initial encounter",1
"Other specific arthropathies, not elsewhere classified, unspecified shoulder",1
"Other fractures of lower end of left radius, initial encounter for closed fracture",1
"Unspecified foreign body in respiratory tract, part unspecified causing asphyxiation, initial encounter",1
"Conductive hearing loss, unspecified",1
"Ototoxic hearing loss, unspecified ear",1
"Necrosis of amputation stump, left upper extremity",1
Ulcerative (chronic) pancolitis with abscess,1
Unspecified background retinopathy,1
"Other acute and subacute respiratory conditions due to chemicals, gases, fumes and vapors",1
"Strain of unspecified muscle(s) and tendon(s) at lower leg level, unspecified leg, initial encounter",1
Other chronic cystitis without hematuria,1
Constipation,1
"Other spondylosis, site unspecified",1
Bulimia nervosa,1
Other specified congenital malformations,1
"Fusion of spine, cervical region",1
"Displaced fracture of first metatarsal bone, right foot, subsequent encounter for fracture with routine healing",1
Hypersplenism,1
Cat-scratch disease,1
"Multiple fractures of ribs, left side, subsequent encounter for fracture with routine healing",1
Cerebral infarction due to embolism of unspecified cerebral artery,1
"Bus occupant (driver) (passenger) injured in unspecified traffic accident, initial encounter",1
Unspecified late effects of cerebrovascular disease,1
"Osteoarthrosis, localized, primary, shoulder region",1
"Varus deformity, not elsewhere classified, right knee",1
"Unspecified open wound, left knee, initial encounter",1
Nonexudative senile macular degeneration,1
Late effect of fracture of lower extremities,1
Developmental disorders of jaws,1
Benign neoplasm of pancreas,1
Kidney transplant infection,1
Other cystitis with hematuria,1
Proteinuria,1
"Tuberculosis of nervous system, unspecified",1
"Pressure ulcer, unspecified site",1
Deficiency of other vitamins,1
Arthritis of bilateral temporomandibular joint,1
Other complications of heart-lung transplant,1
Degeneration of cervical intervertebral disc,1
Drug-induced mood disorder,1
"Unspecified amblyopia, right eye",1
"Head injury, unspecified",1
Alcoholic cirrhosis of liver,1
Arthritis of unspecified temporomandibular joint,1
Secondary malignant neoplasm of unspecified adrenal gland,1
Other specified abdominal hernia without obstruction or gangrene,1
"Other specified dorsopathies, cervical region",1
"Benign lipomatous neoplasm of skin and subcutaneous tissue of head, face and neck",1
"Osteoarthrosis, localized, secondary, lower leg",1
"Stenosis of coronary artery stent, initial encounter",1
"Food in respiratory tract, part unspecified causing asphyxiation, initial encounter",1
Unspecified occupant of heavy transport vehicle injured in collision with railway train or railway vehicle in nontraffic accident,1
Hostility,1
Anoxic brain damage,1
"Sedative, hypnotic or anxiolytic dependence with withdrawal, uncomplicated",1
Glucose-6-phosphate dehydrogenase (G6PD) deficiency without anemia,1
Vaginismus,1
"Sprain of left acromioclavicular joint, initial encounter",1
Stevens-Johnson syndrome-toxic epidermal necrolysis overlap syndrome,1
Carcinoma in situ of skin of trunk,1
Asymptomatic varicose veins of bilateral lower extremities,1
"Other specific arthropathies, not elsewhere classified, left ankle and foot",1
"Irregular astigmatism, left eye",1
"Malignant neoplasm of hypopharynx, unspecified",1
Mesothelioma of pleura,1
"Unspecified disorder of synovium and tendon, left shoulder",1
Unspecified heterotropia,1
Dysfunction of Eustachian tube,1
"Renal tubulo-interstitial disease, unspecified",1
Sprain of neck,1
Neoplasm of unspecified behavior of respiratory system,1
Increased secretion of gastrin,1
Salmonella sepsis,1
Anomalies of diaphragm,1
"Acute peptic ulcer, site unspecified, with hemorrhage",1
"Cannabis abuse, unspecified",1
Hemiplegia and hemiparesis following unspecified cerebrovascular disease affecting left non-dominant side,1
Other severe protein-calorie malnutrition,1
"Dementia in other diseases classified elsewhere, unspecified severity, with behavioral disturbance",1
"Other specified enthesopathies of left lower limb, excluding foot",1
Malignant neoplasm of bones of skull and face,1
Late effects of accidental fall,1
Regular astigmatism,1
Furuncle of buttock,1
"Other ossification of muscle, right lower leg",1
"External constriction of unspecified part of head, initial encounter",1
"Constant exophthalmos, left eye",1
"Embolism due to other internal prosthetic devices, implants and grafts, initial encounter",1
Other psoriatic arthropathy,1
Nonrheumatic pulmonary valve stenosis,1
"Congenital hydrocephalus, unspecified",1
"Unspecified injury at unspecified level of cervical spinal cord, subsequent encounter",1
"Melanocytic nevi of left upper limb, including shoulder",1
"Unspecified fracture of second lumbar vertebra, initial encounter for closed fracture",1
"Unspecified open wound of left buttock, initial encounter",1
"Tarsal tunnel syndrome, unspecified lower limb",1
