img_path,patient_id,Covid
/Users/leoniejunkherr/Documents/master/S4/Projekt/CODE/LT_project/data_hybrid/midrc_images/dg.MD1R_1b6903d4-e5c9-41b1-a568-0f9d37fd231d.png,dg.MD1R/1b6903d4-e5c9-41b1-a568-0f9d37fd231d,1
/Users/leoniejunkherr/Documents/master/S4/Projekt/CODE/LT_project/data_hybrid/midrc_images/dg.MD1R_2dd2a2e0-bf06-4cb3-9e6c-7f4d793b811a.png,dg.MD1R/2dd2a2e0-bf06-4cb3-9e6c-7f4d793b811a,1
/Users/leoniejunkherr/Documents/master/S4/Projekt/CODE/LT_project/data_hybrid/midrc_images/dg.MD1R_bc978683-a115-4e55-9337-8428f367b20b.png,dg.MD1R/bc978683-a115-4e55-9337-8428f367b20b,1
/Users/leoniejunkherr/Documents/master/S4/Projekt/CODE/LT_project/data_hybrid/midrc_images/dg.MD1R_97f3e3bc-00a5-4b02-ad34-a8921bfc1745.png,dg.MD1R/97f3e3bc-00a5-4b02-ad34-a8921bfc1745,1
/Users/leoniejunkherr/Documents/master/S4/Projekt/CODE/LT_project/data_hybrid/midrc_images/dg.MD1R_e08bdee4-972d-4e74-b478-5e140a0f0fcd.png,dg.MD1R/e08bdee4-972d-4e74-b478-5e140a0f0fcd,1
/Users/leoniejunkherr/Documents/master/S4/Projekt/CODE/LT_project/data_hybrid/midrc_images/dg.MD1R_10293277-38e9-4d19-afce-3e5a45429bb1.png,dg.MD1R/10293277-38e9-4d19-afce-3e5a45429bb1,1
/Users/leoniejunkherr/Documents/master/S4/Projekt/CODE/LT_project/data_hybrid/midrc_images/dg.MD1R_74aba3eb-2846-496f-b586-82d0275f2bda.png,dg.MD1R/74aba3eb-2846-496f-b586-82d0275f2bda,1
/Users/leoniejunkherr/Documents/master/S4/Projekt/CODE/LT_project/data_hybrid/midrc_images/dg.MD1R_1ce95d7e-b74f-4d7b-90d6-60acb635beee.png,dg.MD1R/1ce95d7e-b74f-4d7b-90d6-60acb635beee,1
/Users/leoniejunkherr/Documents/master/S4/Projekt/CODE/LT_project/data_hybrid/midrc_images/dg.MD1R_3bf0ce09-1ae8-4704-bf0e-8976148835ba.png,dg.MD1R/3bf0ce09-1ae8-4704-bf0e-8976148835ba,1
/Users/leoniejunkherr/Documents/master/S4/Projekt/CODE/LT_project/data_hybrid/midrc_images/dg.MD1R_6c6e7f7c-b89d-46ab-82fd-85cc6b485de0.png,dg.MD1R/6c6e7f7c-b89d-46ab-82fd-85cc6b485de0,1
/Users/leoniejunkherr/Documents/master/S4/Projekt/CODE/LT_project/data_hybrid/midrc_images/dg.MD1R_3d9a3715-9a18-46e1-a7fb-91378c02c463.png,dg.MD1R/3d9a3715-9a18-46e1-a7fb-91378c02c463,1
/Users/leoniejunkherr/Documents/master/S4/Projekt/CODE/LT_project/data_hybrid/midrc_images/dg.MD1R_e578b5ec-b4a0-484a-9f4f-02cbc83f5bd9.png,dg.MD1R/e578b5ec-b4a0-484a-9f4f-02cbc83f5bd9,1
/Users/leoniejunkherr/Documents/master/S4/Projekt/CODE/LT_project/data_hybrid/midrc_images/dg.MD1R_2edd2141-5768-46d3-96dc-36c51cd7a3bc.png,dg.MD1R/2edd2141-5768-46d3-96dc-36c51cd7a3bc,1
/Users/leoniejunkherr/Documents/master/S4/Projekt/CODE/LT_project/data_hybrid/midrc_images/dg.MD1R_839202b9-e64d-454c-8dab-4758c7425f41.png,dg.MD1R/839202b9-e64d-454c-8dab-4758c7425f41,1
/Users/leoniejunkherr/Documents/master/S4/Projekt/CODE/LT_project/data_hybrid/midrc_images/dg.MD1R_ea8974e2-17bc-4482-9c11-80ce581d3eba.png,dg.MD1R/ea8974e2-17bc-4482-9c11-80ce581d3eba,1
/Users/leoniejunkherr/Documents/master/S4/Projekt/CODE/LT_project/data_hybrid/midrc_images/dg.MD1R_bdfca728-b0df-4d48-a700-b5a6ae37bb29.png,dg.MD1R/bdfca728-b0df-4d48-a700-b5a6ae37bb29,1
/Users/leoniejunkherr/Documents/master/S4/Projekt/CODE/LT_project/data_hybrid/midrc_images/dg.MD1R_cc2837e6-8515-4958-8af5-7f38eb4dcc7e.png,dg.MD1R/cc2837e6-8515-4958-8af5-7f38eb4dcc7e,1
/Users/leoniejunkherr/Documents/master/S4/Projekt/CODE/LT_project/data_hybrid/midrc_images/dg.MD1R_536547c9-06c7-4ad2-acff-64e186e9543f.png,dg.MD1R/536547c9-06c7-4ad2-acff-64e186e9543f,1
/Users/leoniejunkherr/Documents/master/S4/Projekt/CODE/LT_project/data_hybrid/midrc_images/dg.MD1R_919df265-220c-4dfd-93f7-1ed6b93177c2.png,dg.MD1R/919df265-220c-4dfd-93f7-1ed6b93177c2,1
/Users/leoniejunkherr/Documents/master/S4/Projekt/CODE/LT_project/data_hybrid/midrc_images/dg.MD1R_250ee403-01f1-4a58-8af6-7b5a171357ee.png,dg.MD1R/250ee403-01f1-4a58-8af6-7b5a171357ee,1
/Users/leoniejunkherr/Documents/master/S4/Projekt/CODE/LT_project/data_hybrid/midrc_images/dg.MD1R_8c4f1253-532a-4160-a750-284c542b5d06.png,dg.MD1R/8c4f1253-532a-4160-a750-284c542b5d06,1
/Users/leoniejunkherr/Documents/master/S4/Projekt/CODE/LT_project/data_hybrid/midrc_images/dg.MD1R_3a595578-15d3-48d9-94ad-c65f1fd8b082.png,dg.MD1R/3a595578-15d3-48d9-94ad-c65f1fd8b082,1
/Users/leoniejunkherr/Documents/master/S4/Projekt/CODE/LT_project/data_hybrid/midrc_images/dg.MD1R_d802ef54-b1e2-4e2d-9e83-b91196f7c3d0.png,dg.MD1R/d802ef54-b1e2-4e2d-9e83-b91196f7c3d0,1
/Users/leoniejunkherr/Documents/master/S4/Projekt/CODE/LT_project/data_hybrid/midrc_images/dg.MD1R_ea229d08-b604-46e9-a96a-082a989529c9.png,dg.MD1R/ea229d08-b604-46e9-a96a-082a989529c9,1
/Users/leoniejunkherr/Documents/master/S4/Projekt/CODE/LT_project/data_hybrid/midrc_images/dg.MD1R_2dbd88b2-3b22-4252-8731-ecad840fa1b6.png,dg.MD1R/2dbd88b2-3b22-4252-8731-ecad840fa1b6,1
/Users/leoniejunkherr/Documents/master/S4/Projekt/CODE/LT_project/data_hybrid/midrc_images/dg.MD1R_b4609f8b-6be9-4a67-9650-291bc6c721a2.png,dg.MD1R/b4609f8b-6be9-4a67-9650-291bc6c721a2,1
/Users/leoniejunkherr/Documents/master/S4/Projekt/CODE/LT_project/data_hybrid/midrc_images/dg.MD1R_e8aae682-58af-4dd5-9496-6413c8eea4f8.png,dg.MD1R/e8aae682-58af-4dd5-9496-6413c8eea4f8,1
/Users/leoniejunkherr/Documents/master/S4/Projekt/CODE/LT_project/data_hybrid/midrc_images/dg.MD1R_34f1be4e-e486-4b4d-b3bd-3711633320de.png,dg.MD1R/34f1be4e-e486-4b4d-b3bd-3711633320de,1
/Users/leoniejunkherr/Documents/master/S4/Projekt/CODE/LT_project/data_hybrid/midrc_images/dg.MD1R_31adb684-5e8f-4130-9475-b2dddf1da778.png,dg.MD1R/31adb684-5e8f-4130-9475-b2dddf1da778,1
/Users/leoniejunkherr/Documents/master/S4/Projekt/CODE/LT_project/data_hybrid/midrc_images/dg.MD1R_200a71da-0a73-42cb-9a01-bc6c4fad276b.png,dg.MD1R/200a71da-0a73-42cb-9a01-bc6c4fad276b,1
/Users/leoniejunkherr/Documents/master/S4/Projekt/CODE/LT_project/data_hybrid/midrc_images/dg.MD1R_88ed4982-fcb6-48ec-a4b7-0d2d946f96ed.png,dg.MD1R/88ed4982-fcb6-48ec-a4b7-0d2d946f96ed,1
/Users/leoniejunkherr/Documents/master/S4/Projekt/CODE/LT_project/data_hybrid/midrc_images/dg.MD1R_e4de78d3-21b5-42f2-971f-5200408474ac.png,dg.MD1R/e4de78d3-21b5-42f2-971f-5200408474ac,1
/Users/leoniejunkherr/Documents/master/S4/Projekt/CODE/LT_project/data_hybrid/midrc_images/dg.MD1R_32abffab-23f3-4a4e-9e64-77121d4585e0.png,dg.MD1R/32abffab-23f3-4a4e-9e64-77121d4585e0,1
/Users/leoniejunkherr/Documents/master/S4/Projekt/CODE/LT_project/data_hybrid/midrc_images/dg.MD1R_1433af5c-c283-42ea-a5f4-cd2d51ed76a7.png,dg.MD1R/1433af5c-c283-42ea-a5f4-cd2d51ed76a7,1
/Users/leoniejunkherr/Documents/master/S4/Projekt/CODE/LT_project/data_hybrid/midrc_images/dg.MD1R_148e0283-4d81-4ee0-a593-b63872be571d.png,dg.MD1R/148e0283-4d81-4ee0-a593-b63872be571d,1
/Users/leoniejunkherr/Documents/master/S4/Projekt/CODE/LT_project/data_hybrid/midrc_images/dg.MD1R_76cc0ad4-df9a-4084-8556-8397785847f4.png,dg.MD1R/76cc0ad4-df9a-4084-8556-8397785847f4,1
/Users/leoniejunkherr/Documents/master/S4/Projekt/CODE/LT_project/data_hybrid/midrc_images/dg.MD1R_a519b06a-6a26-4b0c-950f-49cfa9ad0b98.png,dg.MD1R/a519b06a-6a26-4b0c-950f-49cfa9ad0b98,1
/Users/leoniejunkherr/Documents/master/S4/Projekt/CODE/LT_project/data_hybrid/midrc_images/dg.MD1R_d816805c-c664-4fe7-9e85-7a7318f7b010.png,dg.MD1R/d816805c-c664-4fe7-9e85-7a7318f7b010,1
/Users/leoniejunkherr/Documents/master/S4/Projekt/CODE/LT_project/data_hybrid/midrc_images/dg.MD1R_ade2b56e-ed50-4ec7-b7b5-673f66b590d6.png,dg.MD1R/ade2b56e-ed50-4ec7-b7b5-673f66b590d6,1
/Users/leoniejunkherr/Documents/master/S4/Projekt/CODE/LT_project/data_hybrid/midrc_images/dg.MD1R_6b5fc615-3ab3-46a4-81c1-40f21bc2d209.png,dg.MD1R/6b5fc615-3ab3-46a4-81c1-40f21bc2d209,1
/Users/leoniejunkherr/Documents/master/S4/Projekt/CODE/LT_project/data_hybrid/midrc_images/dg.MD1R_789714fe-87d6-471b-98ef-a390493db1f4.png,dg.MD1R/789714fe-87d6-471b-98ef-a390493db1f4,1
/Users/leoniejunkherr/Documents/master/S4/Projekt/CODE/LT_project/data_hybrid/midrc_images/dg.MD1R_1e3a101a-ac3f-4dfe-9b9b-c7a790df4de1.png,dg.MD1R/1e3a101a-ac3f-4dfe-9b9b-c7a790df4de1,1
/Users/leoniejunkherr/Documents/master/S4/Projekt/CODE/LT_project/data_hybrid/midrc_images/dg.MD1R_12c6a109-56e1-4fb5-ab0c-1014cb07e604.png,dg.MD1R/12c6a109-56e1-4fb5-ab0c-1014cb07e604,1
/Users/leoniejunkherr/Documents/master/S4/Projekt/CODE/LT_project/data_hybrid/midrc_images/dg.MD1R_8fece3da-74ae-4c8f-89e2-b214488cb676.png,dg.MD1R/8fece3da-74ae-4c8f-89e2-b214488cb676,1
/Users/leoniejunkherr/Documents/master/S4/Projekt/CODE/LT_project/data_hybrid/midrc_images/dg.MD1R_6164a63a-8c83-4bac-b5a5-3fb3f686116d.png,dg.MD1R/6164a63a-8c83-4bac-b5a5-3fb3f686116d,1
/Users/leoniejunkherr/Documents/master/S4/Projekt/CODE/LT_project/data_hybrid/midrc_images/dg.MD1R_a1d7f6fe-12ea-434a-a7cf-df8ed2e20f29.png,dg.MD1R/a1d7f6fe-12ea-434a-a7cf-df8ed2e20f29,1
/Users/leoniejunkherr/Documents/master/S4/Projekt/CODE/LT_project/data_hybrid/midrc_images/dg.MD1R_46d5ea01-3e3a-4ab0-a020-a141fb3d7618.png,dg.MD1R/46d5ea01-3e3a-4ab0-a020-a141fb3d7618,1
/Users/leoniejunkherr/Documents/master/S4/Projekt/CODE/LT_project/data_hybrid/midrc_images/dg.MD1R_88d630e5-6375-4e75-8eca-5201fba5888d.png,dg.MD1R/88d630e5-6375-4e75-8eca-5201fba5888d,1
/Users/leoniejunkherr/Documents/master/S4/Projekt/CODE/LT_project/data_hybrid/midrc_images/dg.MD1R_dc6cf028-e539-486f-ae99-92f746658fb5.png,dg.MD1R/dc6cf028-e539-486f-ae99-92f746658fb5,1
/Users/leoniejunkherr/Documents/master/S4/Projekt/CODE/LT_project/data_hybrid/midrc_images/dg.MD1R_05093d57-5188-4755-aa65-14c59e131547.png,dg.MD1R/05093d57-5188-4755-aa65-14c59e131547,1
/Users/leoniejunkherr/Documents/master/S4/Projekt/CODE/LT_project/data_hybrid/midrc_images/dg.MD1R_5e01c849-0752-4099-811e-11f0f762929c.png,dg.MD1R/5e01c849-0752-4099-811e-11f0f762929c,1
/Users/leoniejunkherr/Documents/master/S4/Projekt/CODE/LT_project/data_hybrid/midrc_images/dg.MD1R_b56a1f79-bf1b-4cf7-9e95-1d7e3113e5f2.png,dg.MD1R/b56a1f79-bf1b-4cf7-9e95-1d7e3113e5f2,1
/Users/leoniejunkherr/Documents/master/S4/Projekt/CODE/LT_project/data_hybrid/midrc_images/dg.MD1R_729d5824-bb89-40dc-a073-e30f2b17c0ee.png,dg.MD1R/729d5824-bb89-40dc-a073-e30f2b17c0ee,1
/Users/leoniejunkherr/Documents/master/S4/Projekt/CODE/LT_project/data_hybrid/midrc_images/dg.MD1R_3bde87b9-e10a-417e-bc84-131d7a7a62b4.png,dg.MD1R/3bde87b9-e10a-417e-bc84-131d7a7a62b4,1
/Users/leoniejunkherr/Documents/master/S4/Projekt/CODE/LT_project/data_hybrid/midrc_images/dg.MD1R_dc962336-cc16-4e87-bef3-d3b921d5abec.png,dg.MD1R/dc962336-cc16-4e87-bef3-d3b921d5abec,1
/Users/leoniejunkherr/Documents/master/S4/Projekt/CODE/LT_project/data_hybrid/midrc_images/dg.MD1R_dabf4afc-464c-43c7-a738-eb83265a3fba.png,dg.MD1R/dabf4afc-464c-43c7-a738-eb83265a3fba,1
/Users/leoniejunkherr/Documents/master/S4/Projekt/CODE/LT_project/data_hybrid/midrc_images/dg.MD1R_8cfe0df3-ec92-47fb-988a-df61b4c05f02.png,dg.MD1R/8cfe0df3-ec92-47fb-988a-df61b4c05f02,1
/Users/leoniejunkherr/Documents/master/S4/Projekt/CODE/LT_project/data_hybrid/midrc_images/dg.MD1R_1c1d0c4f-491f-4157-b72b-308b62bd5526.png,dg.MD1R/1c1d0c4f-491f-4157-b72b-308b62bd5526,1
/Users/leoniejunkherr/Documents/master/S4/Projekt/CODE/LT_project/data_hybrid/midrc_images/dg.MD1R_247feb24-c84e-40c8-9f41-2e2dfa1990eb.png,dg.MD1R/247feb24-c84e-40c8-9f41-2e2dfa1990eb,1
/Users/leoniejunkherr/Documents/master/S4/Projekt/CODE/LT_project/data_hybrid/midrc_images/dg.MD1R_3851cb40-26ba-4e5f-b95a-9b9a6fe9dfb9.png,dg.MD1R/3851cb40-26ba-4e5f-b95a-9b9a6fe9dfb9,1
/Users/leoniejunkherr/Documents/master/S4/Projekt/CODE/LT_project/data_hybrid/midrc_images/dg.MD1R_6d1fc1b8-95ac-4205-89c7-e81202076c5c.png,dg.MD1R/6d1fc1b8-95ac-4205-89c7-e81202076c5c,1
/Users/leoniejunkherr/Documents/master/S4/Projekt/CODE/LT_project/data_hybrid/midrc_images/dg.MD1R_26dfcf5f-b3b7-4098-b263-807f243cbb7c.png,dg.MD1R/26dfcf5f-b3b7-4098-b263-807f243cbb7c,1
/Users/leoniejunkherr/Documents/master/S4/Projekt/CODE/LT_project/data_hybrid/midrc_images/dg.MD1R_ddb56f15-466d-4bc0-b387-8bcdf81a1ed9.png,dg.MD1R/ddb56f15-466d-4bc0-b387-8bcdf81a1ed9,1
/Users/leoniejunkherr/Documents/master/S4/Projekt/CODE/LT_project/data_hybrid/midrc_images/dg.MD1R_4cccc732-6a07-4787-a4e1-bf9e9a4fcee2.png,dg.MD1R/4cccc732-6a07-4787-a4e1-bf9e9a4fcee2,1
/Users/leoniejunkherr/Documents/master/S4/Projekt/CODE/LT_project/data_hybrid/midrc_images/dg.MD1R_9b8480bc-666c-4ab6-bc8d-c973aef39476.png,dg.MD1R/9b8480bc-666c-4ab6-bc8d-c973aef39476,1
/Users/leoniejunkherr/Documents/master/S4/Projekt/CODE/LT_project/data_hybrid/midrc_images/dg.MD1R_bc65548e-731e-4d47-96a4-2071cf32a439.png,dg.MD1R/bc65548e-731e-4d47-96a4-2071cf32a439,1
/Users/leoniejunkherr/Documents/master/S4/Projekt/CODE/LT_project/data_hybrid/midrc_images/dg.MD1R_03c48d1a-65c7-4c62-86b0-b6b208ec0a33.png,dg.MD1R/03c48d1a-65c7-4c62-86b0-b6b208ec0a33,1
/Users/leoniejunkherr/Documents/master/S4/Projekt/CODE/LT_project/data_hybrid/midrc_images/dg.MD1R_4028d225-d3c1-4547-a9fb-79da4f3f66ad.png,dg.MD1R/4028d225-d3c1-4547-a9fb-79da4f3f66ad,1
/Users/leoniejunkherr/Documents/master/S4/Projekt/CODE/LT_project/data_hybrid/midrc_images/dg.MD1R_5dae88b9-1a35-4f1e-9ecf-b13e3ba2268b.png,dg.MD1R/5dae88b9-1a35-4f1e-9ecf-b13e3ba2268b,1
/Users/leoniejunkherr/Documents/master/S4/Projekt/CODE/LT_project/data_hybrid/midrc_images/dg.MD1R_757ee5c8-1bad-48ad-b10a-a60aa562ef54.png,dg.MD1R/757ee5c8-1bad-48ad-b10a-a60aa562ef54,1
/Users/leoniejunkherr/Documents/master/S4/Projekt/CODE/LT_project/data_hybrid/midrc_images/dg.MD1R_b89ef4ee-a364-440d-8305-f89d8f9de5a3.png,dg.MD1R/b89ef4ee-a364-440d-8305-f89d8f9de5a3,1
/Users/leoniejunkherr/Documents/master/S4/Projekt/CODE/LT_project/data_hybrid/midrc_images/dg.MD1R_08d9ca42-5eb6-4f80-be62-8bdf4138848f.png,dg.MD1R/08d9ca42-5eb6-4f80-be62-8bdf4138848f,1
/Users/leoniejunkherr/Documents/master/S4/Projekt/CODE/LT_project/data_hybrid/midrc_images/dg.MD1R_d786f20c-14b9-4784-a148-f563dfa77091.png,dg.MD1R/d786f20c-14b9-4784-a148-f563dfa77091,1
/Users/leoniejunkherr/Documents/master/S4/Projekt/CODE/LT_project/data_hybrid/midrc_images/dg.MD1R_f1c0c572-16af-46ec-831f-bda81d162be3.png,dg.MD1R/f1c0c572-16af-46ec-831f-bda81d162be3,1
/Users/leoniejunkherr/Documents/master/S4/Projekt/CODE/LT_project/data_hybrid/midrc_images/dg.MD1R_73bdf36c-3a24-4df1-b2f0-4ed66f728de9.png,dg.MD1R/73bdf36c-3a24-4df1-b2f0-4ed66f728de9,1
/Users/leoniejunkherr/Documents/master/S4/Projekt/CODE/LT_project/data_hybrid/midrc_images/dg.MD1R_86a2b631-8f5e-478e-8ae8-536ac2d32f36.png,dg.MD1R/86a2b631-8f5e-478e-8ae8-536ac2d32f36,1
/Users/leoniejunkherr/Documents/master/S4/Projekt/CODE/LT_project/data_hybrid/midrc_images/dg.MD1R_834b68d1-06aa-4bc8-88b2-5718a6fc93b9.png,dg.MD1R/834b68d1-06aa-4bc8-88b2-5718a6fc93b9,1
/Users/leoniejunkherr/Documents/master/S4/Projekt/CODE/LT_project/data_hybrid/midrc_images/dg.MD1R_b90c0105-96bd-45c2-8481-2979a5a5432f.png,dg.MD1R/b90c0105-96bd-45c2-8481-2979a5a5432f,1
/Users/leoniejunkherr/Documents/master/S4/Projekt/CODE/LT_project/data_hybrid/midrc_images/dg.MD1R_2778aaad-a7ff-482b-a9a6-0e8337922aed.png,dg.MD1R/2778aaad-a7ff-482b-a9a6-0e8337922aed,1
/Users/leoniejunkherr/Documents/master/S4/Projekt/CODE/LT_project/data_hybrid/midrc_images/dg.MD1R_cda2b02a-5bf6-4218-a4e5-112ed1c06d6f.png,dg.MD1R/cda2b02a-5bf6-4218-a4e5-112ed1c06d6f,1
/Users/leoniejunkherr/Documents/master/S4/Projekt/CODE/LT_project/data_hybrid/midrc_images/dg.MD1R_0c3bc8dd-cbb2-4004-bb33-03b02c117349.png,dg.MD1R/0c3bc8dd-cbb2-4004-bb33-03b02c117349,1
/Users/leoniejunkherr/Documents/master/S4/Projekt/CODE/LT_project/data_hybrid/midrc_images/dg.MD1R_e2014aea-69e9-4301-a21e-bd9234ccfe4d.png,dg.MD1R/e2014aea-69e9-4301-a21e-bd9234ccfe4d,1
/Users/leoniejunkherr/Documents/master/S4/Projekt/CODE/LT_project/data_hybrid/midrc_images/dg.MD1R_509f7a0f-bb83-433b-968d-add9bcd4d923.png,dg.MD1R/509f7a0f-bb83-433b-968d-add9bcd4d923,1
/Users/leoniejunkherr/Documents/master/S4/Projekt/CODE/LT_project/data_hybrid/midrc_images/dg.MD1R_66e94564-8066-42e0-943d-0d69d4b0ef8f.png,dg.MD1R/66e94564-8066-42e0-943d-0d69d4b0ef8f,1
/Users/leoniejunkherr/Documents/master/S4/Projekt/CODE/LT_project/data_hybrid/midrc_images/dg.MD1R_b2fa2a57-25ba-4428-aa0a-e6a2a1884a71.png,dg.MD1R/b2fa2a57-25ba-4428-aa0a-e6a2a1884a71,1
/Users/leoniejunkherr/Documents/master/S4/Projekt/CODE/LT_project/data_hybrid/midrc_images/dg.MD1R_60cc3719-c2b1-414b-aab3-ae425a2c76d2.png,dg.MD1R/60cc3719-c2b1-414b-aab3-ae425a2c76d2,1
/Users/leoniejunkherr/Documents/master/S4/Projekt/CODE/LT_project/data_hybrid/midrc_images/dg.MD1R_ca77eb02-8395-4fa8-9db1-3862a4740192.png,dg.MD1R/ca77eb02-8395-4fa8-9db1-3862a4740192,1
/Users/leoniejunkherr/Documents/master/S4/Projekt/CODE/LT_project/data_hybrid/midrc_images/dg.MD1R_62dde438-1f94-4c1f-9907-3c58f4833da2.png,dg.MD1R/62dde438-1f94-4c1f-9907-3c58f4833da2,1
/Users/leoniejunkherr/Documents/master/S4/Projekt/CODE/LT_project/data_hybrid/midrc_images/dg.MD1R_e7a50d46-b848-4b2f-9503-ec40c01372c0.png,dg.MD1R/e7a50d46-b848-4b2f-9503-ec40c01372c0,1
/Users/leoniejunkherr/Documents/master/S4/Projekt/CODE/LT_project/data_hybrid/midrc_images/dg.MD1R_fd6210e6-8858-4e20-9823-d273e936e79e.png,dg.MD1R/fd6210e6-8858-4e20-9823-d273e936e79e,1
/Users/leoniejunkherr/Documents/master/S4/Projekt/CODE/LT_project/data_hybrid/midrc_images/dg.MD1R_ba35041d-fe5c-465c-accb-735c84e114ee.png,dg.MD1R/ba35041d-fe5c-465c-accb-735c84e114ee,1
/Users/leoniejunkherr/Documents/master/S4/Projekt/CODE/LT_project/data_hybrid/midrc_images/dg.MD1R_ffa6494e-08ab-42ac-bc80-8231df1a2f18.png,dg.MD1R/ffa6494e-08ab-42ac-bc80-8231df1a2f18,1
/Users/leoniejunkherr/Documents/master/S4/Projekt/CODE/LT_project/data_hybrid/midrc_images/dg.MD1R_f128d2a3-d244-4ea6-97bd-024c2358bdaf.png,dg.MD1R/f128d2a3-d244-4ea6-97bd-024c2358bdaf,1
/Users/leoniejunkherr/Documents/master/S4/Projekt/CODE/LT_project/data_hybrid/midrc_images/dg.MD1R_df14dce5-e504-4a2c-be28-387cb514d488.png,dg.MD1R/df14dce5-e504-4a2c-be28-387cb514d488,1
/Users/leoniejunkherr/Documents/master/S4/Projekt/CODE/LT_project/data_hybrid/midrc_images/dg.MD1R_c433cdc3-0776-4152-94bc-b51264f6be92.png,dg.MD1R/c433cdc3-0776-4152-94bc-b51264f6be92,1
/Users/leoniejunkherr/Documents/master/S4/Projekt/CODE/LT_project/data_hybrid/midrc_images/dg.MD1R_f26ba5b6-d9d6-4096-9d40-99160aae30da.png,dg.MD1R/f26ba5b6-d9d6-4096-9d40-99160aae30da,1
/Users/leoniejunkherr/Documents/master/S4/Projekt/CODE/LT_project/data_hybrid/midrc_images/dg.MD1R_a4d9fccb-4043-4b41-af77-95dd08c17848.png,dg.MD1R/a4d9fccb-4043-4b41-af77-95dd08c17848,1
/Users/leoniejunkherr/Documents/master/S4/Projekt/CODE/LT_project/data_hybrid/midrc_images/dg.MD1R_0f6207fb-c1cf-4baf-9b39-c0a7489d1e3d.png,dg.MD1R/0f6207fb-c1cf-4baf-9b39-c0a7489d1e3d,1
/Users/leoniejunkherr/Documents/master/S4/Projekt/CODE/LT_project/data_hybrid/midrc_images/dg.MD1R_21480b62-78be-43cc-a2b3-cefe90d27921.png,dg.MD1R/21480b62-78be-43cc-a2b3-cefe90d27921,1
/Users/leoniejunkherr/Documents/master/S4/Projekt/CODE/LT_project/data_hybrid/midrc_images/dg.MD1R_c91871bc-2212-4c55-b2f9-b044786607cb.png,dg.MD1R/c91871bc-2212-4c55-b2f9-b044786607cb,1
/Users/leoniejunkherr/Documents/master/S4/Projekt/CODE/LT_project/data_hybrid/midrc_images/dg.MD1R_83fd32d1-92f9-47cc-a6b3-5373f133329e.png,dg.MD1R/83fd32d1-92f9-47cc-a6b3-5373f133329e,1
/Users/leoniejunkherr/Documents/master/S4/Projekt/CODE/LT_project/data_hybrid/midrc_images/dg.MD1R_465582d0-3183-4969-839f-9891eaea9309.png,dg.MD1R/465582d0-3183-4969-839f-9891eaea9309,1
/Users/leoniejunkherr/Documents/master/S4/Projekt/CODE/LT_project/data_hybrid/midrc_images/dg.MD1R_27b0c3e0-6688-41ff-8fa0-d0d754fb5bef.png,dg.MD1R/27b0c3e0-6688-41ff-8fa0-d0d754fb5bef,1
/Users/leoniejunkherr/Documents/master/S4/Projekt/CODE/LT_project/data_hybrid/midrc_images/dg.MD1R_bd155e5f-2f55-44d7-acda-90debff7673d.png,dg.MD1R/bd155e5f-2f55-44d7-acda-90debff7673d,1
/Users/leoniejunkherr/Documents/master/S4/Projekt/CODE/LT_project/data_hybrid/midrc_images/dg.MD1R_c4c229fc-5695-4d5b-81de-d0466e59d3fb.png,dg.MD1R/c4c229fc-5695-4d5b-81de-d0466e59d3fb,1
/Users/leoniejunkherr/Documents/master/S4/Projekt/CODE/LT_project/data_hybrid/midrc_images/dg.MD1R_da8f8798-74ee-4ffb-8372-d4251b400471.png,dg.MD1R/da8f8798-74ee-4ffb-8372-d4251b400471,1
/Users/leoniejunkherr/Documents/master/S4/Projekt/CODE/LT_project/data_hybrid/midrc_images/dg.MD1R_0ba4d363-54bd-49dd-8130-70889d09c8e1.png,dg.MD1R/0ba4d363-54bd-49dd-8130-70889d09c8e1,1
/Users/leoniejunkherr/Documents/master/S4/Projekt/CODE/LT_project/data_hybrid/midrc_images/dg.MD1R_6ba60b5d-4a93-43fe-8c75-ed8a098b0796.png,dg.MD1R/6ba60b5d-4a93-43fe-8c75-ed8a098b0796,1
/Users/leoniejunkherr/Documents/master/S4/Projekt/CODE/LT_project/data_hybrid/midrc_images/dg.MD1R_64b3cc8c-acce-42f3-b07c-3d571ce9df80.png,dg.MD1R/64b3cc8c-acce-42f3-b07c-3d571ce9df80,1
/Users/leoniejunkherr/Documents/master/S4/Projekt/CODE/LT_project/data_hybrid/midrc_images/dg.MD1R_3ad6c04e-7bc3-49cc-b0c4-4d2e8a373a1d.png,dg.MD1R/3ad6c04e-7bc3-49cc-b0c4-4d2e8a373a1d,1
/Users/leoniejunkherr/Documents/master/S4/Projekt/CODE/LT_project/data_hybrid/midrc_images/dg.MD1R_85787282-8315-4aed-a2e4-5967027a6b86.png,dg.MD1R/85787282-8315-4aed-a2e4-5967027a6b86,1
/Users/leoniejunkherr/Documents/master/S4/Projekt/CODE/LT_project/data_hybrid/midrc_images/dg.MD1R_b2221503-f1a3-4e45-b416-c1cb9a0976c7.png,dg.MD1R/b2221503-f1a3-4e45-b416-c1cb9a0976c7,1
/Users/leoniejunkherr/Documents/master/S4/Projekt/CODE/LT_project/data_hybrid/midrc_images/dg.MD1R_f5adb36f-f449-4860-9a81-909f2a572c5d.png,dg.MD1R/f5adb36f-f449-4860-9a81-909f2a572c5d,1
/Users/leoniejunkherr/Documents/master/S4/Projekt/CODE/LT_project/data_hybrid/midrc_images/dg.MD1R_9c1fd293-c9f0-4e0a-8f5f-9b3b5640901d.png,dg.MD1R/9c1fd293-c9f0-4e0a-8f5f-9b3b5640901d,1
/Users/leoniejunkherr/Documents/master/S4/Projekt/CODE/LT_project/data_hybrid/midrc_images/dg.MD1R_e8dbcf24-0f82-4425-890b-3018d074c3f7.png,dg.MD1R/e8dbcf24-0f82-4425-890b-3018d074c3f7,1
/Users/leoniejunkherr/Documents/master/S4/Projekt/CODE/LT_project/data_hybrid/midrc_images/dg.MD1R_69c521c6-bf72-420c-acc4-7f1783814904.png,dg.MD1R/69c521c6-bf72-420c-acc4-7f1783814904,1
/Users/leoniejunkherr/Documents/master/S4/Projekt/CODE/LT_project/data_hybrid/midrc_images/dg.MD1R_c956c980-3d46-46f6-8a2a-88c0a7f612ad.png,dg.MD1R/c956c980-3d46-46f6-8a2a-88c0a7f612ad,1
/Users/leoniejunkherr/Documents/master/S4/Projekt/CODE/LT_project/data_hybrid/midrc_images/dg.MD1R_67ac95ab-c1fc-425e-a83c-f12fb5d4340b.png,dg.MD1R/67ac95ab-c1fc-425e-a83c-f12fb5d4340b,1
/Users/leoniejunkherr/Documents/master/S4/Projekt/CODE/LT_project/data_hybrid/midrc_images/dg.MD1R_d4c3d812-8d5d-4d0f-9ee1-0c7d8dc4c138.png,dg.MD1R/d4c3d812-8d5d-4d0f-9ee1-0c7d8dc4c138,1
/Users/leoniejunkherr/Documents/master/S4/Projekt/CODE/LT_project/data_hybrid/midrc_images/dg.MD1R_97ca47f5-613c-4b53-ad68-8090ad1748bc.png,dg.MD1R/97ca47f5-613c-4b53-ad68-8090ad1748bc,1
/Users/leoniejunkherr/Documents/master/S4/Projekt/CODE/LT_project/data_hybrid/midrc_images/dg.MD1R_f8e29259-d296-4b06-9ac8-9ad6f878cc10.png,dg.MD1R/f8e29259-d296-4b06-9ac8-9ad6f878cc10,1
/Users/leoniejunkherr/Documents/master/S4/Projekt/CODE/LT_project/data_hybrid/midrc_images/dg.MD1R_e3b02b04-515e-4dcb-b020-d6e54d9e63a8.png,dg.MD1R/e3b02b04-515e-4dcb-b020-d6e54d9e63a8,1
/Users/leoniejunkherr/Documents/master/S4/Projekt/CODE/LT_project/data_hybrid/midrc_images/dg.MD1R_216ba32d-b550-4fce-b64c-4382ea9c4288.png,dg.MD1R/216ba32d-b550-4fce-b64c-4382ea9c4288,1
/Users/leoniejunkherr/Documents/master/S4/Projekt/CODE/LT_project/data_hybrid/midrc_images/dg.MD1R_e9353c97-0d21-4d92-822d-95ad5c58be9b.png,dg.MD1R/e9353c97-0d21-4d92-822d-95ad5c58be9b,1
/Users/leoniejunkherr/Documents/master/S4/Projekt/CODE/LT_project/data_hybrid/midrc_images/dg.MD1R_55212824-204c-4176-8994-c292ab42a3a0.png,dg.MD1R/55212824-204c-4176-8994-c292ab42a3a0,1
/Users/leoniejunkherr/Documents/master/S4/Projekt/CODE/LT_project/data_hybrid/midrc_images/dg.MD1R_91349fcd-a464-4bce-ad3c-7652bcb478c0.png,dg.MD1R/91349fcd-a464-4bce-ad3c-7652bcb478c0,1
/Users/leoniejunkherr/Documents/master/S4/Projekt/CODE/LT_project/data_hybrid/midrc_images/dg.MD1R_f403a362-3093-4f2b-860e-ad915d84dcc0.png,dg.MD1R/f403a362-3093-4f2b-860e-ad915d84dcc0,1
/Users/leoniejunkherr/Documents/master/S4/Projekt/CODE/LT_project/data_hybrid/midrc_images/dg.MD1R_737ce2bd-68a1-4a44-8828-c5cdc1f87bab.png,dg.MD1R/737ce2bd-68a1-4a44-8828-c5cdc1f87bab,1
/Users/leoniejunkherr/Documents/master/S4/Projekt/CODE/LT_project/data_hybrid/midrc_images/dg.MD1R_df3e9e75-ee7e-443b-bc01-e276c87e9cce.png,dg.MD1R/df3e9e75-ee7e-443b-bc01-e276c87e9cce,1
/Users/leoniejunkherr/Documents/master/S4/Projekt/CODE/LT_project/data_hybrid/midrc_images/dg.MD1R_f0b3699e-706f-4efb-aa5f-8a88da01cf60.png,dg.MD1R/f0b3699e-706f-4efb-aa5f-8a88da01cf60,1
/Users/leoniejunkherr/Documents/master/S4/Projekt/CODE/LT_project/data_hybrid/midrc_images/dg.MD1R_223f9c87-f33d-4a70-804b-b67438c90afd.png,dg.MD1R/223f9c87-f33d-4a70-804b-b67438c90afd,1
/Users/leoniejunkherr/Documents/master/S4/Projekt/CODE/LT_project/data_hybrid/midrc_images/dg.MD1R_0c44b317-c31f-4780-926b-f799088d0416.png,dg.MD1R/0c44b317-c31f-4780-926b-f799088d0416,1
/Users/leoniejunkherr/Documents/master/S4/Projekt/CODE/LT_project/data_hybrid/midrc_images/dg.MD1R_a498c821-452c-47cd-9e9f-680e178345a7.png,dg.MD1R/a498c821-452c-47cd-9e9f-680e178345a7,1
/Users/leoniejunkherr/Documents/master/S4/Projekt/CODE/LT_project/data_hybrid/midrc_images/dg.MD1R_aed801b1-6575-4ebb-b053-446087991b24.png,dg.MD1R/aed801b1-6575-4ebb-b053-446087991b24,1
/Users/leoniejunkherr/Documents/master/S4/Projekt/CODE/LT_project/data_hybrid/midrc_images/dg.MD1R_d5453340-7f28-4af1-871e-6b2f5b347e7e.png,dg.MD1R/d5453340-7f28-4af1-871e-6b2f5b347e7e,1
/Users/leoniejunkherr/Documents/master/S4/Projekt/CODE/LT_project/data_hybrid/midrc_images/dg.MD1R_8c887ba5-5212-4770-be6a-d576c642eb73.png,dg.MD1R/8c887ba5-5212-4770-be6a-d576c642eb73,1
/Users/leoniejunkherr/Documents/master/S4/Projekt/CODE/LT_project/data_hybrid/midrc_images/dg.MD1R_c92042ca-791e-48bb-bb75-c5d8065dd035.png,dg.MD1R/c92042ca-791e-48bb-bb75-c5d8065dd035,1
/Users/leoniejunkherr/Documents/master/S4/Projekt/CODE/LT_project/data_hybrid/midrc_images/dg.MD1R_4a39a97d-36cb-4138-866f-650f0def720b.png,dg.MD1R/4a39a97d-36cb-4138-866f-650f0def720b,1
/Users/leoniejunkherr/Documents/master/S4/Projekt/CODE/LT_project/data_hybrid/midrc_images/dg.MD1R_672fb08d-f726-489a-9777-674fb44de19f.png,dg.MD1R/672fb08d-f726-489a-9777-674fb44de19f,1
/Users/leoniejunkherr/Documents/master/S4/Projekt/CODE/LT_project/data_hybrid/midrc_images/dg.MD1R_44632318-eee9-457d-83d0-6722be836337.png,dg.MD1R/44632318-eee9-457d-83d0-6722be836337,1
/Users/leoniejunkherr/Documents/master/S4/Projekt/CODE/LT_project/data_hybrid/midrc_images/dg.MD1R_0a114d9f-c105-4608-8bcf-b115cbb78a80.png,dg.MD1R/0a114d9f-c105-4608-8bcf-b115cbb78a80,1
/Users/leoniejunkherr/Documents/master/S4/Projekt/CODE/LT_project/data_hybrid/midrc_images/dg.MD1R_9cb5a3d9-681d-4178-9c11-72c36f58131f.png,dg.MD1R/9cb5a3d9-681d-4178-9c11-72c36f58131f,1
/Users/leoniejunkherr/Documents/master/S4/Projekt/CODE/LT_project/data_hybrid/midrc_images/dg.MD1R_da0e9b6b-7f58-4e31-a3a8-0a102f748967.png,dg.MD1R/da0e9b6b-7f58-4e31-a3a8-0a102f748967,1
/Users/leoniejunkherr/Documents/master/S4/Projekt/CODE/LT_project/data_hybrid/midrc_images/dg.MD1R_4235f81f-113d-467a-9321-97366cb4db27.png,dg.MD1R/4235f81f-113d-467a-9321-97366cb4db27,1
/Users/leoniejunkherr/Documents/master/S4/Projekt/CODE/LT_project/data_hybrid/midrc_images/dg.MD1R_5e4e3616-8a79-499b-a6e4-42e955a654f8.png,dg.MD1R/5e4e3616-8a79-499b-a6e4-42e955a654f8,1
/Users/leoniejunkherr/Documents/master/S4/Projekt/CODE/LT_project/data_hybrid/midrc_images/dg.MD1R_ae01ae5f-7c9a-4484-93e0-69357461c0b8.png,dg.MD1R/ae01ae5f-7c9a-4484-93e0-69357461c0b8,1
/Users/leoniejunkherr/Documents/master/S4/Projekt/CODE/LT_project/data_hybrid/midrc_images/dg.MD1R_078da482-2886-44a6-819f-e3d968558c6e.png,dg.MD1R/078da482-2886-44a6-819f-e3d968558c6e,1
/Users/leoniejunkherr/Documents/master/S4/Projekt/CODE/LT_project/data_hybrid/midrc_images/dg.MD1R_9b6f81d6-5e8b-47de-80fa-f14c83498e9b.png,dg.MD1R/9b6f81d6-5e8b-47de-80fa-f14c83498e9b,1
/Users/leoniejunkherr/Documents/master/S4/Projekt/CODE/LT_project/data_hybrid/midrc_images/dg.MD1R_f812f403-d9fa-41fe-bf8b-23eff48744b9.png,dg.MD1R/f812f403-d9fa-41fe-bf8b-23eff48744b9,1
/Users/leoniejunkherr/Documents/master/S4/Projekt/CODE/LT_project/data_hybrid/midrc_images/dg.MD1R_88ab6206-7857-489c-9609-f9b92c26ca42.png,dg.MD1R/88ab6206-7857-489c-9609-f9b92c26ca42,1
/Users/leoniejunkherr/Documents/master/S4/Projekt/CODE/LT_project/data_hybrid/midrc_images/dg.MD1R_5e18b6c7-29cc-4816-8192-ec80b55aac2f.png,dg.MD1R/5e18b6c7-29cc-4816-8192-ec80b55aac2f,1
/Users/leoniejunkherr/Documents/master/S4/Projekt/CODE/LT_project/data_hybrid/midrc_images/dg.MD1R_4413a34d-16f2-4b5f-a43c-d330d19bc89a.png,dg.MD1R/4413a34d-16f2-4b5f-a43c-d330d19bc89a,1
/Users/leoniejunkherr/Documents/master/S4/Projekt/CODE/LT_project/data_hybrid/midrc_images/dg.MD1R_825afec2-460e-496c-9bde-e60703860b57.png,dg.MD1R/825afec2-460e-496c-9bde-e60703860b57,1
/Users/leoniejunkherr/Documents/master/S4/Projekt/CODE/LT_project/data_hybrid/midrc_images/dg.MD1R_7f5a93d5-b2d0-40a2-9d44-f2d7fa1b8281.png,dg.MD1R/7f5a93d5-b2d0-40a2-9d44-f2d7fa1b8281,1
/Users/leoniejunkherr/Documents/master/S4/Projekt/CODE/LT_project/data_hybrid/midrc_images/dg.MD1R_6a5a1407-801c-423f-9841-dbdcab92f7bc.png,dg.MD1R/6a5a1407-801c-423f-9841-dbdcab92f7bc,1
/Users/leoniejunkherr/Documents/master/S4/Projekt/CODE/LT_project/data_hybrid/midrc_images/dg.MD1R_b1707133-ae3c-4f1e-aa0f-32269eb6cd96.png,dg.MD1R/b1707133-ae3c-4f1e-aa0f-32269eb6cd96,1
/Users/leoniejunkherr/Documents/master/S4/Projekt/CODE/LT_project/data_hybrid/midrc_images/dg.MD1R_090cf232-0669-4be9-a828-52039511b1a9.png,dg.MD1R/090cf232-0669-4be9-a828-52039511b1a9,1
/Users/leoniejunkherr/Documents/master/S4/Projekt/CODE/LT_project/data_hybrid/midrc_images/dg.MD1R_4ec08470-679f-42bd-abf7-4b0a1a02b6c3.png,dg.MD1R/4ec08470-679f-42bd-abf7-4b0a1a02b6c3,1
/Users/leoniejunkherr/Documents/master/S4/Projekt/CODE/LT_project/data_hybrid/midrc_images/dg.MD1R_af44d939-bdc5-4c1c-a66e-edac3110bdc6.png,dg.MD1R/af44d939-bdc5-4c1c-a66e-edac3110bdc6,1
/Users/leoniejunkherr/Documents/master/S4/Projekt/CODE/LT_project/data_hybrid/midrc_images/dg.MD1R_43f15bc2-49d9-4aa7-9aaf-7e3eccdbf7c6.png,dg.MD1R/43f15bc2-49d9-4aa7-9aaf-7e3eccdbf7c6,1
/Users/leoniejunkherr/Documents/master/S4/Projekt/CODE/LT_project/data_hybrid/midrc_images/dg.MD1R_6d22d3df-3673-4c83-86f1-87221ecca042.png,dg.MD1R/6d22d3df-3673-4c83-86f1-87221ecca042,1
/Users/leoniejunkherr/Documents/master/S4/Projekt/CODE/LT_project/data_hybrid/midrc_images/dg.MD1R_6c63a31d-7bd0-4d79-9016-e00b305bb0b1.png,dg.MD1R/6c63a31d-7bd0-4d79-9016-e00b305bb0b1,1
/Users/leoniejunkherr/Documents/master/S4/Projekt/CODE/LT_project/data_hybrid/midrc_images/dg.MD1R_50086f02-b174-4b1b-a9af-0be7fa4ad160.png,dg.MD1R/50086f02-b174-4b1b-a9af-0be7fa4ad160,1
/Users/leoniejunkherr/Documents/master/S4/Projekt/CODE/LT_project/data_hybrid/midrc_images/dg.MD1R_f6f65963-f169-4a9d-8387-75302e29b0b8.png,dg.MD1R/f6f65963-f169-4a9d-8387-75302e29b0b8,1
/Users/leoniejunkherr/Documents/master/S4/Projekt/CODE/LT_project/data_hybrid/midrc_images/dg.MD1R_99ed07ab-e351-453c-815f-eb7e6e1abacb.png,dg.MD1R/99ed07ab-e351-453c-815f-eb7e6e1abacb,1
/Users/leoniejunkherr/Documents/master/S4/Projekt/CODE/LT_project/data_hybrid/midrc_images/dg.MD1R_5b52130c-f550-40b1-9ba7-75ac1557fc69.png,dg.MD1R/5b52130c-f550-40b1-9ba7-75ac1557fc69,1
/Users/leoniejunkherr/Documents/master/S4/Projekt/CODE/LT_project/data_hybrid/midrc_images/dg.MD1R_ba9e756a-c272-4165-b218-aad6a813ddc9.png,dg.MD1R/ba9e756a-c272-4165-b218-aad6a813ddc9,1
/Users/leoniejunkherr/Documents/master/S4/Projekt/CODE/LT_project/data_hybrid/midrc_images/dg.MD1R_cab96a57-e252-4e60-8f49-4d91af7b31c5.png,dg.MD1R/cab96a57-e252-4e60-8f49-4d91af7b31c5,1
/Users/leoniejunkherr/Documents/master/S4/Projekt/CODE/LT_project/data_hybrid/midrc_images/dg.MD1R_6921812d-ce80-42fc-bba9-0454322f6c05.png,dg.MD1R/6921812d-ce80-42fc-bba9-0454322f6c05,1
/Users/leoniejunkherr/Documents/master/S4/Projekt/CODE/LT_project/data_hybrid/midrc_images/dg.MD1R_97ea4a9f-57f3-4d26-bee0-2959cf7b3802.png,dg.MD1R/97ea4a9f-57f3-4d26-bee0-2959cf7b3802,1
/Users/leoniejunkherr/Documents/master/S4/Projekt/CODE/LT_project/data_hybrid/midrc_images/dg.MD1R_b084de99-5d9e-4ea1-abe7-c32c6335b3c6.png,dg.MD1R/b084de99-5d9e-4ea1-abe7-c32c6335b3c6,1
/Users/leoniejunkherr/Documents/master/S4/Projekt/CODE/LT_project/data_hybrid/midrc_images/dg.MD1R_a6013016-fe56-4bae-840a-767f068cad21.png,dg.MD1R/a6013016-fe56-4bae-840a-767f068cad21,1
/Users/leoniejunkherr/Documents/master/S4/Projekt/CODE/LT_project/data_hybrid/midrc_images/dg.MD1R_e6e31e50-cf5a-4382-b446-c25316da9e1f.png,dg.MD1R/e6e31e50-cf5a-4382-b446-c25316da9e1f,1
/Users/leoniejunkherr/Documents/master/S4/Projekt/CODE/LT_project/data_hybrid/midrc_images/dg.MD1R_ad4edd66-141b-468f-bf42-520c12e6d921.png,dg.MD1R/ad4edd66-141b-468f-bf42-520c12e6d921,1
/Users/leoniejunkherr/Documents/master/S4/Projekt/CODE/LT_project/data_hybrid/midrc_images/dg.MD1R_0d9a60d5-7a6a-498a-bc6f-22adc2a2cecb.png,dg.MD1R/0d9a60d5-7a6a-498a-bc6f-22adc2a2cecb,1
/Users/leoniejunkherr/Documents/master/S4/Projekt/CODE/LT_project/data_hybrid/midrc_images/dg.MD1R_aef8e9fc-e96e-482e-85e3-235d72a41b3e.png,dg.MD1R/aef8e9fc-e96e-482e-85e3-235d72a41b3e,1
/Users/leoniejunkherr/Documents/master/S4/Projekt/CODE/LT_project/data_hybrid/midrc_images/dg.MD1R_f55eeddb-76d4-40d3-afda-596180bf2661.png,dg.MD1R/f55eeddb-76d4-40d3-afda-596180bf2661,1
/Users/leoniejunkherr/Documents/master/S4/Projekt/CODE/LT_project/data_hybrid/midrc_images/dg.MD1R_4a3ebca6-2fde-463b-ba4d-51621f94458d.png,dg.MD1R/4a3ebca6-2fde-463b-ba4d-51621f94458d,1
/Users/leoniejunkherr/Documents/master/S4/Projekt/CODE/LT_project/data_hybrid/midrc_images/dg.MD1R_a9c50cdc-cfa9-403e-9a7f-c32ce7954ca0.png,dg.MD1R/a9c50cdc-cfa9-403e-9a7f-c32ce7954ca0,1
/Users/leoniejunkherr/Documents/master/S4/Projekt/CODE/LT_project/data_hybrid/midrc_images/dg.MD1R_30217055-7fc8-483a-b2ba-046a09aebc49.png,dg.MD1R/30217055-7fc8-483a-b2ba-046a09aebc49,1
/Users/leoniejunkherr/Documents/master/S4/Projekt/CODE/LT_project/data_hybrid/midrc_images/dg.MD1R_f34164d5-ce3e-4c0e-b15d-0c73a67aacde.png,dg.MD1R/f34164d5-ce3e-4c0e-b15d-0c73a67aacde,1
/Users/leoniejunkherr/Documents/master/S4/Projekt/CODE/LT_project/data_hybrid/midrc_images/dg.MD1R_c17adfff-28a5-4587-a5b7-41357ae1419e.png,dg.MD1R/c17adfff-28a5-4587-a5b7-41357ae1419e,1
/Users/leoniejunkherr/Documents/master/S4/Projekt/CODE/LT_project/data_hybrid/midrc_images/dg.MD1R_46ba8368-b6d0-4856-836b-04bb1bfebcf6.png,dg.MD1R/46ba8368-b6d0-4856-836b-04bb1bfebcf6,1
/Users/leoniejunkherr/Documents/master/S4/Projekt/CODE/LT_project/data_hybrid/midrc_images/dg.MD1R_167b7284-6c57-4308-91a1-5366cb1fb293.png,dg.MD1R/167b7284-6c57-4308-91a1-5366cb1fb293,1
/Users/leoniejunkherr/Documents/master/S4/Projekt/CODE/LT_project/data_hybrid/midrc_images/dg.MD1R_22592264-79e8-4ed8-ad55-34b4c2991024.png,dg.MD1R/22592264-79e8-4ed8-ad55-34b4c2991024,1
/Users/leoniejunkherr/Documents/master/S4/Projekt/CODE/LT_project/data_hybrid/midrc_images/dg.MD1R_301a51c1-d2db-43ad-95a7-021b7ca47ef3.png,dg.MD1R/301a51c1-d2db-43ad-95a7-021b7ca47ef3,1
/Users/leoniejunkherr/Documents/master/S4/Projekt/CODE/LT_project/data_hybrid/midrc_images/dg.MD1R_ca2b2ceb-fedc-437d-8276-fcd4c01b4ce4.png,dg.MD1R/ca2b2ceb-fedc-437d-8276-fcd4c01b4ce4,1
/Users/leoniejunkherr/Documents/master/S4/Projekt/CODE/LT_project/data_hybrid/midrc_images/dg.MD1R_31fbb161-0be0-4743-8f91-f0a2489da21a.png,dg.MD1R/31fbb161-0be0-4743-8f91-f0a2489da21a,1
/Users/leoniejunkherr/Documents/master/S4/Projekt/CODE/LT_project/data_hybrid/midrc_images/dg.MD1R_961047d6-58a5-4167-8ea6-b27d0f281641.png,dg.MD1R/961047d6-58a5-4167-8ea6-b27d0f281641,1
/Users/leoniejunkherr/Documents/master/S4/Projekt/CODE/LT_project/data_hybrid/midrc_images/dg.MD1R_7ad271f6-22f0-4697-9dde-8ee8ac11ee55.png,dg.MD1R/7ad271f6-22f0-4697-9dde-8ee8ac11ee55,1
/Users/leoniejunkherr/Documents/master/S4/Projekt/CODE/LT_project/data_hybrid/midrc_images/dg.MD1R_fc1bdd14-3617-4997-a089-72f260792f5f.png,dg.MD1R/fc1bdd14-3617-4997-a089-72f260792f5f,1
/Users/leoniejunkherr/Documents/master/S4/Projekt/CODE/LT_project/data_hybrid/midrc_images/dg.MD1R_4cc1cb5d-bc6a-4ead-b716-ba87e9e270f4.png,dg.MD1R/4cc1cb5d-bc6a-4ead-b716-ba87e9e270f4,1
/Users/leoniejunkherr/Documents/master/S4/Projekt/CODE/LT_project/data_hybrid/midrc_images/dg.MD1R_39e6c464-cd4a-42f8-8108-323684cd41f8.png,dg.MD1R/39e6c464-cd4a-42f8-8108-323684cd41f8,1
/Users/leoniejunkherr/Documents/master/S4/Projekt/CODE/LT_project/data_hybrid/midrc_images/dg.MD1R_cceb592b-fa5c-46e6-ad44-ab65646d5687.png,dg.MD1R/cceb592b-fa5c-46e6-ad44-ab65646d5687,1
/Users/leoniejunkherr/Documents/master/S4/Projekt/CODE/LT_project/data_hybrid/midrc_images/dg.MD1R_7cf5aba6-6cac-4c31-b005-0275b00ad2b5.png,dg.MD1R/7cf5aba6-6cac-4c31-b005-0275b00ad2b5,1
/Users/leoniejunkherr/Documents/master/S4/Projekt/CODE/LT_project/data_hybrid/midrc_images/dg.MD1R_f34b2d63-c94d-481e-bd51-13b42e995b6b.png,dg.MD1R/f34b2d63-c94d-481e-bd51-13b42e995b6b,1
/Users/leoniejunkherr/Documents/master/S4/Projekt/CODE/LT_project/data_hybrid/midrc_images/dg.MD1R_09074b98-917f-4ec1-96d9-bdb47f1455a5.png,dg.MD1R/09074b98-917f-4ec1-96d9-bdb47f1455a5,1
/Users/leoniejunkherr/Documents/master/S4/Projekt/CODE/LT_project/data_hybrid/midrc_images/dg.MD1R_0e10b580-5142-43e4-901a-91824b15d920.png,dg.MD1R/0e10b580-5142-43e4-901a-91824b15d920,1
/Users/leoniejunkherr/Documents/master/S4/Projekt/CODE/LT_project/data_hybrid/midrc_images/dg.MD1R_ef0abc8b-6074-461b-96c7-587fc14e2676.png,dg.MD1R/ef0abc8b-6074-461b-96c7-587fc14e2676,1
/Users/leoniejunkherr/Documents/master/S4/Projekt/CODE/LT_project/data_hybrid/midrc_images/dg.MD1R_0aa45189-9516-4798-88ed-b630af993b70.png,dg.MD1R/0aa45189-9516-4798-88ed-b630af993b70,1
/Users/leoniejunkherr/Documents/master/S4/Projekt/CODE/LT_project/data_hybrid/midrc_images/dg.MD1R_56a2f261-6003-475e-820f-2cbaa95b6307.png,dg.MD1R/56a2f261-6003-475e-820f-2cbaa95b6307,1
/Users/leoniejunkherr/Documents/master/S4/Projekt/CODE/LT_project/data_hybrid/midrc_images/dg.MD1R_a2fc7f33-0a3b-4a5a-8573-db7d598c61f3.png,dg.MD1R/a2fc7f33-0a3b-4a5a-8573-db7d598c61f3,1
/Users/leoniejunkherr/Documents/master/S4/Projekt/CODE/LT_project/data_hybrid/midrc_images/dg.MD1R_b2d9cf1e-0e43-44c3-a3f9-21bc7c75e8d3.png,dg.MD1R/b2d9cf1e-0e43-44c3-a3f9-21bc7c75e8d3,1
/Users/leoniejunkherr/Documents/master/S4/Projekt/CODE/LT_project/data_hybrid/midrc_images/dg.MD1R_cf8af75a-ec76-4ee1-b7f9-4acb3b42302f.png,dg.MD1R/cf8af75a-ec76-4ee1-b7f9-4acb3b42302f,1
/Users/leoniejunkherr/Documents/master/S4/Projekt/CODE/LT_project/data_hybrid/midrc_images/dg.MD1R_7d65aa52-224d-4ee0-95af-f3576d0667e7.png,dg.MD1R/7d65aa52-224d-4ee0-95af-f3576d0667e7,1
/Users/leoniejunkherr/Documents/master/S4/Projekt/CODE/LT_project/data_hybrid/midrc_images/dg.MD1R_81d0f955-4649-4020-b78c-b337be0aae34.png,dg.MD1R/81d0f955-4649-4020-b78c-b337be0aae34,1
/Users/leoniejunkherr/Documents/master/S4/Projekt/CODE/LT_project/data_hybrid/midrc_images/dg.MD1R_eea2150d-f14a-4d48-a18f-48977a7ed33b.png,dg.MD1R/eea2150d-f14a-4d48-a18f-48977a7ed33b,1
/Users/leoniejunkherr/Documents/master/S4/Projekt/CODE/LT_project/data_hybrid/midrc_images/dg.MD1R_737eabdd-8a2b-4502-8445-bd0b2101b07c.png,dg.MD1R/737eabdd-8a2b-4502-8445-bd0b2101b07c,1
/Users/leoniejunkherr/Documents/master/S4/Projekt/CODE/LT_project/data_hybrid/midrc_images/dg.MD1R_d86fea69-0d9a-4564-a83a-60b23c47d741.png,dg.MD1R/d86fea69-0d9a-4564-a83a-60b23c47d741,1
/Users/leoniejunkherr/Documents/master/S4/Projekt/CODE/LT_project/data_hybrid/midrc_images/dg.MD1R_182a3691-3029-40d2-a1a5-ad28d8910032.png,dg.MD1R/182a3691-3029-40d2-a1a5-ad28d8910032,1
/Users/leoniejunkherr/Documents/master/S4/Projekt/CODE/LT_project/data_hybrid/midrc_images/dg.MD1R_9d8b08fd-96ea-499a-b466-a8f5bddf3d80.png,dg.MD1R/9d8b08fd-96ea-499a-b466-a8f5bddf3d80,1
/Users/leoniejunkherr/Documents/master/S4/Projekt/CODE/LT_project/data_hybrid/midrc_images/dg.MD1R_ffc5fc92-2877-498b-a1da-166182d75864.png,dg.MD1R/ffc5fc92-2877-498b-a1da-166182d75864,1
/Users/leoniejunkherr/Documents/master/S4/Projekt/CODE/LT_project/data_hybrid/midrc_images/dg.MD1R_0163e108-31fb-415e-af97-3489f830328c.png,dg.MD1R/0163e108-31fb-415e-af97-3489f830328c,1
/Users/leoniejunkherr/Documents/master/S4/Projekt/CODE/LT_project/data_hybrid/midrc_images/dg.MD1R_7279aadd-38ae-4284-959a-acc77f2c6c70.png,dg.MD1R/7279aadd-38ae-4284-959a-acc77f2c6c70,1
/Users/leoniejunkherr/Documents/master/S4/Projekt/CODE/LT_project/data_hybrid/midrc_images/dg.MD1R_306d07c2-e3ea-4277-b7d9-5e7b63d62db8.png,dg.MD1R/306d07c2-e3ea-4277-b7d9-5e7b63d62db8,1
/Users/leoniejunkherr/Documents/master/S4/Projekt/CODE/LT_project/data_hybrid/midrc_images/dg.MD1R_1b1d889d-6d76-4c04-9bcd-c447dca9fe8c.png,dg.MD1R/1b1d889d-6d76-4c04-9bcd-c447dca9fe8c,1
/Users/leoniejunkherr/Documents/master/S4/Projekt/CODE/LT_project/data_hybrid/midrc_images/dg.MD1R_5b8738c3-cda6-42fe-82c1-0cddc11125e3.png,dg.MD1R/5b8738c3-cda6-42fe-82c1-0cddc11125e3,1
/Users/leoniejunkherr/Documents/master/S4/Projekt/CODE/LT_project/data_hybrid/midrc_images/dg.MD1R_09005309-8264-4be9-be01-87ad0f9f8c4b.png,dg.MD1R/09005309-8264-4be9-be01-87ad0f9f8c4b,1
/Users/leoniejunkherr/Documents/master/S4/Projekt/CODE/LT_project/data_hybrid/midrc_images/dg.MD1R_a1932810-df77-4a61-9db2-39c941ca6132.png,dg.MD1R/a1932810-df77-4a61-9db2-39c941ca6132,1
/Users/leoniejunkherr/Documents/master/S4/Projekt/CODE/LT_project/data_hybrid/midrc_images/dg.MD1R_aa1e26aa-9f71-4cda-9a60-8ae0aa08f6ea.png,dg.MD1R/aa1e26aa-9f71-4cda-9a60-8ae0aa08f6ea,1
/Users/leoniejunkherr/Documents/master/S4/Projekt/CODE/LT_project/data_hybrid/midrc_images/dg.MD1R_a3ff1ef1-bc7b-49b3-9acc-d44daafec060.png,dg.MD1R/a3ff1ef1-bc7b-49b3-9acc-d44daafec060,1
/Users/leoniejunkherr/Documents/master/S4/Projekt/CODE/LT_project/data_hybrid/midrc_images/dg.MD1R_9699f088-1776-4c69-a158-821ea7ab6508.png,dg.MD1R/9699f088-1776-4c69-a158-821ea7ab6508,1
/Users/leoniejunkherr/Documents/master/S4/Projekt/CODE/LT_project/data_hybrid/midrc_images/dg.MD1R_ed030a8e-f8ad-481d-a023-28131d9e0203.png,dg.MD1R/ed030a8e-f8ad-481d-a023-28131d9e0203,1
/Users/leoniejunkherr/Documents/master/S4/Projekt/CODE/LT_project/data_hybrid/midrc_images/dg.MD1R_324a14e9-10e5-45f3-af85-66e8824049a7.png,dg.MD1R/324a14e9-10e5-45f3-af85-66e8824049a7,1
/Users/leoniejunkherr/Documents/master/S4/Projekt/CODE/LT_project/data_hybrid/midrc_images/dg.MD1R_425f9d8d-fbac-4438-8fb9-548a664a5ac6.png,dg.MD1R/425f9d8d-fbac-4438-8fb9-548a664a5ac6,1
/Users/leoniejunkherr/Documents/master/S4/Projekt/CODE/LT_project/data_hybrid/midrc_images/dg.MD1R_f7e3eac3-0592-488a-a8d6-ed67fda2938e.png,dg.MD1R/f7e3eac3-0592-488a-a8d6-ed67fda2938e,1
/Users/leoniejunkherr/Documents/master/S4/Projekt/CODE/LT_project/data_hybrid/midrc_images/dg.MD1R_6c3c4a7c-10cc-4a33-8d14-1d9828dc4ba3.png,dg.MD1R/6c3c4a7c-10cc-4a33-8d14-1d9828dc4ba3,1
/Users/leoniejunkherr/Documents/master/S4/Projekt/CODE/LT_project/data_hybrid/midrc_images/dg.MD1R_6d16383e-8f16-4980-bb1a-cafca428569d.png,dg.MD1R/6d16383e-8f16-4980-bb1a-cafca428569d,1
/Users/leoniejunkherr/Documents/master/S4/Projekt/CODE/LT_project/data_hybrid/midrc_images/dg.MD1R_a51538f5-187c-4eb3-b2cc-ba2265465149.png,dg.MD1R/a51538f5-187c-4eb3-b2cc-ba2265465149,1
/Users/leoniejunkherr/Documents/master/S4/Projekt/CODE/LT_project/data_hybrid/midrc_images/dg.MD1R_24f4c44e-d6dd-4c26-a51d-95750a14b1af.png,dg.MD1R/24f4c44e-d6dd-4c26-a51d-95750a14b1af,1
/Users/leoniejunkherr/Documents/master/S4/Projekt/CODE/LT_project/data_hybrid/midrc_images/dg.MD1R_4f8b2174-c9df-4e98-9ef6-7a8136b3dfc2.png,dg.MD1R/4f8b2174-c9df-4e98-9ef6-7a8136b3dfc2,1
/Users/leoniejunkherr/Documents/master/S4/Projekt/CODE/LT_project/data_hybrid/midrc_images/dg.MD1R_3afe0e59-226e-41f8-b915-8af3104345a3.png,dg.MD1R/3afe0e59-226e-41f8-b915-8af3104345a3,1
/Users/leoniejunkherr/Documents/master/S4/Projekt/CODE/LT_project/data_hybrid/midrc_images/dg.MD1R_205a74ac-7411-49f6-bdb8-86283ee45ca9.png,dg.MD1R/205a74ac-7411-49f6-bdb8-86283ee45ca9,1
/Users/leoniejunkherr/Documents/master/S4/Projekt/CODE/LT_project/data_hybrid/midrc_images/dg.MD1R_13867ddb-da30-40b3-be10-d1f6127f5da0.png,dg.MD1R/13867ddb-da30-40b3-be10-d1f6127f5da0,1
/Users/leoniejunkherr/Documents/master/S4/Projekt/CODE/LT_project/data_hybrid/midrc_images/dg.MD1R_c1153025-22c7-451b-8d37-26e271a40676.png,dg.MD1R/c1153025-22c7-451b-8d37-26e271a40676,1
/Users/leoniejunkherr/Documents/master/S4/Projekt/CODE/LT_project/data_hybrid/midrc_images/dg.MD1R_bb798a0b-4749-4de3-a0f9-5142c2c62080.png,dg.MD1R/bb798a0b-4749-4de3-a0f9-5142c2c62080,1
/Users/leoniejunkherr/Documents/master/S4/Projekt/CODE/LT_project/data_hybrid/midrc_images/dg.MD1R_aea33af6-f9b0-41f3-a7c8-94ce3140fdc2.png,dg.MD1R/aea33af6-f9b0-41f3-a7c8-94ce3140fdc2,1
/Users/leoniejunkherr/Documents/master/S4/Projekt/CODE/LT_project/data_hybrid/midrc_images/dg.MD1R_bbf24e51-a45c-4314-902e-8d01ac3b7173.png,dg.MD1R/bbf24e51-a45c-4314-902e-8d01ac3b7173,1
/Users/leoniejunkherr/Documents/master/S4/Projekt/CODE/LT_project/data_hybrid/midrc_images/dg.MD1R_5add34bb-abf9-40ad-87af-570a51e06c3a.png,dg.MD1R/5add34bb-abf9-40ad-87af-570a51e06c3a,1
/Users/leoniejunkherr/Documents/master/S4/Projekt/CODE/LT_project/data_hybrid/midrc_images/dg.MD1R_7987f4ea-6b8e-434e-9024-6bba9fdd1413.png,dg.MD1R/7987f4ea-6b8e-434e-9024-6bba9fdd1413,1
/Users/leoniejunkherr/Documents/master/S4/Projekt/CODE/LT_project/data_hybrid/midrc_images/dg.MD1R_a0149e10-1c0f-4856-b6f9-f5badf7ad185.png,dg.MD1R/a0149e10-1c0f-4856-b6f9-f5badf7ad185,1
/Users/leoniejunkherr/Documents/master/S4/Projekt/CODE/LT_project/data_hybrid/midrc_images/dg.MD1R_97600c4b-64d2-471c-a5f1-4bed5af9a512.png,dg.MD1R/97600c4b-64d2-471c-a5f1-4bed5af9a512,1
/Users/leoniejunkherr/Documents/master/S4/Projekt/CODE/LT_project/data_hybrid/midrc_images/dg.MD1R_b806f2d3-f21e-4c47-813e-23e580c2c1b0.png,dg.MD1R/b806f2d3-f21e-4c47-813e-23e580c2c1b0,1
/Users/leoniejunkherr/Documents/master/S4/Projekt/CODE/LT_project/data_hybrid/midrc_images/dg.MD1R_215cd959-cf7d-4d5c-ab8a-b6399b61624a.png,dg.MD1R/215cd959-cf7d-4d5c-ab8a-b6399b61624a,1
/Users/leoniejunkherr/Documents/master/S4/Projekt/CODE/LT_project/data_hybrid/midrc_images/dg.MD1R_f28393f9-6484-4140-a556-a075057a0eb3.png,dg.MD1R/f28393f9-6484-4140-a556-a075057a0eb3,1
/Users/leoniejunkherr/Documents/master/S4/Projekt/CODE/LT_project/data_hybrid/midrc_images/dg.MD1R_619dbb6d-6ba7-4a62-8002-1b41d88c8b7c.png,dg.MD1R/619dbb6d-6ba7-4a62-8002-1b41d88c8b7c,1
/Users/leoniejunkherr/Documents/master/S4/Projekt/CODE/LT_project/data_hybrid/midrc_images/dg.MD1R_b81b6c72-9783-4eab-bfb0-c4197d7d9b15.png,dg.MD1R/b81b6c72-9783-4eab-bfb0-c4197d7d9b15,1
/Users/leoniejunkherr/Documents/master/S4/Projekt/CODE/LT_project/data_hybrid/midrc_images/dg.MD1R_bc8864c6-0024-41b4-9c8c-7c6463ef82dd.png,dg.MD1R/bc8864c6-0024-41b4-9c8c-7c6463ef82dd,1
/Users/leoniejunkherr/Documents/master/S4/Projekt/CODE/LT_project/data_hybrid/midrc_images/dg.MD1R_ebef8761-c3a9-4581-a52c-82bfcb65be9c.png,dg.MD1R/ebef8761-c3a9-4581-a52c-82bfcb65be9c,1
/Users/leoniejunkherr/Documents/master/S4/Projekt/CODE/LT_project/data_hybrid/midrc_images/dg.MD1R_1261c13f-3636-4de6-b4d3-08ecd433c74f.png,dg.MD1R/1261c13f-3636-4de6-b4d3-08ecd433c74f,1
/Users/leoniejunkherr/Documents/master/S4/Projekt/CODE/LT_project/data_hybrid/midrc_images/dg.MD1R_cd46b4a0-aadd-4227-a988-716abaf8234c.png,dg.MD1R/cd46b4a0-aadd-4227-a988-716abaf8234c,1
/Users/leoniejunkherr/Documents/master/S4/Projekt/CODE/LT_project/data_hybrid/midrc_images/dg.MD1R_78427a8c-36a4-4a11-8d1b-504d314ac972.png,dg.MD1R/78427a8c-36a4-4a11-8d1b-504d314ac972,1
/Users/leoniejunkherr/Documents/master/S4/Projekt/CODE/LT_project/data_hybrid/midrc_images/dg.MD1R_be5b0a79-9be0-40d5-88f4-7b870202f71a.png,dg.MD1R/be5b0a79-9be0-40d5-88f4-7b870202f71a,1
/Users/leoniejunkherr/Documents/master/S4/Projekt/CODE/LT_project/data_hybrid/midrc_images/dg.MD1R_63860d52-a18f-4b3f-b04b-c8fca1556648.png,dg.MD1R/63860d52-a18f-4b3f-b04b-c8fca1556648,1
/Users/leoniejunkherr/Documents/master/S4/Projekt/CODE/LT_project/data_hybrid/midrc_images/dg.MD1R_e67d79e6-f7a7-4bab-9223-ac43e0ef3fe2.png,dg.MD1R/e67d79e6-f7a7-4bab-9223-ac43e0ef3fe2,1
/Users/leoniejunkherr/Documents/master/S4/Projekt/CODE/LT_project/data_hybrid/midrc_images/dg.MD1R_58a3879a-008e-4bee-ad7b-fdaac0e220c4.png,dg.MD1R/58a3879a-008e-4bee-ad7b-fdaac0e220c4,1
/Users/leoniejunkherr/Documents/master/S4/Projekt/CODE/LT_project/data_hybrid/midrc_images/dg.MD1R_c535906f-30df-4fb4-9b3d-bffc720e46f6.png,dg.MD1R/c535906f-30df-4fb4-9b3d-bffc720e46f6,1
/Users/leoniejunkherr/Documents/master/S4/Projekt/CODE/LT_project/data_hybrid/midrc_images/dg.MD1R_37bc5824-5957-4bec-b984-f279d2017e8a.png,dg.MD1R/37bc5824-5957-4bec-b984-f279d2017e8a,1
/Users/leoniejunkherr/Documents/master/S4/Projekt/CODE/LT_project/data_hybrid/midrc_images/dg.MD1R_163ff94b-67b8-4bf4-a01a-6c3875b848ac.png,dg.MD1R/163ff94b-67b8-4bf4-a01a-6c3875b848ac,1
/Users/leoniejunkherr/Documents/master/S4/Projekt/CODE/LT_project/data_hybrid/midrc_images/dg.MD1R_1692039f-f519-436c-a70d-dca47babefad.png,dg.MD1R/1692039f-f519-436c-a70d-dca47babefad,1
/Users/leoniejunkherr/Documents/master/S4/Projekt/CODE/LT_project/data_hybrid/midrc_images/dg.MD1R_626c916d-59b6-4aab-9d86-0f5c44410a37.png,dg.MD1R/626c916d-59b6-4aab-9d86-0f5c44410a37,1
/Users/leoniejunkherr/Documents/master/S4/Projekt/CODE/LT_project/data_hybrid/midrc_images/dg.MD1R_7d42f3af-80cb-47a8-8190-b0f691ea460d.png,dg.MD1R/7d42f3af-80cb-47a8-8190-b0f691ea460d,1
/Users/leoniejunkherr/Documents/master/S4/Projekt/CODE/LT_project/data_hybrid/midrc_images/dg.MD1R_0481595e-44bb-4f37-926b-d0472b6eef8c.png,dg.MD1R/0481595e-44bb-4f37-926b-d0472b6eef8c,1
/Users/leoniejunkherr/Documents/master/S4/Projekt/CODE/LT_project/data_hybrid/midrc_images/dg.MD1R_c28f3be1-8923-4016-9107-c5ce0fdfe341.png,dg.MD1R/c28f3be1-8923-4016-9107-c5ce0fdfe341,1
/Users/leoniejunkherr/Documents/master/S4/Projekt/CODE/LT_project/data_hybrid/midrc_images/dg.MD1R_b8be0fcf-96ab-48f1-b8db-af662ae75a38.png,dg.MD1R/b8be0fcf-96ab-48f1-b8db-af662ae75a38,1
/Users/leoniejunkherr/Documents/master/S4/Projekt/CODE/LT_project/data_hybrid/midrc_images/dg.MD1R_bb0bc77d-0395-4cc0-bff0-9b8ca11708d8.png,dg.MD1R/bb0bc77d-0395-4cc0-bff0-9b8ca11708d8,1
/Users/leoniejunkherr/Documents/master/S4/Projekt/CODE/LT_project/data_hybrid/midrc_images/dg.MD1R_27445762-066c-4459-b8d8-b2ace236e884.png,dg.MD1R/27445762-066c-4459-b8d8-b2ace236e884,1
/Users/leoniejunkherr/Documents/master/S4/Projekt/CODE/LT_project/data_hybrid/midrc_images/dg.MD1R_d1190c81-36af-4e9e-9276-282dfe412e4d.png,dg.MD1R/d1190c81-36af-4e9e-9276-282dfe412e4d,1
/Users/leoniejunkherr/Documents/master/S4/Projekt/CODE/LT_project/data_hybrid/midrc_images/dg.MD1R_62e9aa7d-ec02-474c-8329-777921672438.png,dg.MD1R/62e9aa7d-ec02-474c-8329-777921672438,1
/Users/leoniejunkherr/Documents/master/S4/Projekt/CODE/LT_project/data_hybrid/midrc_images/dg.MD1R_14375496-2d18-4dce-8fea-e20ea8673e9d.png,dg.MD1R/14375496-2d18-4dce-8fea-e20ea8673e9d,1
/Users/leoniejunkherr/Documents/master/S4/Projekt/CODE/LT_project/data_hybrid/midrc_images/dg.MD1R_f011f128-406b-4202-94c5-bed6f183c01d.png,dg.MD1R/f011f128-406b-4202-94c5-bed6f183c01d,1
/Users/leoniejunkherr/Documents/master/S4/Projekt/CODE/LT_project/data_hybrid/midrc_images/dg.MD1R_eeb85444-c8e7-4923-9726-987ac987a825.png,dg.MD1R/eeb85444-c8e7-4923-9726-987ac987a825,1
/Users/leoniejunkherr/Documents/master/S4/Projekt/CODE/LT_project/data_hybrid/midrc_images/dg.MD1R_0d51f1d1-76ba-4c82-bd14-b3af8f84184e.png,dg.MD1R/0d51f1d1-76ba-4c82-bd14-b3af8f84184e,1
/Users/leoniejunkherr/Documents/master/S4/Projekt/CODE/LT_project/data_hybrid/midrc_images/dg.MD1R_ef7fe28e-b6fa-469a-8eb9-82ffa46a0263.png,dg.MD1R/ef7fe28e-b6fa-469a-8eb9-82ffa46a0263,1
/Users/leoniejunkherr/Documents/master/S4/Projekt/CODE/LT_project/data_hybrid/midrc_images/dg.MD1R_73ea2ca0-2bbb-41d1-b2cf-a9433e08631b.png,dg.MD1R/73ea2ca0-2bbb-41d1-b2cf-a9433e08631b,1
/Users/leoniejunkherr/Documents/master/S4/Projekt/CODE/LT_project/data_hybrid/midrc_images/dg.MD1R_db616642-1f91-4189-9195-992900842fbb.png,dg.MD1R/db616642-1f91-4189-9195-992900842fbb,1
/Users/leoniejunkherr/Documents/master/S4/Projekt/CODE/LT_project/data_hybrid/midrc_images/dg.MD1R_18c47fa0-8588-4e71-8f79-ef0860ef1ee0.png,dg.MD1R/18c47fa0-8588-4e71-8f79-ef0860ef1ee0,1
/Users/leoniejunkherr/Documents/master/S4/Projekt/CODE/LT_project/data_hybrid/midrc_images/dg.MD1R_904f2bc4-58e9-4b2d-b505-15058396e627.png,dg.MD1R/904f2bc4-58e9-4b2d-b505-15058396e627,1
/Users/leoniejunkherr/Documents/master/S4/Projekt/CODE/LT_project/data_hybrid/midrc_images/dg.MD1R_75992733-e50f-4598-a2af-72aa3ae87af5.png,dg.MD1R/75992733-e50f-4598-a2af-72aa3ae87af5,1
/Users/leoniejunkherr/Documents/master/S4/Projekt/CODE/LT_project/data_hybrid/midrc_images/dg.MD1R_5afb5daf-eb85-4cae-a044-8c6ca5ee35f8.png,dg.MD1R/5afb5daf-eb85-4cae-a044-8c6ca5ee35f8,1
/Users/leoniejunkherr/Documents/master/S4/Projekt/CODE/LT_project/data_hybrid/midrc_images/dg.MD1R_4b5490fe-2e3c-4607-9ad5-a51ae05d5ccc.png,dg.MD1R/4b5490fe-2e3c-4607-9ad5-a51ae05d5ccc,1
/Users/leoniejunkherr/Documents/master/S4/Projekt/CODE/LT_project/data_hybrid/midrc_images/dg.MD1R_00be5f9a-6068-4515-a96c-52e04f8cf880.png,dg.MD1R/00be5f9a-6068-4515-a96c-52e04f8cf880,1
/Users/leoniejunkherr/Documents/master/S4/Projekt/CODE/LT_project/data_hybrid/midrc_images/dg.MD1R_3715adff-1026-43f8-998e-7a54eede74a2.png,dg.MD1R/3715adff-1026-43f8-998e-7a54eede74a2,1
/Users/leoniejunkherr/Documents/master/S4/Projekt/CODE/LT_project/data_hybrid/midrc_images/dg.MD1R_99731add-5bde-463f-8635-7947040c9de4.png,dg.MD1R/99731add-5bde-463f-8635-7947040c9de4,1
/Users/leoniejunkherr/Documents/master/S4/Projekt/CODE/LT_project/data_hybrid/midrc_images/dg.MD1R_15367540-daef-40b8-9e0c-fb5cf63fe2a0.png,dg.MD1R/15367540-daef-40b8-9e0c-fb5cf63fe2a0,1
/Users/leoniejunkherr/Documents/master/S4/Projekt/CODE/LT_project/data_hybrid/midrc_images/dg.MD1R_d467c948-bfd9-44ba-9b2e-4211bd78e832.png,dg.MD1R/d467c948-bfd9-44ba-9b2e-4211bd78e832,1
/Users/leoniejunkherr/Documents/master/S4/Projekt/CODE/LT_project/data_hybrid/midrc_images/dg.MD1R_9c5ed1f2-74a4-47e2-9ad3-3a8f96c4461e.png,dg.MD1R/9c5ed1f2-74a4-47e2-9ad3-3a8f96c4461e,1
/Users/leoniejunkherr/Documents/master/S4/Projekt/CODE/LT_project/data_hybrid/midrc_images/dg.MD1R_45c970e5-7955-4ab7-bbd6-cf2423c97b67.png,dg.MD1R/45c970e5-7955-4ab7-bbd6-cf2423c97b67,1
/Users/leoniejunkherr/Documents/master/S4/Projekt/CODE/LT_project/data_hybrid/midrc_images/dg.MD1R_3b974022-d35e-4947-853f-e2879c5af62f.png,dg.MD1R/3b974022-d35e-4947-853f-e2879c5af62f,1
/Users/leoniejunkherr/Documents/master/S4/Projekt/CODE/LT_project/data_hybrid/midrc_images/dg.MD1R_cdc3ce99-e9d5-4ba9-8c0a-cc44be773fb4.png,dg.MD1R/cdc3ce99-e9d5-4ba9-8c0a-cc44be773fb4,1
/Users/leoniejunkherr/Documents/master/S4/Projekt/CODE/LT_project/data_hybrid/midrc_images/dg.MD1R_a748cb06-da4a-4a6a-ba3d-a60c67af2a3c.png,dg.MD1R/a748cb06-da4a-4a6a-ba3d-a60c67af2a3c,1
/Users/leoniejunkherr/Documents/master/S4/Projekt/CODE/LT_project/data_hybrid/midrc_images/dg.MD1R_f5863af9-9675-46ab-8f2b-2a3cf1377fa5.png,dg.MD1R/f5863af9-9675-46ab-8f2b-2a3cf1377fa5,1
/Users/leoniejunkherr/Documents/master/S4/Projekt/CODE/LT_project/data_hybrid/midrc_images/dg.MD1R_491b1eda-8beb-41e8-a2d0-ccd672930aee.png,dg.MD1R/491b1eda-8beb-41e8-a2d0-ccd672930aee,1
/Users/leoniejunkherr/Documents/master/S4/Projekt/CODE/LT_project/data_hybrid/midrc_images/dg.MD1R_a5020c62-6776-4231-81c1-29c6cd617da6.png,dg.MD1R/a5020c62-6776-4231-81c1-29c6cd617da6,1
/Users/leoniejunkherr/Documents/master/S4/Projekt/CODE/LT_project/data_hybrid/midrc_images/dg.MD1R_3e6ba3a1-def7-44ec-bf1d-4736da3f8635.png,dg.MD1R/3e6ba3a1-def7-44ec-bf1d-4736da3f8635,1
/Users/leoniejunkherr/Documents/master/S4/Projekt/CODE/LT_project/data_hybrid/midrc_images/dg.MD1R_c49a3020-e495-4fe4-b37c-e1b41362a375.png,dg.MD1R/c49a3020-e495-4fe4-b37c-e1b41362a375,1
/Users/leoniejunkherr/Documents/master/S4/Projekt/CODE/LT_project/data_hybrid/midrc_images/dg.MD1R_89af4590-7882-493b-8f65-4c010a312fa5.png,dg.MD1R/89af4590-7882-493b-8f65-4c010a312fa5,1
/Users/leoniejunkherr/Documents/master/S4/Projekt/CODE/LT_project/data_hybrid/midrc_images/dg.MD1R_3ca8ec51-95eb-434a-bf8a-3aff2289d23f.png,dg.MD1R/3ca8ec51-95eb-434a-bf8a-3aff2289d23f,1
/Users/leoniejunkherr/Documents/master/S4/Projekt/CODE/LT_project/data_hybrid/midrc_images/dg.MD1R_f1818106-e6e8-464b-bb53-5904ad4df072.png,dg.MD1R/f1818106-e6e8-464b-bb53-5904ad4df072,1
/Users/leoniejunkherr/Documents/master/S4/Projekt/CODE/LT_project/data_hybrid/midrc_images/dg.MD1R_388ca4d3-bbc2-40d6-a781-2a657094588f.png,dg.MD1R/388ca4d3-bbc2-40d6-a781-2a657094588f,1
/Users/leoniejunkherr/Documents/master/S4/Projekt/CODE/LT_project/data_hybrid/midrc_images/dg.MD1R_092eba57-a9c7-4923-b5cb-53e1d4e23d0f.png,dg.MD1R/092eba57-a9c7-4923-b5cb-53e1d4e23d0f,1
/Users/leoniejunkherr/Documents/master/S4/Projekt/CODE/LT_project/data_hybrid/midrc_images/dg.MD1R_acbc442a-22f0-4f0f-b527-3631a476c294.png,dg.MD1R/acbc442a-22f0-4f0f-b527-3631a476c294,1
/Users/leoniejunkherr/Documents/master/S4/Projekt/CODE/LT_project/data_hybrid/midrc_images/dg.MD1R_524cfb9c-8fcf-4737-8f56-18fe2790d4e0.png,dg.MD1R/524cfb9c-8fcf-4737-8f56-18fe2790d4e0,1
/Users/leoniejunkherr/Documents/master/S4/Projekt/CODE/LT_project/data_hybrid/midrc_images/dg.MD1R_f224f7ed-6550-4697-b3c2-d9f32806918e.png,dg.MD1R/f224f7ed-6550-4697-b3c2-d9f32806918e,1
/Users/leoniejunkherr/Documents/master/S4/Projekt/CODE/LT_project/data_hybrid/midrc_images/dg.MD1R_14a46f8f-079e-491b-9551-0fe43f21e261.png,dg.MD1R/14a46f8f-079e-491b-9551-0fe43f21e261,1
/Users/leoniejunkherr/Documents/master/S4/Projekt/CODE/LT_project/data_hybrid/midrc_images/dg.MD1R_11c6c95f-82c1-474e-96c1-39176e61af3a.png,dg.MD1R/11c6c95f-82c1-474e-96c1-39176e61af3a,1
/Users/leoniejunkherr/Documents/master/S4/Projekt/CODE/LT_project/data_hybrid/midrc_images/dg.MD1R_841e2578-8fb5-49d0-a7d7-5df5485e48a9.png,dg.MD1R/841e2578-8fb5-49d0-a7d7-5df5485e48a9,1
/Users/leoniejunkherr/Documents/master/S4/Projekt/CODE/LT_project/data_hybrid/midrc_images/dg.MD1R_202046a8-e35b-47f7-9fc3-7514011aa5fd.png,dg.MD1R/202046a8-e35b-47f7-9fc3-7514011aa5fd,1
/Users/leoniejunkherr/Documents/master/S4/Projekt/CODE/LT_project/data_hybrid/midrc_images/dg.MD1R_7761eade-74c4-431f-ba2b-fd889a1015f9.png,dg.MD1R/7761eade-74c4-431f-ba2b-fd889a1015f9,1
/Users/leoniejunkherr/Documents/master/S4/Projekt/CODE/LT_project/data_hybrid/midrc_images/dg.MD1R_60b0ce15-ec5f-4ff0-858c-bd83f003a61b.png,dg.MD1R/60b0ce15-ec5f-4ff0-858c-bd83f003a61b,1
/Users/leoniejunkherr/Documents/master/S4/Projekt/CODE/LT_project/data_hybrid/midrc_images/dg.MD1R_746fa526-f34e-499d-893c-a89ff08f15f0.png,dg.MD1R/746fa526-f34e-499d-893c-a89ff08f15f0,1
/Users/leoniejunkherr/Documents/master/S4/Projekt/CODE/LT_project/data_hybrid/midrc_images/dg.MD1R_460a366a-2497-4904-8b3a-0bbd7cdf6de9.png,dg.MD1R/460a366a-2497-4904-8b3a-0bbd7cdf6de9,1
/Users/leoniejunkherr/Documents/master/S4/Projekt/CODE/LT_project/data_hybrid/midrc_images/dg.MD1R_2d90e209-0eea-4423-9d1f-ddf00f9a78de.png,dg.MD1R/2d90e209-0eea-4423-9d1f-ddf00f9a78de,1
/Users/leoniejunkherr/Documents/master/S4/Projekt/CODE/LT_project/data_hybrid/midrc_images/dg.MD1R_0c55d887-d38f-480a-86ab-1e2452c04302.png,dg.MD1R/0c55d887-d38f-480a-86ab-1e2452c04302,1
/Users/leoniejunkherr/Documents/master/S4/Projekt/CODE/LT_project/data_hybrid/midrc_images/dg.MD1R_ebc2919f-b2a4-4557-9a1c-304e84d6acd1.png,dg.MD1R/ebc2919f-b2a4-4557-9a1c-304e84d6acd1,1
/Users/leoniejunkherr/Documents/master/S4/Projekt/CODE/LT_project/data_hybrid/midrc_images/dg.MD1R_89c1d0d1-e488-488c-bf69-e71f28762819.png,dg.MD1R/89c1d0d1-e488-488c-bf69-e71f28762819,1
/Users/leoniejunkherr/Documents/master/S4/Projekt/CODE/LT_project/data_hybrid/midrc_images/dg.MD1R_c7b0c175-ae9a-43a3-ac89-d0b791f31c16.png,dg.MD1R/c7b0c175-ae9a-43a3-ac89-d0b791f31c16,1
/Users/leoniejunkherr/Documents/master/S4/Projekt/CODE/LT_project/data_hybrid/midrc_images/dg.MD1R_b1ed5655-a482-4aa0-ba57-a5c8e18659f6.png,dg.MD1R/b1ed5655-a482-4aa0-ba57-a5c8e18659f6,1
/Users/leoniejunkherr/Documents/master/S4/Projekt/CODE/LT_project/data_hybrid/midrc_images/dg.MD1R_6f10927b-9e4e-41bf-a539-fcd874fc9f67.png,dg.MD1R/6f10927b-9e4e-41bf-a539-fcd874fc9f67,1
/Users/leoniejunkherr/Documents/master/S4/Projekt/CODE/LT_project/data_hybrid/midrc_images/dg.MD1R_4a085361-17a3-468e-8cf0-cf06aaa19281.png,dg.MD1R/4a085361-17a3-468e-8cf0-cf06aaa19281,1
/Users/leoniejunkherr/Documents/master/S4/Projekt/CODE/LT_project/data_hybrid/midrc_images/dg.MD1R_4b6a2a83-0a33-4674-a9c8-82f00406e16b.png,dg.MD1R/4b6a2a83-0a33-4674-a9c8-82f00406e16b,1
/Users/leoniejunkherr/Documents/master/S4/Projekt/CODE/LT_project/data_hybrid/midrc_images/dg.MD1R_1fab4e9b-8cdb-451c-b830-e414596b6e10.png,dg.MD1R/1fab4e9b-8cdb-451c-b830-e414596b6e10,1
/Users/leoniejunkherr/Documents/master/S4/Projekt/CODE/LT_project/data_hybrid/midrc_images/dg.MD1R_6613a6be-926d-45d4-9f5a-8468eba635a6.png,dg.MD1R/6613a6be-926d-45d4-9f5a-8468eba635a6,1
/Users/leoniejunkherr/Documents/master/S4/Projekt/CODE/LT_project/data_hybrid/midrc_images/dg.MD1R_02e439a3-d780-4ccc-8d61-bccbdb3f5aa4.png,dg.MD1R/02e439a3-d780-4ccc-8d61-bccbdb3f5aa4,1
/Users/leoniejunkherr/Documents/master/S4/Projekt/CODE/LT_project/data_hybrid/midrc_images/dg.MD1R_abba0118-a9d8-48d2-81b6-54933956e5b3.png,dg.MD1R/abba0118-a9d8-48d2-81b6-54933956e5b3,1
/Users/leoniejunkherr/Documents/master/S4/Projekt/CODE/LT_project/data_hybrid/midrc_images/dg.MD1R_5042ec89-01cd-4e5f-9ef0-36614c8fb5fd.png,dg.MD1R/5042ec89-01cd-4e5f-9ef0-36614c8fb5fd,1
/Users/leoniejunkherr/Documents/master/S4/Projekt/CODE/LT_project/data_hybrid/midrc_images/dg.MD1R_9a98706d-1a1c-434c-8d80-89050819a1e9.png,dg.MD1R/9a98706d-1a1c-434c-8d80-89050819a1e9,1
/Users/leoniejunkherr/Documents/master/S4/Projekt/CODE/LT_project/data_hybrid/midrc_images/dg.MD1R_be222dac-e2be-4ac0-9b54-d4682c5a1e60.png,dg.MD1R/be222dac-e2be-4ac0-9b54-d4682c5a1e60,1
/Users/leoniejunkherr/Documents/master/S4/Projekt/CODE/LT_project/data_hybrid/midrc_images/dg.MD1R_326cc916-854a-4027-9351-35a39fa6d0c7.png,dg.MD1R/326cc916-854a-4027-9351-35a39fa6d0c7,1
/Users/leoniejunkherr/Documents/master/S4/Projekt/CODE/LT_project/data_hybrid/midrc_images/dg.MD1R_3fb83c48-4e96-49b3-be63-d6b4dad1c55c.png,dg.MD1R/3fb83c48-4e96-49b3-be63-d6b4dad1c55c,1
/Users/leoniejunkherr/Documents/master/S4/Projekt/CODE/LT_project/data_hybrid/midrc_images/dg.MD1R_872a8e2a-f112-4f26-8891-cc43a8d9df2a.png,dg.MD1R/872a8e2a-f112-4f26-8891-cc43a8d9df2a,1
/Users/leoniejunkherr/Documents/master/S4/Projekt/CODE/LT_project/data_hybrid/midrc_images/dg.MD1R_6ba5e406-5818-43ad-bc5e-9537be581b3e.png,dg.MD1R/6ba5e406-5818-43ad-bc5e-9537be581b3e,1
/Users/leoniejunkherr/Documents/master/S4/Projekt/CODE/LT_project/data_hybrid/midrc_images/dg.MD1R_67b80e69-fd45-479e-80a9-6a9cad60f0e0.png,dg.MD1R/67b80e69-fd45-479e-80a9-6a9cad60f0e0,1
/Users/leoniejunkherr/Documents/master/S4/Projekt/CODE/LT_project/data_hybrid/midrc_images/dg.MD1R_198bcf28-35e2-4a6b-a37e-93248270a323.png,dg.MD1R/198bcf28-35e2-4a6b-a37e-93248270a323,1
/Users/leoniejunkherr/Documents/master/S4/Projekt/CODE/LT_project/data_hybrid/midrc_images/dg.MD1R_d629a64a-310d-4b9b-acdc-abfdcd1686cc.png,dg.MD1R/d629a64a-310d-4b9b-acdc-abfdcd1686cc,1
/Users/leoniejunkherr/Documents/master/S4/Projekt/CODE/LT_project/data_hybrid/midrc_images/dg.MD1R_32fc05cc-1b7c-415b-b037-09632a497adb.png,dg.MD1R/32fc05cc-1b7c-415b-b037-09632a497adb,1
/Users/leoniejunkherr/Documents/master/S4/Projekt/CODE/LT_project/data_hybrid/midrc_images/dg.MD1R_a32a9c86-f0ef-4cdf-9391-43a66a0739ae.png,dg.MD1R/a32a9c86-f0ef-4cdf-9391-43a66a0739ae,1
/Users/leoniejunkherr/Documents/master/S4/Projekt/CODE/LT_project/data_hybrid/midrc_images/dg.MD1R_792ab362-9490-4587-8be6-50d2c84250b0.png,dg.MD1R/792ab362-9490-4587-8be6-50d2c84250b0,1
/Users/leoniejunkherr/Documents/master/S4/Projekt/CODE/LT_project/data_hybrid/midrc_images/dg.MD1R_fdc26d3e-3168-4471-808d-8d9808d57a75.png,dg.MD1R/fdc26d3e-3168-4471-808d-8d9808d57a75,1
/Users/leoniejunkherr/Documents/master/S4/Projekt/CODE/LT_project/data_hybrid/midrc_images/dg.MD1R_ee79a770-8b81-4594-ab9f-cbfd5afdd8ce.png,dg.MD1R/ee79a770-8b81-4594-ab9f-cbfd5afdd8ce,1
/Users/leoniejunkherr/Documents/master/S4/Projekt/CODE/LT_project/data_hybrid/midrc_images/dg.MD1R_9dbc82b7-9a61-4743-a8a9-ea6d8f861330.png,dg.MD1R/9dbc82b7-9a61-4743-a8a9-ea6d8f861330,1
/Users/leoniejunkherr/Documents/master/S4/Projekt/CODE/LT_project/data_hybrid/midrc_images/dg.MD1R_15b7d700-4131-4ce4-b174-c850fa71ef4d.png,dg.MD1R/15b7d700-4131-4ce4-b174-c850fa71ef4d,1
/Users/leoniejunkherr/Documents/master/S4/Projekt/CODE/LT_project/data_hybrid/midrc_images/dg.MD1R_b142fbb6-a2d3-471d-8834-b927cba10bf2.png,dg.MD1R/b142fbb6-a2d3-471d-8834-b927cba10bf2,1
/Users/leoniejunkherr/Documents/master/S4/Projekt/CODE/LT_project/data_hybrid/midrc_images/dg.MD1R_b491428d-8985-4010-a646-df9725c776d0.png,dg.MD1R/b491428d-8985-4010-a646-df9725c776d0,1
/Users/leoniejunkherr/Documents/master/S4/Projekt/CODE/LT_project/data_hybrid/midrc_images/dg.MD1R_b19c87a8-0627-4de5-8f15-302cd15c4f5a.png,dg.MD1R/b19c87a8-0627-4de5-8f15-302cd15c4f5a,1
/Users/leoniejunkherr/Documents/master/S4/Projekt/CODE/LT_project/data_hybrid/midrc_images/dg.MD1R_ba705b02-138a-4f7c-bde5-558b22744d33.png,dg.MD1R/ba705b02-138a-4f7c-bde5-558b22744d33,1
/Users/leoniejunkherr/Documents/master/S4/Projekt/CODE/LT_project/data_hybrid/midrc_images/dg.MD1R_34794f6d-0252-47f8-86d3-4bdcaf2fac6b.png,dg.MD1R/34794f6d-0252-47f8-86d3-4bdcaf2fac6b,1
/Users/leoniejunkherr/Documents/master/S4/Projekt/CODE/LT_project/data_hybrid/midrc_images/dg.MD1R_01c390fc-b333-419f-a5db-91c5d994999a.png,dg.MD1R/01c390fc-b333-419f-a5db-91c5d994999a,1
/Users/leoniejunkherr/Documents/master/S4/Projekt/CODE/LT_project/data_hybrid/midrc_images/dg.MD1R_dbb3951b-068f-4af7-8477-d17eadfc2c9b.png,dg.MD1R/dbb3951b-068f-4af7-8477-d17eadfc2c9b,1
/Users/leoniejunkherr/Documents/master/S4/Projekt/CODE/LT_project/data_hybrid/midrc_images/dg.MD1R_a1416e60-1a6f-4e44-af5f-877a356d5b00.png,dg.MD1R/a1416e60-1a6f-4e44-af5f-877a356d5b00,1
/Users/leoniejunkherr/Documents/master/S4/Projekt/CODE/LT_project/data_hybrid/midrc_images/dg.MD1R_892d0ef0-6306-4d33-b12a-b70fed9a962d.png,dg.MD1R/892d0ef0-6306-4d33-b12a-b70fed9a962d,1
/Users/leoniejunkherr/Documents/master/S4/Projekt/CODE/LT_project/data_hybrid/midrc_images/dg.MD1R_3ac24737-9d0b-4ee8-baef-b4c030cefa72.png,dg.MD1R/3ac24737-9d0b-4ee8-baef-b4c030cefa72,1
/Users/leoniejunkherr/Documents/master/S4/Projekt/CODE/LT_project/data_hybrid/midrc_images/dg.MD1R_ec365d94-8ab5-40f3-9ac5-b848dded24fe.png,dg.MD1R/ec365d94-8ab5-40f3-9ac5-b848dded24fe,1
/Users/leoniejunkherr/Documents/master/S4/Projekt/CODE/LT_project/data_hybrid/midrc_images/dg.MD1R_fb58868f-3fb2-4134-9b76-b2618a9342a2.png,dg.MD1R/fb58868f-3fb2-4134-9b76-b2618a9342a2,1
/Users/leoniejunkherr/Documents/master/S4/Projekt/CODE/LT_project/data_hybrid/midrc_images/dg.MD1R_5f70cc67-15bd-404f-af32-4334fe0ddce4.png,dg.MD1R/5f70cc67-15bd-404f-af32-4334fe0ddce4,1
/Users/leoniejunkherr/Documents/master/S4/Projekt/CODE/LT_project/data_hybrid/midrc_images/dg.MD1R_0d9276c0-9df4-443c-9b38-7ebc97921a40.png,dg.MD1R/0d9276c0-9df4-443c-9b38-7ebc97921a40,1
/Users/leoniejunkherr/Documents/master/S4/Projekt/CODE/LT_project/data_hybrid/midrc_images/dg.MD1R_474e1875-5eaa-4eea-b276-32ccaa67ee9c.png,dg.MD1R/474e1875-5eaa-4eea-b276-32ccaa67ee9c,1
/Users/leoniejunkherr/Documents/master/S4/Projekt/CODE/LT_project/data_hybrid/midrc_images/dg.MD1R_df7a5aab-8c4c-4964-8ded-47fb86c31bcc.png,dg.MD1R/df7a5aab-8c4c-4964-8ded-47fb86c31bcc,1
/Users/leoniejunkherr/Documents/master/S4/Projekt/CODE/LT_project/data_hybrid/midrc_images/dg.MD1R_8ff418c6-eca4-43b8-bfdd-e4e22fa40259.png,dg.MD1R/8ff418c6-eca4-43b8-bfdd-e4e22fa40259,1
/Users/leoniejunkherr/Documents/master/S4/Projekt/CODE/LT_project/data_hybrid/midrc_images/dg.MD1R_61e4566b-388e-4573-b494-54414f6e9e1d.png,dg.MD1R/61e4566b-388e-4573-b494-54414f6e9e1d,1
/Users/leoniejunkherr/Documents/master/S4/Projekt/CODE/LT_project/data_hybrid/midrc_images/dg.MD1R_cbd59571-9ad6-42a7-9ec9-69cb35554c82.png,dg.MD1R/cbd59571-9ad6-42a7-9ec9-69cb35554c82,1
/Users/leoniejunkherr/Documents/master/S4/Projekt/CODE/LT_project/data_hybrid/midrc_images/dg.MD1R_62864f56-9a42-4108-8c53-428e0a89c75f.png,dg.MD1R/62864f56-9a42-4108-8c53-428e0a89c75f,1
/Users/leoniejunkherr/Documents/master/S4/Projekt/CODE/LT_project/data_hybrid/midrc_images/dg.MD1R_ca0fb4b0-4efb-4925-b44e-a73f8645b8a0.png,dg.MD1R/ca0fb4b0-4efb-4925-b44e-a73f8645b8a0,1
/Users/leoniejunkherr/Documents/master/S4/Projekt/CODE/LT_project/data_hybrid/midrc_images/dg.MD1R_6fc378db-07e6-423b-804a-934f7a517cb9.png,dg.MD1R/6fc378db-07e6-423b-804a-934f7a517cb9,1
/Users/leoniejunkherr/Documents/master/S4/Projekt/CODE/LT_project/data_hybrid/midrc_images/dg.MD1R_abdb7542-9ffa-49d6-ae7f-72f93848386d.png,dg.MD1R/abdb7542-9ffa-49d6-ae7f-72f93848386d,1
/Users/leoniejunkherr/Documents/master/S4/Projekt/CODE/LT_project/data_hybrid/midrc_images/dg.MD1R_e6fe3f94-9a2d-487a-94ee-64908ed496c5.png,dg.MD1R/e6fe3f94-9a2d-487a-94ee-64908ed496c5,1
/Users/leoniejunkherr/Documents/master/S4/Projekt/CODE/LT_project/data_hybrid/midrc_images/dg.MD1R_23690845-b4f1-40bf-bf2b-8f3eb494a9c6.png,dg.MD1R/23690845-b4f1-40bf-bf2b-8f3eb494a9c6,1
/Users/leoniejunkherr/Documents/master/S4/Projekt/CODE/LT_project/data_hybrid/midrc_images/dg.MD1R_14de55f2-c90d-450e-9b8c-47bb043b6195.png,dg.MD1R/14de55f2-c90d-450e-9b8c-47bb043b6195,1
/Users/leoniejunkherr/Documents/master/S4/Projekt/CODE/LT_project/data_hybrid/midrc_images/dg.MD1R_110c686f-dab0-4eb9-8d6a-bd36bfa9d8de.png,dg.MD1R/110c686f-dab0-4eb9-8d6a-bd36bfa9d8de,1
/Users/leoniejunkherr/Documents/master/S4/Projekt/CODE/LT_project/data_hybrid/midrc_images/dg.MD1R_2deb606e-1501-4e72-9bde-b00939f06291.png,dg.MD1R/2deb606e-1501-4e72-9bde-b00939f06291,1
/Users/leoniejunkherr/Documents/master/S4/Projekt/CODE/LT_project/data_hybrid/midrc_images/dg.MD1R_38eeb9b0-73a6-4505-83d8-33a1e269b512.png,dg.MD1R/38eeb9b0-73a6-4505-83d8-33a1e269b512,1
/Users/leoniejunkherr/Documents/master/S4/Projekt/CODE/LT_project/data_hybrid/midrc_images/dg.MD1R_e731b0b1-8bca-4b0c-bfcf-4d251f57232f.png,dg.MD1R/e731b0b1-8bca-4b0c-bfcf-4d251f57232f,1
/Users/leoniejunkherr/Documents/master/S4/Projekt/CODE/LT_project/data_hybrid/midrc_images/dg.MD1R_c41bf134-2ff9-43fd-a052-523be2659370.png,dg.MD1R/c41bf134-2ff9-43fd-a052-523be2659370,1
/Users/leoniejunkherr/Documents/master/S4/Projekt/CODE/LT_project/data_hybrid/midrc_images/dg.MD1R_b9235ca7-3b8d-4380-9970-8fcb86a9501f.png,dg.MD1R/b9235ca7-3b8d-4380-9970-8fcb86a9501f,1
/Users/leoniejunkherr/Documents/master/S4/Projekt/CODE/LT_project/data_hybrid/midrc_images/dg.MD1R_2e5930d3-f209-4572-9c7a-464675e5a489.png,dg.MD1R/2e5930d3-f209-4572-9c7a-464675e5a489,1
/Users/leoniejunkherr/Documents/master/S4/Projekt/CODE/LT_project/data_hybrid/midrc_images/dg.MD1R_3c9fa4ff-f557-4ca4-92cb-9083de42a8af.png,dg.MD1R/3c9fa4ff-f557-4ca4-92cb-9083de42a8af,1
/Users/leoniejunkherr/Documents/master/S4/Projekt/CODE/LT_project/data_hybrid/midrc_images/dg.MD1R_4a7474c5-f530-41d7-9aaf-ad35b7ddbb10.png,dg.MD1R/4a7474c5-f530-41d7-9aaf-ad35b7ddbb10,1
/Users/leoniejunkherr/Documents/master/S4/Projekt/CODE/LT_project/data_hybrid/midrc_images/dg.MD1R_8876b013-5ea1-419c-992f-e0352549fbcf.png,dg.MD1R/8876b013-5ea1-419c-992f-e0352549fbcf,1
/Users/leoniejunkherr/Documents/master/S4/Projekt/CODE/LT_project/data_hybrid/midrc_images/dg.MD1R_7ee93a51-7176-4ebd-a555-6b456ab7d2ee.png,dg.MD1R/7ee93a51-7176-4ebd-a555-6b456ab7d2ee,1
/Users/leoniejunkherr/Documents/master/S4/Projekt/CODE/LT_project/data_hybrid/midrc_images/dg.MD1R_af60da71-3a63-4ed4-90a3-cb0b3efaf81c.png,dg.MD1R/af60da71-3a63-4ed4-90a3-cb0b3efaf81c,1
/Users/leoniejunkherr/Documents/master/S4/Projekt/CODE/LT_project/data_hybrid/midrc_images/dg.MD1R_6aaacf26-1bbb-4562-8c75-04796c7fa494.png,dg.MD1R/6aaacf26-1bbb-4562-8c75-04796c7fa494,1
/Users/leoniejunkherr/Documents/master/S4/Projekt/CODE/LT_project/data_hybrid/midrc_images/dg.MD1R_9694a42a-ccf9-4c6b-bd7e-032aa8c37b4e.png,dg.MD1R/9694a42a-ccf9-4c6b-bd7e-032aa8c37b4e,1
/Users/leoniejunkherr/Documents/master/S4/Projekt/CODE/LT_project/data_hybrid/midrc_images/dg.MD1R_45d9aba8-d4ca-4b1a-9b72-f7e8b4668639.png,dg.MD1R/45d9aba8-d4ca-4b1a-9b72-f7e8b4668639,1
/Users/leoniejunkherr/Documents/master/S4/Projekt/CODE/LT_project/data_hybrid/midrc_images/dg.MD1R_46c2f77f-b6fc-4944-98c5-26e8439c3fe7.png,dg.MD1R/46c2f77f-b6fc-4944-98c5-26e8439c3fe7,1
/Users/leoniejunkherr/Documents/master/S4/Projekt/CODE/LT_project/data_hybrid/midrc_images/dg.MD1R_d7c16473-070f-4cb3-8800-f7748b3282d3.png,dg.MD1R/d7c16473-070f-4cb3-8800-f7748b3282d3,1
/Users/leoniejunkherr/Documents/master/S4/Projekt/CODE/LT_project/data_hybrid/midrc_images/dg.MD1R_59f2844d-a053-4516-a76f-e77af47cdf9d.png,dg.MD1R/59f2844d-a053-4516-a76f-e77af47cdf9d,1
/Users/leoniejunkherr/Documents/master/S4/Projekt/CODE/LT_project/data_hybrid/midrc_images/dg.MD1R_419482db-5390-42f2-9b45-38311b4791b5.png,dg.MD1R/419482db-5390-42f2-9b45-38311b4791b5,1
/Users/leoniejunkherr/Documents/master/S4/Projekt/CODE/LT_project/data_hybrid/midrc_images/dg.MD1R_893dc0c2-d3eb-4891-881c-f90a69b63071.png,dg.MD1R/893dc0c2-d3eb-4891-881c-f90a69b63071,1
/Users/leoniejunkherr/Documents/master/S4/Projekt/CODE/LT_project/data_hybrid/midrc_images/dg.MD1R_c3a71ef7-4c14-4dc3-b6ba-0edec02ca603.png,dg.MD1R/c3a71ef7-4c14-4dc3-b6ba-0edec02ca603,1
/Users/leoniejunkherr/Documents/master/S4/Projekt/CODE/LT_project/data_hybrid/midrc_images/dg.MD1R_798b4487-25d0-411c-95ed-eebe3cfad3d0.png,dg.MD1R/798b4487-25d0-411c-95ed-eebe3cfad3d0,1
/Users/leoniejunkherr/Documents/master/S4/Projekt/CODE/LT_project/data_hybrid/midrc_images/dg.MD1R_901ef658-0118-4f8e-b488-b49d985200b5.png,dg.MD1R/901ef658-0118-4f8e-b488-b49d985200b5,1
/Users/leoniejunkherr/Documents/master/S4/Projekt/CODE/LT_project/data_hybrid/midrc_images/dg.MD1R_8d9ae7ed-7c79-4b54-85fd-93c4df81e0b3.png,dg.MD1R/8d9ae7ed-7c79-4b54-85fd-93c4df81e0b3,1
/Users/leoniejunkherr/Documents/master/S4/Projekt/CODE/LT_project/data_hybrid/midrc_images/dg.MD1R_e10f81cf-ac20-4af7-8d9f-46fbb66a2121.png,dg.MD1R/e10f81cf-ac20-4af7-8d9f-46fbb66a2121,1
/Users/leoniejunkherr/Documents/master/S4/Projekt/CODE/LT_project/data_hybrid/midrc_images/dg.MD1R_534c170d-7a08-47b3-b205-3bbb09a3ab33.png,dg.MD1R/534c170d-7a08-47b3-b205-3bbb09a3ab33,1
/Users/leoniejunkherr/Documents/master/S4/Projekt/CODE/LT_project/data_hybrid/midrc_images/dg.MD1R_555e212b-38fb-48e6-be0b-7ce3036f2eac.png,dg.MD1R/555e212b-38fb-48e6-be0b-7ce3036f2eac,1
/Users/leoniejunkherr/Documents/master/S4/Projekt/CODE/LT_project/data_hybrid/midrc_images/dg.MD1R_efb55e0b-ac51-404c-a746-ffd339877790.png,dg.MD1R/efb55e0b-ac51-404c-a746-ffd339877790,1
/Users/leoniejunkherr/Documents/master/S4/Projekt/CODE/LT_project/data_hybrid/midrc_images/dg.MD1R_03ff9e3e-29f5-47e5-a2c8-76fc31834559.png,dg.MD1R/03ff9e3e-29f5-47e5-a2c8-76fc31834559,1
/Users/leoniejunkherr/Documents/master/S4/Projekt/CODE/LT_project/data_hybrid/midrc_images/dg.MD1R_a408ddd1-28b8-44f2-95cc-f99e6ec37d37.png,dg.MD1R/a408ddd1-28b8-44f2-95cc-f99e6ec37d37,1
/Users/leoniejunkherr/Documents/master/S4/Projekt/CODE/LT_project/data_hybrid/midrc_images/dg.MD1R_92e83da7-d4a7-4c6d-89c6-6f5013eb36ac.png,dg.MD1R/92e83da7-d4a7-4c6d-89c6-6f5013eb36ac,1
/Users/leoniejunkherr/Documents/master/S4/Projekt/CODE/LT_project/data_hybrid/midrc_images/dg.MD1R_b0c0f13b-c5b1-48a2-b701-4b40df7c55bf.png,dg.MD1R/b0c0f13b-c5b1-48a2-b701-4b40df7c55bf,1
/Users/leoniejunkherr/Documents/master/S4/Projekt/CODE/LT_project/data_hybrid/midrc_images/dg.MD1R_ca7e59f6-11c8-4601-8d23-a717fd3931a1.png,dg.MD1R/ca7e59f6-11c8-4601-8d23-a717fd3931a1,1
/Users/leoniejunkherr/Documents/master/S4/Projekt/CODE/LT_project/data_hybrid/midrc_images/dg.MD1R_f02a36b4-6bbd-4bf1-bf07-c62eb81e3208.png,dg.MD1R/f02a36b4-6bbd-4bf1-bf07-c62eb81e3208,1
/Users/leoniejunkherr/Documents/master/S4/Projekt/CODE/LT_project/data_hybrid/midrc_images/dg.MD1R_80d6fbf1-5205-426c-8c16-f1fcbc6c29e5.png,dg.MD1R/80d6fbf1-5205-426c-8c16-f1fcbc6c29e5,1
/Users/leoniejunkherr/Documents/master/S4/Projekt/CODE/LT_project/data_hybrid/midrc_images/dg.MD1R_91dd8973-962a-4fd2-a17d-fa2e4e2496ec.png,dg.MD1R/91dd8973-962a-4fd2-a17d-fa2e4e2496ec,1
/Users/leoniejunkherr/Documents/master/S4/Projekt/CODE/LT_project/data_hybrid/midrc_images/dg.MD1R_12ca59fb-30d6-4053-a06f-e11b6b384bd9.png,dg.MD1R/12ca59fb-30d6-4053-a06f-e11b6b384bd9,1
/Users/leoniejunkherr/Documents/master/S4/Projekt/CODE/LT_project/data_hybrid/midrc_images/dg.MD1R_b98469eb-a002-440c-be3b-adc015ab7930.png,dg.MD1R/b98469eb-a002-440c-be3b-adc015ab7930,1
/Users/leoniejunkherr/Documents/master/S4/Projekt/CODE/LT_project/data_hybrid/midrc_images/dg.MD1R_d447072b-6dd9-4a3a-8ece-81e38c818fdb.png,dg.MD1R/d447072b-6dd9-4a3a-8ece-81e38c818fdb,1
/Users/leoniejunkherr/Documents/master/S4/Projekt/CODE/LT_project/data_hybrid/midrc_images/dg.MD1R_8b99b976-d118-4387-b27a-1284d76d30e3.png,dg.MD1R/8b99b976-d118-4387-b27a-1284d76d30e3,1
/Users/leoniejunkherr/Documents/master/S4/Projekt/CODE/LT_project/data_hybrid/midrc_images/dg.MD1R_02ec5e40-7198-4a1a-9187-1578061d6bbe.png,dg.MD1R/02ec5e40-7198-4a1a-9187-1578061d6bbe,1
/Users/leoniejunkherr/Documents/master/S4/Projekt/CODE/LT_project/data_hybrid/midrc_images/dg.MD1R_e92b71b9-c9a8-4e0b-af8d-faf918c9f8e9.png,dg.MD1R/e92b71b9-c9a8-4e0b-af8d-faf918c9f8e9,1
/Users/leoniejunkherr/Documents/master/S4/Projekt/CODE/LT_project/data_hybrid/midrc_images/dg.MD1R_e7c6b522-09a8-4adc-b7c6-a0ebf5aa728b.png,dg.MD1R/e7c6b522-09a8-4adc-b7c6-a0ebf5aa728b,1
/Users/leoniejunkherr/Documents/master/S4/Projekt/CODE/LT_project/data_hybrid/midrc_images/dg.MD1R_f611a0fc-7156-481c-aaa0-827ad7b03d2e.png,dg.MD1R/f611a0fc-7156-481c-aaa0-827ad7b03d2e,1
/Users/leoniejunkherr/Documents/master/S4/Projekt/CODE/LT_project/data_hybrid/midrc_images/dg.MD1R_32ddd313-92fe-4963-a17a-35297ed1913c.png,dg.MD1R/32ddd313-92fe-4963-a17a-35297ed1913c,1
/Users/leoniejunkherr/Documents/master/S4/Projekt/CODE/LT_project/data_hybrid/midrc_images/dg.MD1R_fb4c37a1-b29c-47fb-ad63-69fd18f0661d.png,dg.MD1R/fb4c37a1-b29c-47fb-ad63-69fd18f0661d,1
/Users/leoniejunkherr/Documents/master/S4/Projekt/CODE/LT_project/data_hybrid/midrc_images/dg.MD1R_3f950099-5fc7-44c7-807a-69e4a60c6b3c.png,dg.MD1R/3f950099-5fc7-44c7-807a-69e4a60c6b3c,1
/Users/leoniejunkherr/Documents/master/S4/Projekt/CODE/LT_project/data_hybrid/midrc_images/dg.MD1R_e87d8aed-fa3f-46b4-96c4-454a6d49eee9.png,dg.MD1R/e87d8aed-fa3f-46b4-96c4-454a6d49eee9,1
/Users/leoniejunkherr/Documents/master/S4/Projekt/CODE/LT_project/data_hybrid/midrc_images/dg.MD1R_4469d249-9251-4842-834f-bcaf9b43efcb.png,dg.MD1R/4469d249-9251-4842-834f-bcaf9b43efcb,1
/Users/leoniejunkherr/Documents/master/S4/Projekt/CODE/LT_project/data_hybrid/midrc_images/dg.MD1R_3ee1c660-dc17-4346-92c0-d4a14a7ec9f9.png,dg.MD1R/3ee1c660-dc17-4346-92c0-d4a14a7ec9f9,1
/Users/leoniejunkherr/Documents/master/S4/Projekt/CODE/LT_project/data_hybrid/midrc_images/dg.MD1R_5ce1ef7d-ad43-4b53-b50a-e2f5321d9c19.png,dg.MD1R/5ce1ef7d-ad43-4b53-b50a-e2f5321d9c19,1
/Users/leoniejunkherr/Documents/master/S4/Projekt/CODE/LT_project/data_hybrid/midrc_images/dg.MD1R_7e4fe3eb-fce5-48a2-97a9-e0c813f1cf55.png,dg.MD1R/7e4fe3eb-fce5-48a2-97a9-e0c813f1cf55,1
/Users/leoniejunkherr/Documents/master/S4/Projekt/CODE/LT_project/data_hybrid/midrc_images/dg.MD1R_a517d4c1-a96c-4f4a-b379-b98180e5a62a.png,dg.MD1R/a517d4c1-a96c-4f4a-b379-b98180e5a62a,1
/Users/leoniejunkherr/Documents/master/S4/Projekt/CODE/LT_project/data_hybrid/midrc_images/dg.MD1R_020109bc-1336-4e0a-9050-ae2f8d96fe4a.png,dg.MD1R/020109bc-1336-4e0a-9050-ae2f8d96fe4a,1
/Users/leoniejunkherr/Documents/master/S4/Projekt/CODE/LT_project/data_hybrid/midrc_images/dg.MD1R_2645315c-061b-40ed-9640-8943703a2f74.png,dg.MD1R/2645315c-061b-40ed-9640-8943703a2f74,1
/Users/leoniejunkherr/Documents/master/S4/Projekt/CODE/LT_project/data_hybrid/midrc_images/dg.MD1R_0d5f706a-51cf-4098-8418-30a77494b918.png,dg.MD1R/0d5f706a-51cf-4098-8418-30a77494b918,1
/Users/leoniejunkherr/Documents/master/S4/Projekt/CODE/LT_project/data_hybrid/midrc_images/dg.MD1R_6a9f3e88-a5a9-4eed-b905-9b5643ad7797.png,dg.MD1R/6a9f3e88-a5a9-4eed-b905-9b5643ad7797,1
/Users/leoniejunkherr/Documents/master/S4/Projekt/CODE/LT_project/data_hybrid/midrc_images/dg.MD1R_678b1656-4361-466e-a66e-74667dde1827.png,dg.MD1R/678b1656-4361-466e-a66e-74667dde1827,1
/Users/leoniejunkherr/Documents/master/S4/Projekt/CODE/LT_project/data_hybrid/midrc_images/dg.MD1R_cfae0a7a-cc3c-4500-9e09-cf1e595921bd.png,dg.MD1R/cfae0a7a-cc3c-4500-9e09-cf1e595921bd,1
/Users/leoniejunkherr/Documents/master/S4/Projekt/CODE/LT_project/data_hybrid/midrc_images/dg.MD1R_9a557ace-a3f2-4237-9147-aacdf2c8a47a.png,dg.MD1R/9a557ace-a3f2-4237-9147-aacdf2c8a47a,1
/Users/leoniejunkherr/Documents/master/S4/Projekt/CODE/LT_project/data_hybrid/midrc_images/dg.MD1R_09bdec6a-ea98-49ee-b87c-3a1d9e7e0b6e.png,dg.MD1R/09bdec6a-ea98-49ee-b87c-3a1d9e7e0b6e,1
/Users/leoniejunkherr/Documents/master/S4/Projekt/CODE/LT_project/data_hybrid/midrc_images/dg.MD1R_01040a8c-6365-46cc-bab4-6588a439a4b1.png,dg.MD1R/01040a8c-6365-46cc-bab4-6588a439a4b1,1
/Users/leoniejunkherr/Documents/master/S4/Projekt/CODE/LT_project/data_hybrid/midrc_images/dg.MD1R_52841b4c-a5d6-49bf-914b-b5ac9aa6dc0f.png,dg.MD1R/52841b4c-a5d6-49bf-914b-b5ac9aa6dc0f,1
/Users/leoniejunkherr/Documents/master/S4/Projekt/CODE/LT_project/data_hybrid/midrc_images/dg.MD1R_214b6b08-1143-470c-8ae1-1fe9f566a9c5.png,dg.MD1R/214b6b08-1143-470c-8ae1-1fe9f566a9c5,1
/Users/leoniejunkherr/Documents/master/S4/Projekt/CODE/LT_project/data_hybrid/midrc_images/dg.MD1R_f019d7d6-724b-4da3-8eb1-94c315d26e5f.png,dg.MD1R/f019d7d6-724b-4da3-8eb1-94c315d26e5f,1
/Users/leoniejunkherr/Documents/master/S4/Projekt/CODE/LT_project/data_hybrid/midrc_images/dg.MD1R_374dd34a-2aeb-4f62-90f9-5167369c1c04.png,dg.MD1R/374dd34a-2aeb-4f62-90f9-5167369c1c04,1
/Users/leoniejunkherr/Documents/master/S4/Projekt/CODE/LT_project/data_hybrid/midrc_images/dg.MD1R_a2c1ff48-658b-4ef0-aa16-1edede4d70dd.png,dg.MD1R/a2c1ff48-658b-4ef0-aa16-1edede4d70dd,1
/Users/leoniejunkherr/Documents/master/S4/Projekt/CODE/LT_project/data_hybrid/midrc_images/dg.MD1R_acad9aef-e915-4ec2-bcf6-d076aed295b5.png,dg.MD1R/acad9aef-e915-4ec2-bcf6-d076aed295b5,1
/Users/leoniejunkherr/Documents/master/S4/Projekt/CODE/LT_project/data_hybrid/midrc_images/dg.MD1R_7c795694-ebdb-4698-91e8-8c9694975da5.png,dg.MD1R/7c795694-ebdb-4698-91e8-8c9694975da5,1
/Users/leoniejunkherr/Documents/master/S4/Projekt/CODE/LT_project/data_hybrid/midrc_images/dg.MD1R_b825fced-40c1-4230-a14e-aef06d15abef.png,dg.MD1R/b825fced-40c1-4230-a14e-aef06d15abef,1
/Users/leoniejunkherr/Documents/master/S4/Projekt/CODE/LT_project/data_hybrid/midrc_images/dg.MD1R_ab2f5088-6bb6-444f-b265-b8a10d39cb77.png,dg.MD1R/ab2f5088-6bb6-444f-b265-b8a10d39cb77,1
/Users/leoniejunkherr/Documents/master/S4/Projekt/CODE/LT_project/data_hybrid/midrc_images/dg.MD1R_a6a375a6-f596-4c96-b87a-cf2665260840.png,dg.MD1R/a6a375a6-f596-4c96-b87a-cf2665260840,1
/Users/leoniejunkherr/Documents/master/S4/Projekt/CODE/LT_project/data_hybrid/midrc_images/dg.MD1R_a8f9132f-1eb3-4271-9668-2685abf603ce.png,dg.MD1R/a8f9132f-1eb3-4271-9668-2685abf603ce,1
/Users/leoniejunkherr/Documents/master/S4/Projekt/CODE/LT_project/data_hybrid/midrc_images/dg.MD1R_e98d18ce-20e9-4315-846b-6aabdb632c8c.png,dg.MD1R/e98d18ce-20e9-4315-846b-6aabdb632c8c,1
/Users/leoniejunkherr/Documents/master/S4/Projekt/CODE/LT_project/data_hybrid/midrc_images/dg.MD1R_0eb5251a-286c-4693-ab22-204f9389cf98.png,dg.MD1R/0eb5251a-286c-4693-ab22-204f9389cf98,1
/Users/leoniejunkherr/Documents/master/S4/Projekt/CODE/LT_project/data_hybrid/midrc_images/dg.MD1R_57b5efa1-98d9-48ed-b69a-4196dfdf2a54.png,dg.MD1R/57b5efa1-98d9-48ed-b69a-4196dfdf2a54,1
/Users/leoniejunkherr/Documents/master/S4/Projekt/CODE/LT_project/data_hybrid/midrc_images/dg.MD1R_deba1f10-2704-4ae1-a895-9ba659ef5ec9.png,dg.MD1R/deba1f10-2704-4ae1-a895-9ba659ef5ec9,1
/Users/leoniejunkherr/Documents/master/S4/Projekt/CODE/LT_project/data_hybrid/midrc_images/dg.MD1R_ea9b21af-4f5e-4494-9bef-091c4ce398e7.png,dg.MD1R/ea9b21af-4f5e-4494-9bef-091c4ce398e7,1
/Users/leoniejunkherr/Documents/master/S4/Projekt/CODE/LT_project/data_hybrid/midrc_images/dg.MD1R_453a9975-065a-4b95-b500-a5d9c66affab.png,dg.MD1R/453a9975-065a-4b95-b500-a5d9c66affab,1
/Users/leoniejunkherr/Documents/master/S4/Projekt/CODE/LT_project/data_hybrid/midrc_images/dg.MD1R_5ac8d777-4d0e-462d-b200-f35250c33115.png,dg.MD1R/5ac8d777-4d0e-462d-b200-f35250c33115,1
/Users/leoniejunkherr/Documents/master/S4/Projekt/CODE/LT_project/data_hybrid/midrc_images/dg.MD1R_497ac857-7264-48eb-abe0-30097c89a70e.png,dg.MD1R/497ac857-7264-48eb-abe0-30097c89a70e,1
/Users/leoniejunkherr/Documents/master/S4/Projekt/CODE/LT_project/data_hybrid/midrc_images/dg.MD1R_51fbdeaa-afc7-470b-a231-c7a9a1453056.png,dg.MD1R/51fbdeaa-afc7-470b-a231-c7a9a1453056,1
/Users/leoniejunkherr/Documents/master/S4/Projekt/CODE/LT_project/data_hybrid/midrc_images/dg.MD1R_3e1840dc-81da-4dd5-8564-c1f8a78cd04c.png,dg.MD1R/3e1840dc-81da-4dd5-8564-c1f8a78cd04c,1
/Users/leoniejunkherr/Documents/master/S4/Projekt/CODE/LT_project/data_hybrid/midrc_images/dg.MD1R_18f49622-7444-4ad6-b50f-591024bd82d2.png,dg.MD1R/18f49622-7444-4ad6-b50f-591024bd82d2,1
/Users/leoniejunkherr/Documents/master/S4/Projekt/CODE/LT_project/data_hybrid/midrc_images/dg.MD1R_a9580610-03f1-4f5e-886d-cf7d0ba76f81.png,dg.MD1R/a9580610-03f1-4f5e-886d-cf7d0ba76f81,1
/Users/leoniejunkherr/Documents/master/S4/Projekt/CODE/LT_project/data_hybrid/midrc_images/dg.MD1R_eb5a7383-de47-46b6-a2d1-7f76a6751fc2.png,dg.MD1R/eb5a7383-de47-46b6-a2d1-7f76a6751fc2,1
/Users/leoniejunkherr/Documents/master/S4/Projekt/CODE/LT_project/data_hybrid/midrc_images/dg.MD1R_a380ceb4-a083-42fa-bb29-2a5d8ddc67a2.png,dg.MD1R/a380ceb4-a083-42fa-bb29-2a5d8ddc67a2,1
/Users/leoniejunkherr/Documents/master/S4/Projekt/CODE/LT_project/data_hybrid/midrc_images/dg.MD1R_0c097a87-8773-4bbd-875d-879ff78fca0a.png,dg.MD1R/0c097a87-8773-4bbd-875d-879ff78fca0a,1
/Users/leoniejunkherr/Documents/master/S4/Projekt/CODE/LT_project/data_hybrid/midrc_images/dg.MD1R_c3ca5cf3-0658-4021-bebe-cd4bb56863a5.png,dg.MD1R/c3ca5cf3-0658-4021-bebe-cd4bb56863a5,1
/Users/leoniejunkherr/Documents/master/S4/Projekt/CODE/LT_project/data_hybrid/midrc_images/dg.MD1R_524d3a93-c6ae-4640-86fd-eaef34bdd5e6.png,dg.MD1R/524d3a93-c6ae-4640-86fd-eaef34bdd5e6,1
/Users/leoniejunkherr/Documents/master/S4/Projekt/CODE/LT_project/data_hybrid/midrc_images/dg.MD1R_b4b76d03-ffc9-4f1e-902e-bc97d3d0faed.png,dg.MD1R/b4b76d03-ffc9-4f1e-902e-bc97d3d0faed,1
/Users/leoniejunkherr/Documents/master/S4/Projekt/CODE/LT_project/data_hybrid/midrc_images/dg.MD1R_8aec5f02-9e4e-4027-990d-e62e6348d9dc.png,dg.MD1R/8aec5f02-9e4e-4027-990d-e62e6348d9dc,1
/Users/leoniejunkherr/Documents/master/S4/Projekt/CODE/LT_project/data_hybrid/midrc_images/dg.MD1R_70b08fd3-8c81-4da8-906e-43e74d91c901.png,dg.MD1R/70b08fd3-8c81-4da8-906e-43e74d91c901,1
/Users/leoniejunkherr/Documents/master/S4/Projekt/CODE/LT_project/data_hybrid/midrc_images/dg.MD1R_7a08997d-b370-47da-b0f6-667cc2e758aa.png,dg.MD1R/7a08997d-b370-47da-b0f6-667cc2e758aa,1
/Users/leoniejunkherr/Documents/master/S4/Projekt/CODE/LT_project/data_hybrid/midrc_images/dg.MD1R_f2bcfa12-bb1f-43eb-afa5-3883446d6cd6.png,dg.MD1R/f2bcfa12-bb1f-43eb-afa5-3883446d6cd6,1
/Users/leoniejunkherr/Documents/master/S4/Projekt/CODE/LT_project/data_hybrid/midrc_images/dg.MD1R_20674f11-01c4-4d32-8819-c3a26f4edc8d.png,dg.MD1R/20674f11-01c4-4d32-8819-c3a26f4edc8d,1
/Users/leoniejunkherr/Documents/master/S4/Projekt/CODE/LT_project/data_hybrid/midrc_images/dg.MD1R_12d35655-eebe-4ac5-956c-e1fbe26a7589.png,dg.MD1R/12d35655-eebe-4ac5-956c-e1fbe26a7589,1
/Users/leoniejunkherr/Documents/master/S4/Projekt/CODE/LT_project/data_hybrid/midrc_images/dg.MD1R_1eaba745-ecd9-44f2-9b76-e3969f6c3834.png,dg.MD1R/1eaba745-ecd9-44f2-9b76-e3969f6c3834,1
/Users/leoniejunkherr/Documents/master/S4/Projekt/CODE/LT_project/data_hybrid/midrc_images/dg.MD1R_a1486ac8-d057-4d83-acb5-85b288a04f22.png,dg.MD1R/a1486ac8-d057-4d83-acb5-85b288a04f22,1
/Users/leoniejunkherr/Documents/master/S4/Projekt/CODE/LT_project/data_hybrid/midrc_images/dg.MD1R_c27d1ddb-99c2-49a6-bf3a-af1398f3c50a.png,dg.MD1R/c27d1ddb-99c2-49a6-bf3a-af1398f3c50a,1
/Users/leoniejunkherr/Documents/master/S4/Projekt/CODE/LT_project/data_hybrid/midrc_images/dg.MD1R_27ef3ac4-6225-4759-be12-814fed1892b6.png,dg.MD1R/27ef3ac4-6225-4759-be12-814fed1892b6,1
/Users/leoniejunkherr/Documents/master/S4/Projekt/CODE/LT_project/data_hybrid/midrc_images/dg.MD1R_0c800d99-f6e2-4fc7-962a-1aa5f7109593.png,dg.MD1R/0c800d99-f6e2-4fc7-962a-1aa5f7109593,1
/Users/leoniejunkherr/Documents/master/S4/Projekt/CODE/LT_project/data_hybrid/midrc_images/dg.MD1R_c66b9576-d520-424d-8137-1fee73859855.png,dg.MD1R/c66b9576-d520-424d-8137-1fee73859855,1
/Users/leoniejunkherr/Documents/master/S4/Projekt/CODE/LT_project/data_hybrid/midrc_images/dg.MD1R_a054deda-53f9-4621-907a-b2dc1424e7c6.png,dg.MD1R/a054deda-53f9-4621-907a-b2dc1424e7c6,1
/Users/leoniejunkherr/Documents/master/S4/Projekt/CODE/LT_project/data_hybrid/midrc_images/dg.MD1R_d1d4a26f-162e-4062-ac45-e5a0a8f622a6.png,dg.MD1R/d1d4a26f-162e-4062-ac45-e5a0a8f622a6,1
/Users/leoniejunkherr/Documents/master/S4/Projekt/CODE/LT_project/data_hybrid/midrc_images/dg.MD1R_4b7f40be-ae29-458c-86ad-e6c9bc4b200f.png,dg.MD1R/4b7f40be-ae29-458c-86ad-e6c9bc4b200f,1
/Users/leoniejunkherr/Documents/master/S4/Projekt/CODE/LT_project/data_hybrid/midrc_images/dg.MD1R_7d0ccd48-386f-4be7-83a3-1ef04e01fa74.png,dg.MD1R/7d0ccd48-386f-4be7-83a3-1ef04e01fa74,1
/Users/leoniejunkherr/Documents/master/S4/Projekt/CODE/LT_project/data_hybrid/midrc_images/dg.MD1R_4eaaa4ef-4571-4afb-affe-373b6cbba6bd.png,dg.MD1R/4eaaa4ef-4571-4afb-affe-373b6cbba6bd,1
/Users/leoniejunkherr/Documents/master/S4/Projekt/CODE/LT_project/data_hybrid/midrc_images/dg.MD1R_bd27b63f-8b40-4acd-b666-900ef24a27ca.png,dg.MD1R/bd27b63f-8b40-4acd-b666-900ef24a27ca,1
/Users/leoniejunkherr/Documents/master/S4/Projekt/CODE/LT_project/data_hybrid/midrc_images/dg.MD1R_82ab3d3b-8707-43b8-9dcb-b2949571f14e.png,dg.MD1R/82ab3d3b-8707-43b8-9dcb-b2949571f14e,1
/Users/leoniejunkherr/Documents/master/S4/Projekt/CODE/LT_project/data_hybrid/midrc_images/dg.MD1R_be8313ec-805b-4824-ad47-bc1b3d0a2674.png,dg.MD1R/be8313ec-805b-4824-ad47-bc1b3d0a2674,1
/Users/leoniejunkherr/Documents/master/S4/Projekt/CODE/LT_project/data_hybrid/midrc_images/dg.MD1R_dd7c0dae-941e-41ba-9230-d691854e083f.png,dg.MD1R/dd7c0dae-941e-41ba-9230-d691854e083f,1
/Users/leoniejunkherr/Documents/master/S4/Projekt/CODE/LT_project/data_hybrid/midrc_images/dg.MD1R_58875aa9-ab1f-4fcd-ad3b-85ec2f9c9a77.png,dg.MD1R/58875aa9-ab1f-4fcd-ad3b-85ec2f9c9a77,1
/Users/leoniejunkherr/Documents/master/S4/Projekt/CODE/LT_project/data_hybrid/midrc_images/dg.MD1R_379b9e3c-d55b-42fe-b474-c7e49dea5ad7.png,dg.MD1R/379b9e3c-d55b-42fe-b474-c7e49dea5ad7,1
/Users/leoniejunkherr/Documents/master/S4/Projekt/CODE/LT_project/data_hybrid/midrc_images/dg.MD1R_b6d0c796-9bf3-4481-8f6e-b1eea90db348.png,dg.MD1R/b6d0c796-9bf3-4481-8f6e-b1eea90db348,1
/Users/leoniejunkherr/Documents/master/S4/Projekt/CODE/LT_project/data_hybrid/midrc_images/dg.MD1R_1e6bdfb4-d8ff-4413-b3bd-7fa5865048f4.png,dg.MD1R/1e6bdfb4-d8ff-4413-b3bd-7fa5865048f4,1
/Users/leoniejunkherr/Documents/master/S4/Projekt/CODE/LT_project/data_hybrid/midrc_images/dg.MD1R_f5f1a6f8-f3f9-4d57-88b4-f91dd31f525f.png,dg.MD1R/f5f1a6f8-f3f9-4d57-88b4-f91dd31f525f,1
/Users/leoniejunkherr/Documents/master/S4/Projekt/CODE/LT_project/data_hybrid/midrc_images/dg.MD1R_7024118b-7a8a-4c5a-b43f-ae3bc9e76123.png,dg.MD1R/7024118b-7a8a-4c5a-b43f-ae3bc9e76123,1
/Users/leoniejunkherr/Documents/master/S4/Projekt/CODE/LT_project/data_hybrid/midrc_images/dg.MD1R_cdd6962a-3b92-45e6-b220-49ab7587761f.png,dg.MD1R/cdd6962a-3b92-45e6-b220-49ab7587761f,1
/Users/leoniejunkherr/Documents/master/S4/Projekt/CODE/LT_project/data_hybrid/midrc_images/dg.MD1R_47c87670-6471-4a2e-b917-cfaa458ba827.png,dg.MD1R/47c87670-6471-4a2e-b917-cfaa458ba827,1
/Users/leoniejunkherr/Documents/master/S4/Projekt/CODE/LT_project/data_hybrid/midrc_images/dg.MD1R_cd0ac23e-615c-4505-8026-755044aee9fc.png,dg.MD1R/cd0ac23e-615c-4505-8026-755044aee9fc,1
/Users/leoniejunkherr/Documents/master/S4/Projekt/CODE/LT_project/data_hybrid/midrc_images/dg.MD1R_f0abe006-7e46-494e-b0a6-0040a1f9ca74.png,dg.MD1R/f0abe006-7e46-494e-b0a6-0040a1f9ca74,1
/Users/leoniejunkherr/Documents/master/S4/Projekt/CODE/LT_project/data_hybrid/midrc_images/dg.MD1R_cee67b0d-6429-47fd-b620-65a7d7d52111.png,dg.MD1R/cee67b0d-6429-47fd-b620-65a7d7d52111,1
/Users/leoniejunkherr/Documents/master/S4/Projekt/CODE/LT_project/data_hybrid/midrc_images/dg.MD1R_ce7f99ed-1831-4989-a715-74f7796be81e.png,dg.MD1R/ce7f99ed-1831-4989-a715-74f7796be81e,1
/Users/leoniejunkherr/Documents/master/S4/Projekt/CODE/LT_project/data_hybrid/midrc_images/dg.MD1R_8bb3e10f-9db7-4d03-963d-8f6843072ee2.png,dg.MD1R/8bb3e10f-9db7-4d03-963d-8f6843072ee2,1
/Users/leoniejunkherr/Documents/master/S4/Projekt/CODE/LT_project/data_hybrid/midrc_images/dg.MD1R_c4e301a4-d058-467a-a416-862ee234b88f.png,dg.MD1R/c4e301a4-d058-467a-a416-862ee234b88f,1
/Users/leoniejunkherr/Documents/master/S4/Projekt/CODE/LT_project/data_hybrid/midrc_images/dg.MD1R_a8c379ee-5c44-4353-89a7-cd37eaaec55f.png,dg.MD1R/a8c379ee-5c44-4353-89a7-cd37eaaec55f,1
/Users/leoniejunkherr/Documents/master/S4/Projekt/CODE/LT_project/data_hybrid/midrc_images/dg.MD1R_e8129a78-25cd-457c-ba70-246557dc2f97.png,dg.MD1R/e8129a78-25cd-457c-ba70-246557dc2f97,1
/Users/leoniejunkherr/Documents/master/S4/Projekt/CODE/LT_project/data_hybrid/midrc_images/dg.MD1R_c3f38f0f-227e-4617-9a5e-02b412b29bba.png,dg.MD1R/c3f38f0f-227e-4617-9a5e-02b412b29bba,1
/Users/leoniejunkherr/Documents/master/S4/Projekt/CODE/LT_project/data_hybrid/midrc_images/dg.MD1R_58ff8159-7941-497e-a060-186b3ad1853a.png,dg.MD1R/58ff8159-7941-497e-a060-186b3ad1853a,1
/Users/leoniejunkherr/Documents/master/S4/Projekt/CODE/LT_project/data_hybrid/midrc_images/dg.MD1R_090340f4-9d48-4103-9fa9-9501a441394c.png,dg.MD1R/090340f4-9d48-4103-9fa9-9501a441394c,1
/Users/leoniejunkherr/Documents/master/S4/Projekt/CODE/LT_project/data_hybrid/midrc_images/dg.MD1R_a42c8054-2960-417c-8fd4-972efcc7a858.png,dg.MD1R/a42c8054-2960-417c-8fd4-972efcc7a858,1
/Users/leoniejunkherr/Documents/master/S4/Projekt/CODE/LT_project/data_hybrid/midrc_images/dg.MD1R_77b9bc5f-3a74-4f9f-a23e-14aceb0cd554.png,dg.MD1R/77b9bc5f-3a74-4f9f-a23e-14aceb0cd554,1
/Users/leoniejunkherr/Documents/master/S4/Projekt/CODE/LT_project/data_hybrid/midrc_images/dg.MD1R_6f16c3ec-7aad-441c-86a9-a6e400e84b7b.png,dg.MD1R/6f16c3ec-7aad-441c-86a9-a6e400e84b7b,1
/Users/leoniejunkherr/Documents/master/S4/Projekt/CODE/LT_project/data_hybrid/midrc_images/dg.MD1R_082fdbf8-1867-4688-ae4e-cbb05c6582cf.png,dg.MD1R/082fdbf8-1867-4688-ae4e-cbb05c6582cf,1
/Users/leoniejunkherr/Documents/master/S4/Projekt/CODE/LT_project/data_hybrid/midrc_images/dg.MD1R_c4ecb8f7-3517-4b90-9898-d149f91d2fb6.png,dg.MD1R/c4ecb8f7-3517-4b90-9898-d149f91d2fb6,1
/Users/leoniejunkherr/Documents/master/S4/Projekt/CODE/LT_project/data_hybrid/midrc_images/dg.MD1R_0ec2cc30-599a-4a27-b285-47a175c9d23d.png,dg.MD1R/0ec2cc30-599a-4a27-b285-47a175c9d23d,1
/Users/leoniejunkherr/Documents/master/S4/Projekt/CODE/LT_project/data_hybrid/midrc_images/dg.MD1R_e4bcd424-c3f6-4a00-a6ff-b18815cb765b.png,dg.MD1R/e4bcd424-c3f6-4a00-a6ff-b18815cb765b,1
/Users/leoniejunkherr/Documents/master/S4/Projekt/CODE/LT_project/data_hybrid/midrc_images/dg.MD1R_c9807362-53c7-4515-b457-7f38e951cae9.png,dg.MD1R/c9807362-53c7-4515-b457-7f38e951cae9,1
/Users/leoniejunkherr/Documents/master/S4/Projekt/CODE/LT_project/data_hybrid/midrc_images/dg.MD1R_f74709f0-fa9d-4179-96e8-f184b7a20262.png,dg.MD1R/f74709f0-fa9d-4179-96e8-f184b7a20262,1
/Users/leoniejunkherr/Documents/master/S4/Projekt/CODE/LT_project/data_hybrid/midrc_images/dg.MD1R_1e688c00-7daa-4aaf-b55c-a6c8668b9cf6.png,dg.MD1R/1e688c00-7daa-4aaf-b55c-a6c8668b9cf6,1
/Users/leoniejunkherr/Documents/master/S4/Projekt/CODE/LT_project/data_hybrid/midrc_images/dg.MD1R_c1e84c53-9012-49b7-a9b6-1193c54c601d.png,dg.MD1R/c1e84c53-9012-49b7-a9b6-1193c54c601d,1
/Users/leoniejunkherr/Documents/master/S4/Projekt/CODE/LT_project/data_hybrid/midrc_images/dg.MD1R_e012aa6d-2203-4fa6-a13d-a932910ab092.png,dg.MD1R/e012aa6d-2203-4fa6-a13d-a932910ab092,1
/Users/leoniejunkherr/Documents/master/S4/Projekt/CODE/LT_project/data_hybrid/midrc_images/dg.MD1R_63e860bc-2b89-4eff-b424-d195a3491460.png,dg.MD1R/63e860bc-2b89-4eff-b424-d195a3491460,1
/Users/leoniejunkherr/Documents/master/S4/Projekt/CODE/LT_project/data_hybrid/midrc_images/dg.MD1R_a8588f30-45fb-4075-84b6-74489d0fd0e9.png,dg.MD1R/a8588f30-45fb-4075-84b6-74489d0fd0e9,1
/Users/leoniejunkherr/Documents/master/S4/Projekt/CODE/LT_project/data_hybrid/midrc_images/dg.MD1R_fbf7c797-4e8e-4846-a54d-a55095b7b1af.png,dg.MD1R/fbf7c797-4e8e-4846-a54d-a55095b7b1af,1
/Users/leoniejunkherr/Documents/master/S4/Projekt/CODE/LT_project/data_hybrid/midrc_images/dg.MD1R_5630bc7f-b1d5-450a-80bb-c6665b630f9f.png,dg.MD1R/5630bc7f-b1d5-450a-80bb-c6665b630f9f,1
/Users/leoniejunkherr/Documents/master/S4/Projekt/CODE/LT_project/data_hybrid/midrc_images/dg.MD1R_4a8c68a7-57fd-478a-9946-c3e9e0771ae7.png,dg.MD1R/4a8c68a7-57fd-478a-9946-c3e9e0771ae7,1
/Users/leoniejunkherr/Documents/master/S4/Projekt/CODE/LT_project/data_hybrid/midrc_images/dg.MD1R_b0bd3c49-0970-431e-b0e9-db2e6db8d890.png,dg.MD1R/b0bd3c49-0970-431e-b0e9-db2e6db8d890,1
/Users/leoniejunkherr/Documents/master/S4/Projekt/CODE/LT_project/data_hybrid/midrc_images/dg.MD1R_8d21a8b0-5dcf-47a5-85ec-6aae5a23f042.png,dg.MD1R/8d21a8b0-5dcf-47a5-85ec-6aae5a23f042,1
/Users/leoniejunkherr/Documents/master/S4/Projekt/CODE/LT_project/data_hybrid/midrc_images/dg.MD1R_cb143ae5-d4e2-449f-adf2-8eefb61b2063.png,dg.MD1R/cb143ae5-d4e2-449f-adf2-8eefb61b2063,1
/Users/leoniejunkherr/Documents/master/S4/Projekt/CODE/LT_project/data_hybrid/midrc_images/dg.MD1R_f01ee7e4-d4a6-4986-9c0c-052f9eed9dcb.png,dg.MD1R/f01ee7e4-d4a6-4986-9c0c-052f9eed9dcb,1
/Users/leoniejunkherr/Documents/master/S4/Projekt/CODE/LT_project/data_hybrid/midrc_images/dg.MD1R_ffcf20ed-1ceb-4817-9f75-1bc08f9f36ed.png,dg.MD1R/ffcf20ed-1ceb-4817-9f75-1bc08f9f36ed,1
/Users/leoniejunkherr/Documents/master/S4/Projekt/CODE/LT_project/data_hybrid/midrc_images/dg.MD1R_402505b9-dd29-430f-aa3e-afe1d3115d40.png,dg.MD1R/402505b9-dd29-430f-aa3e-afe1d3115d40,1
/Users/leoniejunkherr/Documents/master/S4/Projekt/CODE/LT_project/data_hybrid/midrc_images/dg.MD1R_f6a03fec-dcaa-4904-93f3-63af98d44711.png,dg.MD1R/f6a03fec-dcaa-4904-93f3-63af98d44711,1
/Users/leoniejunkherr/Documents/master/S4/Projekt/CODE/LT_project/data_hybrid/midrc_images/dg.MD1R_fde86345-2804-420b-845e-637904e95f42.png,dg.MD1R/fde86345-2804-420b-845e-637904e95f42,1
/Users/leoniejunkherr/Documents/master/S4/Projekt/CODE/LT_project/data_hybrid/midrc_images/dg.MD1R_9f04cbae-550b-4570-94fd-2bac0ef49398.png,dg.MD1R/9f04cbae-550b-4570-94fd-2bac0ef49398,1
/Users/leoniejunkherr/Documents/master/S4/Projekt/CODE/LT_project/data_hybrid/midrc_images/dg.MD1R_78d75fd9-7e8c-4e23-a04e-1afe27fa2b3d.png,dg.MD1R/78d75fd9-7e8c-4e23-a04e-1afe27fa2b3d,1
/Users/leoniejunkherr/Documents/master/S4/Projekt/CODE/LT_project/data_hybrid/midrc_images/dg.MD1R_c5a56513-c7a0-447d-ad00-195864b01b79.png,dg.MD1R/c5a56513-c7a0-447d-ad00-195864b01b79,1
/Users/leoniejunkherr/Documents/master/S4/Projekt/CODE/LT_project/data_hybrid/midrc_images/dg.MD1R_5128ce67-1a61-4585-b175-3f6071658648.png,dg.MD1R/5128ce67-1a61-4585-b175-3f6071658648,1
/Users/leoniejunkherr/Documents/master/S4/Projekt/CODE/LT_project/data_hybrid/midrc_images/dg.MD1R_e7fa2d3d-9e0f-4909-8889-9a11bf797465.png,dg.MD1R/e7fa2d3d-9e0f-4909-8889-9a11bf797465,1
/Users/leoniejunkherr/Documents/master/S4/Projekt/CODE/LT_project/data_hybrid/midrc_images/dg.MD1R_2fcdf03f-646e-406c-a13b-ee9f999393e7.png,dg.MD1R/2fcdf03f-646e-406c-a13b-ee9f999393e7,1
/Users/leoniejunkherr/Documents/master/S4/Projekt/CODE/LT_project/data_hybrid/midrc_images/dg.MD1R_c363dd10-1c71-46ee-8d40-80a5e5ff8b29.png,dg.MD1R/c363dd10-1c71-46ee-8d40-80a5e5ff8b29,1
/Users/leoniejunkherr/Documents/master/S4/Projekt/CODE/LT_project/data_hybrid/midrc_images/dg.MD1R_ce046d38-2540-42dc-bff0-8978f119d153.png,dg.MD1R/ce046d38-2540-42dc-bff0-8978f119d153,1
/Users/leoniejunkherr/Documents/master/S4/Projekt/CODE/LT_project/data_hybrid/midrc_images/dg.MD1R_7e07d64b-2f98-4b2a-8910-0046523b37c7.png,dg.MD1R/7e07d64b-2f98-4b2a-8910-0046523b37c7,1
/Users/leoniejunkherr/Documents/master/S4/Projekt/CODE/LT_project/data_hybrid/midrc_images/dg.MD1R_c712fbdc-afdd-40e9-9f79-0d535655edb9.png,dg.MD1R/c712fbdc-afdd-40e9-9f79-0d535655edb9,1
/Users/leoniejunkherr/Documents/master/S4/Projekt/CODE/LT_project/data_hybrid/midrc_images/dg.MD1R_30dc395f-9e30-4a99-8a8c-048bb58f5b4a.png,dg.MD1R/30dc395f-9e30-4a99-8a8c-048bb58f5b4a,1
/Users/leoniejunkherr/Documents/master/S4/Projekt/CODE/LT_project/data_hybrid/midrc_images/dg.MD1R_5bc2779a-8642-4608-bd1c-ac2bac804d26.png,dg.MD1R/5bc2779a-8642-4608-bd1c-ac2bac804d26,1
/Users/leoniejunkherr/Documents/master/S4/Projekt/CODE/LT_project/data_hybrid/midrc_images/dg.MD1R_5d49cbd6-a575-426f-a84d-a0366885a15b.png,dg.MD1R/5d49cbd6-a575-426f-a84d-a0366885a15b,1
/Users/leoniejunkherr/Documents/master/S4/Projekt/CODE/LT_project/data_hybrid/midrc_images/dg.MD1R_7032dcb4-6e18-4b22-9f2f-973b75a27ecc.png,dg.MD1R/7032dcb4-6e18-4b22-9f2f-973b75a27ecc,1
/Users/leoniejunkherr/Documents/master/S4/Projekt/CODE/LT_project/data_hybrid/midrc_images/dg.MD1R_0439badb-82d7-4698-b55f-ee1f02659422.png,dg.MD1R/0439badb-82d7-4698-b55f-ee1f02659422,1
/Users/leoniejunkherr/Documents/master/S4/Projekt/CODE/LT_project/data_hybrid/midrc_images/dg.MD1R_fc62c12a-1ac0-4576-b05e-a12cc50632f4.png,dg.MD1R/fc62c12a-1ac0-4576-b05e-a12cc50632f4,1
/Users/leoniejunkherr/Documents/master/S4/Projekt/CODE/LT_project/data_hybrid/midrc_images/dg.MD1R_1b11241e-b53b-40ae-9ad9-2358f688fffc.png,dg.MD1R/1b11241e-b53b-40ae-9ad9-2358f688fffc,1
/Users/leoniejunkherr/Documents/master/S4/Projekt/CODE/LT_project/data_hybrid/midrc_images/dg.MD1R_ff1ecb8d-29c2-4918-87f8-a584616f0048.png,dg.MD1R/ff1ecb8d-29c2-4918-87f8-a584616f0048,1
/Users/leoniejunkherr/Documents/master/S4/Projekt/CODE/LT_project/data_hybrid/midrc_images/dg.MD1R_0e7513bd-9c11-4763-9168-6fbb56adc7d1.png,dg.MD1R/0e7513bd-9c11-4763-9168-6fbb56adc7d1,1
/Users/leoniejunkherr/Documents/master/S4/Projekt/CODE/LT_project/data_hybrid/midrc_images/dg.MD1R_3cc82574-253f-48cd-b5bf-a7358c51289e.png,dg.MD1R/3cc82574-253f-48cd-b5bf-a7358c51289e,1
/Users/leoniejunkherr/Documents/master/S4/Projekt/CODE/LT_project/data_hybrid/midrc_images/dg.MD1R_96cddb63-e712-47bc-a0cd-66abb15ed54f.png,dg.MD1R/96cddb63-e712-47bc-a0cd-66abb15ed54f,1
/Users/leoniejunkherr/Documents/master/S4/Projekt/CODE/LT_project/data_hybrid/midrc_images/dg.MD1R_621e4450-8709-4022-bfb9-64d95bbc5abd.png,dg.MD1R/621e4450-8709-4022-bfb9-64d95bbc5abd,1
/Users/leoniejunkherr/Documents/master/S4/Projekt/CODE/LT_project/data_hybrid/midrc_images/dg.MD1R_7097a49e-0e53-4be8-a410-785d1ada419b.png,dg.MD1R/7097a49e-0e53-4be8-a410-785d1ada419b,1
/Users/leoniejunkherr/Documents/master/S4/Projekt/CODE/LT_project/data_hybrid/midrc_images/dg.MD1R_640c122f-cc14-4b6d-8954-d032e1837a69.png,dg.MD1R/640c122f-cc14-4b6d-8954-d032e1837a69,1
/Users/leoniejunkherr/Documents/master/S4/Projekt/CODE/LT_project/data_hybrid/midrc_images/dg.MD1R_0749d8a1-b9ae-4eb9-bd7a-367a803d6b26.png,dg.MD1R/0749d8a1-b9ae-4eb9-bd7a-367a803d6b26,1
/Users/leoniejunkherr/Documents/master/S4/Projekt/CODE/LT_project/data_hybrid/midrc_images/dg.MD1R_44fefef1-6d34-4677-8fb1-3dae073fafdf.png,dg.MD1R/44fefef1-6d34-4677-8fb1-3dae073fafdf,1
/Users/leoniejunkherr/Documents/master/S4/Projekt/CODE/LT_project/data_hybrid/midrc_images/dg.MD1R_2fe0542a-e364-40d2-bc03-fc20543d87af.png,dg.MD1R/2fe0542a-e364-40d2-bc03-fc20543d87af,1
/Users/leoniejunkherr/Documents/master/S4/Projekt/CODE/LT_project/data_hybrid/midrc_images/dg.MD1R_f0684213-1b89-4b21-9529-23872b3317da.png,dg.MD1R/f0684213-1b89-4b21-9529-23872b3317da,1
/Users/leoniejunkherr/Documents/master/S4/Projekt/CODE/LT_project/data_hybrid/midrc_images/dg.MD1R_1d6fbfb8-5229-4488-9e37-1fc69c9bc07a.png,dg.MD1R/1d6fbfb8-5229-4488-9e37-1fc69c9bc07a,1
/Users/leoniejunkherr/Documents/master/S4/Projekt/CODE/LT_project/data_hybrid/midrc_images/dg.MD1R_b10acab3-5cd0-4ece-8f0e-b84461bdc5fa.png,dg.MD1R/b10acab3-5cd0-4ece-8f0e-b84461bdc5fa,1
/Users/leoniejunkherr/Documents/master/S4/Projekt/CODE/LT_project/data_hybrid/midrc_images/dg.MD1R_369b73ce-adeb-40ab-8dea-5a124575e60a.png,dg.MD1R/369b73ce-adeb-40ab-8dea-5a124575e60a,1
/Users/leoniejunkherr/Documents/master/S4/Projekt/CODE/LT_project/data_hybrid/midrc_images/dg.MD1R_b2d0c180-1735-4d62-97b9-20d4bf19869f.png,dg.MD1R/b2d0c180-1735-4d62-97b9-20d4bf19869f,1
/Users/leoniejunkherr/Documents/master/S4/Projekt/CODE/LT_project/data_hybrid/midrc_images/dg.MD1R_1322885a-28a1-450e-9796-81ccf37085a4.png,dg.MD1R/1322885a-28a1-450e-9796-81ccf37085a4,1
/Users/leoniejunkherr/Documents/master/S4/Projekt/CODE/LT_project/data_hybrid/midrc_images/dg.MD1R_cb00429e-b62f-422f-93c3-62f1b3dba74e.png,dg.MD1R/cb00429e-b62f-422f-93c3-62f1b3dba74e,1
/Users/leoniejunkherr/Documents/master/S4/Projekt/CODE/LT_project/data_hybrid/midrc_images/dg.MD1R_eb20a837-9b12-44a5-8c15-2ec9b546e9f2.png,dg.MD1R/eb20a837-9b12-44a5-8c15-2ec9b546e9f2,1
/Users/leoniejunkherr/Documents/master/S4/Projekt/CODE/LT_project/data_hybrid/midrc_images/dg.MD1R_6db49a35-06e6-44a5-ab3c-97cb16589213.png,dg.MD1R/6db49a35-06e6-44a5-ab3c-97cb16589213,1
/Users/leoniejunkherr/Documents/master/S4/Projekt/CODE/LT_project/data_hybrid/midrc_images/dg.MD1R_90b2fa18-3440-40b7-b051-a3944083d268.png,dg.MD1R/90b2fa18-3440-40b7-b051-a3944083d268,1
/Users/leoniejunkherr/Documents/master/S4/Projekt/CODE/LT_project/data_hybrid/midrc_images/dg.MD1R_23278d73-f9ee-4b9f-8f57-b335f5be5727.png,dg.MD1R/23278d73-f9ee-4b9f-8f57-b335f5be5727,1
/Users/leoniejunkherr/Documents/master/S4/Projekt/CODE/LT_project/data_hybrid/midrc_images/dg.MD1R_7765908b-2033-475e-aa4d-1ae5250a275e.png,dg.MD1R/7765908b-2033-475e-aa4d-1ae5250a275e,1
/Users/leoniejunkherr/Documents/master/S4/Projekt/CODE/LT_project/data_hybrid/midrc_images/dg.MD1R_062b15fb-34e7-40b5-a4ac-32be2a4f0f82.png,dg.MD1R/062b15fb-34e7-40b5-a4ac-32be2a4f0f82,1
/Users/leoniejunkherr/Documents/master/S4/Projekt/CODE/LT_project/data_hybrid/midrc_images/dg.MD1R_74623913-49d0-48a5-ac2a-596babf2a579.png,dg.MD1R/74623913-49d0-48a5-ac2a-596babf2a579,1
/Users/leoniejunkherr/Documents/master/S4/Projekt/CODE/LT_project/data_hybrid/midrc_images/dg.MD1R_75770075-1750-4b6f-bcec-a6a6dfe11e83.png,dg.MD1R/75770075-1750-4b6f-bcec-a6a6dfe11e83,1
/Users/leoniejunkherr/Documents/master/S4/Projekt/CODE/LT_project/data_hybrid/midrc_images/dg.MD1R_347c3e7f-38c5-4941-8f07-0fab77776e43.png,dg.MD1R/347c3e7f-38c5-4941-8f07-0fab77776e43,1
/Users/leoniejunkherr/Documents/master/S4/Projekt/CODE/LT_project/data_hybrid/midrc_images/dg.MD1R_d18c78ab-7050-4b41-8c75-08f5ed6c76cd.png,dg.MD1R/d18c78ab-7050-4b41-8c75-08f5ed6c76cd,1
/Users/leoniejunkherr/Documents/master/S4/Projekt/CODE/LT_project/data_hybrid/midrc_images/dg.MD1R_25768bdd-7b07-45cc-890c-20e4b7d2c5f4.png,dg.MD1R/25768bdd-7b07-45cc-890c-20e4b7d2c5f4,1
/Users/leoniejunkherr/Documents/master/S4/Projekt/CODE/LT_project/data_hybrid/midrc_images/dg.MD1R_6a95a8cd-9c1e-4a18-b9ea-edb6413620e8.png,dg.MD1R/6a95a8cd-9c1e-4a18-b9ea-edb6413620e8,1
/Users/leoniejunkherr/Documents/master/S4/Projekt/CODE/LT_project/data_hybrid/midrc_images/dg.MD1R_ebaf0a0d-58cb-4ce1-98b3-00c0ccd8e961.png,dg.MD1R/ebaf0a0d-58cb-4ce1-98b3-00c0ccd8e961,1
/Users/leoniejunkherr/Documents/master/S4/Projekt/CODE/LT_project/data_hybrid/midrc_images/dg.MD1R_98f8af8f-3451-4e18-a01b-7f0988d6b50c.png,dg.MD1R/98f8af8f-3451-4e18-a01b-7f0988d6b50c,1
/Users/leoniejunkherr/Documents/master/S4/Projekt/CODE/LT_project/data_hybrid/midrc_images/dg.MD1R_0e41ef3f-51a3-4094-b550-13019b594dd9.png,dg.MD1R/0e41ef3f-51a3-4094-b550-13019b594dd9,1
/Users/leoniejunkherr/Documents/master/S4/Projekt/CODE/LT_project/data_hybrid/midrc_images/dg.MD1R_409568c0-b222-45b6-a9fb-3e28a8a32360.png,dg.MD1R/409568c0-b222-45b6-a9fb-3e28a8a32360,1
/Users/leoniejunkherr/Documents/master/S4/Projekt/CODE/LT_project/data_hybrid/midrc_images/dg.MD1R_022920b7-ee33-46e3-bed6-4108f558d017.png,dg.MD1R/022920b7-ee33-46e3-bed6-4108f558d017,1
/Users/leoniejunkherr/Documents/master/S4/Projekt/CODE/LT_project/data_hybrid/midrc_images/dg.MD1R_643f742c-3799-4244-8bd0-5440bd9c19ea.png,dg.MD1R/643f742c-3799-4244-8bd0-5440bd9c19ea,1
/Users/leoniejunkherr/Documents/master/S4/Projekt/CODE/LT_project/data_hybrid/midrc_images/dg.MD1R_2171f5f4-4f10-4156-a8c1-48bcf9e2313c.png,dg.MD1R/2171f5f4-4f10-4156-a8c1-48bcf9e2313c,1
/Users/leoniejunkherr/Documents/master/S4/Projekt/CODE/LT_project/data_hybrid/midrc_images/dg.MD1R_987c2933-c81e-4bb9-aaf1-5be4fec0655c.png,dg.MD1R/987c2933-c81e-4bb9-aaf1-5be4fec0655c,1
/Users/leoniejunkherr/Documents/master/S4/Projekt/CODE/LT_project/data_hybrid/midrc_images/dg.MD1R_98d27c1e-b5ab-4aa5-9574-2b576458b2a4.png,dg.MD1R/98d27c1e-b5ab-4aa5-9574-2b576458b2a4,1
/Users/leoniejunkherr/Documents/master/S4/Projekt/CODE/LT_project/data_hybrid/midrc_images/dg.MD1R_a057a09b-a126-4cc5-a88f-19fcfcd0894a.png,dg.MD1R/a057a09b-a126-4cc5-a88f-19fcfcd0894a,1
/Users/leoniejunkherr/Documents/master/S4/Projekt/CODE/LT_project/data_hybrid/midrc_images/dg.MD1R_1de08f4a-b3aa-49bb-8616-ddd88b3faaf0.png,dg.MD1R/1de08f4a-b3aa-49bb-8616-ddd88b3faaf0,1
/Users/leoniejunkherr/Documents/master/S4/Projekt/CODE/LT_project/data_hybrid/midrc_images/dg.MD1R_19beed2e-f706-49cb-973c-84d470b40e84.png,dg.MD1R/19beed2e-f706-49cb-973c-84d470b40e84,1
/Users/leoniejunkherr/Documents/master/S4/Projekt/CODE/LT_project/data_hybrid/midrc_images/dg.MD1R_66e518e2-f66d-47b3-b021-7b2c6110dbef.png,dg.MD1R/66e518e2-f66d-47b3-b021-7b2c6110dbef,1
/Users/leoniejunkherr/Documents/master/S4/Projekt/CODE/LT_project/data_hybrid/midrc_images/dg.MD1R_4eaecb7e-e085-44c0-bb75-54517038773c.png,dg.MD1R/4eaecb7e-e085-44c0-bb75-54517038773c,1
/Users/leoniejunkherr/Documents/master/S4/Projekt/CODE/LT_project/data_hybrid/midrc_images/dg.MD1R_39dc65e3-4d9c-47e9-bb7b-9b7c19049573.png,dg.MD1R/39dc65e3-4d9c-47e9-bb7b-9b7c19049573,1
/Users/leoniejunkherr/Documents/master/S4/Projekt/CODE/LT_project/data_hybrid/midrc_images/dg.MD1R_56a16dab-508d-4aa2-b2b2-d8bd887f2da5.png,dg.MD1R/56a16dab-508d-4aa2-b2b2-d8bd887f2da5,1
/Users/leoniejunkherr/Documents/master/S4/Projekt/CODE/LT_project/data_hybrid/midrc_images/dg.MD1R_e847db12-5680-4c28-9be9-c6c39bb421d8.png,dg.MD1R/e847db12-5680-4c28-9be9-c6c39bb421d8,1
/Users/leoniejunkherr/Documents/master/S4/Projekt/CODE/LT_project/data_hybrid/midrc_images/dg.MD1R_84f2585b-1555-4a75-9112-0ca993bf3af3.png,dg.MD1R/84f2585b-1555-4a75-9112-0ca993bf3af3,1
/Users/leoniejunkherr/Documents/master/S4/Projekt/CODE/LT_project/data_hybrid/midrc_images/dg.MD1R_d5049564-74f5-4d55-8494-5b6a5e55e68b.png,dg.MD1R/d5049564-74f5-4d55-8494-5b6a5e55e68b,1
/Users/leoniejunkherr/Documents/master/S4/Projekt/CODE/LT_project/data_hybrid/midrc_images/dg.MD1R_a96ad375-87e1-4c90-ae2c-26e411e8874e.png,dg.MD1R/a96ad375-87e1-4c90-ae2c-26e411e8874e,1
/Users/leoniejunkherr/Documents/master/S4/Projekt/CODE/LT_project/data_hybrid/midrc_images/dg.MD1R_74becb49-5c0e-4842-9bba-aa51051d2c4c.png,dg.MD1R/74becb49-5c0e-4842-9bba-aa51051d2c4c,1
/Users/leoniejunkherr/Documents/master/S4/Projekt/CODE/LT_project/data_hybrid/midrc_images/dg.MD1R_aa4928a8-dc61-4d85-867b-edb014557178.png,dg.MD1R/aa4928a8-dc61-4d85-867b-edb014557178,1
/Users/leoniejunkherr/Documents/master/S4/Projekt/CODE/LT_project/data_hybrid/midrc_images/dg.MD1R_cb89832b-1095-4fae-b6db-6ea91f1465e6.png,dg.MD1R/cb89832b-1095-4fae-b6db-6ea91f1465e6,1
/Users/leoniejunkherr/Documents/master/S4/Projekt/CODE/LT_project/data_hybrid/midrc_images/dg.MD1R_66b08e94-0d6f-4f6a-bcb4-9881c8f792a6.png,dg.MD1R/66b08e94-0d6f-4f6a-bcb4-9881c8f792a6,1
/Users/leoniejunkherr/Documents/master/S4/Projekt/CODE/LT_project/data_hybrid/midrc_images/dg.MD1R_53d2ab49-7ad4-46ba-b186-43a2765d7496.png,dg.MD1R/53d2ab49-7ad4-46ba-b186-43a2765d7496,1
/Users/leoniejunkherr/Documents/master/S4/Projekt/CODE/LT_project/data_hybrid/midrc_images/dg.MD1R_3b86b0da-7065-46a3-9e1e-0c0d06e44b9f.png,dg.MD1R/3b86b0da-7065-46a3-9e1e-0c0d06e44b9f,1
/Users/leoniejunkherr/Documents/master/S4/Projekt/CODE/LT_project/data_hybrid/midrc_images/dg.MD1R_b77983c9-b660-4c4a-9708-40289606559d.png,dg.MD1R/b77983c9-b660-4c4a-9708-40289606559d,1
/Users/leoniejunkherr/Documents/master/S4/Projekt/CODE/LT_project/data_hybrid/midrc_images/dg.MD1R_6fe0a3e0-93b6-4726-a386-e64bfd9fb589.png,dg.MD1R/6fe0a3e0-93b6-4726-a386-e64bfd9fb589,1
/Users/leoniejunkherr/Documents/master/S4/Projekt/CODE/LT_project/data_hybrid/midrc_images/dg.MD1R_8cc084db-35ee-438c-bfba-30b5d75b9c5f.png,dg.MD1R/8cc084db-35ee-438c-bfba-30b5d75b9c5f,1
/Users/leoniejunkherr/Documents/master/S4/Projekt/CODE/LT_project/data_hybrid/midrc_images/dg.MD1R_d9a9e418-0abc-438a-883b-b8adf8a0f716.png,dg.MD1R/d9a9e418-0abc-438a-883b-b8adf8a0f716,1
/Users/leoniejunkherr/Documents/master/S4/Projekt/CODE/LT_project/data_hybrid/midrc_images/dg.MD1R_b06b98de-9f65-4cc3-aa94-3d826e6ce0ae.png,dg.MD1R/b06b98de-9f65-4cc3-aa94-3d826e6ce0ae,1
/Users/leoniejunkherr/Documents/master/S4/Projekt/CODE/LT_project/data_hybrid/midrc_images/dg.MD1R_12730083-4efc-469d-b8e0-13a57a06712c.png,dg.MD1R/12730083-4efc-469d-b8e0-13a57a06712c,1
/Users/leoniejunkherr/Documents/master/S4/Projekt/CODE/LT_project/data_hybrid/midrc_images/dg.MD1R_d767f530-fc88-45d2-b7cd-274da7e7403a.png,dg.MD1R/d767f530-fc88-45d2-b7cd-274da7e7403a,1
/Users/leoniejunkherr/Documents/master/S4/Projekt/CODE/LT_project/data_hybrid/midrc_images/dg.MD1R_978e4975-56e5-4529-b4b7-6eb65dbd1ead.png,dg.MD1R/978e4975-56e5-4529-b4b7-6eb65dbd1ead,1
/Users/leoniejunkherr/Documents/master/S4/Projekt/CODE/LT_project/data_hybrid/midrc_images/dg.MD1R_d19251d5-2ddb-4855-b6e4-4df23f4121a6.png,dg.MD1R/d19251d5-2ddb-4855-b6e4-4df23f4121a6,1
/Users/leoniejunkherr/Documents/master/S4/Projekt/CODE/LT_project/data_hybrid/midrc_images/dg.MD1R_8127bbdc-4258-43f7-aecb-197be010c5c9.png,dg.MD1R/8127bbdc-4258-43f7-aecb-197be010c5c9,1
/Users/leoniejunkherr/Documents/master/S4/Projekt/CODE/LT_project/data_hybrid/midrc_images/dg.MD1R_6e58a56b-5e07-41b1-a301-e44bd6eeab19.png,dg.MD1R/6e58a56b-5e07-41b1-a301-e44bd6eeab19,1
/Users/leoniejunkherr/Documents/master/S4/Projekt/CODE/LT_project/data_hybrid/midrc_images/dg.MD1R_bc004712-ded2-44a4-95a6-77659191781d.png,dg.MD1R/bc004712-ded2-44a4-95a6-77659191781d,1
/Users/leoniejunkherr/Documents/master/S4/Projekt/CODE/LT_project/data_hybrid/midrc_images/dg.MD1R_be86e1a6-2343-47f7-b297-7ddacb6ba8d2.png,dg.MD1R/be86e1a6-2343-47f7-b297-7ddacb6ba8d2,1
/Users/leoniejunkherr/Documents/master/S4/Projekt/CODE/LT_project/data_hybrid/midrc_images/dg.MD1R_7ca14fea-0b09-4532-83f0-4e0ca76f5098.png,dg.MD1R/7ca14fea-0b09-4532-83f0-4e0ca76f5098,1
/Users/leoniejunkherr/Documents/master/S4/Projekt/CODE/LT_project/data_hybrid/midrc_images/dg.MD1R_188f777f-0057-4cd4-9428-92b6f421d03f.png,dg.MD1R/188f777f-0057-4cd4-9428-92b6f421d03f,1
/Users/leoniejunkherr/Documents/master/S4/Projekt/CODE/LT_project/data_hybrid/midrc_images/dg.MD1R_4a1042b0-525f-46c2-b394-6760a3f5ad3c.png,dg.MD1R/4a1042b0-525f-46c2-b394-6760a3f5ad3c,1
/Users/leoniejunkherr/Documents/master/S4/Projekt/CODE/LT_project/data_hybrid/midrc_images/dg.MD1R_65baf2c8-f015-4775-9df3-26ea5abe063e.png,dg.MD1R/65baf2c8-f015-4775-9df3-26ea5abe063e,1
/Users/leoniejunkherr/Documents/master/S4/Projekt/CODE/LT_project/data_hybrid/midrc_images/dg.MD1R_64fe9bf6-0599-4a90-8d39-819f0262529c.png,dg.MD1R/64fe9bf6-0599-4a90-8d39-819f0262529c,1
/Users/leoniejunkherr/Documents/master/S4/Projekt/CODE/LT_project/data_hybrid/midrc_images/dg.MD1R_d8387916-0c97-4b88-81db-83e216f0b29f.png,dg.MD1R/d8387916-0c97-4b88-81db-83e216f0b29f,1
/Users/leoniejunkherr/Documents/master/S4/Projekt/CODE/LT_project/data_hybrid/midrc_images/dg.MD1R_e182f5ab-ace1-48d2-8500-c3b820839224.png,dg.MD1R/e182f5ab-ace1-48d2-8500-c3b820839224,1
/Users/leoniejunkherr/Documents/master/S4/Projekt/CODE/LT_project/data_hybrid/midrc_images/dg.MD1R_2a183ebf-99e9-450d-aada-6d4f374eeab4.png,dg.MD1R/2a183ebf-99e9-450d-aada-6d4f374eeab4,1
/Users/leoniejunkherr/Documents/master/S4/Projekt/CODE/LT_project/data_hybrid/midrc_images/dg.MD1R_73d3d21e-7740-400e-a3ca-b807701ccbf4.png,dg.MD1R/73d3d21e-7740-400e-a3ca-b807701ccbf4,1
/Users/leoniejunkherr/Documents/master/S4/Projekt/CODE/LT_project/data_hybrid/midrc_images/dg.MD1R_720b7ae3-f0eb-41b0-909f-13505590d3da.png,dg.MD1R/720b7ae3-f0eb-41b0-909f-13505590d3da,1
/Users/leoniejunkherr/Documents/master/S4/Projekt/CODE/LT_project/data_hybrid/midrc_images/dg.MD1R_ed8e1173-4c2e-439b-93fd-b4cd6d07220e.png,dg.MD1R/ed8e1173-4c2e-439b-93fd-b4cd6d07220e,1
/Users/leoniejunkherr/Documents/master/S4/Projekt/CODE/LT_project/data_hybrid/midrc_images/dg.MD1R_91de6ce7-a380-4405-ad2f-81dc555c212d.png,dg.MD1R/91de6ce7-a380-4405-ad2f-81dc555c212d,1
/Users/leoniejunkherr/Documents/master/S4/Projekt/CODE/LT_project/data_hybrid/midrc_images/dg.MD1R_aa109551-917e-4f46-8b7e-0682e23e53be.png,dg.MD1R/aa109551-917e-4f46-8b7e-0682e23e53be,1
/Users/leoniejunkherr/Documents/master/S4/Projekt/CODE/LT_project/data_hybrid/midrc_images/dg.MD1R_de227dca-bbb4-4ec7-bd9a-997f8d478972.png,dg.MD1R/de227dca-bbb4-4ec7-bd9a-997f8d478972,1
/Users/leoniejunkherr/Documents/master/S4/Projekt/CODE/LT_project/data_hybrid/midrc_images/dg.MD1R_2de44def-ebf0-4733-a435-f2ea2daa7691.png,dg.MD1R/2de44def-ebf0-4733-a435-f2ea2daa7691,1
/Users/leoniejunkherr/Documents/master/S4/Projekt/CODE/LT_project/data_hybrid/midrc_images/dg.MD1R_4f7c5631-d094-4ef5-b029-b18304755103.png,dg.MD1R/4f7c5631-d094-4ef5-b029-b18304755103,1
/Users/leoniejunkherr/Documents/master/S4/Projekt/CODE/LT_project/data_hybrid/midrc_images/dg.MD1R_f2474660-fff3-4dcd-bd4a-6a93452a4293.png,dg.MD1R/f2474660-fff3-4dcd-bd4a-6a93452a4293,1
/Users/leoniejunkherr/Documents/master/S4/Projekt/CODE/LT_project/data_hybrid/midrc_images/dg.MD1R_852d3c14-203f-4dc9-bab9-240c6b44a918.png,dg.MD1R/852d3c14-203f-4dc9-bab9-240c6b44a918,1
/Users/leoniejunkherr/Documents/master/S4/Projekt/CODE/LT_project/data_hybrid/midrc_images/dg.MD1R_e4d08385-8829-4fb3-a63c-13b128f86e7e.png,dg.MD1R/e4d08385-8829-4fb3-a63c-13b128f86e7e,1
/Users/leoniejunkherr/Documents/master/S4/Projekt/CODE/LT_project/data_hybrid/midrc_images/dg.MD1R_22c9c6a5-bb12-4371-af9d-60ea17023646.png,dg.MD1R/22c9c6a5-bb12-4371-af9d-60ea17023646,1
/Users/leoniejunkherr/Documents/master/S4/Projekt/CODE/LT_project/data_hybrid/midrc_images/dg.MD1R_0cb68623-43f2-43f4-9a70-165f4cb7814c.png,dg.MD1R/0cb68623-43f2-43f4-9a70-165f4cb7814c,1
/Users/leoniejunkherr/Documents/master/S4/Projekt/CODE/LT_project/data_hybrid/midrc_images/dg.MD1R_ddffba90-a75b-48d5-91dd-50cb9f5ef029.png,dg.MD1R/ddffba90-a75b-48d5-91dd-50cb9f5ef029,1
/Users/leoniejunkherr/Documents/master/S4/Projekt/CODE/LT_project/data_hybrid/midrc_images/dg.MD1R_89baf3ce-b353-4626-951d-7af4e7079b70.png,dg.MD1R/89baf3ce-b353-4626-951d-7af4e7079b70,1
/Users/leoniejunkherr/Documents/master/S4/Projekt/CODE/LT_project/data_hybrid/midrc_images/dg.MD1R_127e39a1-c5bf-4778-9fc3-43d1fa045bf6.png,dg.MD1R/127e39a1-c5bf-4778-9fc3-43d1fa045bf6,1
/Users/leoniejunkherr/Documents/master/S4/Projekt/CODE/LT_project/data_hybrid/midrc_images/dg.MD1R_008cfd93-b7f1-4fd5-b8d0-b301b2b25bd6.png,dg.MD1R/008cfd93-b7f1-4fd5-b8d0-b301b2b25bd6,1
/Users/leoniejunkherr/Documents/master/S4/Projekt/CODE/LT_project/data_hybrid/midrc_images/dg.MD1R_08335559-19c3-4c2b-8a34-ed51f8c8755a.png,dg.MD1R/08335559-19c3-4c2b-8a34-ed51f8c8755a,1
/Users/leoniejunkherr/Documents/master/S4/Projekt/CODE/LT_project/data_hybrid/midrc_images/dg.MD1R_28cd6236-7629-4fef-ab51-d42a7f9bdd02.png,dg.MD1R/28cd6236-7629-4fef-ab51-d42a7f9bdd02,1
/Users/leoniejunkherr/Documents/master/S4/Projekt/CODE/LT_project/data_hybrid/midrc_images/dg.MD1R_f8cab135-88e4-400e-9da2-84d927991d6a.png,dg.MD1R/f8cab135-88e4-400e-9da2-84d927991d6a,1
/Users/leoniejunkherr/Documents/master/S4/Projekt/CODE/LT_project/data_hybrid/midrc_images/dg.MD1R_313927dc-ed77-48ce-a4c0-5b606e4e5180.png,dg.MD1R/313927dc-ed77-48ce-a4c0-5b606e4e5180,1
/Users/leoniejunkherr/Documents/master/S4/Projekt/CODE/LT_project/data_hybrid/midrc_images/dg.MD1R_d7bb4e2f-b443-4d2a-bac4-5ef916de3e43.png,dg.MD1R/d7bb4e2f-b443-4d2a-bac4-5ef916de3e43,1
/Users/leoniejunkherr/Documents/master/S4/Projekt/CODE/LT_project/data_hybrid/midrc_images/dg.MD1R_eaa46e84-d15f-4f4f-8576-1a248ce7b671.png,dg.MD1R/eaa46e84-d15f-4f4f-8576-1a248ce7b671,1
/Users/leoniejunkherr/Documents/master/S4/Projekt/CODE/LT_project/data_hybrid/midrc_images/dg.MD1R_8149477d-0b9b-43ed-a8cc-b4d4ed283abc.png,dg.MD1R/8149477d-0b9b-43ed-a8cc-b4d4ed283abc,1
/Users/leoniejunkherr/Documents/master/S4/Projekt/CODE/LT_project/data_hybrid/midrc_images/dg.MD1R_8d20a25e-be90-4258-ab1b-62a3d4e60a31.png,dg.MD1R/8d20a25e-be90-4258-ab1b-62a3d4e60a31,1
/Users/leoniejunkherr/Documents/master/S4/Projekt/CODE/LT_project/data_hybrid/midrc_images/dg.MD1R_d0b6c337-ab85-4024-9224-61c5fb85a21a.png,dg.MD1R/d0b6c337-ab85-4024-9224-61c5fb85a21a,1
/Users/leoniejunkherr/Documents/master/S4/Projekt/CODE/LT_project/data_hybrid/midrc_images/dg.MD1R_fa8a9a86-e4f8-4ec0-8188-9ec149d31745.png,dg.MD1R/fa8a9a86-e4f8-4ec0-8188-9ec149d31745,1
/Users/leoniejunkherr/Documents/master/S4/Projekt/CODE/LT_project/data_hybrid/midrc_images/dg.MD1R_9b02817d-ad2c-4f55-8493-62fba908a8aa.png,dg.MD1R/9b02817d-ad2c-4f55-8493-62fba908a8aa,1
/Users/leoniejunkherr/Documents/master/S4/Projekt/CODE/LT_project/data_hybrid/midrc_images/dg.MD1R_c1f1cbff-e550-49bb-9615-0e00a427cb95.png,dg.MD1R/c1f1cbff-e550-49bb-9615-0e00a427cb95,1
/Users/leoniejunkherr/Documents/master/S4/Projekt/CODE/LT_project/data_hybrid/midrc_images/dg.MD1R_99ada1f0-9792-4e4f-a337-718e60b0ba4f.png,dg.MD1R/99ada1f0-9792-4e4f-a337-718e60b0ba4f,1
/Users/leoniejunkherr/Documents/master/S4/Projekt/CODE/LT_project/data_hybrid/midrc_images/dg.MD1R_ef55554d-1e4e-4bae-b740-2c0209cdbd1a.png,dg.MD1R/ef55554d-1e4e-4bae-b740-2c0209cdbd1a,1
/Users/leoniejunkherr/Documents/master/S4/Projekt/CODE/LT_project/data_hybrid/midrc_images/dg.MD1R_aecb5fae-2ff2-49b9-a729-a1d51a6e9314.png,dg.MD1R/aecb5fae-2ff2-49b9-a729-a1d51a6e9314,1
/Users/leoniejunkherr/Documents/master/S4/Projekt/CODE/LT_project/data_hybrid/midrc_images/dg.MD1R_fd4fe6b2-54c1-4823-84d4-eb245fd817b0.png,dg.MD1R/fd4fe6b2-54c1-4823-84d4-eb245fd817b0,1
/Users/leoniejunkherr/Documents/master/S4/Projekt/CODE/LT_project/data_hybrid/midrc_images/dg.MD1R_5d8741f5-c97b-47b2-be8b-777005b139eb.png,dg.MD1R/5d8741f5-c97b-47b2-be8b-777005b139eb,1
/Users/leoniejunkherr/Documents/master/S4/Projekt/CODE/LT_project/data_hybrid/midrc_images/dg.MD1R_a0b5540b-cb0c-4036-aeb7-2fabcdb7fdf2.png,dg.MD1R/a0b5540b-cb0c-4036-aeb7-2fabcdb7fdf2,1
/Users/leoniejunkherr/Documents/master/S4/Projekt/CODE/LT_project/data_hybrid/midrc_images/dg.MD1R_cb37ec0b-04c3-4a0f-816b-211f09422ed4.png,dg.MD1R/cb37ec0b-04c3-4a0f-816b-211f09422ed4,1
/Users/leoniejunkherr/Documents/master/S4/Projekt/CODE/LT_project/data_hybrid/midrc_images/dg.MD1R_f1aac4df-9e50-4d04-8001-86ea4a07d34f.png,dg.MD1R/f1aac4df-9e50-4d04-8001-86ea4a07d34f,1
/Users/leoniejunkherr/Documents/master/S4/Projekt/CODE/LT_project/data_hybrid/midrc_images/dg.MD1R_fdd06da2-cad0-4803-ac8a-c2c045eefb6c.png,dg.MD1R/fdd06da2-cad0-4803-ac8a-c2c045eefb6c,1
/Users/leoniejunkherr/Documents/master/S4/Projekt/CODE/LT_project/data_hybrid/midrc_images/dg.MD1R_6ad121d7-9964-471d-8131-6af9c32f6740.png,dg.MD1R/6ad121d7-9964-471d-8131-6af9c32f6740,1
/Users/leoniejunkherr/Documents/master/S4/Projekt/CODE/LT_project/data_hybrid/midrc_images/dg.MD1R_513e813a-ee2d-403d-82e9-3cfef8ca6304.png,dg.MD1R/513e813a-ee2d-403d-82e9-3cfef8ca6304,1
/Users/leoniejunkherr/Documents/master/S4/Projekt/CODE/LT_project/data_hybrid/midrc_images/dg.MD1R_66c986f4-9d3c-4471-bf3c-ba46d6d51435.png,dg.MD1R/66c986f4-9d3c-4471-bf3c-ba46d6d51435,1
/Users/leoniejunkherr/Documents/master/S4/Projekt/CODE/LT_project/data_hybrid/midrc_images/dg.MD1R_cb421540-75fa-4650-a9e1-e418f0c7777d.png,dg.MD1R/cb421540-75fa-4650-a9e1-e418f0c7777d,1
/Users/leoniejunkherr/Documents/master/S4/Projekt/CODE/LT_project/data_hybrid/midrc_images/dg.MD1R_a629726b-0ad4-4f33-9637-b38f0c24af58.png,dg.MD1R/a629726b-0ad4-4f33-9637-b38f0c24af58,1
/Users/leoniejunkherr/Documents/master/S4/Projekt/CODE/LT_project/data_hybrid/midrc_images/dg.MD1R_bdef7416-7c28-4993-a665-b38a42c65360.png,dg.MD1R/bdef7416-7c28-4993-a665-b38a42c65360,1
/Users/leoniejunkherr/Documents/master/S4/Projekt/CODE/LT_project/data_hybrid/midrc_images/dg.MD1R_6189bca6-a321-4f8f-8df0-a7cd336f8d92.png,dg.MD1R/6189bca6-a321-4f8f-8df0-a7cd336f8d92,1
/Users/leoniejunkherr/Documents/master/S4/Projekt/CODE/LT_project/data_hybrid/midrc_images/dg.MD1R_43e1b818-299e-4e0a-8590-a7512bec5a1e.png,dg.MD1R/43e1b818-299e-4e0a-8590-a7512bec5a1e,1
/Users/leoniejunkherr/Documents/master/S4/Projekt/CODE/LT_project/data_hybrid/midrc_images/dg.MD1R_bfff6fe9-8193-4414-b814-ab99f12a31a8.png,dg.MD1R/bfff6fe9-8193-4414-b814-ab99f12a31a8,1
/Users/leoniejunkherr/Documents/master/S4/Projekt/CODE/LT_project/data_hybrid/midrc_images/dg.MD1R_8d91374e-334d-4b4e-8114-feb3f223ef08.png,dg.MD1R/8d91374e-334d-4b4e-8114-feb3f223ef08,1
/Users/leoniejunkherr/Documents/master/S4/Projekt/CODE/LT_project/data_hybrid/midrc_images/dg.MD1R_c0e378e3-2902-473e-9238-1d521ff4c064.png,dg.MD1R/c0e378e3-2902-473e-9238-1d521ff4c064,1
/Users/leoniejunkherr/Documents/master/S4/Projekt/CODE/LT_project/data_hybrid/midrc_images/dg.MD1R_f5950fee-7a2f-4b1f-8831-d7c5d373f153.png,dg.MD1R/f5950fee-7a2f-4b1f-8831-d7c5d373f153,1
/Users/leoniejunkherr/Documents/master/S4/Projekt/CODE/LT_project/data_hybrid/midrc_images/dg.MD1R_3bfe3736-880d-45ee-b4db-11945ab7446a.png,dg.MD1R/3bfe3736-880d-45ee-b4db-11945ab7446a,1
/Users/leoniejunkherr/Documents/master/S4/Projekt/CODE/LT_project/data_hybrid/midrc_images/dg.MD1R_3c8ec1d8-43c7-4501-bc52-0c277941575c.png,dg.MD1R/3c8ec1d8-43c7-4501-bc52-0c277941575c,1
/Users/leoniejunkherr/Documents/master/S4/Projekt/CODE/LT_project/data_hybrid/midrc_images/dg.MD1R_e7e642a7-3fc8-4d11-9174-629e7095b024.png,dg.MD1R/e7e642a7-3fc8-4d11-9174-629e7095b024,1
/Users/leoniejunkherr/Documents/master/S4/Projekt/CODE/LT_project/data_hybrid/midrc_images/dg.MD1R_b0d21e0c-0b0f-4775-95a9-64b0ac6955fb.png,dg.MD1R/b0d21e0c-0b0f-4775-95a9-64b0ac6955fb,1
/Users/leoniejunkherr/Documents/master/S4/Projekt/CODE/LT_project/data_hybrid/midrc_images/dg.MD1R_9f21f79c-f25a-4ffe-be84-fd272595d234.png,dg.MD1R/9f21f79c-f25a-4ffe-be84-fd272595d234,1
/Users/leoniejunkherr/Documents/master/S4/Projekt/CODE/LT_project/data_hybrid/midrc_images/dg.MD1R_c211f071-09e1-4dd1-be82-e9ce7a787063.png,dg.MD1R/c211f071-09e1-4dd1-be82-e9ce7a787063,1
/Users/leoniejunkherr/Documents/master/S4/Projekt/CODE/LT_project/data_hybrid/midrc_images/dg.MD1R_92073062-53f4-4b20-bece-ed2c2bb4186c.png,dg.MD1R/92073062-53f4-4b20-bece-ed2c2bb4186c,1
/Users/leoniejunkherr/Documents/master/S4/Projekt/CODE/LT_project/data_hybrid/midrc_images/dg.MD1R_e9d8da05-0d58-4a2d-bf42-7fe0ce3df202.png,dg.MD1R/e9d8da05-0d58-4a2d-bf42-7fe0ce3df202,1
/Users/leoniejunkherr/Documents/master/S4/Projekt/CODE/LT_project/data_hybrid/midrc_images/dg.MD1R_716708b9-d1f2-47ef-9411-2f21d64acc27.png,dg.MD1R/716708b9-d1f2-47ef-9411-2f21d64acc27,1
/Users/leoniejunkherr/Documents/master/S4/Projekt/CODE/LT_project/data_hybrid/midrc_images/dg.MD1R_1032b183-df4e-4be2-aace-38a9333b7c1e.png,dg.MD1R/1032b183-df4e-4be2-aace-38a9333b7c1e,1
/Users/leoniejunkherr/Documents/master/S4/Projekt/CODE/LT_project/data_hybrid/midrc_images/dg.MD1R_20017000-2988-4ccc-85ce-ef15a25a0963.png,dg.MD1R/20017000-2988-4ccc-85ce-ef15a25a0963,1
/Users/leoniejunkherr/Documents/master/S4/Projekt/CODE/LT_project/data_hybrid/midrc_images/dg.MD1R_263b56ca-1efa-45e4-b3ae-c0768fabd662.png,dg.MD1R/263b56ca-1efa-45e4-b3ae-c0768fabd662,1
/Users/leoniejunkherr/Documents/master/S4/Projekt/CODE/LT_project/data_hybrid/midrc_images/dg.MD1R_feba5111-5cd8-4c3c-8dec-d6ccd72e0b1b.png,dg.MD1R/feba5111-5cd8-4c3c-8dec-d6ccd72e0b1b,1
/Users/leoniejunkherr/Documents/master/S4/Projekt/CODE/LT_project/data_hybrid/midrc_images/dg.MD1R_8509e5b5-bfea-48b1-8c43-5ec3507225f2.png,dg.MD1R/8509e5b5-bfea-48b1-8c43-5ec3507225f2,1
/Users/leoniejunkherr/Documents/master/S4/Projekt/CODE/LT_project/data_hybrid/midrc_images/dg.MD1R_de938e2f-f24d-4825-9611-08965d63a141.png,dg.MD1R/de938e2f-f24d-4825-9611-08965d63a141,1
/Users/leoniejunkherr/Documents/master/S4/Projekt/CODE/LT_project/data_hybrid/midrc_images/dg.MD1R_321bba3e-0b92-4765-862a-ec229f12daa6.png,dg.MD1R/321bba3e-0b92-4765-862a-ec229f12daa6,1
/Users/leoniejunkherr/Documents/master/S4/Projekt/CODE/LT_project/data_hybrid/midrc_images/dg.MD1R_152f1f1e-4fcd-4952-8caf-bce032f4d13d.png,dg.MD1R/152f1f1e-4fcd-4952-8caf-bce032f4d13d,1
/Users/leoniejunkherr/Documents/master/S4/Projekt/CODE/LT_project/data_hybrid/midrc_images/dg.MD1R_6c80da2e-78ec-4ffe-840d-fe15ba694cb1.png,dg.MD1R/6c80da2e-78ec-4ffe-840d-fe15ba694cb1,1
/Users/leoniejunkherr/Documents/master/S4/Projekt/CODE/LT_project/data_hybrid/midrc_images/dg.MD1R_52f02720-d9bd-4f5a-8254-a104d769d9bc.png,dg.MD1R/52f02720-d9bd-4f5a-8254-a104d769d9bc,1
/Users/leoniejunkherr/Documents/master/S4/Projekt/CODE/LT_project/data_hybrid/midrc_images/dg.MD1R_6fe0c5d6-395b-4ebd-9850-6e6476b64656.png,dg.MD1R/6fe0c5d6-395b-4ebd-9850-6e6476b64656,1
/Users/leoniejunkherr/Documents/master/S4/Projekt/CODE/LT_project/data_hybrid/midrc_images/dg.MD1R_2a8f2ca2-ee08-4c9d-b1f6-2fb4e1582eae.png,dg.MD1R/2a8f2ca2-ee08-4c9d-b1f6-2fb4e1582eae,1
/Users/leoniejunkherr/Documents/master/S4/Projekt/CODE/LT_project/data_hybrid/midrc_images/dg.MD1R_7dd1ad38-9a38-44f5-ba39-055eec7c5191.png,dg.MD1R/7dd1ad38-9a38-44f5-ba39-055eec7c5191,1
/Users/leoniejunkherr/Documents/master/S4/Projekt/CODE/LT_project/data_hybrid/midrc_images/dg.MD1R_5e10de0e-0cc4-406d-9312-67890508bf92.png,dg.MD1R/5e10de0e-0cc4-406d-9312-67890508bf92,1
/Users/leoniejunkherr/Documents/master/S4/Projekt/CODE/LT_project/data_hybrid/midrc_images/dg.MD1R_53e3458e-459c-4b54-91b9-c1ca77cea051.png,dg.MD1R/53e3458e-459c-4b54-91b9-c1ca77cea051,1
/Users/leoniejunkherr/Documents/master/S4/Projekt/CODE/LT_project/data_hybrid/midrc_images/dg.MD1R_6040ba59-0e6a-4174-b749-ae838384ca81.png,dg.MD1R/6040ba59-0e6a-4174-b749-ae838384ca81,1
/Users/leoniejunkherr/Documents/master/S4/Projekt/CODE/LT_project/data_hybrid/midrc_images/dg.MD1R_f56e70bf-1963-4d4b-93e0-5c2b21cc2978.png,dg.MD1R/f56e70bf-1963-4d4b-93e0-5c2b21cc2978,1
/Users/leoniejunkherr/Documents/master/S4/Projekt/CODE/LT_project/data_hybrid/midrc_images/dg.MD1R_92f5bded-84f0-40ed-85cb-9b0433174c3a.png,dg.MD1R/92f5bded-84f0-40ed-85cb-9b0433174c3a,1
/Users/leoniejunkherr/Documents/master/S4/Projekt/CODE/LT_project/data_hybrid/midrc_images/dg.MD1R_df3db003-2509-4e25-8d9e-a45a3b45c54d.png,dg.MD1R/df3db003-2509-4e25-8d9e-a45a3b45c54d,1
/Users/leoniejunkherr/Documents/master/S4/Projekt/CODE/LT_project/data_hybrid/midrc_images/dg.MD1R_789f9017-0815-4866-b3d7-950a6a289577.png,dg.MD1R/789f9017-0815-4866-b3d7-950a6a289577,1
/Users/leoniejunkherr/Documents/master/S4/Projekt/CODE/LT_project/data_hybrid/midrc_images/dg.MD1R_f184d0a3-f5f7-4776-9ca8-ebf538f18822.png,dg.MD1R/f184d0a3-f5f7-4776-9ca8-ebf538f18822,1
/Users/leoniejunkherr/Documents/master/S4/Projekt/CODE/LT_project/data_hybrid/midrc_images/dg.MD1R_d7f3ef5b-0c9a-4621-8bb9-3b6acd8f3fcb.png,dg.MD1R/d7f3ef5b-0c9a-4621-8bb9-3b6acd8f3fcb,1
/Users/leoniejunkherr/Documents/master/S4/Projekt/CODE/LT_project/data_hybrid/midrc_images/dg.MD1R_f463e86b-0275-4c94-94b1-93f879640b2d.png,dg.MD1R/f463e86b-0275-4c94-94b1-93f879640b2d,1
/Users/leoniejunkherr/Documents/master/S4/Projekt/CODE/LT_project/data_hybrid/midrc_images/dg.MD1R_79bf9165-0acf-45a2-9013-0b43fd45e15b.png,dg.MD1R/79bf9165-0acf-45a2-9013-0b43fd45e15b,1
/Users/leoniejunkherr/Documents/master/S4/Projekt/CODE/LT_project/data_hybrid/midrc_images/dg.MD1R_66a01388-bf90-4dd6-84f6-48543fd41da4.png,dg.MD1R/66a01388-bf90-4dd6-84f6-48543fd41da4,1
/Users/leoniejunkherr/Documents/master/S4/Projekt/CODE/LT_project/data_hybrid/midrc_images/dg.MD1R_8fc3ac7a-76d7-4832-ac3e-c5c61b29881d.png,dg.MD1R/8fc3ac7a-76d7-4832-ac3e-c5c61b29881d,1
/Users/leoniejunkherr/Documents/master/S4/Projekt/CODE/LT_project/data_hybrid/midrc_images/dg.MD1R_a3fb966d-e502-44b1-acab-fe5489fa076a.png,dg.MD1R/a3fb966d-e502-44b1-acab-fe5489fa076a,1
/Users/leoniejunkherr/Documents/master/S4/Projekt/CODE/LT_project/data_hybrid/midrc_images/dg.MD1R_6807029a-2760-4d13-af31-42dce356cb86.png,dg.MD1R/6807029a-2760-4d13-af31-42dce356cb86,1
/Users/leoniejunkherr/Documents/master/S4/Projekt/CODE/LT_project/data_hybrid/midrc_images/dg.MD1R_5fd68787-d2c7-4a72-a1c5-b8c687477696.png,dg.MD1R/5fd68787-d2c7-4a72-a1c5-b8c687477696,1
/Users/leoniejunkherr/Documents/master/S4/Projekt/CODE/LT_project/data_hybrid/midrc_images/dg.MD1R_2a905918-8e56-473f-9982-7a7dc0d90b7e.png,dg.MD1R/2a905918-8e56-473f-9982-7a7dc0d90b7e,1
/Users/leoniejunkherr/Documents/master/S4/Projekt/CODE/LT_project/data_hybrid/midrc_images/dg.MD1R_05ab858b-5085-4a63-afe8-ab4abb9c974d.png,dg.MD1R/05ab858b-5085-4a63-afe8-ab4abb9c974d,1
/Users/leoniejunkherr/Documents/master/S4/Projekt/CODE/LT_project/data_hybrid/midrc_images/dg.MD1R_3a363dfc-7eee-4bbf-9047-6c6afc2053b3.png,dg.MD1R/3a363dfc-7eee-4bbf-9047-6c6afc2053b3,1
/Users/leoniejunkherr/Documents/master/S4/Projekt/CODE/LT_project/data_hybrid/midrc_images/dg.MD1R_70eb5b41-7437-4e98-aa2f-23102174adde.png,dg.MD1R/70eb5b41-7437-4e98-aa2f-23102174adde,1
/Users/leoniejunkherr/Documents/master/S4/Projekt/CODE/LT_project/data_hybrid/midrc_images/dg.MD1R_8f89df64-1690-4234-9fb4-302490b2baef.png,dg.MD1R/8f89df64-1690-4234-9fb4-302490b2baef,1
/Users/leoniejunkherr/Documents/master/S4/Projekt/CODE/LT_project/data_hybrid/midrc_images/dg.MD1R_775f3eb2-e3d4-4b61-854f-2b2b8eeb668a.png,dg.MD1R/775f3eb2-e3d4-4b61-854f-2b2b8eeb668a,1
/Users/leoniejunkherr/Documents/master/S4/Projekt/CODE/LT_project/data_hybrid/midrc_images/dg.MD1R_8327d9a7-f0ea-42bb-8e66-e61a866e704c.png,dg.MD1R/8327d9a7-f0ea-42bb-8e66-e61a866e704c,1
/Users/leoniejunkherr/Documents/master/S4/Projekt/CODE/LT_project/data_hybrid/midrc_images/dg.MD1R_6deb477e-0d0c-4196-8682-044dc625c965.png,dg.MD1R/6deb477e-0d0c-4196-8682-044dc625c965,1
/Users/leoniejunkherr/Documents/master/S4/Projekt/CODE/LT_project/data_hybrid/midrc_images/dg.MD1R_b5c9e385-3762-454e-b139-00d07349bbe1.png,dg.MD1R/b5c9e385-3762-454e-b139-00d07349bbe1,1
/Users/leoniejunkherr/Documents/master/S4/Projekt/CODE/LT_project/data_hybrid/midrc_images/dg.MD1R_8fd665c6-08f6-4fee-93a2-db9503a62a07.png,dg.MD1R/8fd665c6-08f6-4fee-93a2-db9503a62a07,1
/Users/leoniejunkherr/Documents/master/S4/Projekt/CODE/LT_project/data_hybrid/midrc_images/dg.MD1R_011a35be-f21c-437e-a201-2d14b8d9eec3.png,dg.MD1R/011a35be-f21c-437e-a201-2d14b8d9eec3,1
/Users/leoniejunkherr/Documents/master/S4/Projekt/CODE/LT_project/data_hybrid/midrc_images/dg.MD1R_066bdae5-9c50-4d28-bd7f-1ff48f8873ed.png,dg.MD1R/066bdae5-9c50-4d28-bd7f-1ff48f8873ed,1
/Users/leoniejunkherr/Documents/master/S4/Projekt/CODE/LT_project/data_hybrid/midrc_images/dg.MD1R_4d8fc506-271c-4e91-b0e7-0b1e644e80ec.png,dg.MD1R/4d8fc506-271c-4e91-b0e7-0b1e644e80ec,1
/Users/leoniejunkherr/Documents/master/S4/Projekt/CODE/LT_project/data_hybrid/midrc_images/dg.MD1R_54bbe276-6a58-46ad-a751-f6e33b7e28c3.png,dg.MD1R/54bbe276-6a58-46ad-a751-f6e33b7e28c3,1
/Users/leoniejunkherr/Documents/master/S4/Projekt/CODE/LT_project/data_hybrid/midrc_images/dg.MD1R_e5f75ae5-15d5-4b75-a962-b3a1f9cdf7be.png,dg.MD1R/e5f75ae5-15d5-4b75-a962-b3a1f9cdf7be,1
/Users/leoniejunkherr/Documents/master/S4/Projekt/CODE/LT_project/data_hybrid/midrc_images/dg.MD1R_9e60c735-f6e3-4a83-861f-cae527d5588a.png,dg.MD1R/9e60c735-f6e3-4a83-861f-cae527d5588a,1
/Users/leoniejunkherr/Documents/master/S4/Projekt/CODE/LT_project/data_hybrid/midrc_images/dg.MD1R_ef175414-0bcf-445e-9a16-e692d97e2205.png,dg.MD1R/ef175414-0bcf-445e-9a16-e692d97e2205,1
/Users/leoniejunkherr/Documents/master/S4/Projekt/CODE/LT_project/data_hybrid/midrc_images/dg.MD1R_53783ec0-bbc5-4280-9418-1f1e58ea155c.png,dg.MD1R/53783ec0-bbc5-4280-9418-1f1e58ea155c,1
/Users/leoniejunkherr/Documents/master/S4/Projekt/CODE/LT_project/data_hybrid/midrc_images/dg.MD1R_927b5fe7-b03f-4bdf-8e47-e055ccdeb473.png,dg.MD1R/927b5fe7-b03f-4bdf-8e47-e055ccdeb473,1
/Users/leoniejunkherr/Documents/master/S4/Projekt/CODE/LT_project/data_hybrid/midrc_images/dg.MD1R_6d0477d8-8992-4125-a9b8-c688ff693fc0.png,dg.MD1R/6d0477d8-8992-4125-a9b8-c688ff693fc0,1
/Users/leoniejunkherr/Documents/master/S4/Projekt/CODE/LT_project/data_hybrid/midrc_images/dg.MD1R_8562ef38-709a-4a71-8bdc-21601560b9fc.png,dg.MD1R/8562ef38-709a-4a71-8bdc-21601560b9fc,1
/Users/leoniejunkherr/Documents/master/S4/Projekt/CODE/LT_project/data_hybrid/midrc_images/dg.MD1R_1b694068-b2d1-4ffb-9847-26d1cf62d123.png,dg.MD1R/1b694068-b2d1-4ffb-9847-26d1cf62d123,1
/Users/leoniejunkherr/Documents/master/S4/Projekt/CODE/LT_project/data_hybrid/midrc_images/dg.MD1R_4ce1053c-a1ef-4e13-8560-e385ac6ac479.png,dg.MD1R/4ce1053c-a1ef-4e13-8560-e385ac6ac479,1
/Users/leoniejunkherr/Documents/master/S4/Projekt/CODE/LT_project/data_hybrid/midrc_images/dg.MD1R_76f75a34-fa9c-4235-83e3-28c053942d3b.png,dg.MD1R/76f75a34-fa9c-4235-83e3-28c053942d3b,1
/Users/leoniejunkherr/Documents/master/S4/Projekt/CODE/LT_project/data_hybrid/midrc_images/dg.MD1R_aaeffe68-1cf3-4774-a5ff-855d3b407c90.png,dg.MD1R/aaeffe68-1cf3-4774-a5ff-855d3b407c90,1
/Users/leoniejunkherr/Documents/master/S4/Projekt/CODE/LT_project/data_hybrid/midrc_images/dg.MD1R_79c11db1-7d37-4516-be8e-d5a7e9c120bf.png,dg.MD1R/79c11db1-7d37-4516-be8e-d5a7e9c120bf,1
/Users/leoniejunkherr/Documents/master/S4/Projekt/CODE/LT_project/data_hybrid/midrc_images/dg.MD1R_49bd2938-a89e-49bc-a98a-c7b3f7489d0f.png,dg.MD1R/49bd2938-a89e-49bc-a98a-c7b3f7489d0f,1
/Users/leoniejunkherr/Documents/master/S4/Projekt/CODE/LT_project/data_hybrid/midrc_images/dg.MD1R_8b8ca5ea-84ad-4956-a542-cd59ff52828c.png,dg.MD1R/8b8ca5ea-84ad-4956-a542-cd59ff52828c,1
/Users/leoniejunkherr/Documents/master/S4/Projekt/CODE/LT_project/data_hybrid/midrc_images/dg.MD1R_050542db-311a-44a1-b93d-1e38c8a7b348.png,dg.MD1R/050542db-311a-44a1-b93d-1e38c8a7b348,1
/Users/leoniejunkherr/Documents/master/S4/Projekt/CODE/LT_project/data_hybrid/midrc_images/dg.MD1R_6a6c28c9-797c-4a5b-8b14-8414920a2305.png,dg.MD1R/6a6c28c9-797c-4a5b-8b14-8414920a2305,1
/Users/leoniejunkherr/Documents/master/S4/Projekt/CODE/LT_project/data_hybrid/midrc_images/dg.MD1R_05123fac-e152-498f-b343-f116aba1cadf.png,dg.MD1R/05123fac-e152-498f-b343-f116aba1cadf,1
/Users/leoniejunkherr/Documents/master/S4/Projekt/CODE/LT_project/data_hybrid/midrc_images/dg.MD1R_80b1c313-7cb4-48c2-87d4-abe6354f090f.png,dg.MD1R/80b1c313-7cb4-48c2-87d4-abe6354f090f,1
/Users/leoniejunkherr/Documents/master/S4/Projekt/CODE/LT_project/data_hybrid/midrc_images/dg.MD1R_ab389ec4-e297-49d7-bff6-1f4980c895b6.png,dg.MD1R/ab389ec4-e297-49d7-bff6-1f4980c895b6,1
/Users/leoniejunkherr/Documents/master/S4/Projekt/CODE/LT_project/data_hybrid/midrc_images/dg.MD1R_4eace95b-94e8-4d50-bbaa-6433fb824102.png,dg.MD1R/4eace95b-94e8-4d50-bbaa-6433fb824102,1
/Users/leoniejunkherr/Documents/master/S4/Projekt/CODE/LT_project/data_hybrid/midrc_images/dg.MD1R_bd39cd7b-0034-4187-861c-1730b77a27ba.png,dg.MD1R/bd39cd7b-0034-4187-861c-1730b77a27ba,1
/Users/leoniejunkherr/Documents/master/S4/Projekt/CODE/LT_project/data_hybrid/midrc_images/dg.MD1R_b8d7b46a-6d1c-4427-9e71-521da697d803.png,dg.MD1R/b8d7b46a-6d1c-4427-9e71-521da697d803,1
/Users/leoniejunkherr/Documents/master/S4/Projekt/CODE/LT_project/data_hybrid/midrc_images/dg.MD1R_d6a7e2d8-2280-4532-bdc8-55cedf7d8d64.png,dg.MD1R/d6a7e2d8-2280-4532-bdc8-55cedf7d8d64,1
/Users/leoniejunkherr/Documents/master/S4/Projekt/CODE/LT_project/data_hybrid/midrc_images/dg.MD1R_730bc9f3-8dd1-45eb-bf9b-5976245cffa5.png,dg.MD1R/730bc9f3-8dd1-45eb-bf9b-5976245cffa5,1
/Users/leoniejunkherr/Documents/master/S4/Projekt/CODE/LT_project/data_hybrid/midrc_images/dg.MD1R_0d4d30d0-4a73-411c-ac9e-4cf07cc8ace4.png,dg.MD1R/0d4d30d0-4a73-411c-ac9e-4cf07cc8ace4,1
/Users/leoniejunkherr/Documents/master/S4/Projekt/CODE/LT_project/data_hybrid/midrc_images/dg.MD1R_c2ec873f-0635-4f13-a74e-582c9597594b.png,dg.MD1R/c2ec873f-0635-4f13-a74e-582c9597594b,1
/Users/leoniejunkherr/Documents/master/S4/Projekt/CODE/LT_project/data_hybrid/midrc_images/dg.MD1R_8937617c-c24d-4ef3-8758-0826132447d4.png,dg.MD1R/8937617c-c24d-4ef3-8758-0826132447d4,1
/Users/leoniejunkherr/Documents/master/S4/Projekt/CODE/LT_project/data_hybrid/midrc_images/dg.MD1R_a997acbe-8bfe-4686-b36e-ca683ede08a0.png,dg.MD1R/a997acbe-8bfe-4686-b36e-ca683ede08a0,1
/Users/leoniejunkherr/Documents/master/S4/Projekt/CODE/LT_project/data_hybrid/midrc_images/dg.MD1R_e7414ef0-5fb1-4a44-9574-fe816d92ca69.png,dg.MD1R/e7414ef0-5fb1-4a44-9574-fe816d92ca69,1
/Users/leoniejunkherr/Documents/master/S4/Projekt/CODE/LT_project/data_hybrid/midrc_images/dg.MD1R_868795aa-a4a3-473e-8bd3-ee628f20283a.png,dg.MD1R/868795aa-a4a3-473e-8bd3-ee628f20283a,1
/Users/leoniejunkherr/Documents/master/S4/Projekt/CODE/LT_project/data_hybrid/midrc_images/dg.MD1R_266c7f3a-d695-4d7b-a079-b33a60232c68.png,dg.MD1R/266c7f3a-d695-4d7b-a079-b33a60232c68,1
/Users/leoniejunkherr/Documents/master/S4/Projekt/CODE/LT_project/data_hybrid/midrc_images/dg.MD1R_19c5ef26-62c4-43d1-9657-370465e22549.png,dg.MD1R/19c5ef26-62c4-43d1-9657-370465e22549,1
/Users/leoniejunkherr/Documents/master/S4/Projekt/CODE/LT_project/data_hybrid/midrc_images/dg.MD1R_c2449f64-36af-46f0-a7a2-12e796e3431a.png,dg.MD1R/c2449f64-36af-46f0-a7a2-12e796e3431a,1
/Users/leoniejunkherr/Documents/master/S4/Projekt/CODE/LT_project/data_hybrid/midrc_images/dg.MD1R_8262182c-a179-4746-8f49-bda6d5145bfa.png,dg.MD1R/8262182c-a179-4746-8f49-bda6d5145bfa,1
/Users/leoniejunkherr/Documents/master/S4/Projekt/CODE/LT_project/data_hybrid/midrc_images/dg.MD1R_158edced-7b19-479b-bcb3-85824ff61c9a.png,dg.MD1R/158edced-7b19-479b-bcb3-85824ff61c9a,1
/Users/leoniejunkherr/Documents/master/S4/Projekt/CODE/LT_project/data_hybrid/midrc_images/dg.MD1R_8bba0433-f302-4151-9933-23da294746bb.png,dg.MD1R/8bba0433-f302-4151-9933-23da294746bb,1
/Users/leoniejunkherr/Documents/master/S4/Projekt/CODE/LT_project/data_hybrid/midrc_images/dg.MD1R_e0c53c77-c670-43d9-92c8-bed01e8a2c5d.png,dg.MD1R/e0c53c77-c670-43d9-92c8-bed01e8a2c5d,1
/Users/leoniejunkherr/Documents/master/S4/Projekt/CODE/LT_project/data_hybrid/midrc_images/dg.MD1R_7941b297-6499-4dcd-9bf4-c3c5c61d8cd2.png,dg.MD1R/7941b297-6499-4dcd-9bf4-c3c5c61d8cd2,1
/Users/leoniejunkherr/Documents/master/S4/Projekt/CODE/LT_project/data_hybrid/midrc_images/dg.MD1R_7b0730ed-0c82-4e33-9aee-58cdd764d12d.png,dg.MD1R/7b0730ed-0c82-4e33-9aee-58cdd764d12d,1
/Users/leoniejunkherr/Documents/master/S4/Projekt/CODE/LT_project/data_hybrid/midrc_images/dg.MD1R_494c9920-fbb3-4b3e-8232-770a516c77f0.png,dg.MD1R/494c9920-fbb3-4b3e-8232-770a516c77f0,1
/Users/leoniejunkherr/Documents/master/S4/Projekt/CODE/LT_project/data_hybrid/midrc_images/dg.MD1R_d7d13173-22fd-429b-9a32-2da6e1aa8e66.png,dg.MD1R/d7d13173-22fd-429b-9a32-2da6e1aa8e66,1
/Users/leoniejunkherr/Documents/master/S4/Projekt/CODE/LT_project/data_hybrid/midrc_images/dg.MD1R_63d86faa-aece-489c-96bb-223cdacf0946.png,dg.MD1R/63d86faa-aece-489c-96bb-223cdacf0946,1
/Users/leoniejunkherr/Documents/master/S4/Projekt/CODE/LT_project/data_hybrid/midrc_images/dg.MD1R_1a898eb3-f56f-4aa5-86e9-0754f3c32592.png,dg.MD1R/1a898eb3-f56f-4aa5-86e9-0754f3c32592,1
/Users/leoniejunkherr/Documents/master/S4/Projekt/CODE/LT_project/data_hybrid/midrc_images/dg.MD1R_d366f9fb-f18a-4535-b304-38a56fb1db45.png,dg.MD1R/d366f9fb-f18a-4535-b304-38a56fb1db45,1
/Users/leoniejunkherr/Documents/master/S4/Projekt/CODE/LT_project/data_hybrid/midrc_images/dg.MD1R_2ecc3d4c-7f7a-4240-8d84-2cc2b16b253d.png,dg.MD1R/2ecc3d4c-7f7a-4240-8d84-2cc2b16b253d,1
/Users/leoniejunkherr/Documents/master/S4/Projekt/CODE/LT_project/data_hybrid/midrc_images/dg.MD1R_c5c88bba-c1d4-46a4-a3a8-6fcb7ba61ab2.png,dg.MD1R/c5c88bba-c1d4-46a4-a3a8-6fcb7ba61ab2,1
/Users/leoniejunkherr/Documents/master/S4/Projekt/CODE/LT_project/data_hybrid/midrc_images/dg.MD1R_0e6eafd5-cf6e-40ee-9526-1c210d066be0.png,dg.MD1R/0e6eafd5-cf6e-40ee-9526-1c210d066be0,1
/Users/leoniejunkherr/Documents/master/S4/Projekt/CODE/LT_project/data_hybrid/midrc_images/dg.MD1R_f7eca4a1-1f24-4753-9595-979d1bbf454d.png,dg.MD1R/f7eca4a1-1f24-4753-9595-979d1bbf454d,1
/Users/leoniejunkherr/Documents/master/S4/Projekt/CODE/LT_project/data_hybrid/midrc_images/dg.MD1R_c80af8d1-afef-40e9-a44f-4ffcd75fde05.png,dg.MD1R/c80af8d1-afef-40e9-a44f-4ffcd75fde05,1
/Users/leoniejunkherr/Documents/master/S4/Projekt/CODE/LT_project/data_hybrid/midrc_images/dg.MD1R_77635b75-9f7c-4adb-acf9-b7a89dab1d20.png,dg.MD1R/77635b75-9f7c-4adb-acf9-b7a89dab1d20,1
/Users/leoniejunkherr/Documents/master/S4/Projekt/CODE/LT_project/data_hybrid/midrc_images/dg.MD1R_a91acf70-9c10-473c-9e98-ff7491899a63.png,dg.MD1R/a91acf70-9c10-473c-9e98-ff7491899a63,1
/Users/leoniejunkherr/Documents/master/S4/Projekt/CODE/LT_project/data_hybrid/midrc_images/dg.MD1R_be96d194-76ac-4a9a-9a06-c74ac5d99c75.png,dg.MD1R/be96d194-76ac-4a9a-9a06-c74ac5d99c75,1
/Users/leoniejunkherr/Documents/master/S4/Projekt/CODE/LT_project/data_hybrid/midrc_images/dg.MD1R_1ca1e1bb-6875-4a6a-b5bd-e8b85d05e928.png,dg.MD1R/1ca1e1bb-6875-4a6a-b5bd-e8b85d05e928,1
/Users/leoniejunkherr/Documents/master/S4/Projekt/CODE/LT_project/data_hybrid/midrc_images/dg.MD1R_2ab2d0e7-0097-4e05-a097-f051fcd921f8.png,dg.MD1R/2ab2d0e7-0097-4e05-a097-f051fcd921f8,1
/Users/leoniejunkherr/Documents/master/S4/Projekt/CODE/LT_project/data_hybrid/midrc_images/dg.MD1R_ec6ca8b0-2956-4cd3-8c8e-b087a33a494c.png,dg.MD1R/ec6ca8b0-2956-4cd3-8c8e-b087a33a494c,1
/Users/leoniejunkherr/Documents/master/S4/Projekt/CODE/LT_project/data_hybrid/midrc_images/dg.MD1R_a0c28696-a4a0-42cd-880c-78443f9b0b5c.png,dg.MD1R/a0c28696-a4a0-42cd-880c-78443f9b0b5c,1
/Users/leoniejunkherr/Documents/master/S4/Projekt/CODE/LT_project/data_hybrid/midrc_images/dg.MD1R_f9aac20f-c565-4873-901d-e25cebea0779.png,dg.MD1R/f9aac20f-c565-4873-901d-e25cebea0779,1
/Users/leoniejunkherr/Documents/master/S4/Projekt/CODE/LT_project/data_hybrid/midrc_images/dg.MD1R_172d626e-49d6-4db5-97ad-d05e60a90b3c.png,dg.MD1R/172d626e-49d6-4db5-97ad-d05e60a90b3c,1
/Users/leoniejunkherr/Documents/master/S4/Projekt/CODE/LT_project/data_hybrid/midrc_images/dg.MD1R_8f5cbba1-b171-4ab9-ab72-6ca23ad64f43.png,dg.MD1R/8f5cbba1-b171-4ab9-ab72-6ca23ad64f43,1
/Users/leoniejunkherr/Documents/master/S4/Projekt/CODE/LT_project/data_hybrid/midrc_images/dg.MD1R_66d64436-d675-4e58-8e5f-4359a16527c4.png,dg.MD1R/66d64436-d675-4e58-8e5f-4359a16527c4,1
/Users/leoniejunkherr/Documents/master/S4/Projekt/CODE/LT_project/data_hybrid/midrc_images/dg.MD1R_44de6020-df84-4c1a-8129-49f983fa92a7.png,dg.MD1R/44de6020-df84-4c1a-8129-49f983fa92a7,1
/Users/leoniejunkherr/Documents/master/S4/Projekt/CODE/LT_project/data_hybrid/midrc_images/dg.MD1R_18d0a399-5f74-459e-8f74-6b04a5f2cae0.png,dg.MD1R/18d0a399-5f74-459e-8f74-6b04a5f2cae0,1
/Users/leoniejunkherr/Documents/master/S4/Projekt/CODE/LT_project/data_hybrid/midrc_images/dg.MD1R_4befc565-9907-4781-a5a6-2acfcbe575bc.png,dg.MD1R/4befc565-9907-4781-a5a6-2acfcbe575bc,1
/Users/leoniejunkherr/Documents/master/S4/Projekt/CODE/LT_project/data_hybrid/midrc_images/dg.MD1R_4458b48a-39c5-4ab6-a5d5-f0bd60c5dc98.png,dg.MD1R/4458b48a-39c5-4ab6-a5d5-f0bd60c5dc98,1
/Users/leoniejunkherr/Documents/master/S4/Projekt/CODE/LT_project/data_hybrid/midrc_images/dg.MD1R_77ac8a6b-3c24-4fc6-9dcf-ed1ab2fcf094.png,dg.MD1R/77ac8a6b-3c24-4fc6-9dcf-ed1ab2fcf094,1
/Users/leoniejunkherr/Documents/master/S4/Projekt/CODE/LT_project/data_hybrid/midrc_images/dg.MD1R_a10e9f7c-9aab-4b28-ae87-a71a72a585b4.png,dg.MD1R/a10e9f7c-9aab-4b28-ae87-a71a72a585b4,1
/Users/leoniejunkherr/Documents/master/S4/Projekt/CODE/LT_project/data_hybrid/midrc_images/dg.MD1R_04fb08bb-255e-48cd-8208-6c6038d0be9c.png,dg.MD1R/04fb08bb-255e-48cd-8208-6c6038d0be9c,1
/Users/leoniejunkherr/Documents/master/S4/Projekt/CODE/LT_project/data_hybrid/midrc_images/dg.MD1R_a54eff83-bc75-4dd5-8e8b-209234a71c9b.png,dg.MD1R/a54eff83-bc75-4dd5-8e8b-209234a71c9b,1
/Users/leoniejunkherr/Documents/master/S4/Projekt/CODE/LT_project/data_hybrid/midrc_images/dg.MD1R_923515e5-d00b-4393-8cdd-dbd2effa3155.png,dg.MD1R/923515e5-d00b-4393-8cdd-dbd2effa3155,1
/Users/leoniejunkherr/Documents/master/S4/Projekt/CODE/LT_project/data_hybrid/midrc_images/dg.MD1R_51b4ef1c-fc55-4a55-94dd-ac18c037299a.png,dg.MD1R/51b4ef1c-fc55-4a55-94dd-ac18c037299a,1
/Users/leoniejunkherr/Documents/master/S4/Projekt/CODE/LT_project/data_hybrid/midrc_images/dg.MD1R_392354eb-af6a-4192-b0d2-a0ebe5f3f793.png,dg.MD1R/392354eb-af6a-4192-b0d2-a0ebe5f3f793,1
/Users/leoniejunkherr/Documents/master/S4/Projekt/CODE/LT_project/data_hybrid/midrc_images/dg.MD1R_b79717d9-02b8-44bb-acc3-6a148c30634b.png,dg.MD1R/b79717d9-02b8-44bb-acc3-6a148c30634b,1
/Users/leoniejunkherr/Documents/master/S4/Projekt/CODE/LT_project/data_hybrid/midrc_images/dg.MD1R_7e11b4bb-4f1b-417e-b729-9a3b16e45c92.png,dg.MD1R/7e11b4bb-4f1b-417e-b729-9a3b16e45c92,1
/Users/leoniejunkherr/Documents/master/S4/Projekt/CODE/LT_project/data_hybrid/midrc_images/dg.MD1R_55dd2e4b-254d-4275-9b87-584b4a50fdc4.png,dg.MD1R/55dd2e4b-254d-4275-9b87-584b4a50fdc4,1
/Users/leoniejunkherr/Documents/master/S4/Projekt/CODE/LT_project/data_hybrid/midrc_images/dg.MD1R_b8241e8b-ca92-4e2d-b048-7b220e930970.png,dg.MD1R/b8241e8b-ca92-4e2d-b048-7b220e930970,1
/Users/leoniejunkherr/Documents/master/S4/Projekt/CODE/LT_project/data_hybrid/midrc_images/dg.MD1R_ea963a0d-0b40-4da5-be97-5cfd73ab2ae2.png,dg.MD1R/ea963a0d-0b40-4da5-be97-5cfd73ab2ae2,1
/Users/leoniejunkherr/Documents/master/S4/Projekt/CODE/LT_project/data_hybrid/midrc_images/dg.MD1R_6ac94f19-0e3d-4398-ade4-48bc8dd46574.png,dg.MD1R/6ac94f19-0e3d-4398-ade4-48bc8dd46574,1
/Users/leoniejunkherr/Documents/master/S4/Projekt/CODE/LT_project/data_hybrid/midrc_images/dg.MD1R_ea2fb9a8-2266-4aa6-84e0-9bc5c3bdde84.png,dg.MD1R/ea2fb9a8-2266-4aa6-84e0-9bc5c3bdde84,1
/Users/leoniejunkherr/Documents/master/S4/Projekt/CODE/LT_project/data_hybrid/midrc_images/dg.MD1R_1ffa7fb6-99ec-4c05-a84b-f607716fe2ac.png,dg.MD1R/1ffa7fb6-99ec-4c05-a84b-f607716fe2ac,1
/Users/leoniejunkherr/Documents/master/S4/Projekt/CODE/LT_project/data_hybrid/midrc_images/dg.MD1R_8d09e24d-4b72-441b-947d-23098a0f6cb2.png,dg.MD1R/8d09e24d-4b72-441b-947d-23098a0f6cb2,1
/Users/leoniejunkherr/Documents/master/S4/Projekt/CODE/LT_project/data_hybrid/midrc_images/dg.MD1R_466b0963-b19c-4047-baad-6beb44d364fb.png,dg.MD1R/466b0963-b19c-4047-baad-6beb44d364fb,1
/Users/leoniejunkherr/Documents/master/S4/Projekt/CODE/LT_project/data_hybrid/midrc_images/dg.MD1R_d8bdf26f-ffdd-4b2e-9cac-c777167e8767.png,dg.MD1R/d8bdf26f-ffdd-4b2e-9cac-c777167e8767,1
/Users/leoniejunkherr/Documents/master/S4/Projekt/CODE/LT_project/data_hybrid/midrc_images/dg.MD1R_3b374767-3903-45bf-914f-4f6092e59f60.png,dg.MD1R/3b374767-3903-45bf-914f-4f6092e59f60,1
/Users/leoniejunkherr/Documents/master/S4/Projekt/CODE/LT_project/data_hybrid/midrc_images/dg.MD1R_80cc430e-7360-4cfd-a296-24d4f19dcd74.png,dg.MD1R/80cc430e-7360-4cfd-a296-24d4f19dcd74,1
/Users/leoniejunkherr/Documents/master/S4/Projekt/CODE/LT_project/data_hybrid/midrc_images/dg.MD1R_c65ba3e3-2c49-421e-9a83-2deac9a6c330.png,dg.MD1R/c65ba3e3-2c49-421e-9a83-2deac9a6c330,1
/Users/leoniejunkherr/Documents/master/S4/Projekt/CODE/LT_project/data_hybrid/midrc_images/dg.MD1R_2886b36d-a556-43d4-bc04-bed90bd08f2f.png,dg.MD1R/2886b36d-a556-43d4-bc04-bed90bd08f2f,1
/Users/leoniejunkherr/Documents/master/S4/Projekt/CODE/LT_project/data_hybrid/midrc_images/dg.MD1R_ed6da512-0663-4db4-b1d2-fc762af0c923.png,dg.MD1R/ed6da512-0663-4db4-b1d2-fc762af0c923,1
/Users/leoniejunkherr/Documents/master/S4/Projekt/CODE/LT_project/data_hybrid/midrc_images/dg.MD1R_6ed53d12-c381-4cd5-b4ae-d3dd61645b62.png,dg.MD1R/6ed53d12-c381-4cd5-b4ae-d3dd61645b62,1
/Users/leoniejunkherr/Documents/master/S4/Projekt/CODE/LT_project/data_hybrid/midrc_images/dg.MD1R_7c7d8ca8-6c3c-47f3-b4e4-f5a3f7cbccd4.png,dg.MD1R/7c7d8ca8-6c3c-47f3-b4e4-f5a3f7cbccd4,1
/Users/leoniejunkherr/Documents/master/S4/Projekt/CODE/LT_project/data_hybrid/midrc_images/dg.MD1R_cc1ad454-c74d-4da8-ac6c-37310c16bf77.png,dg.MD1R/cc1ad454-c74d-4da8-ac6c-37310c16bf77,1
/Users/leoniejunkherr/Documents/master/S4/Projekt/CODE/LT_project/data_hybrid/midrc_images/dg.MD1R_c6c201d4-6ae2-4aac-82f6-971a63ca5f48.png,dg.MD1R/c6c201d4-6ae2-4aac-82f6-971a63ca5f48,1
/Users/leoniejunkherr/Documents/master/S4/Projekt/CODE/LT_project/data_hybrid/midrc_images/dg.MD1R_25e92004-7b6f-4e81-9ec9-6fd065aabf24.png,dg.MD1R/25e92004-7b6f-4e81-9ec9-6fd065aabf24,1
/Users/leoniejunkherr/Documents/master/S4/Projekt/CODE/LT_project/data_hybrid/midrc_images/dg.MD1R_6b326096-901c-4c95-b5a7-c8386ac0be1d.png,dg.MD1R/6b326096-901c-4c95-b5a7-c8386ac0be1d,1
/Users/leoniejunkherr/Documents/master/S4/Projekt/CODE/LT_project/data_hybrid/midrc_images/dg.MD1R_c23f9751-a82b-428c-a365-69ee8ef164d7.png,dg.MD1R/c23f9751-a82b-428c-a365-69ee8ef164d7,1
/Users/leoniejunkherr/Documents/master/S4/Projekt/CODE/LT_project/data_hybrid/midrc_images/dg.MD1R_edee713e-ede0-4bdc-8b6e-9fa9c3c01501.png,dg.MD1R/edee713e-ede0-4bdc-8b6e-9fa9c3c01501,1
/Users/leoniejunkherr/Documents/master/S4/Projekt/CODE/LT_project/data_hybrid/midrc_images/dg.MD1R_c00f6985-33ae-4ba0-b662-d3d18edd50b4.png,dg.MD1R/c00f6985-33ae-4ba0-b662-d3d18edd50b4,1
/Users/leoniejunkherr/Documents/master/S4/Projekt/CODE/LT_project/data_hybrid/midrc_images/dg.MD1R_d2ffbd5c-0eb1-45b2-bbb7-a86879c399f6.png,dg.MD1R/d2ffbd5c-0eb1-45b2-bbb7-a86879c399f6,1
/Users/leoniejunkherr/Documents/master/S4/Projekt/CODE/LT_project/data_hybrid/midrc_images/dg.MD1R_579c925d-89e3-45aa-be92-8ceb92ab6451.png,dg.MD1R/579c925d-89e3-45aa-be92-8ceb92ab6451,1
/Users/leoniejunkherr/Documents/master/S4/Projekt/CODE/LT_project/data_hybrid/midrc_images/dg.MD1R_e053ed55-e5fa-45ba-9f60-14f5bde2dd44.png,dg.MD1R/e053ed55-e5fa-45ba-9f60-14f5bde2dd44,1
/Users/leoniejunkherr/Documents/master/S4/Projekt/CODE/LT_project/data_hybrid/midrc_images/dg.MD1R_e25d197e-5c2f-4eb2-b2ef-9009b9d35083.png,dg.MD1R/e25d197e-5c2f-4eb2-b2ef-9009b9d35083,1
/Users/leoniejunkherr/Documents/master/S4/Projekt/CODE/LT_project/data_hybrid/midrc_images/dg.MD1R_05664595-3810-4d8f-ade4-cb6550880824.png,dg.MD1R/05664595-3810-4d8f-ade4-cb6550880824,1
/Users/leoniejunkherr/Documents/master/S4/Projekt/CODE/LT_project/data_hybrid/midrc_images/dg.MD1R_e0eac5e5-71ca-4f65-a41d-2d717537aff4.png,dg.MD1R/e0eac5e5-71ca-4f65-a41d-2d717537aff4,1
/Users/leoniejunkherr/Documents/master/S4/Projekt/CODE/LT_project/data_hybrid/midrc_images/dg.MD1R_a76ce092-be45-44b8-a414-795c301a377a.png,dg.MD1R/a76ce092-be45-44b8-a414-795c301a377a,1
/Users/leoniejunkherr/Documents/master/S4/Projekt/CODE/LT_project/data_hybrid/midrc_images/dg.MD1R_ccb772a1-0931-4331-a642-423919615e35.png,dg.MD1R/ccb772a1-0931-4331-a642-423919615e35,1
/Users/leoniejunkherr/Documents/master/S4/Projekt/CODE/LT_project/data_hybrid/midrc_images/dg.MD1R_0786754f-5591-4cbd-8683-33e2eee842dc.png,dg.MD1R/0786754f-5591-4cbd-8683-33e2eee842dc,1
/Users/leoniejunkherr/Documents/master/S4/Projekt/CODE/LT_project/data_hybrid/midrc_images/dg.MD1R_56f0a373-d246-4980-b763-7753971c3aec.png,dg.MD1R/56f0a373-d246-4980-b763-7753971c3aec,1
/Users/leoniejunkherr/Documents/master/S4/Projekt/CODE/LT_project/data_hybrid/midrc_images/dg.MD1R_ead6394b-95ca-425e-a8b6-92070d7bc260.png,dg.MD1R/ead6394b-95ca-425e-a8b6-92070d7bc260,1
/Users/leoniejunkherr/Documents/master/S4/Projekt/CODE/LT_project/data_hybrid/midrc_images/dg.MD1R_7af11fee-08f4-4140-9f62-5545cb3b2f73.png,dg.MD1R/7af11fee-08f4-4140-9f62-5545cb3b2f73,1
/Users/leoniejunkherr/Documents/master/S4/Projekt/CODE/LT_project/data_hybrid/midrc_images/dg.MD1R_7882d406-9082-4c05-aebd-ef395d9996a2.png,dg.MD1R/7882d406-9082-4c05-aebd-ef395d9996a2,1
/Users/leoniejunkherr/Documents/master/S4/Projekt/CODE/LT_project/data_hybrid/midrc_images/dg.MD1R_53d3d9fc-dbfa-43c1-a909-a57a8897cf0c.png,dg.MD1R/53d3d9fc-dbfa-43c1-a909-a57a8897cf0c,1
/Users/leoniejunkherr/Documents/master/S4/Projekt/CODE/LT_project/data_hybrid/midrc_images/dg.MD1R_df566210-b1c5-47c2-9758-9da6e5aef30d.png,dg.MD1R/df566210-b1c5-47c2-9758-9da6e5aef30d,1
/Users/leoniejunkherr/Documents/master/S4/Projekt/CODE/LT_project/data_hybrid/midrc_images/dg.MD1R_89da71ec-82e4-454e-9d6c-a39d51acf672.png,dg.MD1R/89da71ec-82e4-454e-9d6c-a39d51acf672,1
/Users/leoniejunkherr/Documents/master/S4/Projekt/CODE/LT_project/data_hybrid/midrc_images/dg.MD1R_8091eac2-b623-4415-afc7-2f708499a182.png,dg.MD1R/8091eac2-b623-4415-afc7-2f708499a182,1
/Users/leoniejunkherr/Documents/master/S4/Projekt/CODE/LT_project/data_hybrid/midrc_images/dg.MD1R_d9b2e9ad-c1f8-4e55-8e69-cda54b0c4d15.png,dg.MD1R/d9b2e9ad-c1f8-4e55-8e69-cda54b0c4d15,1
/Users/leoniejunkherr/Documents/master/S4/Projekt/CODE/LT_project/data_hybrid/midrc_images/dg.MD1R_529eadfa-935f-4c8b-bfcf-60b41aedca5c.png,dg.MD1R/529eadfa-935f-4c8b-bfcf-60b41aedca5c,1
/Users/leoniejunkherr/Documents/master/S4/Projekt/CODE/LT_project/data_hybrid/midrc_images/dg.MD1R_d805f0e5-66ff-4c4f-8d39-9beec33c2b76.png,dg.MD1R/d805f0e5-66ff-4c4f-8d39-9beec33c2b76,1
/Users/leoniejunkherr/Documents/master/S4/Projekt/CODE/LT_project/data_hybrid/midrc_images/dg.MD1R_f8c79eba-5820-4b8e-b3bc-5f3fd6c0247e.png,dg.MD1R/f8c79eba-5820-4b8e-b3bc-5f3fd6c0247e,1
/Users/leoniejunkherr/Documents/master/S4/Projekt/CODE/LT_project/data_hybrid/midrc_images/dg.MD1R_d67852ed-4416-4453-91e3-8b5bf08e039c.png,dg.MD1R/d67852ed-4416-4453-91e3-8b5bf08e039c,1
/Users/leoniejunkherr/Documents/master/S4/Projekt/CODE/LT_project/data_hybrid/midrc_images/dg.MD1R_059d348b-35b5-406d-8e84-2d9ad378eead.png,dg.MD1R/059d348b-35b5-406d-8e84-2d9ad378eead,1
/Users/leoniejunkherr/Documents/master/S4/Projekt/CODE/LT_project/data_hybrid/midrc_images/dg.MD1R_a188185d-a994-4ecd-8de5-fe799a1e1c6e.png,dg.MD1R/a188185d-a994-4ecd-8de5-fe799a1e1c6e,1
/Users/leoniejunkherr/Documents/master/S4/Projekt/CODE/LT_project/data_hybrid/midrc_images/dg.MD1R_0346cf2f-8c51-43f4-b711-526f094afe68.png,dg.MD1R/0346cf2f-8c51-43f4-b711-526f094afe68,1
/Users/leoniejunkherr/Documents/master/S4/Projekt/CODE/LT_project/data_hybrid/midrc_images/dg.MD1R_0a82bba2-d540-43ee-9652-d79ac83bc311.png,dg.MD1R/0a82bba2-d540-43ee-9652-d79ac83bc311,1
/Users/leoniejunkherr/Documents/master/S4/Projekt/CODE/LT_project/data_hybrid/midrc_images/dg.MD1R_a8a32d24-fe18-410a-ae20-4dc50bf3b4a0.png,dg.MD1R/a8a32d24-fe18-410a-ae20-4dc50bf3b4a0,1
/Users/leoniejunkherr/Documents/master/S4/Projekt/CODE/LT_project/data_hybrid/midrc_images/dg.MD1R_befc3b9d-c0a9-46d5-bb8b-307a569cf50b.png,dg.MD1R/befc3b9d-c0a9-46d5-bb8b-307a569cf50b,1
/Users/leoniejunkherr/Documents/master/S4/Projekt/CODE/LT_project/data_hybrid/midrc_images/dg.MD1R_cf64759d-c052-4abf-99c6-c5e2a5947121.png,dg.MD1R/cf64759d-c052-4abf-99c6-c5e2a5947121,1
/Users/leoniejunkherr/Documents/master/S4/Projekt/CODE/LT_project/data_hybrid/midrc_images/dg.MD1R_fe1bcfbe-cddd-47f9-9303-7cee2b586c1d.png,dg.MD1R/fe1bcfbe-cddd-47f9-9303-7cee2b586c1d,1
/Users/leoniejunkherr/Documents/master/S4/Projekt/CODE/LT_project/data_hybrid/midrc_images/dg.MD1R_6d434a5a-09a0-49df-af6e-88ce72e77d90.png,dg.MD1R/6d434a5a-09a0-49df-af6e-88ce72e77d90,1
/Users/leoniejunkherr/Documents/master/S4/Projekt/CODE/LT_project/data_hybrid/midrc_images/dg.MD1R_9dfef925-05a7-43f7-b304-1dca7dee7422.png,dg.MD1R/9dfef925-05a7-43f7-b304-1dca7dee7422,1
/Users/leoniejunkherr/Documents/master/S4/Projekt/CODE/LT_project/data_hybrid/midrc_images/dg.MD1R_7638fd29-2f84-4152-b8a3-c0b2d924bb69.png,dg.MD1R/7638fd29-2f84-4152-b8a3-c0b2d924bb69,1
/Users/leoniejunkherr/Documents/master/S4/Projekt/CODE/LT_project/data_hybrid/midrc_images/dg.MD1R_68e61925-20c6-42ba-a2fd-9c4d42eb54e1.png,dg.MD1R/68e61925-20c6-42ba-a2fd-9c4d42eb54e1,1
/Users/leoniejunkherr/Documents/master/S4/Projekt/CODE/LT_project/data_hybrid/midrc_images/dg.MD1R_2c2782e9-6435-4042-b556-484491af3cbc.png,dg.MD1R/2c2782e9-6435-4042-b556-484491af3cbc,1
/Users/leoniejunkherr/Documents/master/S4/Projekt/CODE/LT_project/data_hybrid/midrc_images/dg.MD1R_d73becd4-09bc-4180-b894-69fa8f178d7f.png,dg.MD1R/d73becd4-09bc-4180-b894-69fa8f178d7f,1
/Users/leoniejunkherr/Documents/master/S4/Projekt/CODE/LT_project/data_hybrid/midrc_images/dg.MD1R_a39c0afa-9d6e-402d-a9c2-ba9d6c598283.png,dg.MD1R/a39c0afa-9d6e-402d-a9c2-ba9d6c598283,1
/Users/leoniejunkherr/Documents/master/S4/Projekt/CODE/LT_project/data_hybrid/midrc_images/dg.MD1R_7b163516-e178-44a9-8fd1-0e5e4d43dc46.png,dg.MD1R/7b163516-e178-44a9-8fd1-0e5e4d43dc46,1
/Users/leoniejunkherr/Documents/master/S4/Projekt/CODE/LT_project/data_hybrid/midrc_images/dg.MD1R_7fdc8331-1e57-4c7a-a1b2-f8f81634c45e.png,dg.MD1R/7fdc8331-1e57-4c7a-a1b2-f8f81634c45e,1
/Users/leoniejunkherr/Documents/master/S4/Projekt/CODE/LT_project/data_hybrid/midrc_images/dg.MD1R_04427890-9f06-4e4e-8ffe-d1dbe350f88e.png,dg.MD1R/04427890-9f06-4e4e-8ffe-d1dbe350f88e,1
/Users/leoniejunkherr/Documents/master/S4/Projekt/CODE/LT_project/data_hybrid/midrc_images/dg.MD1R_fc2a95d8-2d4e-416f-9047-d78b354a0815.png,dg.MD1R/fc2a95d8-2d4e-416f-9047-d78b354a0815,1
/Users/leoniejunkherr/Documents/master/S4/Projekt/CODE/LT_project/data_hybrid/midrc_images/dg.MD1R_f995ef96-007f-4603-939a-2433f692b1de.png,dg.MD1R/f995ef96-007f-4603-939a-2433f692b1de,1
/Users/leoniejunkherr/Documents/master/S4/Projekt/CODE/LT_project/data_hybrid/midrc_images/dg.MD1R_95521430-1efd-4590-ba94-186ee1a692ce.png,dg.MD1R/95521430-1efd-4590-ba94-186ee1a692ce,1
/Users/leoniejunkherr/Documents/master/S4/Projekt/CODE/LT_project/data_hybrid/midrc_images/dg.MD1R_6311ef1a-8aa0-466c-8e21-b0f1d87b2020.png,dg.MD1R/6311ef1a-8aa0-466c-8e21-b0f1d87b2020,1
/Users/leoniejunkherr/Documents/master/S4/Projekt/CODE/LT_project/data_hybrid/midrc_images/dg.MD1R_7827b121-a2c3-47d9-93c3-27bf14d4975a.png,dg.MD1R/7827b121-a2c3-47d9-93c3-27bf14d4975a,1
/Users/leoniejunkherr/Documents/master/S4/Projekt/CODE/LT_project/data_hybrid/midrc_images/dg.MD1R_e71a68d0-25d0-4e7d-9a32-675d6dd05c07.png,dg.MD1R/e71a68d0-25d0-4e7d-9a32-675d6dd05c07,1
/Users/leoniejunkherr/Documents/master/S4/Projekt/CODE/LT_project/data_hybrid/midrc_images/dg.MD1R_4a999963-8d86-4c24-9516-f83c16e29d58.png,dg.MD1R/4a999963-8d86-4c24-9516-f83c16e29d58,1
/Users/leoniejunkherr/Documents/master/S4/Projekt/CODE/LT_project/data_hybrid/midrc_images/dg.MD1R_c36d72ed-b3fe-43d2-a3eb-2eae61ee9d37.png,dg.MD1R/c36d72ed-b3fe-43d2-a3eb-2eae61ee9d37,1
/Users/leoniejunkherr/Documents/master/S4/Projekt/CODE/LT_project/data_hybrid/midrc_images/dg.MD1R_a37d20f7-c8eb-4911-9de9-7e18fe3c7276.png,dg.MD1R/a37d20f7-c8eb-4911-9de9-7e18fe3c7276,1
/Users/leoniejunkherr/Documents/master/S4/Projekt/CODE/LT_project/data_hybrid/midrc_images/dg.MD1R_e361011b-403e-4125-a3e2-08772496778b.png,dg.MD1R/e361011b-403e-4125-a3e2-08772496778b,1
/Users/leoniejunkherr/Documents/master/S4/Projekt/CODE/LT_project/data_hybrid/midrc_images/dg.MD1R_da4f2bcf-f05a-41f0-9f89-926e50d832e8.png,dg.MD1R/da4f2bcf-f05a-41f0-9f89-926e50d832e8,1
/Users/leoniejunkherr/Documents/master/S4/Projekt/CODE/LT_project/data_hybrid/midrc_images/dg.MD1R_f7bf6567-35ba-4d33-ada6-70065d715062.png,dg.MD1R/f7bf6567-35ba-4d33-ada6-70065d715062,1
/Users/leoniejunkherr/Documents/master/S4/Projekt/CODE/LT_project/data_hybrid/midrc_images/dg.MD1R_28d6c226-8bfa-4b45-9461-a818c9754659.png,dg.MD1R/28d6c226-8bfa-4b45-9461-a818c9754659,1
/Users/leoniejunkherr/Documents/master/S4/Projekt/CODE/LT_project/data_hybrid/midrc_images/dg.MD1R_5fb70631-1bee-4196-b367-7b20a43cbfb5.png,dg.MD1R/5fb70631-1bee-4196-b367-7b20a43cbfb5,1
/Users/leoniejunkherr/Documents/master/S4/Projekt/CODE/LT_project/data_hybrid/midrc_images/dg.MD1R_3af9ed66-3f46-4f9a-967e-79990d02133c.png,dg.MD1R/3af9ed66-3f46-4f9a-967e-79990d02133c,1
/Users/leoniejunkherr/Documents/master/S4/Projekt/CODE/LT_project/data_hybrid/midrc_images/dg.MD1R_c674bbc0-9404-4125-8e53-6c3759afef78.png,dg.MD1R/c674bbc0-9404-4125-8e53-6c3759afef78,1
/Users/leoniejunkherr/Documents/master/S4/Projekt/CODE/LT_project/data_hybrid/midrc_images/dg.MD1R_95d68922-24df-4b60-9912-90f09f78ad53.png,dg.MD1R/95d68922-24df-4b60-9912-90f09f78ad53,1
/Users/leoniejunkherr/Documents/master/S4/Projekt/CODE/LT_project/data_hybrid/midrc_images/dg.MD1R_359e5cc8-713a-48ee-a050-8bd0200029c8.png,dg.MD1R/359e5cc8-713a-48ee-a050-8bd0200029c8,1
/Users/leoniejunkherr/Documents/master/S4/Projekt/CODE/LT_project/data_hybrid/midrc_images/dg.MD1R_eee63e48-4903-4203-8c5b-4a2fb3737c6f.png,dg.MD1R/eee63e48-4903-4203-8c5b-4a2fb3737c6f,1
/Users/leoniejunkherr/Documents/master/S4/Projekt/CODE/LT_project/data_hybrid/midrc_images/dg.MD1R_d91549f9-efe9-4f54-86d1-6a754688ae84.png,dg.MD1R/d91549f9-efe9-4f54-86d1-6a754688ae84,1
/Users/leoniejunkherr/Documents/master/S4/Projekt/CODE/LT_project/data_hybrid/midrc_images/dg.MD1R_b01156cf-95a9-4062-b981-b530c990e9f0.png,dg.MD1R/b01156cf-95a9-4062-b981-b530c990e9f0,1
/Users/leoniejunkherr/Documents/master/S4/Projekt/CODE/LT_project/data_hybrid/midrc_images/dg.MD1R_40d5ae0b-72be-43b0-80b9-fa889e687e20.png,dg.MD1R/40d5ae0b-72be-43b0-80b9-fa889e687e20,1
/Users/leoniejunkherr/Documents/master/S4/Projekt/CODE/LT_project/data_hybrid/midrc_images/dg.MD1R_fcb8736b-2d7f-4a4b-8349-27b35ed53fe8.png,dg.MD1R/fcb8736b-2d7f-4a4b-8349-27b35ed53fe8,1
/Users/leoniejunkherr/Documents/master/S4/Projekt/CODE/LT_project/data_hybrid/midrc_images/dg.MD1R_3e6df8ef-6efb-4238-a0d7-3d17d4bf2bed.png,dg.MD1R/3e6df8ef-6efb-4238-a0d7-3d17d4bf2bed,1
/Users/leoniejunkherr/Documents/master/S4/Projekt/CODE/LT_project/data_hybrid/midrc_images/dg.MD1R_bf6b9284-06f3-423e-8315-2e9b660b3510.png,dg.MD1R/bf6b9284-06f3-423e-8315-2e9b660b3510,1
/Users/leoniejunkherr/Documents/master/S4/Projekt/CODE/LT_project/data_hybrid/midrc_images/dg.MD1R_ab626921-d5a8-458c-8357-57d96c294057.png,dg.MD1R/ab626921-d5a8-458c-8357-57d96c294057,1
/Users/leoniejunkherr/Documents/master/S4/Projekt/CODE/LT_project/data_hybrid/midrc_images/dg.MD1R_3c02fee2-0ea9-4067-b623-6454019405e8.png,dg.MD1R/3c02fee2-0ea9-4067-b623-6454019405e8,1
/Users/leoniejunkherr/Documents/master/S4/Projekt/CODE/LT_project/data_hybrid/midrc_images/dg.MD1R_4c17dedc-34e3-4adb-8b39-f6ac41160225.png,dg.MD1R/4c17dedc-34e3-4adb-8b39-f6ac41160225,1
/Users/leoniejunkherr/Documents/master/S4/Projekt/CODE/LT_project/data_hybrid/midrc_images/dg.MD1R_a552723c-d81a-4ce4-8e3d-67a3a02ecce0.png,dg.MD1R/a552723c-d81a-4ce4-8e3d-67a3a02ecce0,1
/Users/leoniejunkherr/Documents/master/S4/Projekt/CODE/LT_project/data_hybrid/midrc_images/dg.MD1R_d991a068-3656-488a-8a66-0d531bde1cdf.png,dg.MD1R/d991a068-3656-488a-8a66-0d531bde1cdf,1
/Users/leoniejunkherr/Documents/master/S4/Projekt/CODE/LT_project/data_hybrid/midrc_images/dg.MD1R_05b0d5da-adab-4192-8417-fecc05715540.png,dg.MD1R/05b0d5da-adab-4192-8417-fecc05715540,1
/Users/leoniejunkherr/Documents/master/S4/Projekt/CODE/LT_project/data_hybrid/midrc_images/dg.MD1R_48bb2c82-5b41-47be-a44d-1f68915d8520.png,dg.MD1R/48bb2c82-5b41-47be-a44d-1f68915d8520,1
/Users/leoniejunkherr/Documents/master/S4/Projekt/CODE/LT_project/data_hybrid/midrc_images/dg.MD1R_1e803c9f-ff79-43ce-b32b-70e01a2ed852.png,dg.MD1R/1e803c9f-ff79-43ce-b32b-70e01a2ed852,1
/Users/leoniejunkherr/Documents/master/S4/Projekt/CODE/LT_project/data_hybrid/midrc_images/dg.MD1R_ac6a1689-a44e-492e-96ba-1699de34a4c6.png,dg.MD1R/ac6a1689-a44e-492e-96ba-1699de34a4c6,1
/Users/leoniejunkherr/Documents/master/S4/Projekt/CODE/LT_project/data_hybrid/midrc_images/dg.MD1R_7205f01f-d5eb-494f-ada3-f0eaf0b339c9.png,dg.MD1R/7205f01f-d5eb-494f-ada3-f0eaf0b339c9,1
/Users/leoniejunkherr/Documents/master/S4/Projekt/CODE/LT_project/data_hybrid/midrc_images/dg.MD1R_d8953d3d-f732-4b56-ab3c-b1b4673aa762.png,dg.MD1R/d8953d3d-f732-4b56-ab3c-b1b4673aa762,1
/Users/leoniejunkherr/Documents/master/S4/Projekt/CODE/LT_project/data_hybrid/midrc_images/dg.MD1R_743685a4-979a-4b57-9f9d-896083c16950.png,dg.MD1R/743685a4-979a-4b57-9f9d-896083c16950,1
/Users/leoniejunkherr/Documents/master/S4/Projekt/CODE/LT_project/data_hybrid/midrc_images/dg.MD1R_f2ff23ca-a4e8-4e25-bbda-1f9904499ef3.png,dg.MD1R/f2ff23ca-a4e8-4e25-bbda-1f9904499ef3,1
/Users/leoniejunkherr/Documents/master/S4/Projekt/CODE/LT_project/data_hybrid/midrc_images/dg.MD1R_417b0c70-ee9f-4ac9-b3f9-a938d89a990b.png,dg.MD1R/417b0c70-ee9f-4ac9-b3f9-a938d89a990b,1
/Users/leoniejunkherr/Documents/master/S4/Projekt/CODE/LT_project/data_hybrid/midrc_images/dg.MD1R_e9fccf9f-b161-4423-b61d-435b45e63b71.png,dg.MD1R/e9fccf9f-b161-4423-b61d-435b45e63b71,1
/Users/leoniejunkherr/Documents/master/S4/Projekt/CODE/LT_project/data_hybrid/midrc_images/dg.MD1R_76920179-c9f1-43b8-b2f7-224009f9e848.png,dg.MD1R/76920179-c9f1-43b8-b2f7-224009f9e848,1
/Users/leoniejunkherr/Documents/master/S4/Projekt/CODE/LT_project/data_hybrid/midrc_images/dg.MD1R_53e62d3c-318b-44ac-bd7f-617271b4a27c.png,dg.MD1R/53e62d3c-318b-44ac-bd7f-617271b4a27c,1
/Users/leoniejunkherr/Documents/master/S4/Projekt/CODE/LT_project/data_hybrid/midrc_images/dg.MD1R_75c92156-fbe4-4205-83d1-58c9251d8661.png,dg.MD1R/75c92156-fbe4-4205-83d1-58c9251d8661,1
/Users/leoniejunkherr/Documents/master/S4/Projekt/CODE/LT_project/data_hybrid/midrc_images/dg.MD1R_43ec7168-ad37-467c-8426-0b41f13f484b.png,dg.MD1R/43ec7168-ad37-467c-8426-0b41f13f484b,1
/Users/leoniejunkherr/Documents/master/S4/Projekt/CODE/LT_project/data_hybrid/midrc_images/dg.MD1R_3e0e2f3a-f21e-4963-99df-aab340355ad9.png,dg.MD1R/3e0e2f3a-f21e-4963-99df-aab340355ad9,1
/Users/leoniejunkherr/Documents/master/S4/Projekt/CODE/LT_project/data_hybrid/midrc_images/dg.MD1R_b2cba4e7-4120-456e-a857-f8f4831925bb.png,dg.MD1R/b2cba4e7-4120-456e-a857-f8f4831925bb,1
/Users/leoniejunkherr/Documents/master/S4/Projekt/CODE/LT_project/data_hybrid/midrc_images/dg.MD1R_e9c5c8ec-25c1-4d83-a760-e78d2af5566e.png,dg.MD1R/e9c5c8ec-25c1-4d83-a760-e78d2af5566e,1
/Users/leoniejunkherr/Documents/master/S4/Projekt/CODE/LT_project/data_hybrid/midrc_images/dg.MD1R_d9028c75-3571-4418-96c1-e503f9e9f81d.png,dg.MD1R/d9028c75-3571-4418-96c1-e503f9e9f81d,1
/Users/leoniejunkherr/Documents/master/S4/Projekt/CODE/LT_project/data_hybrid/midrc_images/dg.MD1R_bedc7a11-df21-43f5-8b04-eb8eda086ad3.png,dg.MD1R/bedc7a11-df21-43f5-8b04-eb8eda086ad3,1
/Users/leoniejunkherr/Documents/master/S4/Projekt/CODE/LT_project/data_hybrid/midrc_images/dg.MD1R_987cbb17-66dc-4ace-9874-0fad267d1848.png,dg.MD1R/987cbb17-66dc-4ace-9874-0fad267d1848,1
/Users/leoniejunkherr/Documents/master/S4/Projekt/CODE/LT_project/data_hybrid/midrc_images/dg.MD1R_9b6929ae-a2f1-4231-907d-f3ac24b31b11.png,dg.MD1R/9b6929ae-a2f1-4231-907d-f3ac24b31b11,1
/Users/leoniejunkherr/Documents/master/S4/Projekt/CODE/LT_project/data_hybrid/midrc_images/dg.MD1R_0ae592d8-ec47-4ca9-912b-2b9b344428df.png,dg.MD1R/0ae592d8-ec47-4ca9-912b-2b9b344428df,1
/Users/leoniejunkherr/Documents/master/S4/Projekt/CODE/LT_project/data_hybrid/midrc_images/dg.MD1R_273b2c80-24f5-4d43-8679-6ca29cd4b401.png,dg.MD1R/273b2c80-24f5-4d43-8679-6ca29cd4b401,1
/Users/leoniejunkherr/Documents/master/S4/Projekt/CODE/LT_project/data_hybrid/midrc_images/dg.MD1R_704c5ce7-47cb-4932-8c66-a44b3774c5ce.png,dg.MD1R/704c5ce7-47cb-4932-8c66-a44b3774c5ce,1
/Users/leoniejunkherr/Documents/master/S4/Projekt/CODE/LT_project/data_hybrid/midrc_images/dg.MD1R_67d05fa7-2621-41ab-aa6a-b9d70ecbbf21.png,dg.MD1R/67d05fa7-2621-41ab-aa6a-b9d70ecbbf21,1
/Users/leoniejunkherr/Documents/master/S4/Projekt/CODE/LT_project/data_hybrid/midrc_images/dg.MD1R_804a7af7-f999-41c1-b0cc-c3aa6390fb81.png,dg.MD1R/804a7af7-f999-41c1-b0cc-c3aa6390fb81,1
/Users/leoniejunkherr/Documents/master/S4/Projekt/CODE/LT_project/data_hybrid/midrc_images/dg.MD1R_dddcbb3e-36ee-478e-ba8a-672d8da3dc96.png,dg.MD1R/dddcbb3e-36ee-478e-ba8a-672d8da3dc96,1
/Users/leoniejunkherr/Documents/master/S4/Projekt/CODE/LT_project/data_hybrid/midrc_images/dg.MD1R_b2f983b1-1095-4800-b209-5e5c7cb42976.png,dg.MD1R/b2f983b1-1095-4800-b209-5e5c7cb42976,1
/Users/leoniejunkherr/Documents/master/S4/Projekt/CODE/LT_project/data_hybrid/midrc_images/dg.MD1R_2b521ef0-5ef0-47f5-a1f7-443d2902cef3.png,dg.MD1R/2b521ef0-5ef0-47f5-a1f7-443d2902cef3,1
/Users/leoniejunkherr/Documents/master/S4/Projekt/CODE/LT_project/data_hybrid/midrc_images/dg.MD1R_98dedf47-9640-4fbd-afbb-efcb537278b8.png,dg.MD1R/98dedf47-9640-4fbd-afbb-efcb537278b8,1
/Users/leoniejunkherr/Documents/master/S4/Projekt/CODE/LT_project/data_hybrid/midrc_images/dg.MD1R_de74f40d-ede2-4686-8881-edb844d219c0.png,dg.MD1R/de74f40d-ede2-4686-8881-edb844d219c0,1
/Users/leoniejunkherr/Documents/master/S4/Projekt/CODE/LT_project/data_hybrid/midrc_images/dg.MD1R_e82573b4-467e-41ed-8500-9c508e893c60.png,dg.MD1R/e82573b4-467e-41ed-8500-9c508e893c60,1
/Users/leoniejunkherr/Documents/master/S4/Projekt/CODE/LT_project/data_hybrid/midrc_images/dg.MD1R_a04ebe54-7004-44f4-b506-bac7c40710c7.png,dg.MD1R/a04ebe54-7004-44f4-b506-bac7c40710c7,1
/Users/leoniejunkherr/Documents/master/S4/Projekt/CODE/LT_project/data_hybrid/midrc_images/dg.MD1R_0029b96e-2664-4590-95a6-282ccd25e311.png,dg.MD1R/0029b96e-2664-4590-95a6-282ccd25e311,1
/Users/leoniejunkherr/Documents/master/S4/Projekt/CODE/LT_project/data_hybrid/midrc_images/dg.MD1R_261d1431-f58e-4339-aa7d-6ae00646d3f4.png,dg.MD1R/261d1431-f58e-4339-aa7d-6ae00646d3f4,1
/Users/leoniejunkherr/Documents/master/S4/Projekt/CODE/LT_project/data_hybrid/midrc_images/dg.MD1R_e5c00af2-815d-47ce-8d6c-cfba01ebbffc.png,dg.MD1R/e5c00af2-815d-47ce-8d6c-cfba01ebbffc,1
/Users/leoniejunkherr/Documents/master/S4/Projekt/CODE/LT_project/data_hybrid/midrc_images/dg.MD1R_95e38cf2-2e0e-4d2f-a1a5-1fde5f83e65d.png,dg.MD1R/95e38cf2-2e0e-4d2f-a1a5-1fde5f83e65d,1
/Users/leoniejunkherr/Documents/master/S4/Projekt/CODE/LT_project/data_hybrid/midrc_images/dg.MD1R_ca293e77-0ad2-4fd4-959d-0616aab36d68.png,dg.MD1R/ca293e77-0ad2-4fd4-959d-0616aab36d68,1
/Users/leoniejunkherr/Documents/master/S4/Projekt/CODE/LT_project/data_hybrid/midrc_images/dg.MD1R_70ebce3d-0b81-4088-b4ba-8e86434dcd90.png,dg.MD1R/70ebce3d-0b81-4088-b4ba-8e86434dcd90,1
/Users/leoniejunkherr/Documents/master/S4/Projekt/CODE/LT_project/data_hybrid/midrc_images/dg.MD1R_a189b221-e68e-43bd-9687-33093e05e030.png,dg.MD1R/a189b221-e68e-43bd-9687-33093e05e030,1
/Users/leoniejunkherr/Documents/master/S4/Projekt/CODE/LT_project/data_hybrid/midrc_images/dg.MD1R_5adb385c-ac0d-4d4e-9050-ef08aa02c61c.png,dg.MD1R/5adb385c-ac0d-4d4e-9050-ef08aa02c61c,1
/Users/leoniejunkherr/Documents/master/S4/Projekt/CODE/LT_project/data_hybrid/midrc_images/dg.MD1R_78e5937b-c50c-4fd0-83e3-ff6e584b3f8f.png,dg.MD1R/78e5937b-c50c-4fd0-83e3-ff6e584b3f8f,1
/Users/leoniejunkherr/Documents/master/S4/Projekt/CODE/LT_project/data_hybrid/midrc_images/dg.MD1R_63161648-9e63-4941-a9e8-876cc8535f9d.png,dg.MD1R/63161648-9e63-4941-a9e8-876cc8535f9d,1
/Users/leoniejunkherr/Documents/master/S4/Projekt/CODE/LT_project/data_hybrid/midrc_images/dg.MD1R_b938ad35-09bf-4045-a41d-36f9030ff551.png,dg.MD1R/b938ad35-09bf-4045-a41d-36f9030ff551,1
/Users/leoniejunkherr/Documents/master/S4/Projekt/CODE/LT_project/data_hybrid/midrc_images/dg.MD1R_81ec2158-e0e8-430d-8743-5b4dcbea6b53.png,dg.MD1R/81ec2158-e0e8-430d-8743-5b4dcbea6b53,1
/Users/leoniejunkherr/Documents/master/S4/Projekt/CODE/LT_project/data_hybrid/midrc_images/dg.MD1R_2db59086-2ffb-4240-82d4-b0705e680e47.png,dg.MD1R/2db59086-2ffb-4240-82d4-b0705e680e47,1
/Users/leoniejunkherr/Documents/master/S4/Projekt/CODE/LT_project/data_hybrid/midrc_images/dg.MD1R_6eea6cda-9e11-4cbd-a202-b24eed91eed3.png,dg.MD1R/6eea6cda-9e11-4cbd-a202-b24eed91eed3,1
/Users/leoniejunkherr/Documents/master/S4/Projekt/CODE/LT_project/data_hybrid/midrc_images/dg.MD1R_8ea53277-ecb9-486e-9ed1-22845360601f.png,dg.MD1R/8ea53277-ecb9-486e-9ed1-22845360601f,1
/Users/leoniejunkherr/Documents/master/S4/Projekt/CODE/LT_project/data_hybrid/midrc_images/dg.MD1R_5e3b4a7a-1136-4f64-a1c4-d5cf0e3059a7.png,dg.MD1R/5e3b4a7a-1136-4f64-a1c4-d5cf0e3059a7,1
/Users/leoniejunkherr/Documents/master/S4/Projekt/CODE/LT_project/data_hybrid/midrc_images/dg.MD1R_6524de0e-7eb2-454d-a059-65a13655c829.png,dg.MD1R/6524de0e-7eb2-454d-a059-65a13655c829,1
/Users/leoniejunkherr/Documents/master/S4/Projekt/CODE/LT_project/data_hybrid/midrc_images/dg.MD1R_329c633d-b669-4634-b0ea-9f12f58d749e.png,dg.MD1R/329c633d-b669-4634-b0ea-9f12f58d749e,1
/Users/leoniejunkherr/Documents/master/S4/Projekt/CODE/LT_project/data_hybrid/midrc_images/dg.MD1R_58d09e1e-0806-4203-bfde-de816ff8d83a.png,dg.MD1R/58d09e1e-0806-4203-bfde-de816ff8d83a,1
/Users/leoniejunkherr/Documents/master/S4/Projekt/CODE/LT_project/data_hybrid/midrc_images/dg.MD1R_d84301a3-da9c-498c-b6b4-ac33dadeee29.png,dg.MD1R/d84301a3-da9c-498c-b6b4-ac33dadeee29,1
/Users/leoniejunkherr/Documents/master/S4/Projekt/CODE/LT_project/data_hybrid/midrc_images/dg.MD1R_8cd127b1-b41c-46dc-b6a4-a8722788bfbd.png,dg.MD1R/8cd127b1-b41c-46dc-b6a4-a8722788bfbd,1
/Users/leoniejunkherr/Documents/master/S4/Projekt/CODE/LT_project/data_hybrid/midrc_images/dg.MD1R_f6a07950-57e5-40f0-99d6-175278c4ff90.png,dg.MD1R/f6a07950-57e5-40f0-99d6-175278c4ff90,1
/Users/leoniejunkherr/Documents/master/S4/Projekt/CODE/LT_project/data_hybrid/midrc_images/dg.MD1R_649f04a5-5d46-4ac6-bd54-688fe4878b28.png,dg.MD1R/649f04a5-5d46-4ac6-bd54-688fe4878b28,1
/Users/leoniejunkherr/Documents/master/S4/Projekt/CODE/LT_project/data_hybrid/midrc_images/dg.MD1R_41f12c4b-fadc-49b5-8eb7-28aecaa6e240.png,dg.MD1R/41f12c4b-fadc-49b5-8eb7-28aecaa6e240,1
/Users/leoniejunkherr/Documents/master/S4/Projekt/CODE/LT_project/data_hybrid/midrc_images/dg.MD1R_b02a78ca-1438-4443-b734-1b7701f0053c.png,dg.MD1R/b02a78ca-1438-4443-b734-1b7701f0053c,1
/Users/leoniejunkherr/Documents/master/S4/Projekt/CODE/LT_project/data_hybrid/midrc_images/dg.MD1R_437c3206-84db-482b-b5da-9b4cd9538f0d.png,dg.MD1R/437c3206-84db-482b-b5da-9b4cd9538f0d,1
/Users/leoniejunkherr/Documents/master/S4/Projekt/CODE/LT_project/data_hybrid/midrc_images/dg.MD1R_7b7d8888-6159-4c47-ba2c-ebe3e4789b71.png,dg.MD1R/7b7d8888-6159-4c47-ba2c-ebe3e4789b71,1
/Users/leoniejunkherr/Documents/master/S4/Projekt/CODE/LT_project/data_hybrid/midrc_images/dg.MD1R_a18dc2dc-8218-4a32-8643-bc4e1c78a201.png,dg.MD1R/a18dc2dc-8218-4a32-8643-bc4e1c78a201,1
/Users/leoniejunkherr/Documents/master/S4/Projekt/CODE/LT_project/data_hybrid/midrc_images/dg.MD1R_c6e8b91e-0462-46b2-9277-e789ee5c4dc6.png,dg.MD1R/c6e8b91e-0462-46b2-9277-e789ee5c4dc6,1
/Users/leoniejunkherr/Documents/master/S4/Projekt/CODE/LT_project/data_hybrid/midrc_images/dg.MD1R_a69b4a58-be8c-47e1-8259-6ebfadd82daa.png,dg.MD1R/a69b4a58-be8c-47e1-8259-6ebfadd82daa,1
/Users/leoniejunkherr/Documents/master/S4/Projekt/CODE/LT_project/data_hybrid/midrc_images/dg.MD1R_1aef2741-6585-4032-91f8-340fab70e40e.png,dg.MD1R/1aef2741-6585-4032-91f8-340fab70e40e,1
/Users/leoniejunkherr/Documents/master/S4/Projekt/CODE/LT_project/data_hybrid/midrc_images/dg.MD1R_6191ad69-637f-4c7c-b22b-873cc5b606c0.png,dg.MD1R/6191ad69-637f-4c7c-b22b-873cc5b606c0,1
/Users/leoniejunkherr/Documents/master/S4/Projekt/CODE/LT_project/data_hybrid/midrc_images/dg.MD1R_07710042-d8c4-48ea-91cb-c33dc8680be6.png,dg.MD1R/07710042-d8c4-48ea-91cb-c33dc8680be6,1
/Users/leoniejunkherr/Documents/master/S4/Projekt/CODE/LT_project/data_hybrid/midrc_images/dg.MD1R_5ba99447-b834-409f-935f-1dd912e9733e.png,dg.MD1R/5ba99447-b834-409f-935f-1dd912e9733e,1
/Users/leoniejunkherr/Documents/master/S4/Projekt/CODE/LT_project/data_hybrid/midrc_images/dg.MD1R_5cf5fea6-057d-40b3-b8bf-0f8890cd95da.png,dg.MD1R/5cf5fea6-057d-40b3-b8bf-0f8890cd95da,1
/Users/leoniejunkherr/Documents/master/S4/Projekt/CODE/LT_project/data_hybrid/midrc_images/dg.MD1R_da3d9990-af5a-471f-8572-8e8a11d7a0c1.png,dg.MD1R/da3d9990-af5a-471f-8572-8e8a11d7a0c1,1
/Users/leoniejunkherr/Documents/master/S4/Projekt/CODE/LT_project/data_hybrid/midrc_images/dg.MD1R_fb378028-7f65-4fb8-b8aa-c15b79276932.png,dg.MD1R/fb378028-7f65-4fb8-b8aa-c15b79276932,1
/Users/leoniejunkherr/Documents/master/S4/Projekt/CODE/LT_project/data_hybrid/midrc_images/dg.MD1R_b8f1dc42-7f46-4296-9468-1a358c4a8f02.png,dg.MD1R/b8f1dc42-7f46-4296-9468-1a358c4a8f02,1
/Users/leoniejunkherr/Documents/master/S4/Projekt/CODE/LT_project/data_hybrid/midrc_images/dg.MD1R_73c2a1f2-fef6-43ed-9298-cf14d2eee66c.png,dg.MD1R/73c2a1f2-fef6-43ed-9298-cf14d2eee66c,1
/Users/leoniejunkherr/Documents/master/S4/Projekt/CODE/LT_project/data_hybrid/midrc_images/dg.MD1R_a88d70ab-2823-4d27-915e-89fa7f08cac4.png,dg.MD1R/a88d70ab-2823-4d27-915e-89fa7f08cac4,1
/Users/leoniejunkherr/Documents/master/S4/Projekt/CODE/LT_project/data_hybrid/midrc_images/dg.MD1R_6a206b4b-a115-4461-8d76-ba8dbd1ebb7f.png,dg.MD1R/6a206b4b-a115-4461-8d76-ba8dbd1ebb7f,1
/Users/leoniejunkherr/Documents/master/S4/Projekt/CODE/LT_project/data_hybrid/midrc_images/dg.MD1R_44105eea-82eb-4403-813d-9b6aca037d63.png,dg.MD1R/44105eea-82eb-4403-813d-9b6aca037d63,1
/Users/leoniejunkherr/Documents/master/S4/Projekt/CODE/LT_project/data_hybrid/midrc_images/dg.MD1R_8d4dfd63-7c2a-4fd3-b351-72415e91320b.png,dg.MD1R/8d4dfd63-7c2a-4fd3-b351-72415e91320b,1
/Users/leoniejunkherr/Documents/master/S4/Projekt/CODE/LT_project/data_hybrid/midrc_images/dg.MD1R_b9a88b9f-860d-4921-b957-c07c652a36cd.png,dg.MD1R/b9a88b9f-860d-4921-b957-c07c652a36cd,1
/Users/leoniejunkherr/Documents/master/S4/Projekt/CODE/LT_project/data_hybrid/midrc_images/dg.MD1R_6debc6fe-e1cc-49d3-857e-5fe29a543c07.png,dg.MD1R/6debc6fe-e1cc-49d3-857e-5fe29a543c07,1
/Users/leoniejunkherr/Documents/master/S4/Projekt/CODE/LT_project/data_hybrid/midrc_images/dg.MD1R_a915158d-7335-42a5-b511-a794c72a7f85.png,dg.MD1R/a915158d-7335-42a5-b511-a794c72a7f85,1
/Users/leoniejunkherr/Documents/master/S4/Projekt/CODE/LT_project/data_hybrid/midrc_images/dg.MD1R_cca6633e-dc8c-48f8-96fd-6d0389793cd5.png,dg.MD1R/cca6633e-dc8c-48f8-96fd-6d0389793cd5,1
/Users/leoniejunkherr/Documents/master/S4/Projekt/CODE/LT_project/data_hybrid/midrc_images/dg.MD1R_7018d5e6-716b-4d34-90fe-a60b978f7c7a.png,dg.MD1R/7018d5e6-716b-4d34-90fe-a60b978f7c7a,1
/Users/leoniejunkherr/Documents/master/S4/Projekt/CODE/LT_project/data_hybrid/midrc_images/dg.MD1R_b7c557c6-4d1c-4bc2-925c-b389e30d367e.png,dg.MD1R/b7c557c6-4d1c-4bc2-925c-b389e30d367e,1
/Users/leoniejunkherr/Documents/master/S4/Projekt/CODE/LT_project/data_hybrid/midrc_images/dg.MD1R_9c35651b-1106-4a61-8ec1-276303c870fa.png,dg.MD1R/9c35651b-1106-4a61-8ec1-276303c870fa,1
/Users/leoniejunkherr/Documents/master/S4/Projekt/CODE/LT_project/data_hybrid/midrc_images/dg.MD1R_0cbb22ea-8d46-421e-861f-4569db87bcc2.png,dg.MD1R/0cbb22ea-8d46-421e-861f-4569db87bcc2,1
/Users/leoniejunkherr/Documents/master/S4/Projekt/CODE/LT_project/data_hybrid/midrc_images/dg.MD1R_cd2d846f-ed91-46a8-bb75-096de58f0c4c.png,dg.MD1R/cd2d846f-ed91-46a8-bb75-096de58f0c4c,1
/Users/leoniejunkherr/Documents/master/S4/Projekt/CODE/LT_project/data_hybrid/midrc_images/dg.MD1R_b08284f2-7b85-458c-8b0d-32065be18ad4.png,dg.MD1R/b08284f2-7b85-458c-8b0d-32065be18ad4,1
/Users/leoniejunkherr/Documents/master/S4/Projekt/CODE/LT_project/data_hybrid/midrc_images/dg.MD1R_17042e7a-80c0-4152-a2e2-e45ada03777a.png,dg.MD1R/17042e7a-80c0-4152-a2e2-e45ada03777a,1
/Users/leoniejunkherr/Documents/master/S4/Projekt/CODE/LT_project/data_hybrid/midrc_images/dg.MD1R_0a5a69ee-291b-4d7a-83ac-7703356d5669.png,dg.MD1R/0a5a69ee-291b-4d7a-83ac-7703356d5669,1
/Users/leoniejunkherr/Documents/master/S4/Projekt/CODE/LT_project/data_hybrid/midrc_images/dg.MD1R_9f656dd2-afce-427a-86be-5e728ec1b051.png,dg.MD1R/9f656dd2-afce-427a-86be-5e728ec1b051,1
/Users/leoniejunkherr/Documents/master/S4/Projekt/CODE/LT_project/data_hybrid/midrc_images/dg.MD1R_ae221520-52ec-4617-bfa2-1d5d00188bf7.png,dg.MD1R/ae221520-52ec-4617-bfa2-1d5d00188bf7,1
/Users/leoniejunkherr/Documents/master/S4/Projekt/CODE/LT_project/data_hybrid/midrc_images/dg.MD1R_be0be19a-b97d-4a8c-a46a-153eb0c24cd9.png,dg.MD1R/be0be19a-b97d-4a8c-a46a-153eb0c24cd9,1
/Users/leoniejunkherr/Documents/master/S4/Projekt/CODE/LT_project/data_hybrid/midrc_images/dg.MD1R_cd2b6d7d-c20b-4eff-9e3e-ac5142329e7d.png,dg.MD1R/cd2b6d7d-c20b-4eff-9e3e-ac5142329e7d,1
/Users/leoniejunkherr/Documents/master/S4/Projekt/CODE/LT_project/data_hybrid/midrc_images/dg.MD1R_2fe4c570-ae62-40a8-8c26-89c77ad50636.png,dg.MD1R/2fe4c570-ae62-40a8-8c26-89c77ad50636,1
/Users/leoniejunkherr/Documents/master/S4/Projekt/CODE/LT_project/data_hybrid/midrc_images/dg.MD1R_db650414-e422-4de7-bc77-9b1f27ba227d.png,dg.MD1R/db650414-e422-4de7-bc77-9b1f27ba227d,1
/Users/leoniejunkherr/Documents/master/S4/Projekt/CODE/LT_project/data_hybrid/midrc_images/dg.MD1R_948fb2b0-76b0-449d-81b0-8cb20be4c413.png,dg.MD1R/948fb2b0-76b0-449d-81b0-8cb20be4c413,1
/Users/leoniejunkherr/Documents/master/S4/Projekt/CODE/LT_project/data_hybrid/midrc_images/dg.MD1R_536b9d19-41cc-4d41-82e7-2559e4a44e95.png,dg.MD1R/536b9d19-41cc-4d41-82e7-2559e4a44e95,1
/Users/leoniejunkherr/Documents/master/S4/Projekt/CODE/LT_project/data_hybrid/midrc_images/dg.MD1R_378b2c24-09ab-4bb8-90cd-21a58a758dc7.png,dg.MD1R/378b2c24-09ab-4bb8-90cd-21a58a758dc7,1
/Users/leoniejunkherr/Documents/master/S4/Projekt/CODE/LT_project/data_hybrid/midrc_images/dg.MD1R_1a223874-a3c6-4f85-b5cf-56023817ad82.png,dg.MD1R/1a223874-a3c6-4f85-b5cf-56023817ad82,1
/Users/leoniejunkherr/Documents/master/S4/Projekt/CODE/LT_project/data_hybrid/midrc_images/dg.MD1R_4c2c7072-ef9a-4c3e-bd85-66be3af04832.png,dg.MD1R/4c2c7072-ef9a-4c3e-bd85-66be3af04832,1
/Users/leoniejunkherr/Documents/master/S4/Projekt/CODE/LT_project/data_hybrid/midrc_images/dg.MD1R_a344e49e-f91d-4688-89bb-26d5fe029832.png,dg.MD1R/a344e49e-f91d-4688-89bb-26d5fe029832,1
/Users/leoniejunkherr/Documents/master/S4/Projekt/CODE/LT_project/data_hybrid/midrc_images/dg.MD1R_284d4c32-2c60-4488-aeff-dcce61d65529.png,dg.MD1R/284d4c32-2c60-4488-aeff-dcce61d65529,1
/Users/leoniejunkherr/Documents/master/S4/Projekt/CODE/LT_project/data_hybrid/midrc_images/dg.MD1R_ef64717f-5122-42f3-a100-0bb2aa81fd93.png,dg.MD1R/ef64717f-5122-42f3-a100-0bb2aa81fd93,1
/Users/leoniejunkherr/Documents/master/S4/Projekt/CODE/LT_project/data_hybrid/midrc_images/dg.MD1R_60f4a712-aa67-46be-8ec6-2cad86ada914.png,dg.MD1R/60f4a712-aa67-46be-8ec6-2cad86ada914,1
/Users/leoniejunkherr/Documents/master/S4/Projekt/CODE/LT_project/data_hybrid/midrc_images/dg.MD1R_9c04f21b-c921-4c46-af67-105d0fbf7362.png,dg.MD1R/9c04f21b-c921-4c46-af67-105d0fbf7362,1
/Users/leoniejunkherr/Documents/master/S4/Projekt/CODE/LT_project/data_hybrid/midrc_images/dg.MD1R_d6833ecb-6c76-4f2f-be7c-8401baadb703.png,dg.MD1R/d6833ecb-6c76-4f2f-be7c-8401baadb703,1
/Users/leoniejunkherr/Documents/master/S4/Projekt/CODE/LT_project/data_hybrid/midrc_images/dg.MD1R_61fbb152-01fb-4a45-bf45-1c4407665638.png,dg.MD1R/61fbb152-01fb-4a45-bf45-1c4407665638,1
/Users/leoniejunkherr/Documents/master/S4/Projekt/CODE/LT_project/data_hybrid/midrc_images/dg.MD1R_083e05f9-4de5-4015-a54a-9a3607eb6940.png,dg.MD1R/083e05f9-4de5-4015-a54a-9a3607eb6940,1
/Users/leoniejunkherr/Documents/master/S4/Projekt/CODE/LT_project/data_hybrid/midrc_images/dg.MD1R_d2022539-e198-4efa-8735-ff15ff4744c7.png,dg.MD1R/d2022539-e198-4efa-8735-ff15ff4744c7,1
/Users/leoniejunkherr/Documents/master/S4/Projekt/CODE/LT_project/data_hybrid/midrc_images/dg.MD1R_0007fa60-3fba-4a0e-8e6e-d2295822c296.png,dg.MD1R/0007fa60-3fba-4a0e-8e6e-d2295822c296,1
/Users/leoniejunkherr/Documents/master/S4/Projekt/CODE/LT_project/data_hybrid/midrc_images/dg.MD1R_15b7a27f-8402-4c25-8e53-bb4cc7d18121.png,dg.MD1R/15b7a27f-8402-4c25-8e53-bb4cc7d18121,1
/Users/leoniejunkherr/Documents/master/S4/Projekt/CODE/LT_project/data_hybrid/midrc_images/dg.MD1R_cefc4d15-482e-416d-a145-897f1ceb7d1a.png,dg.MD1R/cefc4d15-482e-416d-a145-897f1ceb7d1a,1
/Users/leoniejunkherr/Documents/master/S4/Projekt/CODE/LT_project/data_hybrid/midrc_images/dg.MD1R_e101f9da-d38c-49e9-b4eb-f7c153938303.png,dg.MD1R/e101f9da-d38c-49e9-b4eb-f7c153938303,1
/Users/leoniejunkherr/Documents/master/S4/Projekt/CODE/LT_project/data_hybrid/midrc_images/dg.MD1R_3f4883a0-80ce-41d7-824f-23283e609b9b.png,dg.MD1R/3f4883a0-80ce-41d7-824f-23283e609b9b,1
/Users/leoniejunkherr/Documents/master/S4/Projekt/CODE/LT_project/data_hybrid/midrc_images/dg.MD1R_d767075b-2714-4df1-8574-e96adccd28eb.png,dg.MD1R/d767075b-2714-4df1-8574-e96adccd28eb,1
/Users/leoniejunkherr/Documents/master/S4/Projekt/CODE/LT_project/data_hybrid/midrc_images/dg.MD1R_46f1dec0-469c-4985-801e-6e0154c4a971.png,dg.MD1R/46f1dec0-469c-4985-801e-6e0154c4a971,1
